16842E0I0, FHLLIYPRRPFPTQDSWAGAEANSDWLRWK, 0.51
16842E1I1, FHLLIYPRRKFPTQDSWAGAEANSDWLRWK, 0.52
16842E2I3, FHLLIYPRRKFPTQDSWAGALANSDWLRWK, 0.53
16842E3I7, FHLLIYPRRKFPTQDSWAGALANSDWLYWK, 0.6
16842E4I13, FHLWIYPRRKFPTQDSWAGALANSDWLYWK, 0.61
16842E5I15, FHLWIHPRRKFPTQDSWAGALANSDWLYWK, 0.62
16842E6I19, FHLWIHPRRKFPHQDSWAGALANSDWLYWK, 0.63
16842E7I26, FHLWIHPRRKFPHQDSWAGALAWSDWLYWK, 0.72
16842E8I27, FHHWIHPRRKFPHQDSWAGALAWSDWLYWK, 0.74
16842E9I28, FHHWAHPRRKFPHQDSWAGALAWSDWLYWK, 0.78
16842E10I51, FHHWAHPRRKFPHQDSWAGALAWSSWLYWK, 0.8
16842E11I56, FHHWAHPRRKFYHQDSWAGALAWSSWLYWK, 0.81
16842E12I69, FHHWAHPRRHFYHQDSWAGALAWSSWLYWK, 0.82
16842E13I79, FHHWAWPRRHFYHQDSWAGALAWSSWLYWK, 0.83
16842E14I85, FHHWAWPRNHFYHQDSWAGALAWSSWLYWK, 0.85
16842E15I88, FHHWAWPRNHFYHQDSWAGSLAWSSWLYWK, 0.86
16842E16I93, FHHWAWPRNHFYHQDSWAISLAWSSWLYWK, 0.89
16842E17I97, FHHWAWPRNHFYHQDSWAISLAWSSWIYWK, 0.92
16842E18I99, GHHWAWPRNHFYHQDSWAISLAWSSWIYWK, 0.93
16842E19I108, GHHWAWPRNHFYHQDFWAISLAWSSWIYWK, 0.94
16842E20I125, GHHWAWPRNHNYHQDFWAISLAWSSWIYWK, 0.95
16842E21I190, GHHWAWPRNHNYHQHFWAISLAWSSWIYWK, 0.96
