6564E0I0, RDHAQLYYYKWSGVGYIRFAVHLIIDGARL, 0.4
6564E1I2, RQHAQLYYYKWSGVGYIRFAVHLIIDGARL, 0.42
6564E2I3, RQHHQLYYYKWSGVGYIRFAVHLIIDGARL, 0.44
6564E3I4, RQHHQLYYYKWWGVGYIRFAVHLIIDGARL, 0.46
6564E4I5, RQHHQLYYYKWWGVGKIRFAVHLIIDGARL, 0.5
6564E5I10, RQHHWLYYYKWWGVGKIRFAVHLIIDGARL, 0.53
6564E6I12, RQHHWLYYYKYWGVGKIRFAVHLIIDGARL, 0.55
6564E7I23, RQHHWLYYRKYWGVGKIRFAVHLIIDGARL, 0.57
6564E8I24, RQHHWQYYRKYWGVGKIRFAVHLIIDGARL, 0.58
6564E9I25, RQHHWQYYRKYWGVGKIRFAVHLKIDGARL, 0.62
6564E10I29, RRHHWQYYRKYWGVGKIRFAVHLKIDGARL, 0.63
6564E11I30, RRHHWQYYRPYWGVGKIRFAVHLKIDGARL, 0.64
6564E12I33, RRHHWQYYRPYWGVGKIQFAVHLKIDGARL, 0.65
6564E13I37, RRHHWQYYRPYWGGGKIQFAVHLKIDGARL, 0.72
6564E14I39, RRHHWQYYRPYWYGGKIQFAVHLKIDGARL, 0.73
6564E15I43, RRHHWQYYRPYWYGGKIQFAVHWKIDGARL, 0.76
6564E16I55, RRHHWQYYYPYWYGGKIQFAVHWKIDGARL, 0.77
6564E17I102, RRHHWQYYYPYWYGGKIFFAVHWKIDGARL, 0.8
6564E18I153, RRHHWQYYYPYWYGGKIFFAVHWKIYGARL, 0.82
6564E19I214, RRHHWQIYYPYWYGGKIFFAVHWKIYGARL, 0.86
6564E20I233, RRHHWQIYYPYWYGGKIFFAVHWKIYGAVL, 0.87
6564E21I254, RRHHWQIYPPYWYGGKIFFAVHWKIYGAVL, 0.88
6564E22I268, RRHHWQIYPSYWYGGKIFFAVHWKIYGAVL, 0.9
6564E23I352, RRHHWQIYPSYWYGGDIFFAVHWKIYGAVL, 0.91
