7097E0I0, TILNKRWFGVKGDFGAWDGIYAPGPGPGVH, 0.4
7097E1I6, THLNKRWFGVKGDFGAWDGIYAPGPGPGVH, 0.42
7097E2I8, THLNKRWFGVKGDFGAWDGIYAPGPGPFVH, 0.45
7097E3I11, THLNYRWFGVKGDFGAWDGIYAPGPGPFVH, 0.51
7097E4I19, THLNYRWFGVKGDFGAWDQIYAPGPGPFVH, 0.52
7097E5I22, THFNYRWFGVKGDFGAWDQIYAPGPGPFVH, 0.54
7097E6I23, THFFYRWFGVKGDFGAWDQIYAPGPGPFVH, 0.6
7097E7I24, THFFYRWFGVKGDFGAWDQIYAPGPGPFIH, 0.65
7097E8I33, THFFYRWFGDKGDFGAWDQIYAPGPGPFIH, 0.67
7097E9I58, THFFYRWFGDKGDFGAWDQIWAPGPGPFIH, 0.68
7097E10I70, THFFYSWFGDKGDFGAWDQIWAPGPGPFIH, 0.7
7097E11I72, THFFYSWFGDKGDFGAWDQAWAPGPGPFIH, 0.75
7097E12I82, THFFYSWFGDKGDFGAWDQAWAPHPGPFIH, 0.78
7097E13I84, THFFYSWFGDKGDFGAWDQAWAPHPEPFIH, 0.8
7097E14I90, THFFYSWFGDKGAFGAWDQAWAPHPEPFIH, 0.81
7097E15I158, THFFYSWFGDKGAFGAWDPAWAPHPEPFIH, 0.83
7097E16I179, THFFPSWFGDKGAFGAWDPAWAPHPEPFIH, 0.84
7097E17I228, THFFPSWFGDKGAFGAWFPAWAPHPEPFIH, 0.85
7097E18I254, THFFPSWFGDKGAFGAWVPAWAPHPEPFIH, 0.87
7097E19I262, THFFPSWFGDKGAFGAWVPAWAPHWEPFIH, 0.88
7097E20I311, THFFPSWFGDKGAFWAWVPAWAPHWEPFIH, 0.89
7097E21I320, THFFPSWFGDKGAFWAWVPAWAPHWLPFIH, 0.9
7097E22I348, THFFPSWFGDKGAFWAWVPAWAPHWSPFIH, 0.92
7097E23I387, THFFPSWFFDKGAFWAWVPAWAPHWSPFIH, 0.93
