19152E0I0, WTWDKRPLAHKAVNLRYFPNQYERNFQSQW, 0.41
19152E1I5, WTWDNRPLAHKAVNLRYFPNQYERNFQSQW, 0.45
19152E2I8, FTWDNRPLAHKAVNLRYFPNQYERNFQSQW, 0.47
19152E3I15, FTWDNRPLAHKAVNLRYFPNQYERNFQSYW, 0.55
19152E4I20, FTWDNRPLAHKAVNLRYFPNQSERNFQSYW, 0.58
19152E5I43, HTWDNRPLAHKAVNLRYFPNQSERNFQSYW, 0.59
19152E6I46, HTADNRPLAHKAVNLRYFPNQSERNFQSYW, 0.62
19152E7I47, HTADNDPLAHKAVNLRYFPNQSERNFQSYW, 0.63
19152E8I52, HTADNDPLAHKAVNIRYFPNQSERNFQSYW, 0.66
19152E9I54, HTADNDPLAHKAVNIRYFPNQSPRNFQSYW, 0.71
19152E10I56, HTADNDPLAHKAVNIRYFPNQSPRNRQSYW, 0.76
19152E11I85, HTADSDPLAHKAVNIRYFPNQSPRNRQSYW, 0.78
19152E12I90, HTADSDPLAHKAVHIRYFPNQSPRNRQSYW, 0.79
19152E13I92, HTAYSDPLAHKAVHIRYFPNQSPRNRQSYW, 0.82
19152E14I118, HTAYSDRLAHKAVHIRYFPNQSPRNRQSYW, 0.85
19152E15I159, HTAYSDRLAHKAVHIRYFRNQSPRNRQSYW, 0.86
19152E16I190, HTAYSDRLAHPAVHIRYFRNQSPRNRQSYW, 0.88
