11056E0I0, SFDQGHVRLVTVEQKPAWIPVENDHEGGFL, 0.35
11056E1I2, SFDQGHVRLVTVEQKPAWIPVEWDHEGGFL, 0.38
11056E2I3, SFDQGHNRLVTVEQKPAWIPVEWDHEGGFL, 0.41
11056E3I6, SFDIGHNRLVTVEQKPAWIPVEWDHEGGFL, 0.42
11056E4I9, SFDIGHNRLVTVEQKPAWIPVEWDHEPGFL, 0.46
11056E5I12, SFDIGHNRLVTVGQKPAWIPVEWDHEPGFL, 0.5
11056E6I13, SFDIGHNRLVTVGQKPAWIPVEWDKEPGFL, 0.56
11056E7I16, SFDIGHNRLVTVGFKPAWIPVEWDKEPGFL, 0.6
11056E8I26, SFDIGHNRLVTVGFKPAWYPVEWDKEPGFL, 0.61
11056E9I31, SFDIGHNRYVTVGFKPAWYPVEWDKEPGFL, 0.62
11056E10I37, AFDIGHNRYVTVGFKPAWYPVEWDKEPGFL, 0.65
11056E11I68, AFDIGHHRYVTVGFKPAWYPVEWDKEPGFL, 0.67
11056E12I87, AFDIGHHRYVTVGFKPAWYPVEWDKEPNFL, 0.69
11056E13I123, AFDIGHHRYVTVGFKPAWYPVEWAKEPNFL, 0.71
11056E14I124, AFDIGHHRYPTVGFKPAWYPVEWAKEPNFL, 0.72
11056E15I125, AFDIGHHRYPTVEFKPAWYPVEWAKEPNFL, 0.73
11056E16I132, AFDIGHHRYPTVEFKPAWYPVEWWKEPNFL, 0.76
11056E17I152, AFDIGHHRYPTVEFKPAWYIVEWWKEPNFL, 0.77
11056E18I156, AFDIGHHRYPEVEFKPAWYIVEWWKEPNFL, 0.8
11056E19I184, AFDIGHHRYPEVEFKPAWYIVEWWKEPNFK, 0.83
11056E20I245, AFDIGHHRYPEVEFKPAWYIVEWWKEYNFK, 0.84
11056E21I250, AFHIGHHRYPEVEFKPAWYIVEWWKEYNFK, 0.86
11056E22I272, AFHIGHHRYPEVEFKPAWYIVEVWKEYNFK, 0.88
