11532E0I0, FSFDLLPNIKFEDHVIESGQVSHGQKTKDD, 0.35
11532E1I1, FSFDLLPNIKFEDHVIESGQVSHGQVTKDD, 0.36
11532E2I4, FSFDLLPNIKFEDHVIESGQVSHGQVTGDD, 0.39
11532E3I5, FSFDLLPNIKEEDHVIESGQVSHGQVTGDD, 0.48
11532E4I11, FSFDLLPNWKEEDHVIESGQVSHGQVTGDD, 0.49
11532E5I14, FSFDLLPNWEEEDHVIESGQVSHGQVTGDD, 0.53
11532E6I30, FSFDLLPNWEEEDHVIESIQVSHGQVTGDD, 0.56
11532E7I36, FSFDLLPVWEEEDHVIESIQVSHGQVTGDD, 0.59
11532E8I55, FSFDLLPVWEEEDHVIESIQVSHGHVTGDD, 0.62
11532E9I68, FSFKLLPVWEEEDHVIESIQVSHGHVTGDD, 0.63
11532E10I72, FSFKLLPVWEEEDHVIESIQVSHGHVTGDE, 0.65
11532E11I82, FSFKLSPVWEEEDHVIESIQVSHGHVTGDE, 0.66
11532E12I105, FSFKLSPVWEEEDHVIEYIQVSHGHVTGDE, 0.68
11532E13I113, FSFKLSPVWEEEDHVIEYWQVSHGHVTGDE, 0.71
11532E14I116, FSFKLSPVWEEESHVIEYWQVSHGHVTGDE, 0.72
11532E15I121, FSFKLSPVWEEESHVIEYWHVSHGHVTGDE, 0.73
11532E16I126, FSFKLSPVWEEESHVQEYWHVSHGHVTGDE, 0.77
11532E17I130, FSFKLSPVWEEESHVQEYWFVSHGHVTGDE, 0.79
11532E18I133, FSFKLSPVWEEESHVQEYWFHSHGHVTGDE, 0.8
11532E19I148, FSPKLSPVWEEESHVQEYWFHSHGHVTGDE, 0.85
11532E20I177, FSPKLSPVWEEWSHVQEYWFHSHGHVTGDE, 0.86
11532E21I191, FSPKLSPVWEEWSHVQEYWFHWHGHVTGDE, 0.87
11532E22I244, FSPKLSPVWEEWSHVQEYWFHWHGHVHGDE, 0.89
11532E23I292, FSPKLSVVWEEWSHVQEYWFHWHGHVHGDE, 0.9
11532E24I304, FSPKLSVWWEEWSHVQEYWFHWHGHVHGDE, 0.91
