16895E0I0, GQYNEVEKKWHDAGESKLRSEIVHHADGPN, 0.39
16895E1I1, GQGNEVEKKWHDAGESKLRSEIVHHADGPN, 0.44
16895E2I5, GQGNPVEKKWHDAGESKLRSEIVHHADGPN, 0.47
16895E3I9, GQGNPVEKKWHDAGEEKLRSEIVHHADGPN, 0.52
16895E4I14, GQGNPVEKKWHHAGEEKLRSEIVHHADGPN, 0.59
16895E5I24, GQGNPVEKKWHFAGEEKLRSEIVHHADGPN, 0.61
16895E6I28, GQGNPVEKKWHFAGEEKLRWEIVHHADGPN, 0.64
16895E7I39, GQGNFVEKKWHFAGEEKLRWEIVHHADGPN, 0.65
16895E8I53, GIGNFVEKKWHFAGEEKLRWEIVHHADGPN, 0.66
16895E9I61, GIGNFVEKKWHFAGEEKLRWWIVHHADGPN, 0.67
16895E10I68, GIGNFVEKKWHFAGEEFLRWWIVHHADGPN, 0.68
16895E11I70, GIGHFVEKKWHFAGEEFLRWWIVHHADGPN, 0.69
16895E12I75, GIGHFAEKKWHFAGEEFLRWWIVHHADGPN, 0.74
16895E13I109, AIGHFAEKKWHFAGEEFLRWWIVHHADGPN, 0.75
16895E14I148, AIGHFAYKKWHFAGEEFLRWWIVHHADGPN, 0.78
16895E15I151, AIGHFAYKKWHFAGEEFHRWWIVHHADGPN, 0.8
16895E16I171, AIGHFAYKKWHFAGEEFHRWWIVHHAYGPN, 0.81
16895E17I185, AIGHFAYKKWSFAGEEFHRWWIVHHAYGPN, 0.82
16895E18I199, AIGHFAYKKWSFAGEEFGRWWIVHHAYGPN, 0.83
