19218E0I0, TNSDNQGQWISIRWDYRKPVIITAEIHIWK, 0.32
19218E1I1, TNSDNQYQWISIRWDYRKPVIITAEIHIWK, 0.37
19218E2I2, TNSDNGYQWISIRWDYRKPVIITAEIHIWK, 0.38
19218E3I3, QNSDNGYQWISIRWDYRKPVIITAEIHIWK, 0.41
19218E4I5, QNSDNGHQWISIRWDYRKPVIITAEIHIWK, 0.44
19218E5I9, QNSDNGHQWISIRWDYRKPVIITAEIHGWK, 0.47
19218E6I14, QNSDGGHQWISIRWDYRKPVIITAEIHGWK, 0.49
19218E7I21, QNSDGGHQWISIRWDYRKPVIITAEIIGWK, 0.53
19218E8I27, QNSDGGHQWISILWDYRKPVIITAEIIGWK, 0.54
19218E9I28, QNSDGGHQWISILWDYRKPQIITAEIIGWK, 0.57
19218E10I32, QNSDGGHQWISILWDYRKPQIITAEIIGWQ, 0.58
19218E11I33, QWSDGGHQWISILWDYRKPQIITAEIIGWQ, 0.6
19218E12I34, QWSDGGHQWISILWDYRKPQIITAEIIGWH, 0.61
19218E13I43, QWSDGGHQWISILWDYRKPWIITAEIIGWH, 0.71
19218E14I49, QWSDGGHQWISISWDYRKPWIITAEIIGWH, 0.75
19218E15I67, QWSDGGHTWISISWDYRKPWIITAEIIGWH, 0.77
19218E16I84, QWSDGGHTWISISWDYRKPWIITAEIIFWH, 0.78
19218E17I85, QWSDGGHTWISISWDYRKPWIIFAEIIFWH, 0.79
19218E18I141, QWSDGGHTWISISWDYRKPSIIFAEIIFWH, 0.8
19218E19I169, QWSDGGHTWISISSDYRKPSIIFAEIIFWH, 0.81
19218E20I255, QWSDGGHTWISISSDYRKISIIFAEIIFWH, 0.84
