9737E0I0, QEFDEPRRPYQRKWSNVIVEGDAVDAVRIS, 0.41
9737E1I2, QEFDEPRRPYQRKWSNVIVEGDAVDDVRIS, 0.42
9737E2I6, QEFDEPRRPYQHKWSNVIVEGDAVDDVRIS, 0.45
9737E3I8, QEFDEPRRPYQHKWSNVIVEGDAVDGVRIS, 0.46
9737E4I9, QEFDEPRRPNQHKWSNVIVEGDAVDGVRIS, 0.48
9737E5I11, QEFDEPRRPNQHKWSNVIVEGTAVDGVRIS, 0.51
9737E6I16, QEFDEPLRPNQHKWSNVIVEGTAVDGVRIS, 0.53
9737E7I21, QEFDEPLIPNQHKWSNVIVEGTAVDGVRIS, 0.54
9737E8I27, QEFDEPLIPNQFKWSNVIVEGTAVDGVRIS, 0.55
9737E9I29, QEFDEPLIPNQFKWSNNIVEGTAVDGVRIS, 0.61
9737E10I30, QGFDEPLIPNQFKWSNNIVEGTAVDGVRIS, 0.63
9737E11I36, QGFDEPLIPLQFKWSNNIVEGTAVDGVRIS, 0.69
9737E12I70, QGFDLPLIPLQFKWSNNIVEGTAVDGVRIS, 0.72
9737E13I88, QGFDLPSIPLQFKWSNNIVEGTAVDGVRIS, 0.73
9737E14I116, GGFDLPSIPLQFKWSNNIVEGTAVDGVRIS, 0.76
9737E15I157, FGFDLPSIPLQFKWSNNIVEGTAVDGVRIS, 0.77
9737E16I215, FDFDLPSIPLQFKWSNNIVEGTAVDGVRIS, 0.78
9737E17I253, FDFDLPSIPLQFKWSNSIVEGTAVDGVRIS, 0.82
9737E18I284, FDFDLPSIPLQFKWSDSIVEGTAVDGVRIS, 0.84
9737E19I285, FDFDLPSIPLQFKWSDSIVEGTAVDGVRIV, 0.86
