959E0I0, AKIVLLSKRGWYHGPRIDSINRKLNGAWIT, 0.43
959E1I4, AKIVLLSKRGWYHGPRIDSTNRKLNGAWIT, 0.45
959E2I6, AKIVLISKRGWYHGPRIDSTNRKLNGAWIT, 0.48
959E3I8, AKIVLISKRHWYHGPRIDSTNRKLNGAWIT, 0.49
959E4I12, AKIVLISKRHWYHGPRIDSTNRKLTGAWIT, 0.59
959E5I18, ADIVLISKRHWYHGPRIDSTNRKLTGAWIT, 0.6
959E6I19, ADRVLISKRHWYHGPRIDSTNRKLTGAWIT, 0.62
959E7I23, ADRVLISKRHWYHGPRIDSNNRKLTGAWIT, 0.63
959E8I30, ADRVLISKRHWYHGPRIDSNNRKLTGAWVT, 0.64
959E9I31, ADRVLISKRHWYHTPRIDSNNRKLTGAWVT, 0.65
959E10I33, ADRVLISIRHWYHTPRIDSNNRKLTGAWVT, 0.67
959E11I37, ADRVLISIRHWYHTPRIDSQNRKLTGAWVT, 0.68
959E12I48, ADRVPISIRHWYHTPRIDSQNRKLTGAWVT, 0.71
959E13I74, ADRVPISIRHWYHTPRIDSQNRKLTPAWVT, 0.73
