2886E0I0, SLRWPRYPTTSKGWWSQLKKTWSWFGYGWN, 0.35
2886E1I1, SLRWPRYPTRSKGWWSQLKKTWSWFGYGWN, 0.37
2886E2I2, SLRWPRYPTRSKGWWSQTKKTWSWFGYGWN, 0.42
2886E3I9, SIRWPRYPTRSKGWWSQTKKTWSWFGYGWN, 0.43
2886E4I11, SIRWPRYPTKSKGWWSQTKKTWSWFGYGWN, 0.47
2886E5I12, SIRWPRYPTKSKGWWSATKKTWSWFGYGWN, 0.48
2886E6I13, SIRWPRYPTKSKGWWSATKKTWSWFGPGWN, 0.5
2886E7I16, SIRWPRYPTKSKGWWSATKKHWSWFGPGWN, 0.53
2886E8I17, SIRWPRYPTRSKGWWSATKKHWSWFGPGWN, 0.54
2886E9I18, SIRWWRYPTRSKGWWSATKKHWSWFGPGWN, 0.55
2886E10I26, SIRWWRYPTRVKGWWSATKKHWSWFGPGWN, 0.57
2886E11I27, SIRWWRYPTRQKGWWSATKKHWSWFGPGWN, 0.58
2886E12I35, SIRWWRYPTRQKGWWSATKKHWSWFGPGWS, 0.61
2886E13I41, SIRWWRFPTRQKGWWSATKKHWSWFGPGWS, 0.62
2886E14I52, SIRWWRFPTRQKGWWSATKKHWSWFGPGWA, 0.64
2886E15I69, SIRWWRFPTRQKPWWSATKKHWSWFGPGWA, 0.65
2886E16I72, SIRWWRFPTRQKPWWSATKKHWSWFGHGWA, 0.69
2886E17I73, SIRWWRFPTRQKPWWSATWKHWSWFGHGWA, 0.7
2886E18I91, SIRWWRFPTRQKPWWSATWKHWSWFGHPWA, 0.75
2886E19I105, SIRWWPFPTRQKPWWSATWKHWSWFGHPWA, 0.76
2886E20I106, SIRWWPFPTRWKPWWSATWKHWSWFGHPWA, 0.78
2886E21I108, SIRWWPFPTRWKPYWSATWKHWSWFGHPWA, 0.79
2886E22I109, SIRAWPFPTRWKPYWSATWKHWSWFGHPWA, 0.8
2886E23I118, SIRAWPFPTRYKPYWSATWKHWSWFGHPWA, 0.81
2886E24I120, SIRADPFPTRYKPYWSATWKHWSWFGHPWA, 0.82
2886E25I131, SIRADPFPTRYKPYWSATFKHWSWFGHPWA, 0.84
2886E26I147, YIRADPFPTRYKPYWSATFKHWSWFGHPWA, 0.85
2886E27I173, YIRADPFPWRYKPYWSATFKHWSWFGHPWA, 0.86
2886E28I184, YIRADPFPWRYKPYWSATFKHWSWFGHHWA, 0.88
2886E29I225, YIRADRFPWRYKPYWSATFKHWSWFGHHWA, 0.89
2886E30I226, YIRADRPPWRYKPYWSATFKHWSWFGHHWA, 0.9
2886E31I242, YIRADRPPWRYKPYWSAHFKHWSWFGHHWA, 0.91
2886E32I251, YIRADRPPWRYKPYWSVHFKHWSWFGHHWA, 0.92
2886E33I283, YIRADRPPWRYKPYWSVWFKHWSWFGHHWA, 0.93
2886E34I286, YIRADRPPWRYKPYWSVWFRHWSWFGHHWA, 0.94
2886E35I330, YIRADRPPWRYKPYWSQWFRHWSWFGHHWA, 0.95
2886E36I357, YIRADRPPWRYKPYWSYWFRHWSWFGHHWA, 0.96
