16275E0I0, FTVNFPGHHSNFSFAAGFQKQYDNEKLTRD, 0.31
16275E1I2, FTVNFPGHHSNFSFAAGFQKVYDNEKLTRD, 0.33
16275E2I3, FTVNFPGHHINFSFAAGFQKVYDNEKLTRD, 0.36
16275E3I8, FTVNFPGHHINFSFAAGFQKVQDNEKLTRD, 0.38
16275E4I10, FTANFPGHHINFSFAAGFQKVQDNEKLTRD, 0.39
16275E5I15, FTANFPGHHINFSFAAGFQKVQDNEKLTND, 0.42
16275E6I17, FTANFPGHHINFSFAAGIQKVQDNEKLTND, 0.46
16275E7I20, FTANPPGHHINFSFAAGIQKVQDNEKLTND, 0.48
16275E8I24, FTANPPGHHINFSFAAGIQKVADNEKLTND, 0.49
16275E9I26, FTANPPGHHINFSFAAGIQKVADNEKLTHD, 0.5
16275E10I27, FTANPPGHHINFRFAAGIQKVADNEKLTHD, 0.53
16275E11I29, FTANPPGHHIIFRFAAGIQKVADNEKLTHD, 0.56
16275E12I30, FTFNPPGHHIIFRFAAGIQKVADNEKLTHD, 0.58
16275E13I41, FTFNPPGHHHIFRFAAGIQKVADNEKLTHD, 0.59
16275E14I48, FTFNPPGHHHIFRFAAGIQKVADSEKLTHD, 0.64
16275E15I51, FTFDPPGHHHIFRFAAGIQKVADSEKLTHD, 0.67
16275E16I53, FTFDPPGHHHIFRFAAGIQKVADSEKLTHN, 0.71
16275E17I66, FTFSPPGHHHIFRFAAGIQKVADSEKLTHN, 0.73
16275E18I87, FTFSPPGHHHIFRFAAGIQKVADPEKLTHN, 0.77
16275E19I90, FTFSPPGHHHIYRFAAGIQKVADPEKLTHN, 0.82
16275E20I93, FTFSPPGHHHIYRFAAGIQKVADPERLTHN, 0.84
16275E21I101, FTFSPPGHHHIYRFAAGIQKVADPERLTHI, 0.91
16275E22I127, LTFSPPGHHHIYRFAAGIQKVADPERLTHI, 0.92
16275E23I208, LTFSPPGAHHIYRFAAGIQKVADPERLTHI, 0.93
