11254E0I0, TYPHFFAQQDDFKTLERFFPTKSWLIVAKL, 0.55
11254E1I3, TYPHFFAQQDDFKTLERFFPTKSWLIVADL, 0.58
11254E2I4, TYPHFFAQQDDFLTLERFFPTKSWLIVADL, 0.63
11254E3I6, TYPHFFAQQDDFLTLERFFPTKSDLIVADL, 0.64
11254E4I12, TYPHFFAQQDDFLTLERFWPTKSDLIVADL, 0.65
11254E5I33, TYPHYFAQQDDFLTLERFWPTKSDLIVADL, 0.66
11254E6I34, TYPHYFAIQDDFLTLERFWPTKSDLIVADL, 0.71
11254E7I36, TFPHYFAIQDDFLTLERFWPTKSDLIVADL, 0.73
11254E8I48, TFPHYFAIQDDFLTLWRFWPTKSDLIVADL, 0.74
11254E9I55, TFPHYFAIQDDFLTLLRFWPTKSDLIVADL, 0.76
11254E10I64, TFPHYFAIQDDFLTLLRFWQTKSDLIVADL, 0.77
11254E11I67, TFPHTFAIQDDFLTLLRFWQTKSDLIVADL, 0.79
11254E12I149, TFPHTFAIQDYFLTLLRFWQTKSDLIVADL, 0.8
11254E13I165, TFPHTWAIQDYFLTLLRFWQTKSDLIVADL, 0.84
11254E14I207, TFPHTWAIQDYFLTLLRFRQTKSDLIVADL, 0.86
