11095E0I0, IQVFSRPYDRKALNAWVTHWWEFTDVTEAP, 0.34
11095E1I4, IQVFSRPYDRKALNAWVTHWWEFTDVTEAI, 0.36
11095E2I5, IQVFSRPYDRKALNAWVTHWWEFTDVPEAI, 0.39
11095E3I7, IQVFSRPYDRKALNSWVTHWWEFTDVPEAI, 0.45
11095E4I9, IQVFSRPYDRKALNSWVTHWWEFTKVPEAI, 0.48
11095E5I10, IQVFSRPYDRKALNSWVTHWWERTKVPEAI, 0.49
11095E6I11, IQVFSRPYDRKALDSWVTHWWERTKVPEAI, 0.5
11095E7I14, IQVFSRPYDRVALDSWVTHWWERTKVPEAI, 0.52
11095E8I18, IQVFSRPYDRVPLDSWVTHWWERTKVPEAI, 0.56
11095E9I22, IQVFSRPYDRVPLDSWVTHWWERTKVPQAI, 0.58
11095E10I31, IQVFSIPYDRVPLDSWVTHWWERTKVPQAI, 0.59
11095E11I33, IQWFSIPYDRVPLDSWVTHWWERTKVPQAI, 0.6
11095E12I34, IQAFSIPYDRVPLDSWVTHWWERTKVPQAI, 0.61
11095E13I49, IQAFSIPYKRVPLDSWVTHWWERTKVPQAI, 0.63
11095E14I62, IQAFSIPHKRVPLDSWVTHWWERTKVPQAI, 0.64
11095E15I120, LQAFSIPHKRVPLDSWVTHWWERTKVPQAI, 0.65
11095E16I127, LQAFSIPHKRVPLDSWVTHWWERTKDPQAI, 0.66
11095E17I157, LQAFSIPHKRVPLDSWVTHWWERTKDPQHI, 0.69
11095E18I186, LQAFSIPHKRVPLDSWVTHWWENTKDPQHI, 0.72
11095E19I199, LAAFSIPHKRVPLDSWVTHWWENTKDPQHI, 0.73
11095E20I203, LAAFSIPHKRVPLYSWVTHWWENTKDPQHI, 0.75
11095E21I211, LAAPSIPHKRVPLYSWVTHWWENTKDPQHI, 0.78
11095E22I221, LAAPSIPHKRVPLYSWVTHWAENTKDPQHI, 0.79
11095E23I238, LAAPSIPHWRVPLYSWVTHWAENTKDPQHI, 0.82
11095E24I247, LAAPSIPHWRVPHYSWVTHWAENTKDPQHI, 0.84
11095E25I296, LAAPSIPHWRVPHYSWHTHWAENTKDPQHI, 0.85
11095E26I318, LAAPSIPHWRVPEYSWHTHWAENTKDPQHI, 0.86
11095E27I355, LAEPSIPHWRVPEYSWHTHWAENTKDPQHI, 0.87
11095E28I388, LAEPSIPHWRVPEYSWHTHWAENTADPQHI, 0.89
11095E29I402, LAEPSIPHWRVPEYSWHTHWAENTADPYHI, 0.9
11095E30I437, LAEPSIPHWRVPEYSWHTHWAENTADPHHI, 0.92
