14927E0I0, SAQQQHVFRHYQAWTAKWRKGTLQEPDQRK, 0.47
14927E1I1, SAQQQHVFRHYQAWTAKWRYGTLQEPDQRK, 0.49
14927E2I5, SAQQQHVFRHYQAWTAKWRYGTLQHPDQRK, 0.59
14927E3I8, SAQQQHVFRHYQAWTAWWRYGTLQHPDQRK, 0.68
14927E4I9, SAQQQHVFRHYQAWTAWWRYGTLQHPAQRK, 0.74
14927E5I10, SAQQQHVFRHYRAWTAWWRYGTLQHPAQRK, 0.77
14927E6I25, SAQQQHVFRHYRAWTAWWRYGTLQHPAQTK, 0.78
14927E7I27, SAQQQHVFRHRRAWTAWWRYGTLQHPAQTK, 0.8
14927E8I37, SAQWQHVFRHRRAWTAWWRYGTLQHPAQTK, 0.81
14927E9I39, SHQWQHVFRHRRAWTAWWRYGTLQHPAQTK, 0.85
14927E10I59, SHQWQHVFRHRRAWTAWWRYGTLQHWAQTK, 0.86
14927E11I80, SHHWQHVFRHRRAWTAWWRYGTLQHWAQTK, 0.89
14927E12I87, THHWQHVFRHRRAWTAWWRYGTLQHWAQTK, 0.9
14927E13I110, THHWQHVFRHRRAWTAWWRYGTLQHWAWTK, 0.92
14927E14I130, THHWQHVFRHRRAWTAWWRYQTLQHWAWTK, 0.94
14927E15I207, THHWQHVFHHRRAWTAWWRYQTLQHWAWTK, 0.95
14927E16I221, THHWQHVFHHRRAWTAWWRYQTLQHPAWTK, 0.96
