11136E0I0, FPIPFPEIFADTIFWGTVQKEATRAPYRIF, 0.38
11136E1I1, FPSPFPEIFADTIFWGTVQKEATRAPYRIF, 0.4
11136E2I2, FRSPFPEIFADTIFWGTVQKEATRAPYRIF, 0.42
11136E3I3, FRSPFPEIFADTTFWGTVQKEATRAPYRIF, 0.43
11136E4I10, FRSPYPEIFADTTFWGTVQKEATRAPYRIF, 0.44
11136E5I12, FRSPYPEIFADTFFWGTVQKEATRAPYRIF, 0.47
11136E6I17, FRSPYPEIFADTFFWGTVQKEATRAWYRIF, 0.49
11136E7I22, FRSPYPEIFADTFFWGTVQKEATFAWYRIF, 0.57
11136E8I25, FRSPYPEIFADTFFWGTVQKEATFAWYRIR, 0.59
11136E9I27, FRSPYPEIFADTFFWGTVQKEETFAWYRIR, 0.64
11136E10I45, FRSPYPEIFADTFFYGTVQKEETFAWYRIR, 0.65
11136E11I47, FRSEYPEIFADTFFYGTVQKEETFAWYRIR, 0.66
11136E12I51, FRSEYPEIFADTFFYGTVQKEETFAWYRAR, 0.68
11136E13I63, FRSEYPEIFADTFFYGTVQKEETFAWYRPR, 0.69
11136E14I73, FRSEYPEIFADTFFYGAVQKEETFAWYRPR, 0.72
11136E15I75, FRSEYPEIFADTWFYGAVQKEETFAWYRPR, 0.73
11136E16I82, FRSEYPEIFADTWFYGAVHKEETFAWYRPR, 0.74
11136E17I108, DRSEYPEIFADTWFYGAVHKEETFAWYRPR, 0.76
11136E18I124, DRREYPEIFADTWFYGAVHKEETFAWYRPR, 0.77
11136E19I127, DRREYPEIFADTFFYGAVHKEETFAWYRPR, 0.78
11136E20I138, DRREYPEIFADTFFYGAVHKEETFAWSRPR, 0.8
11136E21I146, DRREYPEWFADTFFYGAVHKEETFAWSRPR, 0.83
11136E22I166, DRREYPEWFADTFFYGAVHKVETFAWSRPR, 0.85
11136E23I194, DRREYPWWFADTFFYGAVHKVETFAWSRPR, 0.86
11136E24I203, DRREYPWWFADTFFYGAVHKVETFAWSSPR, 0.87
11136E25I229, DRREYPWWFADTFFYGAVHKVTTFAWSSPR, 0.88
11136E26I308, DRREYPWWFADTFFYGAVHKVTTFAWSDPR, 0.9
