1545E0I0, TPSGPGAEFIYHTSQYHEINIKIQFEWFYA, 0.28
1545E1I4, TPSGPGAEFIYHTSQAHEINIKIQFEWFYA, 0.34
1545E2I5, TPSGPGAEFIYHDSQAHEINIKIQFEWFYA, 0.38
1545E3I7, TPSGPGAEFIYHDSQAHEINIKIQGEWFYA, 0.47
1545E4I10, TPSGPGAEFIYHPSQAHEINIKIQGEWFYA, 0.48
1545E5I23, TPSGPGAEFTYHPSQAHEINIKIQGEWFYA, 0.5
1545E6I28, VPSGPGAEFTYHPSQAHEINIKIQGEWFYA, 0.51
1545E7I30, VPSGPGAEFTYHPSQAHEINIKVQGEWFYA, 0.52
1545E8I35, VPSGPGAEFTYHPSQAHEINIKVQGEHFYA, 0.53
1545E9I38, VPSGPGAEFTYHPSQAHEINIIVQGEHFYA, 0.56
1545E10I40, VPSGPGAEFTYHPSQAHEIGIIVQGEHFYA, 0.58
1545E11I54, VPSFPGAEFTYHPSQAHEIGIIVQGEHFYA, 0.6
1545E12I56, VPSFPGAEFTYHPSQAHQIGIIVQGEHFYA, 0.63
1545E13I65, VPSFPGAEFTYHNSQAHQIGIIVQGEHFYA, 0.64
1545E14I68, VPSFPGAEFTYHNSQAHQIGIIVQDEHFYA, 0.65
1545E15I75, VPSEPGAEFTYHNSQAHQIGIIVQDEHFYA, 0.66
1545E16I78, VPSEPGAEFTYHNSQAHQIGIIVQDEHHYA, 0.67
1545E17I80, VPSEPGAAFTYHNSQAHQIGIIVQDEHHYA, 0.69
1545E18I88, VPSEPGAAFTYHNSQAHQIGIIVHDEHHYA, 0.71
1545E19I95, VPSSPGAAFTYHNSQAHQIGIIVHDEHHYA, 0.73
1545E20I113, VPSSPGWAFTYHNSQAHQIGIIVHDEHHYA, 0.77
1545E21I117, VPSSPGWAFLYHNSQAHQIGIIVHDEHHYA, 0.78
1545E22I129, VPSSPGWAFLYHNSQAHQIGIIVDDEHHYA, 0.79
1545E23I135, VPSSPGWAFLYHNSQAHQIGIIVDDEHHYI, 0.8
1545E24I141, VPSSPGWAFLYHNSQAHQIGIIVDDEHHWI, 0.81
1545E25I155, VWSSPGWAFLYHNSQAHQIGIIVDDEHHWI, 0.82
1545E26I180, VWSSDGWAFLYHNSQAHQIGIIVDDEHHWI, 0.83
1545E27I231, VWSSDGWAFLYHNSAAHQIGIIVDDEHHWI, 0.85
1545E28I250, VWSSDGWAFLYHNSPAHQIGIIVDDEHHWI, 0.86
1545E29I271, VWSSDGWAFLYHPSPAHQIGIIVDDEHHWI, 0.87
1545E30I277, VWSSDGWAFLYHHSPAHQIGIIVDDEHHWI, 0.88
1545E31I279, VWSSDGWAFLYHHSPAHWIGIIVDDEHHWI, 0.89
1545E32I306, VWSSDGWAFLYHHSPAHWIGIIVDDPHHWI, 0.9
1545E33I369, YWSSDGWAFLYHHSPAHWIGIIVDDPHHWI, 0.93
