15998E0I0, EVKLLFWARGAHDRNKDNVYRPLWWKPAGA, 0.4
15998E1I4, EVKLLFWARGAIDRNKDNVYRPLWWKPAGA, 0.41
15998E2I5, EVKLLFWARGAIDRNKDNPYRPLWWKPAGA, 0.45
15998E3I6, EVKLLFWARGAIDRNKDNPYRHLWWKPAGA, 0.48
15998E4I7, EVKLLFWARGAIDRNKDNPYRHLWWWPAGA, 0.5
15998E5I10, EVKLFFWARGAIDRNKDNPYRHLWWWPAGA, 0.51
15998E6I12, EVKLFFWARGAIDRNWDNPYRHLWWWPAGA, 0.54
15998E7I13, EVKLFFWARGAIDRNWDNPYRHLWWWPAAA, 0.59
15998E8I17, EVKVFFWARGAIDRNWDNPYRHLWWWPAAA, 0.6
15998E9I21, EVKVFFWARGAIDRNWDNPYRHLWFWPAAA, 0.61
15998E10I24, EVKVFFWARGAIDRNWDNPYRHLWFWPAAE, 0.63
15998E11I25, EVKVFFWARGAIDRNWDNPARHLWFWPAAE, 0.65
15998E12I30, EYKVFFWARGAIDRNWDNPARHLWFWPAAE, 0.67
15998E13I43, EFKVFFWARGAIDRNWDNPARHLWFWPAAE, 0.68
15998E14I49, EFKVFFWARGAIDRFWDNPARHLWFWPAAE, 0.71
15998E15I51, EFKVFFWAFGAIDRFWDNPARHLWFWPAAE, 0.74
15998E16I73, EFKVFPWAFGAIDRFWDNPARHLWFWPAAE, 0.76
15998E17I86, EFKVFPWAFGAIDRFWDNPARHLWEWPAAE, 0.77
15998E18I101, EFKVFPWAFGAIDRFWWNPARHLWEWPAAE, 0.8
15998E19I116, EFKVFPWAFGAIDRFWWNPARHLPEWPAAE, 0.81
15998E20I120, EFKVFPWAFGAIDRFWRNPARHLPEWPAAE, 0.82
15998E21I124, EFKVFPWAFGAIYRFWRNPARHLPEWPAAE, 0.85
15998E22I126, EFKVFPWAFGAIYRFWRNPARHLPEDPAAE, 0.86
15998E23I148, EFKVFPWAFGAIYRFWRNPARHLPENPAAE, 0.87
15998E24I171, EFKVFPWAFGAIYRYWRNPARHLPENPAAE, 0.88
