13709E0I0, PENEQIQGGRRPQAAYYYEVNKTILHALFA, 0.31
13709E1I1, PENEQIQGDRRPQAAYYYEVNKTILHALFA, 0.35
13709E2I3, PEYEQIQGDRRPQAAYYYEVNKTILHALFA, 0.4
13709E3I5, PEYEQIQGDRRPQAAYDYEVNKTILHALFA, 0.43
13709E4I12, PEYETIQGDRRPQAAYDYEVNKTILHALFA, 0.51
13709E5I13, PEYETIQGDRRPQAAYDYEVNKTYLHALFA, 0.52
13709E6I18, PEYETIQGDRRPQAAYDYEVNKTALHALFA, 0.55
13709E7I22, PEYETIQGDRRPAAAYDYEVNKTALHALFA, 0.58
13709E8I33, PEYETIQGDRRPAAAYWYEVNKTALHALFA, 0.59
13709E9I35, PEYETIQSDRRPAAAYWYEVNKTALHALFA, 0.62
13709E10I38, PEYETIQSDRRPAAAYWYEVNKTALHAYFA, 0.66
13709E11I43, PEYETIQSDRRPATAYWYEVNKTALHAYFA, 0.68
13709E12I69, PEYENIQSDRRPATAYWYEVNKTALHAYFA, 0.74
13709E13I81, PEYENIPSDRRPATAYWYEVNKTALHAYFA, 0.76
13709E14I89, PEYENIPSDRRPATAYWYEVWKTALHAYFA, 0.8
