5858E0I0, ARRYAHVDDIKKYELKKVYHRVDEGKSAIQ, 0.38
5858E1I2, ARRYAHVDDIKKYELKKVYHRVDEGKSAIV, 0.39
5858E2I3, ARRYAHVDDIKKYELKWVYHRVDEGKSAIV, 0.43
5858E3I6, ARRYAHVDDIKKYESKWVYHRVDEGKSAIV, 0.44
5858E4I13, ARRYAHVDDIFKYESKWVYHRVDEGKSAIV, 0.49
5858E5I19, ARRYAHVDDIFKYESKWVAHRVDEGKSAIV, 0.53
5858E6I22, ARRHAHVDDIFKYESKWVAHRVDEGKSAIV, 0.56
5858E7I33, ARRHAHVDDISKYESKWVAHRVDEGKSAIV, 0.59
5858E8I47, ARFHAHVDDISKYESKWVAHRVDEGKSAIV, 0.6
5858E9I60, ARFHAHVDDISKYESKWHAHRVDEGKSAIV, 0.62
5858E10I77, ARFHAHVDDISKYESKWHAHRNDEGKSAIV, 0.63
5858E11I78, ARFHWHVDDISKYESKWHAHRNDEGKSAIV, 0.65
5858E12I83, ARFHWHVDDISKYRSKWHAHRNDEGKSAIV, 0.69
5858E13I87, AHFHWHVDDISKYRSKWHAHRNDEGKSAIV, 0.7
5858E14I96, AHFHWHVDDISKERSKWHAHRNDEGKSAIV, 0.71
5858E15I111, AHFHWHVDLISKERSKWHAHRNDEGKSAIV, 0.73
5858E16I138, AHFHWHVDLISKERSKWHAHRNDEPKSAIV, 0.76
5858E17I165, AHFHWHVDLISKERSKWHAHRNQEPKSAIV, 0.77
5858E18I178, AHFHWHVDLISKERSKWHAHVNQEPKSAIV, 0.79
5858E19I180, AHFHWHVDLISKWRSKWHAHVNQEPKSAIV, 0.83
