19620E0I0, RYYFDTHGGVLAEYVQNDIWTESSEQYFLS, 0.41
19620E1I9, RYYFDTHGGVLAQYVQNDIWTESSEQYFLS, 0.44
19620E2I13, RYYFDTHGGVLAQYVQNDIWTESSELYFLS, 0.47
19620E3I17, RYYFDTHGGVLAQYVQNDIWTESSDLYFLS, 0.49
19620E4I19, RYYFDTHGGVLAQYVQNDSWTESSDLYFLS, 0.51
19620E5I20, RYYFDTHGGVLAQYVQNDSWTESSDLHFLS, 0.54
19620E6I26, RYYFRTHGGVLAQYVQNDSWTESSDLHFLS, 0.55
19620E7I27, RYYFRTHGGVLAQRVQNDSWTESSDLHFLS, 0.58
19620E8I30, RYYFRTHGGVLAQRVQNDSWDESSDLHFLS, 0.6
19620E9I32, RYRFRTHGGVLAQRVQNDSWDESSDLHFLS, 0.61
19620E10I33, RYRFRTHGGVLAQAVQNDSWDESSDLHFLS, 0.64
19620E11I42, RYRFRSHGGVLAQAVQNDSWDESSDLHFLS, 0.65
19620E12I55, RYWFRSHGGVLAQAVQNDSWDESSDLHFLS, 0.68
19620E13I61, RYWFRSWGGVLAQAVQNDSWDESSDLHFLS, 0.69
19620E14I66, RYWFRSWGGVLAWAVQNDSWDESSDLHFLS, 0.71
19620E15I67, RYWFRSWGGLLAWAVQNDSWDESSDLHFLS, 0.72
19620E16I73, RYWFRSWHGLLAWAVQNDSWDESSDLHFLS, 0.73
19620E17I74, RYWFRSWHWLLAWAVQNDSWDESSDLHFLS, 0.74
19620E18I76, RYWFRNWHWLLAWAVQNDSWDESSDLHFLS, 0.77
19620E19I79, RYWFRNWHWLLAWAVQNDSWDESSDLYFLS, 0.79
19620E20I81, RYWFRNWHWHLAWAVQNDSWDESSDLYFLS, 0.8
19620E21I82, RYWFRNWKWHLAWAVQNDSWDESSDLYFLS, 0.81
19620E22I105, RYWFRNWKWHLAWAVQNDSWDESSHLYFLS, 0.85
19620E23I106, RYWYRNWKWHLAWAVQNDSWDESSHLYFLS, 0.86
19620E24I140, RYWYRNWKWHLAWAVQNHSWDESSHLYFLS, 0.87
19620E25I180, RYWARNWKWHLAWAVQNHSWDESSHLYFLS, 0.88
19620E26I188, RYWARNWKWHLAWAVQNHSWDISSHLYFLS, 0.89
19620E27I203, RYWARNWKWHLAWAVQNHLWDISSHLYFLS, 0.9
19620E28I213, RYWARNWKWHLAWAVQNHLWDSSSHLYFLS, 0.91
19620E29I223, RYWARNWKWHLAWARQNHLWDSSSHLYFLS, 0.92
