6362E0I0, WRSHWKYWVAWEDWSQEAEWHEHRANRLNV, 0.39
6362E1I3, WRSHWKYWVAWEDWSQEAEWHPHRANRLNV, 0.43
6362E2I9, WRSHWKYWVAWEDWSQEAEWHPHRVNRLNV, 0.46
6362E3I14, WRSHWKYWVAWEHWSQEAEWHPHRVNRLNV, 0.51
6362E4I16, WRSHWKYWVAWEAWSQEAEWHPHRVNRLNV, 0.54
6362E5I19, WRSHWKYWVAWEAWSQEAEWHPHRVNRLYV, 0.55
6362E6I22, WRSHWKYWVAWEAWSQEAEWHPHRVNRLYK, 0.62
6362E7I28, WRSHWKYWEAWEAWSQEAEWHPHRVNRLYK, 0.69
6362E8I30, WRSHWKYWEAWEAWSQEAEWHPHRVNRHYK, 0.71
6362E9I44, WRSHWKYWEAWEAWSQWAEWHPHRVNRHYK, 0.72
6362E10I63, WRSHWKYWPAWEAWSQWAEWHPHRVNRHYK, 0.78
6362E11I64, WRSHWKYWPAWEAWSQWAEWHPHRVNYHYK, 0.79
6362E12I68, WRSHWKYWPAWEAWSQWAEWHPHRPNYHYK, 0.8
6362E13I76, WRSHWKYWPAWPAWSQWAEWHPHRPNYHYK, 0.81
6362E14I80, WRSHLKYWPAWPAWSQWAEWHPHRPNYHYK, 0.82
6362E15I81, WRSHLKYWPAWPAWSQWAEWHPHRPNYHNK, 0.84
6362E16I82, ARSHLKYWPAWPAWSQWAEWHPHRPNYHNK, 0.87
6362E17I85, ARSHLHYWPAWPAWSQWAEWHPHRPNYHNK, 0.91
6362E18I91, ARSHLHLWPAWPAWSQWAEWHPHRPNYHNK, 0.92
6362E19I95, ADSHLHLWPAWPAWSQWAEWHPHRPNYHNK, 0.93
6362E20I121, ADSHLHLWPAWPAWSQWAYWHPHRPNYHNK, 0.94
6362E21I132, ADSHLHLWPAWPAWSQWAYWHPHRPNYQNK, 0.95
6362E22I181, ADSHLHLWPAWPAWSQWAYWHPHRPNYQNI, 0.96
6362E23I201, ADSHLHLWPAWPAWSQWAYWHPHRPNYQEI, 0.98
