8429E0I0, YILPGFPAKLDPLSPIESTFVPGHWYPAFA, 0.64
8429E1I7, YILPGFPAKLDPLSDIESTFVPGHWYPAFA, 0.65
8429E2I10, YILPGFPAKLDPLSDIESTFVPGHWYPAFH, 0.66
8429E3I15, YILPGFPAKLDPLSWIESTFVPGHWYPAFH, 0.67
8429E4I18, YIHPGFPAKLDPLSWIESTFVPGHWYPAFH, 0.69
8429E5I26, YQHPGFPAKLDPLSWIESTFVPGHWYPAFH, 0.7
8429E6I33, YQHPGFPAKLWPLSWIESTFVPGHWYPAFH, 0.75
8429E7I34, YQHPGFPAKLWPLSWAESTFVPGHWYPAFH, 0.79
8429E8I35, YQHPGFPAKLWPLSWAESDFVPGHWYPAFH, 0.83
8429E9I51, YQHWGFPAKLWPLSWAESDFVPGHWYPAFH, 0.84
8429E10I54, YQHWGFPAKLWPLSWAEWDFVPGHWYPAFH, 0.85
8429E11I57, YQHWGFPAKLWPLSWAEWRFVPGHWYPAFH, 0.86
8429E12I61, YQHWGFPAKLWPESWAEWRFVPGHWYPAFH, 0.87
8429E13I63, YQHWGFPAKLWPESWAKWRFVPGHWYPAFH, 0.88
8429E14I75, YQHWGLPAKLWPESWAKWRFVPGHWYPAFH, 0.89
8429E15I119, YWHWGLPAKLWPESWAKWRFVPGHWYPAFH, 0.9
8429E16I155, YWHWFLPAKLWPESWAKWRFVPGHWYPAFH, 0.91
8429E17I201, YWHWFLPAKLWPEYWAKWRFVPGHWYPAFH, 0.92
8429E18I217, YWHWKLPAKLWPEYWAKWRFVPGHWYPAFH, 0.94
8429E19I248, YWHWKLPAKLWPEYWAKWPFVPGHWYPAFH, 0.95
