18674E0I0, RKQLEIHDAAYSLDNPGITAGGSVLSKQFK, 0.22
18674E1I1, RKQLEIHDAAYSADNPGITAGGSVLSKQFK, 0.34
18674E2I5, RKQLEIHQAAYSADNPGITAGGSVLSKQFK, 0.37
18674E3I10, RKQLEIHQAAYHADNPGITAGGSVLSKQFK, 0.41
18674E4I13, RKQIEIHQAAYHADNPGITAGGSVLSKQFK, 0.44
18674E5I17, RKQIVIHQAAYHADNPGITAGGSVLSKQFK, 0.45
18674E6I18, RKQIVIHQAAYHADNPGITAGDSVLSKQFK, 0.49
18674E7I28, RKQIVIHQAAYHADNPGITAGDSALSKQFK, 0.5
18674E8I40, RKQIVIHQAAYHADNPGITAGDPALSKQFK, 0.54
18674E9I55, RKQIVIHQWAYHADNPGITAGDPALSKQFK, 0.62
18674E10I61, RKQIVIHQWAYHADRPGITAGDPALSKQFK, 0.66
18674E11I64, RKQIVIHQWAYHADRPGITADDPALSKQFK, 0.68
18674E12I66, RKQIVIHQWAYHADRPGITADDPALSKVFK, 0.7
18674E13I72, RKQIVIHQWAAHADRPGITADDPALSKVFK, 0.72
18674E14I92, RKQIVIHQWAAHADRPGITADDPALFKVFK, 0.73
18674E15I103, RKQIVIHQWAAHPDRPGITADDPALFKVFK, 0.74
18674E16I118, RKQIVIHQWAAHQDRPGITADDPALFKVFK, 0.75
18674E17I121, RKWIVIHQWAAHQDRPGITADDPALFKVFK, 0.79
18674E18I157, RKWIVIHQWAAHQDRPGITADDPAEFKVFK, 0.81
18674E19I187, RKWIVIHQWAAHQDRPGITAEDPAEFKVFK, 0.82
18674E20I188, REWIVIHQWAAHQDRPGITAEDPAEFKVFK, 0.83
18674E21I206, REWIVIHHWAAHQDRPGITAEDPAEFKVFK, 0.86
18674E22I279, REWIQIHHWAAHQDRPGITAEDPAEFKVFK, 0.87
18674E23I327, REWIQWHHWAAHQDRPGITAEDPAEFKVFK, 0.89
18674E24I366, REWIQWHHWWAHQDRPGITAEDPAEFKVFK, 0.9
