540E0I0, IGQYFPYSNVISENVEKGHFYSFHIAIYKP, 0.44
540E1I2, IGQYFPYSNVISENVEKGHFYSFHIWIYKP, 0.46
540E2I7, IGQYFPYSNHISENVEKGHFYSFHIWIYKP, 0.57
540E3I15, IGQYFPYSNHISENVEHGHFYSFHIWIYKP, 0.61
540E4I16, IGQYFNYSNHISENVEHGHFYSFHIWIYKP, 0.63
540E5I18, IGQYFNYSNHISENTEHGHFYSFHIWIYKP, 0.69
540E6I23, IGQYFNYSNHISENTTHGHFYSFHIWIYKP, 0.72
540E7I39, DGQYFNYSNHISENTTHGHFYSFHIWIYKP, 0.74
540E8I49, DGQYFNYSTHISENTTHGHFYSFHIWIYKP, 0.76
540E9I51, DGQYFNYSPHISENTTHGHFYSFHIWIYKP, 0.78
540E10I64, DGQYFNYSPHISENTTHGHAYSFHIWIYKP, 0.79
540E11I70, DGQYFNYSPHISEHTTHGHAYSFHIWIYKP, 0.8
540E12I114, DGQDFNYSPHISEHTTHGHAYSFHIWIYKP, 0.82
540E13I117, DGQDFNYSPHISEHTTHGHAYSFHIWIYHP, 0.84
540E14I124, DGQDFNYSPHISEHTTHLHAYSFHIWIYHP, 0.85
540E15I143, DGQDFNYSPHISEHTTHIHAYSFHIWIYHP, 0.86
540E16I146, DGQDFNYSPHISEHTTHIHAYSFHIWIYHW, 0.88
540E17I159, DGQDENYSPHISEHTTHIHAYSFHIWIYHW, 0.9
540E18I224, DGQDENYSPHISEHTTHIHAYDFHIWIYHW, 0.91
