6014E0I0, KSISWVDSWPDNPWNKSVAWKQTTRPLSTI, 0.4
6014E1I1, KSISWVDSWPQNPWNKSVAWKQTTRPLSTI, 0.44
6014E2I4, KSISWVDSWPQNPWNKSVAWKQTTRPLTTI, 0.45
6014E3I6, KSISWVDSWPQNSWNKSVAWKQTTRPLTTI, 0.46
6014E4I10, KSISEVDSWPQNSWNKSVAWKQTTRPLTTI, 0.48
6014E5I11, YSISEVDSWPQNSWNKSVAWKQTTRPLTTI, 0.49
6014E6I18, YSISEVDSWPQNSWNKSVAWKQTTRPATTI, 0.53
6014E7I20, YSISEVDSWPQNSWNKSVAWKVTTRPATTI, 0.58
6014E8I21, YSIQEVDSWPQNSWNKSVAWKVTTRPATTI, 0.59
6014E9I24, YSIQEVDSWPQNSWNNSVAWKVTTRPATTI, 0.61
6014E10I25, YWIQEVDSWPQNSWNNSVAWKVTTRPATTI, 0.62
6014E11I44, YWIQEVDSWPQNSWNNSVAWKVTTRPAVTI, 0.63
6014E12I45, YWIQEVDSWPQNSWNNSYAWKVTTRPAVTI, 0.64
6014E13I49, YWIQEVDSWPQNGWNNSYAWKVTTRPAVTI, 0.66
6014E14I51, YWIQEVDSWPQNGWRNSYAWKVTTRPAVTI, 0.68
6014E15I77, YWIQEVESWPQNGWRNSYAWKVTTRPAVTI, 0.69
6014E16I86, YWIQEVESWPQNGWRNSYAWKVTTRPAVTQ, 0.71
6014E17I98, YWIQEVEYWPQNGWRNSYAWKVTTRPAVTQ, 0.73
6014E18I109, YWIQEVEYWPQNGWRNSYAWKVTTRWAVTQ, 0.74
6014E19I112, YWIQEVEYWPQNNWRNSYAWKVTTRWAVTQ, 0.76
6014E20I117, YWIQEVEYWPQNNWRNSYAWKVTTRWAVTH, 0.79
6014E21I121, YWIQEVEYWPQHNWRNSYAWKVTTRWAVTH, 0.81
6014E22I124, YWIQEVEYWPQHNWRNSYAWAVTTRWAVTH, 0.83
6014E23I144, YWIQEVEYWPQHNWRNSYAWAVTKRWAVTH, 0.86
6014E24I243, YWRQEVEYWPQHNWRNSYAWAVTKRWAVTH, 0.87
