7242E0I0, HDDPYHDWRIDRGHPVLPQDDSNQFSKPPV, 0.36
7242E1I1, HDDPYFDWRIDRGHPVLPQDDSNQFSKPPV, 0.39
7242E2I5, HIDPYFDWRIDRGHPVLPQDDSNQFSKPPV, 0.41
7242E3I6, HIDPYFDVRIDRGHPVLPQDDSNQFSKPPV, 0.47
7242E4I8, HIDPYFDVRIDRGHPVLPQDDSNQFSKPSV, 0.49
7242E5I15, HIDPYFDVRIDRGHPVLPQFDSNQFSKPSV, 0.59
7242E6I16, HIDPYFDVRIDRGHPALPQFDSNQFSKPSV, 0.62
7242E7I17, HIDPYFDVRIDRGHPHLPQFDSNQFSKPSV, 0.64
7242E8I19, HIDPYFDVRIDRGHPHLPQFDSNQFSYPSV, 0.67
7242E9I21, HIDPYFDVEIDRGHPHLPQFDSNQFSYPSV, 0.7
7242E10I25, HIDPYFDVEIDRQHPHLPQFDSNQFSYPSV, 0.75
7242E11I27, HIDPYFDVEILRQHPHLPQFDSNQFSYPSV, 0.76
7242E12I69, HIDPYFDVEILRQHPHIPQFDSNQFSYPSV, 0.8
7242E13I82, HIDPYFDVEILRQHPHIPQFDSNHFSYPSV, 0.82
7242E14I85, HIDPYFDEEILRQHPHIPQFDSNHFSYPSV, 0.86
7242E15I123, HIDPYFDEEILRQHPHILQFDSNHFSYPSV, 0.88
7242E16I162, HIDPYFDEEILRQHPHILQFDSQHFSYPSV, 0.92
7242E17I195, HIDPYFDEEILRQHPHILQFDSQHPSYPSV, 0.93
7242E18I204, HIDPYFDEEILRGHPHILQFDSQHPSYPSV, 0.94
