7901E0I0, WAFAGNTRRWDGWQHAKLFKEPHAAAEWHI, 0.61
7901E1I3, WAFAGNTRRYDGWQHAKLFKEPHAAAEWHI, 0.64
7901E2I4, WAFAGNTRRYDGWQHADLFKEPHAAAEWHI, 0.66
7901E3I6, WAFAGNTRRYDGWQHADLFKSPHAAAEWHI, 0.76
7901E4I13, WAFAGDTRRYDGWQHADLFKSPHAAAEWHI, 0.79
7901E5I29, WAFAGDTRRYHGWQHADLFKSPHAAAEWHI, 0.81
7901E6I48, WAFAGDTRRYHGWQHADGFKSPHAAAEWHI, 0.83
7901E7I52, WAFAGDTRRYHGWQHATGFKSPHAAAEWHI, 0.85
7901E8I72, WAFAGDTRRYHIWQHATGFKSPHAAAEWHI, 0.86
7901E9I75, WAFAGDTHRYHIWQHATGFKSPHAAAEWHI, 0.87
7901E10I76, WAFAGDTWRYHIWQHATGFKSPHAAAEWHI, 0.9
