5045E0I0, GAHPNVTSYAAKIDTSKYEIDTWRWFRNEY, 0.41
5045E1I1, GAHPNNTSYAAKIDTSKYEIDTWRWFRNEY, 0.43
5045E2I2, GAHPNNTSYAAFIDTSKYEIDTWRWFRNEY, 0.46
5045E3I3, GAHPNNTSYAAFIDTSKYEIDHWRWFRNEY, 0.47
5045E4I6, GAHPNNTSYAAFIDTSKYEIDHWRWFRNHY, 0.5
5045E5I12, GAHPNNTSYAAFIDTSKYEIDHWRAFRNHY, 0.52
5045E6I13, GAHPNNTSYAAFIDTSKYEIDHWRAFRNRY, 0.54
5045E7I15, GAHPNNTSYAAFIDTSKYEIDHWRAFPNRY, 0.55
5045E8I18, GAHPNNTSYAAFIDTSDYEIDHWRAFPNRY, 0.6
5045E9I19, GAHPNNTSYAAFIDTSRYEIDHWRAFPNRY, 0.61
5045E10I34, GAHPNNTSWAAFIDTSRYEIDHWRAFPNRY, 0.64
5045E11I35, GAHPNNTSWAFFIDTSRYEIDHWRAFPNRY, 0.65
5045E12I43, GAHPNNTSWAFFIDTYRYEIDHWRAFPNRY, 0.66
5045E13I46, GAHPNNTSWAFFIDTYRYFIDHWRAFPNRY, 0.68
5045E14I49, GAHPNNYSWAFFIDTYRYFIDHWRAFPNRY, 0.79
5045E15I83, GAHPNNYSWAFFIDTYRYFIDHHRAFPNRY, 0.8
5045E16I92, GAHPNNYSWAFFIDTERYFIDHHRAFPNRY, 0.81
