7478E0I0, WGEISVEPDIESDFARDEPIVGILYQPGER, 0.29
7478E1I2, WGEISTEPDIESDFARDEPIVGILYQPGER, 0.31
7478E2I3, WGEISTEPDIESDFARDIPIVGILYQPGER, 0.33
7478E3I5, WGEISTDPDIESDFARDIPIVGILYQPGER, 0.37
7478E4I6, WGEISTDPDIESDFARDIPIVGILYQLGER, 0.4
7478E5I12, WGEISTDPDIESDFARDIPIVGILYSLGER, 0.42
7478E6I13, WGEISTDPDIESDFARDIPIVGILSSLGER, 0.46
7478E7I26, WGEISTDPDIESDFARDIPIVGPLSSLGER, 0.47
7478E8I27, WGEISTDPDIESDFARDIPIVGPLSSLHER, 0.51
7478E9I30, WGEISTDPDHESDFARDIPIVGPLSSLHER, 0.56
7478E10I40, WGEISTDPYHESDFARDIPIVGPLSSLHER, 0.58
7478E11I48, WGEISTDPYHEIDFARDIPIVGPLSSLHER, 0.59
7478E12I53, WGEISTDPYHEIDFARDIPIVGPLSSLHNR, 0.62
7478E13I55, WGERSTDPYHEIDFARDIPIVGPLSSLHNR, 0.63
7478E14I65, WGERSTDPYHEIDFARAIPIVGPLSSLHNR, 0.64
7478E15I68, WGERSTDPYHGIDFARAIPIVGPLSSLHNR, 0.65
7478E16I87, WGERSTDPYHGIDFARADPIVGPLSSLHNR, 0.66
7478E17I94, WGERSTDPRHGIDFARADPIVGPLSSLHNR, 0.67
7478E18I96, WGERSKDPRHGIDFARADPIVGPLSSLHNR, 0.68
7478E19I105, WGERSKDPRHGIDFARADPIVGPLSILHNR, 0.69
7478E20I135, WGERSKDPRHGIDFARADPIVGPLSPLHNR, 0.7
7478E21I147, WGERSKDPRHSIDFARADPIVGPLSPLHNR, 0.71
7478E22I193, WGERSKAPRHSIDFARADPIVGPLSPLHNR, 0.73
7478E23I231, WGERSKAPRHSIHFARADPIVGPLSPLHNR, 0.76
7478E24I256, WGERSKAPRHSIHFARADPIVHPLSPLHNR, 0.78
7478E25I269, WGERSKAPRHHIHFARADPIVHPLSPLHNR, 0.8
7478E26I276, WGERSKAPFHHIHFARADPIVHPLSPLHNR, 0.81
7478E27I285, WGERSKAPFHHIHFARADPIVHPWSPLHNR, 0.82
7478E28I341, WGERSKAPFHHIHFARADPIRHPWSPLHNR, 0.84
7478E29I343, WGEWSKAPFHHIHFARADPIRHPWSPLHNR, 0.85
7478E30I360, WGEWSKAPFHHIHFARADPIRHPLSPLHNR, 0.86
7478E31I378, WGEWSKAPFHNIHFARADPIRHPLSPLHNR, 0.87
