8039E0I0, FERERTRLLHTDSSGKPRQADSETPTNASR, 0.41
8039E1I1, FERERTRHLHTDSSGKPRQADSETPTNASR, 0.44
8039E2I2, FERENTRHLHTDSSGKPRQADSETPTNASR, 0.46
8039E3I3, PERENTRHLHTDSSGKPRQADSETPTNASR, 0.48
8039E4I4, PERENTRHLHTDSSGKPRNADSETPTNASR, 0.5
8039E5I9, PERENTRHLHTPSSGKPRNADSETPTNASR, 0.52
8039E6I14, PERENTRHLHTPSSGKPRNADSEWPTNASR, 0.57
8039E7I17, PERENTRHLHTPSSGKPRNADSWWPTNASR, 0.58
8039E8I19, PERENTRHLHHPSSGKPRNADSWWPTNASR, 0.59
8039E9I25, PETENTRHLHHPSSGKPRNADSWWPTNASR, 0.62
8039E10I40, PETENTRHLHHPSSGKPRNADSWWPTNASS, 0.63
8039E11I53, PETENTRHLHHPSSGKPRNADSWWPYNASS, 0.64
8039E12I54, PETENTRHLHHPSSGKPRNADSWYPYNASS, 0.65
8039E13I59, PEDENTRHLHHPSSGKPRNADSWYPYNASS, 0.66
8039E14I62, PEDENNRHLHHPSSGKPRNADSWYPYNASS, 0.68
8039E15I63, PEDENNRALHHPSSGKPRNADSWYPYNASS, 0.69
8039E16I65, PEDENNRALHHPSSIKPRNADSWYPYNASS, 0.71
8039E17I80, PEDENNRALHHPSSIKPENADSWYPYNASS, 0.72
8039E18I88, PADENNRALHHPSSIKPENADSWYPYNASS, 0.76
8039E19I110, PADENNRALHHPSPIKPENADSWYPYNASS, 0.77
8039E20I185, PADENNRAAHHPSPIKPENADSWYPYNASS, 0.78
8039E21I187, PADENNRAAHHPSPIKAENADSWYPYNASS, 0.79
8039E22I209, PADENNRAAHHPSPRKAENADSWYPYNASS, 0.8
8039E23I223, PADENNRAAHHPSPRKAENADSWYPYPASS, 0.81
8039E24I233, PADENNRAAHHPSPRKAEIADSWYPYPASS, 0.82
8039E25I239, PADENNRAFHHPSPRKAEIADSWYPYPASS, 0.85
8039E26I252, PADENNRAFHHPSPRKAEIADSWYRYPASS, 0.86
8039E27I273, PADPNNRAFHHPSPRKAEIADSWYRYPASS, 0.87
8039E28I338, PADPNNRAFHHPSPRKAEPADSWYRYPASS, 0.88
8039E29I354, PADPENRAFHHPSPRKAEPADSWYRYPASS, 0.89
8039E30I356, PADPENRAFHHPSPRKAEPADSWYRHPASS, 0.9
8039E31I369, PADPEDRAFHHPSPRKAEPADSWYRHPASS, 0.91
8039E32I427, PADPEDRAFHHNSPRKAEPADSWYRHPASS, 0.92
8039E33I461, PSDPEDRAFHHNSPRKAEPADSWYRHPASS, 0.93
8039E34I494, PSDPEDRAFHHNSPRKARPADSWYRHPASS, 0.94
