12198E0I0, VAKQVVWHEWDVRNPYQQLTSAHQSEHGSD, 0.25
12198E1I2, VAKQVVWHEWDVRNPYQQLTSAHQSEYGSD, 0.27
12198E2I4, VAKQVVWHEWDVRNPYQQLTSAHQKEYGSD, 0.3
12198E3I7, VAKQVVWHEWDVLNPYQQLTSAHQKEYGSD, 0.32
12198E4I12, VAKQVVWHEWDVLWPYQQLTSAHQKEYGSD, 0.33
12198E5I13, VAKQVVWHEWDVLWPYQQLTDAHQKEYGSD, 0.38
12198E6I14, VAAQVVWHEWDVLWPYQQLTDAHQKEYGSD, 0.39
12198E7I18, VAAQVNWHEWDVLWPYQQLTDAHQKEYGSD, 0.4
12198E8I23, VAAKVNWHEWDVLWPYQQLTDAHQKEYGSD, 0.41
12198E9I25, VAAFVNWHEWDVLWPYQQLTDAHQKEYGSD, 0.43
12198E10I26, VAAFVNWHEWDVLWPYQQLTDAHQKEYGKD, 0.44
12198E11I31, VAAFVYWHEWDVLWPYQQLTDAHQKEYGKD, 0.49
12198E12I35, PAAFVYWHEWDVLWPYQQLTDAHQKEYGKD, 0.51
12198E13I37, PAAFVYWHEWDVLWPYQQLTDAHQHEYGKD, 0.57
12198E14I41, PAAFVYWHEWDVLWPYQQLKDAHQHEYGKD, 0.58
12198E15I43, PAAFVYWHEWDVLWPYQQLKDADQHEYGKD, 0.59
12198E16I53, PAAFVYWHEWDVLWPYQQLKDADRHEYGKD, 0.61
12198E17I55, PAAFVYRHEWDVLWPYQQLKDADRHEYGKD, 0.62
12198E18I58, PAAFVYRHEWDVVWPYQQLKDADRHEYGKD, 0.63
12198E19I65, FAAFVYRHEWDVVWPYQQLKDADRHEYGKD, 0.65
12198E20I70, FFAFVYRHEWDVVWPYQQLKDADRHEYGKD, 0.67
12198E21I77, FFAFVYRHEWDVVWPYQQWKDADRHEYGKD, 0.69
12198E22I88, FFAFVYRHEWDVNWPYQQWKDADRHEYGKD, 0.7
12198E23I93, FFAFVYRHEWDVNWPYQQRKDADRHEYGKD, 0.71
12198E24I105, FFAFVYRHPWDVNWPYQQRKDADRHEYGKD, 0.72
12198E25I107, FFAFVYRHPWDPNWPYQQRKDADRHEYGKD, 0.73
12198E26I110, FFAFVYRHPEDPNWPYQQRKDADRHEYGKD, 0.74
12198E27I147, FFAFVRRHPEDPNWPYQQRKDADRHEYGKD, 0.75
12198E28I174, FFAFVRRHPEDPNWPYQQRKDADRHETGKD, 0.76
12198E29I196, FFAFVRRHPEDPNWPYQVRKDADRHETGKD, 0.77
12198E30I202, FFAFVRRHPESPNWPYQVRKDADRHETGKD, 0.78
12198E31I240, FFAFVRRHPESPNWPYQVRKDADRHPTGKD, 0.8
12198E32I270, FFAFVRRHPESPNWPYQVRKDADRYPTGKD, 0.81
12198E33I285, FFAFVRRHPESPNWPYQERKDADRYPTGKD, 0.82
12198E34I324, FFAFVRRHPESPNWPIQERKDADRYPTGKD, 0.84
12198E35I370, FFAFVRRHPESPNWPIQERADADRYPTGKD, 0.85
12198E36I393, FFAFVRRHPESPNWPIQERATADRYPTGKD, 0.87
12198E37I417, FFAFVRRHPESPTWPIQERATADRYPTGKD, 0.88
12198E38I432, FFAFVRRHPESPTWPIQERATADRYPTGKI, 0.89
12198E39I438, FFAFVRRHPESPTWPIQERATADRYPTGHI, 0.91
12198E40I439, EFAFVRRHPESPTWPIQERATADRYPTGHI, 0.93
