554E0I0, FIPPSKDGRRHPQDRGKARWDRRLWIFQQK, 0.45
554E1I2, FIPPSKDGRRHPQDRGKARWDRRLWWFQQK, 0.48
554E2I6, FIPPSKDGRRHPQDRGKARWDRRLWWFQEK, 0.5
554E3I7, FIPPSKDGRRHPQDRGKARWDRRLWWLQEK, 0.51
554E4I8, FIPPSKDGRRHPQDRGKARWDRRLWHLQEK, 0.52
554E5I9, FIPPSKDGRRHPQDRGKHRWDRRLWHLQEK, 0.53
554E6I10, FIPPSKDGRRHPQDPGKHRWDRRLWHLQEK, 0.55
554E7I11, FIPPSKDGRRHPQDPGYHRWDRRLWHLQEK, 0.58
554E8I20, FIPPSKDGRRHPQDPGYHRWDRRIWHLQEK, 0.59
554E9I25, FIPPSKDGRRHPQDPGYWRWDRRIWHLQEK, 0.63
554E10I26, FIPPSKDGRRHPQDPGYWRWDRRQWHLQEK, 0.66
554E11I32, NIPPSKDGRRHPQDPGYWRWDRRQWHLQEK, 0.67
554E12I35, NIPPSKDGRRHPQDPGYWTWDRRQWHLQEK, 0.72
554E13I46, NISPSKDGRRHPQDPGYWTWDRRQWHLQEK, 0.73
554E14I62, NDSPSKDGRRHPQDPGYWTWDRRQWHLQEK, 0.74
554E15I80, NDSPSKVGRRHPQDPGYWTWDRRQWHLQEK, 0.78
554E16I136, NDSPSKVGRRHPEDPGYWTWDRRQWHLQEK, 0.81
554E17I138, NDSPSKVGRHHPEDPGYWTWDRRQWHLQEK, 0.82
554E18I152, NDSPSQVGRHHPEDPGYWTWDRRQWHLQEK, 0.83
554E19I214, WDSPSQVGRHHPEDPGYWTWDRRQWHLQEK, 0.84
554E20I216, WDSPSQVGRHHPEDPGYWTWDRRQWHLQEF, 0.85
554E21I261, WDSPSQVGRHHPEDPGYWTWARRQWHLQEF, 0.87
554E22I279, WDSPSQVGRHHPEDPEYWTWARRQWHLQEF, 0.89
554E23I330, QDSPSQVGRHHPEDPEYWTWARRQWHLQEF, 0.9
554E24I372, QDSPSQVGRHHPEDPEYWTWAIRQWHLQEF, 0.91
554E25I398, QDSPNQVGRHHPEDPEYWTWAIRQWHLQEF, 0.92
