232E0I0, WAERLDWTPQSAPSFQNVQKFDGSYRYDKD, 0.36
232E1I2, WAEFLDWTPQSAPSFQNVQKFDGSYRYDKD, 0.37
232E2I5, WAEFYDWTPQSAPSFQNVQKFDGSYRYDKD, 0.42
232E3I7, WAEFYDWTPQSAPSFQNVQKFDGSYRFDKD, 0.53
232E4I12, WAEFQDWTPQSAPSFQNVQKFDGSYRFDKD, 0.56
232E5I18, WAEFQDWTPQFAPSFQNVQKFDGSYRFDKD, 0.59
232E6I31, WAEFQDWTPQFAPSFQNVQKFDGSYRFDSD, 0.6
232E7I52, WAEFQTWTPQFAPSFQNVQKFDGSYRFDSD, 0.61
232E8I65, WAEFQTWTPQFAPSFQNKQKFDGSYRFDSD, 0.62
232E9I66, FAEFQTWTPQFAPSFQNKQKFDGSYRFDSD, 0.64
232E10I70, FAEFQTWTPQFAPSFQNKHKFDGSYRFDSD, 0.7
232E11I79, FAEFQTWAPQFAPSFQNKHKFDGSYRFDSD, 0.76
232E12I93, FAEFDTWAPQFAPSFQNKHKFDGSYRFDSD, 0.78
232E13I135, FAEFDTWAPSFAPSFQNKHKFDGSYRFDSD, 0.79
232E14I146, FAEFDTWAPSFAPSFQNKHYFDGSYRFDSD, 0.81
232E15I176, FAEFDTWAPSFAPSLQNKHYFDGSYRFDSD, 0.86
