13866E0I0, PNDVKSSNRDPTKFRIDFAWATDYTNKLAV, 0.51
13866E1I2, PNDVKHSNRDPTKFRIDFAWATDYTNKLAV, 0.52
13866E2I3, PNDFKHSNRDPTKFRIDFAWATDYTNKLAV, 0.56
13866E3I9, PNDFFHSNRDPTKFRIDFAWATDYTNKLAV, 0.58
13866E4I12, PNDFFHSNRDPTRFRIDFAWATDYTNKLAV, 0.61
13866E5I17, PNDFFHSNVDPTRFRIDFAWATDYTNKLAV, 0.62
13866E6I26, PNDFFHSNVPPTRFRIDFAWATDYTNKLAV, 0.64
13866E7I27, PNDFFHSNVPPTHFRIDFAWATDYTNKLAV, 0.66
13866E8I28, PNDFFHSNVPPTHFRIDFAWAPDYTNKLAV, 0.68
13866E9I40, PNDFFHPNVPPTHFRIDFAWAPDYTNKLAV, 0.69
13866E10I44, PNDFFHPNVPPTHFRIDFAWADDYTNKLAV, 0.73
13866E11I54, PNDFFHPNVPYTHFRIDFAWADDYTNKLAV, 0.74
13866E12I62, PNDFFHPNVPYTHFRIDFAWADDYTRKLAV, 0.8
13866E13I69, PNDFFHPNVPYTHFRIDFAWADDYFRKLAV, 0.83
13866E14I115, PNDRFHPNVPYTHFRIDFAWADDYFRKLAV, 0.84
13866E15I147, PNDRFHPNVPLTHFRIDFAWADDYFRKLAV, 0.85
13866E16I148, PNDRFHPNVPLTHFRIYFAWADDYFRKLAV, 0.86
13866E17I247, PNDRFHPNVPLTHFRIYFAWADDYWRKLAV, 0.87
