12563E0I0, GEPVTHQPWSIANSRQPKLGPHFQHVKKND, 0.4
12563E1I1, GEPVTHQPWSIANSRQPKLGPHFQHVKKHD, 0.45
12563E2I2, GEPVTHQPWSIAESRQPKLGPHFQHVKKHD, 0.46
12563E3I6, GEPVTHQPWSIAEWRQPKLGPHFQHVKKHD, 0.48
12563E4I8, GEPVTHQGWSIAEWRQPKLGPHFQHVKKHD, 0.49
12563E5I20, GEPVTHQGWSIAEWRAPKLGPHFQHVKKHD, 0.53
12563E6I22, GEPPTHQGWSIAEWRAPKLGPHFQHVKKHD, 0.56
12563E7I27, GEPPTHQGWSWAEWRAPKLGPHFQHVKKHD, 0.59
12563E8I30, GEPPKHQGWSWAEWRAPKLGPHFQHVKKHD, 0.61
12563E9I35, GEPPKHQGWSWAEWRAPKLGPHFQHVKKHQ, 0.62
12563E10I36, GEPPKHQGWSWAEWRAPKLGPHPQHVKKHQ, 0.63
12563E11I42, GEPPKHQGWSWAEWRAPKLGPHPIHVKKHQ, 0.64
12563E12I45, GEPPKHQGWSWAEWRAPKLGPHPIHVKKHH, 0.68
12563E13I57, GEPPKHPGWSWAEWRAPKLGPHPIHVKKHH, 0.73
12563E14I69, GEHPKHPGWSWAEWRAPKLGPHPIHVKKHH, 0.74
12563E15I75, GEHPKHPGWSWAENRAPKLGPHPIHVKKHH, 0.76
12563E16I113, GEHPKHPGWSWAENRAVKLGPHPIHVKKHH, 0.77
12563E17I120, GEHPKHPGWSWAENRAVKWGPHPIHVKKHH, 0.78
12563E18I121, GEHPKHPGWSWAENRAVKWGPHPIHVKLHH, 0.8
12563E19I126, AEHPKHPGWSWAENRAVKWGPHPIHVKLHH, 0.82
12563E20I128, AQHPKHPGWSWAENRAVKWGPHPIHVKLHH, 0.83
12563E21I130, VQHPKHPGWSWAENRAVKWGPHPIHVKLHH, 0.84
12563E22I135, VQHPKHPGWSWAENRAVKWGPHWIHVKLHH, 0.85
12563E23I148, VQHPKHPHWSWAENRAVKWGPHWIHVKLHH, 0.87
12563E24I166, VQHPKHPHWSWAENRAVKWGPHWIHVKLHV, 0.88
12563E25I173, VQHPKHPHWSWAENRAVKWGPHHIHVKLHV, 0.89
12563E26I188, VQHPKHPHWSWAENRAVKWGPHHIHVKFHV, 0.9
12563E27I252, VQHPKHPHWSWAHNRAVKWGPHHIHVKFHV, 0.91
12563E28I303, VQHPKHPHWSWAHNRAVKWGPHHIHTKFHV, 0.93
12563E29I367, TQHPKHPHWSWAHNRAVKWGPHHIHTKFHV, 0.95
