2500E0I0, RQITFDQIHYNLDSHDEYVFAHFLERTADR, 0.46
2500E1I4, RQITFDQIHYNLDSHDEYVFAHFLEVTADR, 0.47
2500E2I9, RQITFDQIHYNLESHDEYVFAHFLEVTADR, 0.51
2500E3I10, RQITFDQIHYDLESHDEYVFAHFLEVTADR, 0.52
2500E4I18, RQITFDQIHWDLESHDEYVFAHFLEVTADR, 0.53
2500E5I22, RQITFDQIHWDLESHDEYWFAHFLEVTADR, 0.63
2500E6I25, RQITFDQIHWDLETHDEYWFAHFLEVTADR, 0.67
2500E7I28, RQITFDQIHWDLETHPEYWFAHFLEVTADR, 0.72
2500E8I31, GQITFDQIHWDLETHPEYWFAHFLEVTADR, 0.73
2500E9I46, GQITFDQIHWDLETHPEYWFTHFLEVTADR, 0.75
2500E10I49, GQITFDQIHWDLETHPEYWFFHFLEVTADR, 0.78
2500E11I52, GQHTFDQIHWDLETHPEYWFFHFLEVTADR, 0.83
2500E12I58, GQHTFDQIHWDLETHPFYWFFHFLEVTADR, 0.84
2500E13I111, GQHTFGQIHWDLETHPFYWFFHFLEVTADR, 0.86
2500E14I122, GQHTFGAIHWDLETHPFYWFFHFLEVTADR, 0.87
2500E15I135, GQHTFGAIHSDLETHPFYWFFHFLEVTADR, 0.88
