10406E0I0, PYLVLTWRYGWAKFAVSWSEISKDILPKRE, 0.56
10406E1I9, PYLVLTWRYGWAKFAVSWSEISKDHLPKRE, 0.58
10406E2I19, PYLVLTNRYGWAKFAVSWSEISKDHLPKRE, 0.59
10406E3I20, PYLVLTNRYGWAKDAVSWSEISKDHLPKRE, 0.61
10406E4I26, PYLVLTNRYGWAKDAVSWSYISKDHLPKRE, 0.63
10406E5I38, PYPVLTNRYGWAKDAVSWSYISKDHLPKRE, 0.64
10406E6I55, PYPVLTNRYGWAKDHVSWSYISKDHLPKRE, 0.66
10406E7I71, PHPVLTNRYGWAKDHVSWSYISKDHLPKRE, 0.69
10406E8I78, PHPVLTNRYGWAKDHVSWWYISKDHLPKRE, 0.7
10406E9I89, PHSVLTNRYGWAKDHVSWWYISKDHLPKRE, 0.71
10406E10I99, PHHVLTNRYGWAKDHVSWWYISKDHLPKRE, 0.73
10406E11I113, PHHVLTNRYGWAKDHWSWWYISKDHLPKRE, 0.76
10406E12I168, PHHPLTNRYGWAKDHWSWWYISKDHLPKRE, 0.78
10406E13I193, PHHPLTNRYGWAKDHWSSWYISKDHLPKRE, 0.79
10406E14I217, PHHPLTNRYGWAKDHWSSWYISKDHWPKRE, 0.8
10406E15I224, PHHPLTWRYGWAKDHWSSWYISKDHWPKRE, 0.81
10406E16I289, PHHPLTWRYGWAKDHWSSWYIPKDHWPKRE, 0.83
10406E17I299, PHSPLTWRYGWAKDHWSSWYIPKDHWPKRE, 0.84
10406E18I325, PHSPLTWRYGWAKDHWSSWYIPKDHWFKRE, 0.86
