16856E0I0, RSLLPTPSTKNYVIWIGKQNFGVHLIADHV, 0.4
16856E1I7, RSLLPTPSTKNTVIWIGKQNFGVHLIADHV, 0.43
16856E2I11, RSLLPTPSTKNTVIWIGKQNFFVHLIADHV, 0.47
16856E3I12, RSLLPTPSTKNTVIWIGKQNFFVHLIVDHV, 0.54
16856E4I13, RSLLPTPSTKNTVIWIGKQNFFVHLIVLHV, 0.57
16856E5I15, RSLLPTPSTKNTVIWIGKQNFFVHLLVLHV, 0.6
16856E6I28, RSLLPTPSTKNTVIWIGLQNFFVHLLVLHV, 0.61
16856E7I35, RSLLPTPSWKNTVIWIGLQNFFVHLLVLHV, 0.62
16856E8I39, PSLLPTPSWKNTVIWIGLQNFFVHLLVLHV, 0.63
16856E9I73, PSLLPTPSWKNTAIWIGLQNFFVHLLVLHV, 0.64
16856E10I75, PSLLPTPSWKNTAVWIGLQNFFVHLLVLHV, 0.65
16856E11I77, PSLLPTPSWKNTAKWIGLQNFFVHLLVLHV, 0.66
16856E12I81, PSLLPTPSWKNTAKWIGLQNFFVHLLVLAV, 0.69
16856E13I86, PSLLPTASWKNTAKWIGLQNFFVHLLVLAV, 0.7
16856E14I105, PSLLPTASWKNTAKWIGLQNTFVHLLVLAV, 0.71
16856E15I120, PSLLPTASWSNTAKWIGLQNTFVHLLVLAV, 0.74
16856E16I126, PSLLPTASWENTAKWIGLQNTFVHLLVLAV, 0.75
16856E17I133, PSLLPTASWENTAKWIGLQNTFVDLLVLAV, 0.76
16856E18I155, PSLLPTASWENTAKWIGLQNTFVDLLHLAV, 0.78
16856E19I191, PSLLPPASWENTAKWIGLQNTFVDLLHLAV, 0.8
16856E20I194, PSLLPPAVWENTAKWIGLQNTFVDLLHLAV, 0.81
16856E21I291, PSLLPPAVWENTWKWIGLQNTFVDLLHLAV, 0.82
16856E22I320, SSLLPPAVWENTWKWIGLQNTFVDLLHLAV, 0.85
16856E23I336, SSLLPPAVWENTWKWIGLQNTFVDLLHPAV, 0.87
