18516E0I0, FTRYHQYYQFSLWLGGHEQSATQRHGIKFA, 0.32
18516E1I1, FTRYHQYYQFSLWLGGHYQSATQRHGIKFA, 0.39
18516E2I2, FTRYHQYYQWSLWLGGHYQSATQRHGIKFA, 0.4
18516E3I3, FTRYHQYYQWSLWLGGHYQSATQVHGIKFA, 0.44
18516E4I4, HTRYHQYYQWSLWLGGHYQSATQVHGIKFA, 0.48
18516E5I8, HTRWHQYYQWSLWLGGHYQSATQVHGIKFA, 0.49
18516E6I10, HTRWHQYYQWFLWLGGHYQSATQVHGIKFA, 0.5
18516E7I11, HNRWHQYYQWFLWLGGHYQSATQVHGIKFA, 0.55
18516E8I12, HNRWHQYYQWFLWLGGHYRSATQVHGIKFA, 0.57
18516E9I16, HNRWHWYYQWFLWLGGHYRSATQVHGIKFA, 0.63
18516E10I21, HNRWHWYYQWHLWLGGHYRSATQVHGIKFA, 0.64
18516E11I25, HNRWHWYYQWHLWLGGHLRSATQVHGIKFA, 0.73
18516E12I30, HNRWHWYYQWHLWLHGHLRSATQVHGIKFA, 0.76
18516E13I63, HNRWHWYYQWHLWLHGHLRSATQVHGFKFA, 0.8
18516E14I65, HNRWHWAYQWHLWLHGHLRSATQVHGFKFA, 0.82
18516E15I70, HNRWHWAYWWHLWLHGHLRSATQVHGFKFA, 0.84
18516E16I101, HNRWHWAYWWHLWLHGHLSSATQVHGFKFA, 0.87
18516E17I107, HNRWHWAYWWHLWLHGHLSSATAVHGFKFA, 0.88
18516E18I145, HHRWHWAYWWHLWLHGHLSSATAVHGFKFA, 0.9
18516E19I179, HHRWHWAYWWHLWLHGHLSSATAVHGFYFA, 0.91
18516E20I191, HHRWHWAYWWHLWLHGHLSSATAVGGFYFA, 0.93
18516E21I224, HHRWPWAYWWHLWLHGHLSSATAVGGFYFA, 0.94
18516E22I231, HHRYPWAYWWHLWLHGHLSSATAVGGFYFA, 0.96
