13696E0I0, VPDYTRGGIANPWAQIGESWWQNSDGLFSV, 0.41
13696E1I5, VPDYTRGGIANTWAQIGESWWQNSDGLFSV, 0.47
13696E2I6, VPDYTRGGISNTWAQIGESWWQNSDGLFSV, 0.49
13696E3I10, VPDYTRGGISATWAQIGESWWQNSDGLFSV, 0.52
13696E4I12, VPDYTRGGISATWAQIGVSWWQNSDGLFSV, 0.53
13696E5I15, VPDYTRGGISATWAQIGNSWWQNSDGLFSV, 0.55
13696E6I17, VPDYTRGGISATWAQIGNSWWQNSDGLFSL, 0.56
13696E7I20, VPDYTRGFISATWAQIGNSWWQNSDGLFSL, 0.58
13696E8I29, VPDPTRGFISATWAQIGNSWWQNSDGLFSL, 0.59
13696E9I30, VSDPTRGFISATWAQIGNSWWQNSDGLFSL, 0.64
13696E10I37, VSDPNRGFISATWAQIGNSWWQNSDGLFSL, 0.65
13696E11I46, VSDPNRGFISATWAQIGNSWWQNSDGLFIL, 0.67
13696E12I51, VSDPNRGFIHATWAQIGNSWWQNSDGLFIL, 0.68
13696E13I55, VSDPNRGFIHATWAQIGNSPWQNSDGLFIL, 0.69
13696E14I59, VSDPNRGFIHATWAQIGNSPWQNSDILFIL, 0.73
13696E15I65, NSDPNRGFIHATWAQIGNSPWQNSDILFIL, 0.75
13696E16I94, NSDPNRGFIRATWAQIGNSPWQNSDILFIL, 0.76
13696E17I118, NSDPNRGWIRATWAQIGNSPWQNSDILFIL, 0.77
13696E18I121, NSDPNRGWIRATWAQIGNSPLQNSDILFIL, 0.78
13696E19I207, NSDPPRGWIRATWAQIGNSPLQNSDILFIL, 0.79
13696E20I238, NSDPPRGWIRATWAQIGNSPLQNSDILQIL, 0.8
13696E21I296, NSDPPRGWIRATWAQVGNSPLQNSDILQIL, 0.82
13696E22I332, NSDPPRGHIRATWAQVGNSPLQNSDILQIL, 0.85
13696E23I416, NSDPPRGHIRATWAQVHNSPLQNSDILQIL, 0.87
13696E24I420, NSDPPRGHPRATWAQVHNSPLQNSDILQIL, 0.88
13696E25I421, NSDPPRGHPRATWAQVPNSPLQNSDILQIL, 0.91
13696E26I467, NSDPPRGHPRATWAQVPNRPLQNSDILQIL, 0.92
13696E27I489, DSDPPRGHPRATWAQVPNRPLQNSDILQIL, 0.93
