13906E0I0, QTTKDFWSKDQTNRDIWLSRNLSNVRLEVK, 0.33
13906E1I1, QTTKDFWSKDQTWRDIWLSRNLSNVRLEVK, 0.41
13906E2I5, QTTKDFWSKDQTWRDIWLSRNLSNVWLEVK, 0.42
13906E3I11, QTTKDFWSKDQTFRDIWLSRNLSNVWLEVK, 0.43
13906E4I16, QTTHDFWSKDQTFRDIWLSRNLSNVWLEVK, 0.46
13906E5I18, QTTHDFISKDQTFRDIWLSRNLSNVWLEVK, 0.48
13906E6I20, QVTHDFISKDQTFRDIWLSRNLSNVWLEVK, 0.51
13906E7I21, QVTHDFISKDQTFRDRWLSRNLSNVWLEVK, 0.53
13906E8I22, QVTHDFISKDQTFRDRWLSENLSNVWLEVK, 0.54
13906E9I32, QVTHDFITKDQTFRDRWLSENLSNVWLEVK, 0.56
13906E10I46, QVTHDFITKDQTFRDRWLSERLSNVWLEVK, 0.58
13906E11I49, QVTHDFITKDQTFRDRWLLERLSNVWLEVK, 0.59
13906E12I55, QVTHYFITKDQTFRDRWLLERLSNVWLEVK, 0.61
13906E13I62, QVTHYFITKDQTFRDRWLLRRLSNVWLEVK, 0.62
13906E14I79, QVTHYFITWDQTFRDRWLLRRLSNVWLEVK, 0.63
13906E15I81, QVTHYFITWTQTFRDRWLLRRLSNVWLEVK, 0.64
13906E16I86, QVTHYQITWTQTFRDRWLLRRLSNVWLEVK, 0.66
13906E17I94, QVTHYQITWTQTFRDRYLLRRLSNVWLEVK, 0.67
13906E18I96, QVTHYQHTWTQTFRDRYLLRRLSNVWLEVK, 0.68
13906E19I101, QVTHYQHTWTQTFRFRYLLRRLSNVWLEVK, 0.69
13906E20I102, QVTHYQHTWTQTFRFRYLLRRLSNVWLEYK, 0.72
13906E21I119, QVTHYQHTWTQTFRRRYLLRRLSNVWLEYK, 0.73
13906E22I124, QVTHYQHTWTQTFHRRYLLRRLSNVWLEYK, 0.75
13906E23I127, QVTHYQHTWTQTFHRRYLLRRLHNVWLEYK, 0.76
13906E24I130, QVTHYQHTWTQTFHLRYLLRRLHNVWLEYK, 0.78
13906E25I131, QVTHYWHTWTQTFHLRYLLRRLHNVWLEYK, 0.79
13906E26I153, QVTHYWHTWTQTFHLRYLLRRLHNVWLEYL, 0.81
13906E27I159, QVTHYWHTWTATFHLRYLLRRLHNVWLEYL, 0.82
13906E28I160, QVTHYWHTWTATFHLRYLLRFLHNVWLEYL, 0.83
13906E29I162, QVTHYWHYWTATFHLRYLLRFLHNVWLEYL, 0.84
13906E30I186, QVTHYWHYWTATFHLRYLLRFVHNVWLEYL, 0.87
13906E31I196, FVTHYWHYWTATFHLRYLLRFVHNVWLEYL, 0.88
