5125E0I0, IAVHQRSRFLVSEYEVPVGREKLSHWREDA, 0.4
5125E1I2, IAVHQRSRFLVSEYEVPVGREKLSHWREDS, 0.42
5125E2I4, IAVHQRSRFLVSRYEVPVGREKLSHWREDS, 0.44
5125E3I5, IAVHQRWRFLVSRYEVPVGREKLSHWREDS, 0.47
5125E4I11, IAYHQRWRFLVSRYEVPVGREKLSHWREDS, 0.48
5125E5I17, IAYHARWRFLVSRYEVPVGREKLSHWREDS, 0.5
5125E6I19, IAYHARWRFLVLRYEVPVGREKLSHWREDS, 0.55
5125E7I20, IAYHPRWRFLVLRYEVPVGREKLSHWREDS, 0.57
5125E8I22, IAYHPRWRFFVLRYEVPVGREKLSHWREDS, 0.63
5125E9I25, SAYHPRWRFFVLRYEVPVGREKLSHWREDS, 0.64
5125E10I30, SAYHPRWRFFVLRYEPPVGREKLSHWREDS, 0.65
5125E11I36, SAYHPRWRFFVLRYEPPVEREKLSHWREDS, 0.68
5125E12I44, SAYHPRWRFFVLRYEPPVERFKLSHWREDS, 0.7
5125E13I61, SAYHPRWEFFVLRYEPPVERFKLSHWREDS, 0.72
5125E14I70, SAYHPRWEFFVTRYEPPVERFKLSHWREDS, 0.73
5125E15I90, SAFHPRWEFFVTRYEPPVERFKLSHWREDS, 0.76
5125E16I99, SAFHPRWEFFVTRYAPPVERFKLSHWREDS, 0.78
5125E17I110, SAFHPRWEFFVTRYAPPVERFKLSHWAEDS, 0.79
5125E18I113, SAFHPRWEFFVTHYAPPVERFKLSHWAEDS, 0.82
5125E19I125, SAFHPYWEFFVTHYAPPVERFKLSHWAEDS, 0.85
5125E20I130, SAFHPYWEFFVTHYAPPWERFKLSHWAEDS, 0.87
5125E21I132, SAFHPYWEFFVTHRAPPWERFKLSHWAEDS, 0.88
5125E22I181, SAFHPYWEFFVTHRAPPWNRFKLSHWAEDS, 0.89
5125E23I235, SAFHPYWEFFVTHRASPWNRFKLSHWAEDS, 0.9
5125E24I258, SAFHPYWEFFVTHGASPWNRFKLSHWAEDS, 0.91
