9910E0I0, ASLTKNQSPWKFQYFARSTLPEIKKSPPYI, 0.45
9910E1I1, ASLTKNQSPWKFQYFARSTLPEIKKSLPYI, 0.49
9910E2I2, ASLTKNHSPWKFQYFARSTLPEIKKSLPYI, 0.5
9910E3I10, ASLTKNHSPWKSQYFARSTLPEIKKSLPYI, 0.53
9910E4I12, ASPTKNHSPWKSQYFARSTLPEIKKSLPYI, 0.54
9910E5I14, ASPTKNHSPWKSQYFARSTLPEIPKSLPYI, 0.58
9910E6I18, ASPTKNHSPWKSQYFARSTLPEIPASLPYI, 0.6
9910E7I21, ASPTKNHSPWKSQYFARSTLPEIPASGPYI, 0.61
9910E8I30, ASPTKNHSPWKSQYFARSTLPEIPASGPYK, 0.63
9910E9I35, ASPTKNHSPWKSQFFARSTLPEIPASGPYK, 0.65
9910E10I37, ASPTKNHSPWKSQFFARSTLPEHPASGPYK, 0.67
9910E11I39, ASPTKVHSPWKSQFFARSTLPEHPASGPYK, 0.69
9910E12I84, ASPTKVHSPWKSQFFARHTLPEHPASGPYK, 0.71
9910E13I112, ASPTKVHSPWKSQFFARHTLPEHPGSGPYK, 0.72
9910E14I126, ASPTKVHSPPKSQFFARHTLPEHPGSGPYK, 0.74
9910E15I130, YSPTKVHSPPKSQFFARHTLPEHPGSGPYK, 0.75
9910E16I143, YSPTFVHSPPKSQFFARHTLPEHPGSGPYK, 0.76
9910E17I149, YSPTFVHSPPKSQFFARHTLPEHPGSGTYK, 0.77
9910E18I150, YSPTFVHSPPKIQFFARHTLPEHPGSGTYK, 0.78
9910E19I171, YSPTFVHSPPKIQFFARHTLTEHPGSGTYK, 0.8
9910E20I228, YSPTFVHSPPKIQFFARHTLTEHPGSGHYK, 0.82
9910E21I262, YSPTFVHSPPKIQFWARHTLTEHPGSGHYK, 0.85
