11122E0I0, QLKVIIDWHNYFHADKLFHHKWNDVWFGNP, 0.54
11122E1I2, QLKVIIDWHNYFHADKLFHHKWNDVWFGNV, 0.55
11122E2I17, QLKVIIDPHNYFHADKLFHHKWNDVWFGNV, 0.59
11122E3I26, QLKVIKDPHNYFHADKLFHHKWNDVWFGNV, 0.61
11122E4I32, QLKVIKDPHNYFHADKLFHHKWFDVWFGNV, 0.66
11122E5I33, QLKVIKDPHNYFHAGKLFHHKWFDVWFGNV, 0.67
11122E6I35, QFKVIKDPHNYFHAGKLFHHKWFDVWFGNV, 0.69
11122E7I39, QFKVIKDPHNYFHAGKLFHHKWFDVWFGNS, 0.7
11122E8I42, QFKVIKDPHNYFHAGKLFHHKWFDVWFGIS, 0.71
11122E9I65, QFKVIKDPHNYFHAGVLFHHKWFDVWFGIS, 0.74
11122E10I114, FFKVIKDPHNYFHAGVLFHHKWFDVWFGIS, 0.76
11122E11I121, LFKVIKDPHNYFHAGVLFHHKWFDVWFGIS, 0.77
11122E12I131, LFKVIKDPHNYFHAGVLFHHKLFDVWFGIS, 0.8
11122E13I213, LFKVIKDPHNYFHAGFLFHHKLFDVWFGIS, 0.81
11122E14I225, LFKVIKDPHNYFHAGFLFHHKLFDFWFGIS, 0.82
11122E15I244, LFKVIKDPHNYFHAGFLFHHLLFDFWFGIS, 0.86
11122E16I312, LFAVIKDPHNYFHAGFLFHHLLFDFWFGIS, 0.87
