15344E0I0, GDASLRLEQPWAQFDVHWDQKDVLVRGPDH, 0.33
15344E1I1, GDASLRLEQPWAQFDVHWDQKDVPVRGPDH, 0.34
15344E2I7, GDASLRLEPPWAQFDVHWDQKDVPVRGPDH, 0.45
15344E3I9, GYASLRLEPPWAQFDVHWDQKDVPVRGPDH, 0.46
15344E4I10, GYASLRLEPPWAQFDVHWDQKDPPVRGPDH, 0.47
15344E5I11, GYASLRLEPPWAQFDVHWDQKDPPVRGPEH, 0.52
15344E6I14, GYASLRLEPPGAQFDVHWDQKDPPVRGPEH, 0.53
15344E7I19, GYASLRLEPPGAQFDVHWDQKDPHVRGPEH, 0.56
15344E8I21, GYASLRLEPPGAQFDVHWDLKDPHVRGPEH, 0.59
15344E9I30, GYASLRLEPPGAIFDVHWDLKDPHVRGPEH, 0.61
15344E10I33, GYASLSLEPPGAIFDVHWDLKDPHVRGPEH, 0.63
15344E11I63, GYASLSLEPPGAIFIVHWDLKDPHVRGPEH, 0.67
15344E12I65, GYASLSLWPPGAIFIVHWDLKDPHVRGPEH, 0.68
15344E13I76, GYFSLSLWPPGAIFIVHWDLKDPHVRGPEH, 0.69
15344E14I88, GYFSLSLWPPGAIFIVHWDLKDPHVRGPAH, 0.72
15344E15I96, GYFSISLWPPGAIFIVHWDLKDPHVRGPAH, 0.74
15344E16I99, GYFSISLWPPGAIDIVHWDLKDPHVRGPAH, 0.75
15344E17I117, GYFSISLWPPGAISIVHWDLKDPHVRGPAH, 0.79
15344E18I193, GYFSISTWPPGAISIVHWDLKDPHVRGPAH, 0.81
15344E19I222, FYFSISTWPPGAISIVHWDLKDPHVRGPAH, 0.82
