3391E0I0, VLQFWEVYGKRWKLDYFLKFNHIWNDDIQG, 0.37
3391E1I4, VLQFWEVYGKRWKLFYFLKFNHIWNDDIQG, 0.4
3391E2I5, VLQFAEVYGKRWKLFYFLKFNHIWNDDIQG, 0.44
3391E3I10, VLQFAEVYGKRWILFYFLKFNHIWNDDIQG, 0.47
3391E4I26, VLQFAVVYGKRWILFYFLKFNHIWNDDIQG, 0.51
3391E5I33, VLQFAVVYGKRWILFYFLKFNHIWNDDIYG, 0.52
3391E6I42, VLQFAVVYGKRWILFYFFKFNHIWNDDIYG, 0.55
3391E7I55, VLQFAVVYWKRWILFYFFKFNHIWNDDIYG, 0.57
3391E8I60, VLQFAVVHWKRWILFYFFKFNHIWNDDIYG, 0.6
3391E9I63, VLEFAVVHWKRWILFYFFKFNHIWNDDIYG, 0.61
3391E10I68, VLEFAVVHWKRWILFYFFKFNHIWNDDIYW, 0.62
3391E11I69, VLEFAVVHWKRWILFYFFKFNHNWNDDIYW, 0.68
3391E12I76, VLEFAVVHWKRWILTYFFKFNHNWNDDIYW, 0.7
3391E13I82, VGEFAVVHWKRWILTYFFKFNHNWNDDIYW, 0.72
3391E14I83, VGEFAVVHWKRWILTYFFKFNHNFNDDIYW, 0.74
3391E15I92, VGEFAVVHWKRWILTYFFKFNHNHNDDIYW, 0.79
3391E16I98, VGEFAVVHWKRWILTYFFKGNHNHNDDIYW, 0.84
3391E17I118, VGEFAVQHWKRWILTYFFKGNHNHNDDIYW, 0.86
3391E18I133, VGEFAVQHWKRWILTYFFKGNHNHNHDIYW, 0.88
3391E19I134, VGEFAVQHWKRWILTYFFKGNHNHNHHIYW, 0.89
3391E20I185, VWEFAVQHWKRWILTYFFKGNHNHNHHIYW, 0.9
3391E21I189, VWEFAVQHWKRWILTYFFKGNHNHNHHTYW, 0.91
3391E22I251, VWEFAVQHWKRWILTYFFKGNHNHNHHAYW, 0.92
