2919E0I0, RRDPRTAVKWRTAPASRRDTWQFQQAPHIH, 0.54
2919E1I2, RRDPRTAVKWRTAPISRRDTWQFQQAPHIH, 0.55
2919E2I3, RRDPRTAVKWRTAPINRRDTWQFQQAPHIH, 0.56
2919E3I5, RRDPRTAVKWRTAPINRRDTWQFQQHPHIH, 0.58
2919E4I6, RRDPRTAVKWRTAPINRRDTWQIQQHPHIH, 0.61
2919E5I9, RRDPRTAVKWRTAHINRRDTWQIQQHPHIH, 0.73
2919E6I11, RQDPRTAVKWRTAHINRRDTWQIQQHPHIH, 0.75
2919E7I29, RQDPRTAVKWRTAHINRRDTWQIQQHIHIH, 0.76
2919E8I56, RQDPRTAVKWRTAHIVRRDTWQIQQHIHIH, 0.81
2919E9I59, RQDPRTAVKWRTAHIVRRLTWQIQQHIHIH, 0.85
2919E10I66, RQDPRTAVKWRTAHIVGRLTWQIQQHIHIH, 0.86
2919E11I144, RQDPRTAVKWRTAHIVGRLTGQIQQHIHIH, 0.87
2919E12I232, RQDPRTAVKWRTAHIVPRLTGQIQQHIHIH, 0.88
2919E13I245, RQDPRHAVKWRTAHIVPRLTGQIQQHIHIH, 0.89
