11491E0I0, VHRQAHVDRPQELRKTLRVESKGDINPHVV, 0.32
11491E1I1, VHRQAHVDRPQELRKTLRVESKGDINPHVT, 0.35
11491E2I2, VHGQAHVDRPQELRKTLRVESKGDINPHVT, 0.37
11491E3I3, VHGQADVDRPQELRKTLRVESKGDINPHVT, 0.39
11491E4I7, VHGQADVDRPQELRKTLRVESKGDIRPHVT, 0.44
11491E5I11, VHGQADVDRPQELRKTLRVESKGDIRPAVT, 0.47
11491E6I13, VHGQADVDRPQELRKTLRVESKQDIRPAVT, 0.53
11491E7I18, FHGQADVDRPQELRKTLRVESKQDIRPAVT, 0.56
11491E8I22, FHGQADVDRPQELRKTLRVESKQDERPAVT, 0.61
11491E9I35, FHGQADVDRPQELRKTLHVESKQDERPAVT, 0.62
11491E10I41, FHGQADVDRPQELRKTQHVESKQDERPAVT, 0.64
11491E11I50, FHGQADVDRPQELRKTQHVEHKQDERPAVT, 0.66
11491E12I59, FHGQADVDRPQELRKTWHVEHKQDERPAVT, 0.68
11491E13I96, FHGQADVDRPQELRKTWHVEHIQDERPAVT, 0.71
11491E14I101, FHGQADVDRPQELRLTWHVEHIQDERPAVT, 0.72
11491E15I116, FHGQADVDRPQELRLTWHVEHIQWERPAVT, 0.73
11491E16I140, FHGQADVDRPQERRLTWHVEHIQWERPAVT, 0.77
11491E17I148, FHGQADVDRPQERRLTWHVEHIQWHRPAVT, 0.78
11491E18I154, FHGQADSDRPQERRLTWHVEHIQWHRPAVT, 0.81
11491E19I158, FHGQADSDRPQERRLTWHVEHIQWHRPHVT, 0.84
11491E20I188, FHGQADSDRPQERRLTWHVEHIQWHPPHVT, 0.87
11491E21I201, FHGQADSDRPQERRLTWHVEHIQWHPIHVT, 0.88
11491E22I230, FHGHADSDRPQERRLTWHVEHIQWHPIHVT, 0.89
11491E23I232, FHGHADSDRPEERRLTWHVEHIQWHPIHVT, 0.92
11491E24I247, FHGHADSDRPEERRLTGHVEHIQWHPIHVT, 0.93
11491E25I285, FHGHADSDRPEERRLTGHVEHIQWHPIHVP, 0.95
11491E26I287, FHGHADSDRPEERRLTGHVRHIQWHPIHVP, 0.96
11491E27I321, FHGHADSDRPEERRLTGHVWHIQWHPIHVP, 0.98
