1357E0I0, QLGIGAWAVTKDNTFIKAHRTESHIWERPQ, 0.38
1357E1I2, QLGIGAWAVTFDNTFIKAHRTESHIWERPQ, 0.4
1357E2I6, QLGIGAWAVTFDNTFIKAHRTESHIWERPW, 0.43
1357E3I7, QLQIGAWAVTFDNTFIKAHRTESHIWERPW, 0.44
1357E4I10, QGQIGAWAVTFDNTFIKAHRTESHIWERPW, 0.48
1357E5I11, QGQIGAWAVTFDNFFIKAHRTESHIWERPW, 0.5
1357E6I14, QGQIGAWAVTFVNFFIKAHRTESHIWERPW, 0.57
1357E7I20, QGQIGAWAVTFVNFFIKAHRRESHIWERPW, 0.59
1357E8I21, HGQIGAWAVTFVNFFIKAHRRESHIWERPW, 0.64
1357E9I25, HGQIGAWAVTFVNFFIKAHRRESWIWERPW, 0.67
1357E10I29, HGQIGAWAVTFVNFFIKAHRRESWIWERAW, 0.7
1357E11I31, HGQIGAWAVTFVNFFIKAHRRESWIWARAW, 0.72
1357E12I59, HGQIGAWAVTFVNFFKKAHRRESWIWARAW, 0.77
1357E13I62, HGQIGAWAVTFVNFFKKAHRRESWWWARAW, 0.78
1357E14I65, HGQIGAWAVTFVNFFKKAHRRHSWWWARAW, 0.79
1357E15I71, HHQIGAWAVTFVNFFKKAHRRHSWWWARAW, 0.82
1357E16I94, HHQIYAWAVTFVNFFKKAHRRHSWWWARAW, 0.83
1357E17I103, HHQIYAWAVTFVNFFKKAHRRHQWWWARAW, 0.84
1357E18I105, HHHIYAWAVTFVNFFKKAHRRHQWWWARAW, 0.85
1357E19I109, HHAIYAWAVTFVNFFKKAHRRHQWWWARAW, 0.86
1357E20I141, HHAIYAWAVTFVNFFKKAHRRHAWWWARAW, 0.87
1357E21I196, HHAAYAWAVTFVNFFKKAHRRHAWWWARAW, 0.88
1357E22I208, HHAAYAWAVTFVNFFKKAHRRHAWHWARAW, 0.9
1357E23I242, HHAAYAWAVTFVNFFKKAHPRHAWHWARAW, 0.91
1357E24I259, HHAAYAWAVTFVNRFKKAHPRHAWHWARAW, 0.92
1357E25I296, GHAAYAWAVTFVNRFKKAHPRHAWHWARAW, 0.93
