10360E0I0, QQVGPTSTYGFKIVIEDYKIYEWTAAEEIA, 0.36
10360E1I1, QQGGPTSTYGFKIVIEDYKIYEWTAAEEIA, 0.4
10360E2I3, QQGGPTSTYGFKIVIEYYKIYEWTAAEEIA, 0.41
10360E3I4, QQGGPTSTYGFKIVIEYYKIYEWTAAEEIP, 0.42
10360E4I12, QQGGPTSTYGFKIVIEYYKIYYWTAAEEIP, 0.51
10360E5I13, QQGGPTSTYGFKIDIEYYKIYYWTAAEEIP, 0.54
10360E6I14, QQGGPTSTYGFKIDIEYYKIYYWKAAEEIP, 0.56
10360E7I16, QQGYPTSTYGFKIDIEYYKIYYWKAAEEIP, 0.58
10360E8I19, QDGYPTSTYGFKIDIEYYKIYYWKAAEEIP, 0.63
10360E9I32, QDGYPTQTYGFKIDIEYYKIYYWKAAEEIP, 0.69
10360E10I47, QDGYPTQTYGFKIDIEYYKIYYWKRAEEIP, 0.7
10360E11I62, QDGYPTQTYGFKIDIVYYKIYYWKRAEEIP, 0.74
10360E12I93, QDGYPTQTYGFKIDIVYYKIYYWKRAEEYP, 0.77
10360E13I101, QDSYPTQTYGFKIDIVYYKIYYWKRAEEYP, 0.78
10360E14I118, QDSYPIQTYGFKIDIVYYKIYYWKRAEEYP, 0.79
10360E15I165, QDSYPIQTYGFKIDIVYWKIYYWKRAEEYP, 0.8
10360E16I214, QDSYPIQEYGFKIDIVYWKIYYWKRAEEYP, 0.84
10360E17I309, QDSYPIQEYGFKIDIVYWKIYYWKRAEEYW, 0.86
10360E18I348, QDSYPIQDYGFKIDIVYWKIYYWKRAEEYW, 0.87
