8617E0I0, YQFTVIAWFWQDENIKSYVHYEHIFIWEYT, 0.33
8617E1I1, YQFTVIAWFWQDENIKSYVHYEHIFTWEYT, 0.36
8617E2I3, YQFTVIAWFWQDENIKSYVHYEHIVTWEYT, 0.39
8617E3I4, YQFTVHAWFWQDENIKSYVHYEHIVTWEYT, 0.45
8617E4I8, YQFTVHAWFWQDETIKSYVHYEHIVTWEYT, 0.48
8617E5I9, YQFTVHAWYWQDETIKSYVHYEHIVTWEYT, 0.55
8617E6I11, YQFTVHAWYWQDPTIKSYVHYEHIVTWEYT, 0.56
8617E7I13, YQFTVHAWYWQDPTIKSYDHYEHIVTWEYT, 0.59
8617E8I17, YQFFVHAWYWQDPTIKSYDHYEHIVTWEYT, 0.6
8617E9I22, YQFFVHAWYWQDPTVKSYDHYEHIVTWEYT, 0.61
8617E10I32, YQFFVHAWYWQDPTVKSYWHYEHIVTWEYT, 0.65
8617E11I36, YQFFVHAWYWQDPLVKSYWHYEHIVTWEYT, 0.68
8617E12I38, YQFFVHAPYWQDPLVKSYWHYEHIVTWEYT, 0.71
8617E13I48, YQFFVHAPYWQDPLVKSYWHYAHIVTWEYT, 0.75
8617E14I49, YQFFVKAPYWQDPLVKSYWHYAHIVTWEYT, 0.76
8617E15I68, YQFFVKAPYWQDPIVKSYWHYAHIVTWEYT, 0.78
8617E16I74, YIFFVKAPYWQDPIVKSYWHYAHIVTWEYT, 0.79
8617E17I80, YIQFVKAPYWQDPIVKSYWHYAHIVTWEYT, 0.81
8617E18I96, YIQFVKAPYWQDPIVKSYWHYAHIVTWEYF, 0.84
