17382E0I0, YGTERDESKEYIDWHTFKVYNERSAFRTWP, 0.34
17382E1I1, YGTERDESKEYIDWHTFKVQNERSAFRTWP, 0.35
17382E2I2, YGTERDESKFYIDWHTFKVQNERSAFRTWP, 0.36
17382E3I3, YGTERDESKFYIDWHTFKIQNERSAFRTWP, 0.39
17382E4I4, YGTERDESWFYIDWHTFKIQNERSAFRTWP, 0.41
17382E5I6, YGTERDESWFYWDWHTFKIQNERSAFRTWP, 0.47
17382E6I7, YGTERDESWFYWDWHTFKIQYERSAFRTWP, 0.54
17382E7I14, YGTERDESWFYWDWHTFKIQYERSAFRTHP, 0.58
17382E8I19, YGTERDESWFYWDWHTFKIQYESSAFRTHP, 0.59
17382E9I22, YGTERDESWFYWDWHTFKIQYESSAFYTHP, 0.64
17382E10I23, YGTERDESWRYWDWHTFKIQYESSAFYTHP, 0.65
17382E11I24, YGTERDESWRYWDWHTFKIQYESLAFYTHP, 0.68
17382E12I26, YGTERDESWRYWDWHTAKIQYESLAFYTHP, 0.69
17382E13I28, YGTERDESWRYWDFHTAKIQYESLAFYTHP, 0.7
17382E14I30, YATERDESWRYWDFHTAKIQYESLAFYTHP, 0.71
17382E15I34, YATEPDESWRYWDFHTAKIQYESLAFYTHP, 0.72
17382E16I45, YATEPDESWRYWDFHTAKIQYESLAFYTHW, 0.73
17382E17I76, YATEPDESWRYWDFHTAKIQYESLAFLTHW, 0.74
17382E18I81, YATEPDESWRYWDFHTAKIQYWSLAFLTHW, 0.77
17382E19I86, YATEPDESWRYWDFHTAKWQYWSLAFLTHW, 0.78
17382E20I98, YATEPDESWRYWEFHTAKWQYWSLAFLTHW, 0.8
17382E21I111, YATEPDESWRYWEFHTAKWSYWSLAFLTHW, 0.82
17382E22I117, YATEEDESWRYWEFHTAKWSYWSLAFLTHW, 0.85
17382E23I152, YATEEDESWRYWEFHTFKWSYWSLAFLTHW, 0.88
17382E24I185, YATEEDESWRYWEFHTFWWSYWSLAFLTHW, 0.89
17382E25I188, YAPEEDESWRYWEFHTFWWSYWSLAFLTHW, 0.92
17382E26I213, YAPEEDESWWYWEFHTFWWSYWSLAFLTHW, 0.93
17382E27I217, YAPEEDESWWYWEFHWFWWSYWSLAFLTHW, 0.94
17382E28I264, YAPEEDESWWYWEFHWFWWSYWSLAFLTHN, 0.95
17382E29I272, YAPEEDESWWYWEFHWFWWAYWSLAFLTHN, 0.96
17382E30I310, YAPEEDESWWYWEFHWFKWAYWSLAFLTHN, 0.97
17382E31I325, YAPEEDESWAYWEFHWFKWAYWSLAFLTHN, 0.98
17382E32I329, YAPEEDESWAYWEFHWFKWAYWKLAFLTHN, 0.99
