16077E0I0, AGVGFGHQNYLDVVNLKNRDNIKDNGHDES, 0.32
16077E1I1, AGVGFGHNNYLDVVNLKNRDNIKDNGHDES, 0.37
16077E2I2, AGVGFGHNNYLDVVNLKNRDNIKDGGHDES, 0.38
16077E3I5, AGSGFGHNNYLDVVNLKNRDNIKDGGHDES, 0.4
16077E4I15, AGSGFGHNNYLDVVNLKNRDNIKFGGHDES, 0.41
16077E5I33, AGSGFGHNNYLDVPNLKNRDNIKFGGHDES, 0.45
16077E6I35, AGSGFGHNNYLDVPNLKNRDNIKFGGHHES, 0.46
16077E7I38, AGSGFGHNNYLDVPHLKNRDNIKFGGHHES, 0.48
16077E8I43, AGSGFGHNNYLDVPHLKARDNIKFGGHHES, 0.52
16077E9I47, AGSGFGHNNYLAVPHLKARDNIKFGGHHES, 0.62
16077E10I48, AGSGFGHNNYLAVPHLKASDNIKFGGHHES, 0.63
16077E11I50, AGSYFGHNNYLAVPHLKASDNIKFGGHHES, 0.64
16077E12I55, AGSYFGHNNYLAVPHLKASDEIKFGGHHES, 0.65
16077E13I57, AGSYFGHNNYLAYPHLKASDEIKFGGHHES, 0.67
16077E14I59, AGSYFGHNDYLAYPHLKASDEIKFGGHHES, 0.7
16077E15I62, AGSYFGHNDYLAYPYLKASDEIKFGGHHES, 0.71
16077E16I67, AISYFGHNDYLAYPYLKASDEIKFGGHHES, 0.74
16077E17I71, AHSYFGHNDYLAYPYLKASDEIKFGGHHES, 0.75
16077E18I73, AHSYFGHNAYLAYPYLKASDEIKFGGHHES, 0.76
16077E19I118, AHSYFGHNAYLAYPYLTASDEIKFGGHHES, 0.77
16077E20I131, AHSYFGHNAYLAYPYLTASDEIKFGGHHAS, 0.78
16077E21I142, AHSYFGHLAYLAYPYLTASDEIKFGGHHAS, 0.81
16077E22I145, AHSYFGHLAYLAYPYLTASDEIKFGGHHAD, 0.82
16077E23I156, AHSYFGHLAYLAYPYLTASDEIAFGGHHAD, 0.83
16077E24I168, AHSYFGHLAYIAYPYLTASDEIAFGGHHAD, 0.84
16077E25I175, AHSYFGHLAYIAYPLLTASDEIAFGGHHAD, 0.85
16077E26I176, AHSYFGHLAYWAYPLLTASDEIAFGGHHAD, 0.87
16077E27I182, AHSYFFHLAYWAYPLLTASDEIAFGGHHAD, 0.88
16077E28I184, AHSYFFHLAYWAYPLLTASDEIAPGGHHAD, 0.89
16077E29I186, AHSYAFHLAYWAYPLLTASDEIAPGGHHAD, 0.9
16077E30I260, QHSYAFHLAYWAYPLLTASDEIAPGGHHAD, 0.91
16077E31I262, QHSYAFHLAYWAYPLLTASDEIVPGGHHAD, 0.92
16077E32I278, QHWYAFHLAYWAYPLLTASDEIVPGGHHAD, 0.93
16077E33I320, QHWYAFHLAYWAYPLLTAADEIVPGGHHAD, 0.95
16077E34I332, QHWYAFHLAYWAYPLLTAAEEIVPGGHHAD, 0.96
