15185E0I0, EQLWWTRSEEGPTEKNKDAGQFQWILFAPI, 0.26
15185E1I1, EQLWWTRSEEGPTEKNKDAGQGQWILFAPI, 0.29
15185E2I3, EQLWWTRREEGPTEKNKDAGQGQWILFAPI, 0.3
15185E3I4, TQLWWTRREEGPTEKNKDAGQGQWILFAPI, 0.34
15185E4I5, TQLWWTRREEGPTEKNKDAGQGQWILFAPW, 0.36
15185E5I8, TQLWWTRREEGPTENNKDAGQGQWILFAPW, 0.38
15185E6I9, TQLWTTRREEGPTENNKDAGQGQWILFAPW, 0.41
15185E7I14, TQLWTTRREEGPTENNKDAGQGQWIFFAPW, 0.42
15185E8I17, TQVWTTRREEGPTENNKDAGQGQWIFFAPW, 0.48
15185E9I22, TQVWTTRREEKPTENNKDAGQGQWIFFAPW, 0.49
15185E10I33, TQVWTTRREEKPRENNKDAGQGQWIFFAPW, 0.5
15185E11I35, TRVWTTRREEKPRENNKDAGQGQWIFFAPW, 0.51
15185E12I36, TRVWTTRREEKPRENNKFAGQGQWIFFAPW, 0.55
15185E13I37, TRVWTTRREEKWRENNKFAGQGQWIFFAPW, 0.62
15185E14I49, TWVWTTRREEKWRENNKFAGQGQWIFFAPW, 0.63
15185E15I54, YWVWTTRREEKWRENNKFAGQGQWIFFAPW, 0.66
15185E16I56, YWVWTTRREEKWRENNKFAGQGSWIFFAPW, 0.67
15185E17I64, YWVWTTRREEKWRENWKFAGQGSWIFFAPW, 0.68
15185E18I74, YWVWTTRREEKWRENWKFAGRGSWIFFAPW, 0.69
15185E19I75, YWVWTTRREEKWRENWKFAGRGSWIFVAPW, 0.7
15185E20I79, YWVLTTRREEKWRENWKFAGRGSWIFVAPW, 0.71
15185E21I84, YWVLTTRREEKWRENWKFAGRGSYIFVAPW, 0.73
15185E22I90, YWVDTTRREEKWRENWKFAGRGSYIFVAPW, 0.74
15185E23I91, YWVDTTRREEKWRENGKFAGRGSYIFVAPW, 0.75
15185E24I96, YWVDTTRREEKWRENGKFAGRGSYIFVAHW, 0.76
15185E25I105, YWVDTTRREEKWRENGKFAGRGSYIFVAHP, 0.77
15185E26I145, YWVDTTRREEKWRENGDFAGRGSYIFVAHP, 0.78
15185E27I158, YWVDTTRREIKWRENGDFAGRGSYIFVAHP, 0.79
