8944E0I0, AYLWIQSWNQSDAKWWRAGYHLWLNWGERV, 0.51
8944E1I4, AYLWIQSWNQSDAKWWRAGYHLWLFWGERV, 0.57
8944E2I6, AYLWIQSWNQSDAKWWAAGYHLWLFWGERV, 0.61
8944E3I8, AYLWIQSWNQSDAKWWAAGYHLWLFWGERF, 0.63
8944E4I11, AYSWIQSWNQSDAKWWAAGYHLWLFWGERF, 0.64
8944E5I12, IYSWIQSWNQSDAKWWAAGYHLWLFWGERF, 0.65
8944E6I23, IYSWIQSYNQSDAKWWAAGYHLWLFWGERF, 0.66
8944E7I34, IYSWIQSYNQSDAKWWAAGYHLWLFWGEYF, 0.68
8944E8I37, IYSWIQSYNQSDAKWWAAGFHLWLFWGEYF, 0.7
8944E9I68, IYSWIQHYNQSDAKWWAAGFHLWLFWGEYF, 0.72
8944E10I93, IYSWIQHYNQSDAKWWAAGFHLWLFFGEYF, 0.74
8944E11I119, IYSWIQHYNQSDAKWWAAGFHLWRFFGEYF, 0.75
8944E12I172, IYSWIQHYNQSDPKWWAAGFHLWRFFGEYF, 0.76
8944E13I214, IYSWIQHYNQSDPKWWAAGHHLWRFFGEYF, 0.79
8944E14I223, IYSWIQHYNQSDPHWWAAGHHLWRFFGEYF, 0.82
8944E15I224, IYSWIQHYHQSDPHWWAAGHHLWRFFGEYF, 0.83
8944E16I228, IYSWIQHYSQSDPHWWAAGHHLWRFFGEYF, 0.84
8944E17I231, IYSWIQHYSQSDPHWWAAGHHLWRFFAEYF, 0.85
8944E18I244, IYSWIQHYSQVDPHWWAAGHHLWRFFAEYF, 0.87
8944E19I254, IYSWIQHYSQVDPHHWAAGHHLWRFFAEYF, 0.89
8944E20I260, IYSWIQHYSQVDPHHWAAGHHLWRRFAEYF, 0.9
8944E21I291, IYSWIQHYSQVDPHHWAAGHHLWWRFAEYF, 0.91
8944E22I295, IYSWIQHYSQVDPHHWAAGHHLWWRFAEEF, 0.92
