13047E0I0, KFNRLWVEQASTLHWTLDEGRHKINSYGGW, 0.3
13047E1I1, KFNRLWVEQATTLHWTLDEGRHKINSYGGW, 0.32
13047E2I3, KFNRLWVEQATTFHWTLDEGRHKINSYGGW, 0.35
13047E3I4, KFNRLWVEQATTFHWTWDEGRHKINSYGGW, 0.39
13047E4I5, KFNRLWVEQRTTFHWTWDEGRHKINSYGGW, 0.4
13047E5I7, KFNRLWVEQRTTFHWTWDEGRHKINSYYGW, 0.41
13047E6I9, KFNRLWVEQRTTFHWTWDEVRHKINSYYGW, 0.42
13047E7I11, KFNRLWVEQRTTFHWTWDHVRHKINSYYGW, 0.45
13047E8I18, KFNFLWVEQRTTFHWTWDHVRHKINSYYGW, 0.49
13047E9I19, KFNFLWVEQRTTFHPTWDHVRHKINSYYGW, 0.5
13047E10I26, KFNFLWVEQRTTFHPTWHHVRHKINSYYGW, 0.53
13047E11I29, KFNFLWVEQRTTFHPTWHHVRTKINSYYGW, 0.54
13047E12I33, KFNFLWVEQRTTFHPTWHHVRTHINSYYGW, 0.57
13047E13I34, KFNFLWVEQRTTFHPTWHHVRTHNNSYYGW, 0.6
13047E14I37, KFNFLWVEQRTTFHPTWHHVRTHNNSYYYW, 0.64
13047E15I41, KFNFLWVEQRTTFHPTWQHVRTHNNSYYYW, 0.66
13047E16I44, KFNFLWVLQRTTFHPTWQHVRTHNNSYYYW, 0.74
13047E17I77, KFNFLWVLQRHTFHPTWQHVRTHNNSYYYW, 0.78
13047E18I79, AFNFLWVLQRHTFHPTWQHVRTHNNSYYYW, 0.79
13047E19I99, AFNFLWVLQRHTFHPTWQHVRWHNNSYYYW, 0.82
13047E20I118, AFNFLWVLQRHTFHPTWQHVRRHNNSYYYW, 0.84
13047E21I119, AFNFLWVLLRHTFHPTWQHVRRHNNSYYYW, 0.85
13047E22I145, AFNFLWVLLQHTFHPTWQHVRRHNNSYYYW, 0.87
13047E23I154, AFNFLWVLLQHTFHPTWQHVRRHNNWYYYW, 0.89
13047E24I182, AFNFLWVLLQHTFHPTWQHVRRHNNWYYSW, 0.9
13047E25I195, AFNFLIVLLQHTFHPTWQHVRRHNNWYYSW, 0.93
13047E26I235, AFNFLIVLLQHTFHPTWQHVRRHNNWYASW, 0.94
