18660E0I0, PKPAGWFDNAFRPIGQRGKPRKFHKWTKSN, 0.33
18660E1I1, PKPAGWFDNAFRPIGQRGWPRKFHKWTKSN, 0.38
18660E2I2, PKPAGWFDNAFRPIGQRGWPRKFHKWFKSN, 0.4
18660E3I3, PKPAGWFDNAFRPIGVRGWPRKFHKWFKSN, 0.44
18660E4I5, PKPAGWFDNAFRPIGVRGWPRKFHKWFKSQ, 0.47
18660E5I17, PKPAGWFDNAFRPIFVRGWPRKFHKWFKSQ, 0.52
18660E6I24, PKPAGWFDNAFRPIFVRGWPRKFFKWFKSQ, 0.53
18660E7I26, GKPAGWFDNAFRPIFVRGWPRKFFKWFKSQ, 0.54
18660E8I35, GKPAGWFDPAFRPIFVRGWPRKFFKWFKSQ, 0.63
18660E9I46, GKPAGWADPAFRPIFVRGWPRKFFKWFKSQ, 0.65
18660E10I52, GKPAGWADPAFRPIFVRGAPRKFFKWFKSQ, 0.69
18660E11I62, GKPAGWADPAFRPSFVRGAPRKFFKWFKSQ, 0.7
18660E12I64, GKPAGWADPAFRPSFVRGAFRKFFKWFKSQ, 0.71
18660E13I82, GKPAGWADPAFYPSFVRGAFRKFFKWFKSQ, 0.75
18660E14I83, GKPAGWADPAFYPHFVRGAFRKFFKWFKSQ, 0.76
18660E15I104, GAPAGWADPAFYPHFVRGAFRKFFKWFKSQ, 0.77
18660E16I127, GAPAGWADPAFYPHWVRGAFRKFFKWFKSQ, 0.81
18660E17I143, GAPAGWADPAFYPHWVRGAFHKFFKWFKSQ, 0.82
18660E18I192, GAPAGWAVPAFYPHWVRGAFHKFFKWFKSQ, 0.83
18660E19I212, GAPAGWAVPAFYPHWVRGAFHKFFKWFKSL, 0.84
18660E20I247, GAPAGWAVPAFYIHWVRGAFHKFFKWFKSL, 0.85
18660E21I263, GAPAHWAVPAFYIHWVRGAFHKFFKWFKSL, 0.91
18660E22I349, GAPAHWAVPAFYIHWVRGAFHKFFKWFKLL, 0.92
