7487E0I0, TSYFQNSSVAQIKPWDVPRGPYLFYLLADQ, 0.38
7487E1I3, ISYFQNSSVAQIKPWDVPRGPYLFYLLADQ, 0.47
7487E2I4, ISYFQNSSFAQIKPWDVPRGPYLFYLLADQ, 0.55
7487E3I7, ISYFQNSSFAQIKPWDVPRGPYLSYLLADQ, 0.56
7487E4I9, ISYFQNSSFAQIKAWDVPRGPYLSYLLADQ, 0.61
7487E5I11, ISYFQNSSFAQIKAWFVPRGPYLSYLLADQ, 0.64
7487E6I12, ISYFYNSSFAQIKAWFVPRGPYLSYLLADQ, 0.65
7487E7I18, ISYFYNSSFAQIKAFFVPRGPYLSYLLADQ, 0.67
7487E8I21, ISYFYWSSFAQIKAFFVPRGPYLSYLLADQ, 0.72
7487E9I33, ISYFYWSRFAQIKAFFVPRGPYLSYLLADQ, 0.73
7487E10I37, ISYFYWSRFAQIKAFFVPRGPYLTYLLADQ, 0.77
7487E11I48, ISYFYWSRFAQIKAFFVPRPPYLTYLLADQ, 0.78
7487E12I63, ISYFYWSRFADIKAFFVPRPPYLTYLLADQ, 0.79
7487E13I72, ISYFYWSDFADIKAFFVPRPPYLTYLLADQ, 0.8
7487E14I77, ISYFYWSDFADIKAFFVPRPPYLTYLLADE, 0.82
7487E15I160, ISYFYWSYFADIKAFFVPRPPYLTYLLADE, 0.83
7487E16I176, ISYFYWSYFAYIKAFFVPRPPYLTYLLADE, 0.84
7487E17I182, ESYFYWSYFAYIKAFFVPRPPYLTYLLADE, 0.86
7487E18I221, ESYFYWSYFAYIKAFFVPRFPYLTYLLADE, 0.87
7487E19I254, ESYFYWSYFAYPKAFFVPRFPYLTYLLADE, 0.88
7487E20I274, ESYFYWSYFAYPKAYFVPRFPYLTYLLADE, 0.91
