1627E0I0, AFKINWSEGQWLIHTEFRRNYFEHDQGRVY, 0.32
1627E1I1, AFKINWSEGQWLIHTEFRRHYFEHDQGRVY, 0.34
1627E2I2, AFKINWSEGHWLIHTEFRRHYFEHDQGRVY, 0.43
1627E3I3, AFKINWSEGHWYIHTEFRRHYFEHDQGRVY, 0.46
1627E4I4, AFKINWSEGHWYIHTEFRRHYFEHAQGRVY, 0.47
1627E5I6, AFKDNWSEGHWYIHTEFRRHYFEHAQGRVY, 0.49
1627E6I8, AFKDNWSWGHWYIHTEFRRHYFEHAQGRVY, 0.53
1627E7I9, AFKDNWSWGHWYIHTEFRRHYFEHAQGRVW, 0.54
1627E8I12, AFKDNWSWGHWYIHTEFRHHYFEHAQGRVW, 0.56
1627E9I17, AFKDNWSWGHWYIHTEFRHHYFEHAQGIVW, 0.58
1627E10I22, AFKDNWSWGHWYIHTEFRHHYFIHAQGIVW, 0.73
1627E11I26, AFKTNWSWGHWYIHTEFRHHYFIHAQGIVW, 0.74
1627E12I33, AFKTNWSWGHWYWHTEFRHHYFIHAQGIVW, 0.76
1627E13I37, AFKRNWSWGHWYWHTEFRHHYFIHAQGIVW, 0.77
1627E14I43, AFKRNWSWGHWYWHTEFRHHYFLHAQGIVW, 0.81
1627E15I47, AFKRNWSWGHWYWHTEFRHHTFLHAQGIVW, 0.82
1627E16I57, AFKRNWSWGHWYWHTEFVHHTFLHAQGIVW, 0.83
1627E17I95, AFKRNWSWGHWYWHTEFVHHTFLHAPGIVW, 0.84
1627E18I102, AFSRNWSWGHWYWHTEFVHHTFLHAPGIVW, 0.86
1627E19I105, AFSRNWSYGHWYWHTEFVHHTFLHAPGIVW, 0.88
1627E20I121, AFSRNWSYGHWYWHTEFVHHTFLHHPGIVW, 0.89
1627E21I129, AFSVNWSYGHWYWHTEFVHHTFLHHPGIVW, 0.9
1627E22I145, AFSVNWSYGHWYWHTYFVHHTFLHHPGIVW, 0.91
1627E23I168, AFSVNWSYGHNYWHTYFVHHTFLHHPGIVW, 0.92
1627E24I180, AFSVNWSYGHNYWHHYFVHHTFLHHPGIVW, 0.93
1627E25I206, AFSVNWSYGHNYWHHTFVHHTFLHHPGIVW, 0.94
1627E26I267, AFSVNWSYGHNYWHHTFVHHTFLHHYGIVW, 0.95
