6028E0I0, ILSSDKYPGRTWVWNSNARTSANLLEQQDA, 0.23
6028E1I1, ILSSDKYPGRTWVWNINARTSANLLEQQDA, 0.3
6028E2I2, PLSSDKYPGRTWVWNINARTSANLLEQQDA, 0.31
6028E3I7, PLSSDKYPGRTWVWNINARTSANLLENQDA, 0.35
6028E4I9, PLSSDKYPGRTWVWNINVRTSANLLENQDA, 0.36
6028E5I19, PLSSDKYPGRTWVWNINVRTSHNLLENQDA, 0.38
6028E6I22, PLSSDKYPGRTWVWNINVRTSHNLLINQDA, 0.39
6028E7I24, PLSSDKYPGRTWVWNIHVRTSHNLLINQDA, 0.43
6028E8I25, PLSSDKTPGRTWVWNIHVRTSHNLLINQDA, 0.45
6028E9I29, PLSSDKTPGRTWVWNIHVRFSHNLLINQDA, 0.47
6028E10I34, PLSSDKTPGRTWVWNIHVRFSHNLLINQYA, 0.5
6028E11I38, PLSSDKTPGRTWVWNIHVDFSHNLLINQYA, 0.52
6028E12I43, PLSSDKTPGRTWVWNIAVDFSHNLLINQYA, 0.54
6028E13I45, PLSSDKTPGRTWVWNIAVDFVHNLLINQYA, 0.55
6028E14I49, PLSSDKTPGRTWVWNIAVDFVHNLLIIQYA, 0.56
6028E15I50, PLSSDKTPGRTWVWNIAVDFVHNLLIIRYA, 0.58
6028E16I53, PLSSDKTPGRTWVWNIAVDFVHNLLIIRYP, 0.59
6028E17I57, PLSSDKTPGRTWVWNWAVDFVHNLLIIRYP, 0.62
6028E18I63, PLSSDKTPGRTWVVNWAVDFVHNLLIIRYP, 0.63
6028E19I71, PLSSDPTPGRTWVVNWAVDFVHNLLIIRYP, 0.64
6028E20I73, PLSSDPTPARTWVVNWAVDFVHNLLIIRYP, 0.65
6028E21I90, PLSSDPTPARTWVVNWAVDFVHNTLIIRYP, 0.69
6028E22I97, PLSSDPTPARTWVVNWAVDFVHNTLIIRYK, 0.7
6028E23I106, PLSSDPTPASTWVVNWAVDFVHNTLIIRYK, 0.71
6028E24I120, PLSSDPWPASTWVVNWAVDFVHNTLIIRYK, 0.74
6028E25I125, PLSSDPWPASTWVVNWAVDFVHNTHIIRYK, 0.78
6028E26I126, PLSSDPWPASTWVVNWAVDFVHNTHIKRYK, 0.81
6028E27I161, PLSSDYWPASTWVVNWAVDFVHNTHIKRYK, 0.82
6028E28I171, PLSSDYWPASTWHVNWAVDFVHNTHIKRYK, 0.84
6028E29I196, PLSSDYWPASTWHVRWAVDFVHNTHIKRYK, 0.86
6028E30I203, PLSSPYWPASTWHVRWAVDFVHNTHIKRYK, 0.87
6028E31I280, PLSSPYWPASTWHVRWAVHFVHNTHIKRYK, 0.89
6028E32I304, ALSSPYWPASTWHVRWAVHFVHNTHIKRYK, 0.9
6028E33I369, ALSSPYWPASTWHVRWAVHIVHNTHIKRYK, 0.91
6028E34I381, ALSSPYWPASTWHSRWAVHIVHNTHIKRYK, 0.92
6028E35I384, ALSSPYWPASTWHLRWAVHIVHNTHIKRYK, 0.93
