18264E0I0, RLSQYLDIVHDNGAEVYWGLLDKSNVENTH, 0.31
18264E1I3, RLSLYLDIVHDNGAEVYWGLLDKSNVENTH, 0.32
18264E2I8, RNSLYLDIVHDNGAEVYWGLLDKSNVENTH, 0.33
18264E3I9, RNSLYLDIVHDNGAVVYWGLLDKSNVENTH, 0.34
18264E4I10, RNSLYLDIVHSNGAVVYWGLLDKSNVENTH, 0.36
18264E5I12, RNSLYLDIVHSNKAVVYWGLLDKSNVENTH, 0.38
18264E6I17, RNSLYLDIVHSNKAVPYWGLLDKSNVENTH, 0.41
18264E7I21, RNSLYLDIVHSNKAVPYWGLLDKPNVENTH, 0.44
18264E8I22, RNSLYLDIVHSNKAVPYWHLLDKPNVENTH, 0.48
18264E9I23, RNSLYLDIVHSNKAVPYWHLLDKPFVENTH, 0.5
18264E10I27, RNSLYLPIVHSNKAVPYWHLLDKPFVENTH, 0.52
18264E11I28, RNSLYLPIVHSNKAVPYWHLLDEPFVENTH, 0.54
18264E12I33, RNSLYLPIVHSNKAVPYWHLGDEPFVENTH, 0.67
18264E13I34, RNSLYAPIVHSNKAVPYWHLGDEPFVENTH, 0.69
18264E14I38, RNSLYAPIVHSNKAVPYWHLGDSPFVENTH, 0.7
18264E15I42, RNSLYAPIVHPNKAVPYWHLGDSPFVENTH, 0.72
18264E16I53, RNSLYARIVHPNKAVPYWHLGDSPFVENTH, 0.74
18264E17I65, RNSLYARIVHPNWAVPYWHLGDSPFVENTH, 0.76
18264E18I66, RNSLYARIVHPNWAVPYWHLGDSPSVENTH, 0.77
18264E19I68, RNSLRARIVHPNWAVPYWHLGDSPSVENTH, 0.79
18264E20I93, RNSLRARIVHPAWAVPYWHLGDSPSVENTH, 0.8
18264E21I110, RNSLRARIVHPAWAVPYWHLGNSPSVENTH, 0.81
18264E22I118, RNSLRAWIVHPAWAVPYWHLGNSPSVENTH, 0.83
18264E23I127, RNSLRAWIVSPAWAVPYWHLGNSPSVENTH, 0.84
18264E24I133, RNSLRAWIVSPAWAVPYWHLGNSPSVQNTH, 0.85
18264E25I136, RNSLRAWIVSPAWAWPYWHLGNSPSVQNTH, 0.87
18264E26I142, RNSLRAWIVSPAWAWPYWHLGNSPSLQNTH, 0.89
