18927E0I0, GHGNYDGGLFHDENSYIYLSPHFGWFFWFG, 0.51
18927E1I1, GHGNYDGGLFHDENSYIYLSPHFLWFFWFG, 0.54
18927E2I5, GHGNYDGGLFHDENSYIYLSPHFYWFFWFG, 0.58
18927E3I6, GHGNYDGGLRHDENSYIYLSPHFYWFFWFG, 0.61
18927E4I8, GHGNYDGVLRHDENSYIYLSPHFYWFFWFG, 0.63
18927E5I14, GHGNYDGVLRHDENSYIYLSPHFYWFFSFG, 0.66
18927E6I16, GHGNYDFVLRHDENSYIYLSPHFYWFFSFG, 0.71
18927E7I30, GHGNYDFVLRHDENSYIYWSPHFYWFFSFG, 0.76
18927E8I38, GHGNYDFVLRHDENSYIYWSPHFYWFYSFG, 0.77
18927E9I42, GHGNYDFVLRYDENSYIYWSPHFYWFYSFG, 0.79
18927E10I52, GHGNYDFVLRYDENSYIYWSPHFYWWYSFG, 0.8
