6766E0I0, TFGEPHFRDASKASAGVIGSDSINHWYSKQ, 0.39
6766E1I9, TFGEPHFRVASKASAGVIGSDSINHWYSKQ, 0.43
6766E2I10, TFGEPHFSVASKASAGVIGSDSINHWYSKQ, 0.49
6766E3I14, TFGEPHFVVASKASAGVIGSDSINHWYSKQ, 0.5
6766E4I21, TFGEPHNVVASKASAGVIGSDSINHWYSKQ, 0.51
6766E5I23, TFGEPHNVVASKASAGVIGSDSNNHWYSKQ, 0.55
6766E6I25, TFGEPHNVVASIASAGVIGSDSNNHWYSKQ, 0.57
6766E7I26, TFGEPHNNVASIASAGVIGSDSNNHWYSKQ, 0.58
6766E8I32, TFGEPHNNVASIASAGVIGSDSNNHWYSQQ, 0.62
6766E9I48, TFGEPHNNVESIASAGVIGSDSNNHWYSQQ, 0.63
6766E10I54, TFGEPHNNVESIAFAGVIGSDSNNHWYSQQ, 0.64
6766E11I60, TFGEPHNNVESIAFAGVIGSDSNWHWYSQQ, 0.66
6766E12I63, TFGEPHNNVESIAFAGEIGSDSNWHWYSQQ, 0.67
6766E13I68, TFGEPHNNVESIAFAWEIGSDSNWHWYSQQ, 0.68
6766E14I70, TFGEPHNNVESIAFAWEIGSDSNWHWYSQK, 0.7
6766E15I72, TFGEPHNNVESIAFAWSIGSDSNWHWYSQK, 0.71
6766E16I89, TFGEPHNWVESIAFAWSIGSDSNWHWYSQK, 0.73
6766E17I93, TFGEPHNWVESIAFAWSIGSYSNWHWYSQK, 0.75
6766E18I113, TFGEPHNWVESQAFAWSIGSYSNWHWYSQK, 0.78
6766E19I142, TFGEPHNWPESQAFAWSIGSYSNWHWYSQK, 0.79
6766E20I153, TFGEPHNWPESQWFAWSIGSYSNWHWYSQK, 0.81
6766E21I232, TFGEPHNWPESQWFAWSIGSYSNWHWYSQN, 0.83
6766E22I279, AFGEPHNWPESQWFAWSIGSYSNWHWYSQN, 0.85
6766E23I319, AFGEPHNWPESQWFAWSIGSYSNWHWISQN, 0.86
6766E24I395, AFGEPHNWAESQWFAWSIGSYSNWHWISQN, 0.87
6766E25I481, AFGEPHNWAESQWFAWSIGSYPNWHWISQN, 0.88
