18700E0I0, KKEYGFGSDAYLHEVNINFKYWATTHDYPQ, 0.37
18700E1I1, KKEYGFGSDAYWHEVNINFKYWATTHDYPQ, 0.39
18700E2I3, KKEYGFGSDAYWSEVNINFKYWATTHDYPQ, 0.4
18700E3I5, KKEYHFGSDAYWSEVNINFKYWATTHDYPQ, 0.42
18700E4I7, KKEYHFGSDAYWSEVNINFKYFATTHDYPQ, 0.46
18700E5I11, KKEYHFGSDAYWSEVQINFKYFATTHDYPQ, 0.47
18700E6I14, KKEYHFGSDAYWSEVQINFKYFATTHDYPE, 0.51
18700E7I20, KKEYHFGSDAYWSEVQRNFKYFATTHDYPE, 0.58
18700E8I28, KKEYHFGSDAYWSEVQRNFGYFATTHDYPE, 0.59
18700E9I37, KKEHHFGSDAYWSEVQRNFGYFATTHDYPE, 0.6
18700E10I38, KKEHHFGSDRYWSEVQRNFGYFATTHDYPE, 0.65
18700E11I40, KKEHHFGSDRYWSEVQRNFGYFAHTHDYPE, 0.69
18700E12I47, KEEHHFGSDRYWSEVQRNFGYFAHTHDYPE, 0.71
18700E13I54, KEEHHFGSDRYWSEVQRNFGYFAHTHDGPE, 0.73
18700E14I59, KEEHHFGSDRYWSEVQRNFHYFAHTHDGPE, 0.75
18700E15I65, KEEHHFGSDRYWSEVQRNQHYFAHTHDGPE, 0.76
18700E16I69, KHEHHFGSDRYWSEVQRNQHYFAHTHDGPE, 0.77
18700E17I74, KHEHHFGSDRYWSEVQRNQHYFAHTHYGPE, 0.8
18700E18I75, KHEHHFGSDRYWSEVQRIQHYFAHTHYGPE, 0.81
18700E19I116, KHEHHFGSDRYWSEVQHIQHYFAHTHYGPE, 0.82
18700E20I118, KHEHHFGSDRYWSEHQHIQHYFAHTHYGPE, 0.83
18700E21I122, KHIHHFGSDRYWSEHQHIQHYFAHTHYGPE, 0.89
18700E22I124, KHIHHFGSDRHWSEHQHIQHYFAHTHYGPE, 0.9
18700E23I125, KHIAHFGSDRHWSEHQHIQHYFAHTHYGPE, 0.91
18700E24I161, KHIAHFGSDRHWSEHQHIQHYFAHTHYGPK, 0.92
18700E25I192, KHIAHFGSDRHWSEYQHIQHYFAHTHYGPK, 0.93
18700E26I213, KHIAHFGSDRHWSEYQHIQHRFAHTHYGPK, 0.94
18700E27I271, KHIAHFGSDRHWSENQHIQHRFAHTHYGPK, 0.95
