16063E0I0, WEYYRQRYHKQDWYRGGAHPHDLLHRTGNT, 0.41
16063E1I3, QEYYRQRYHKQDWYRGGAHPHDLLHRTGNT, 0.43
16063E2I5, QEYYRQRYHKQDWYRGGAHPHFLLHRTGNT, 0.45
16063E3I11, QEYYRQRYHKQDWYRGGAHPHFLLHRTGRT, 0.48
16063E4I14, QEYYRQRYHKQDWYRGGAHHHFLLHRTGRT, 0.51
16063E5I17, QEYYRQRYHKQDWYRDGAHHHFLLHRTGRT, 0.53
16063E6I19, QEYYRQRYHKQDWYRDGLHHHFLLHRTGRT, 0.54
16063E7I23, QEYYRQRYHKQIWYRDGLHHHFLLHRTGRT, 0.58
16063E8I53, QEYYRQRYHKQIWYRDGLHHHFLLHRTWRT, 0.59
16063E9I54, QEYYRQRYHKQIWGRDGLHHHFLLHRTWRT, 0.61
16063E10I69, QEYYRQRYHIQIWGRDGLHHHFLLHRTWRT, 0.62
16063E11I73, QEYYRQRYHLQIWGRDGLHHHFLLHRTWRT, 0.65
16063E12I76, QEYYRQRYHLQIWGRDGLHHHFALHRTWRT, 0.68
16063E13I79, QEYYRQRYHLQIWGRDGLHHHFALHRTWQT, 0.69
16063E14I83, QEYYRQRYHLQIWGRDVLHHHFALHRTWQT, 0.7
16063E15I88, QEYYRQRYHLQIWGRDVLHHHFALHRHWQT, 0.74
16063E16I91, REYYRQRYHLQIWGRDVLHHHFALHRHWQT, 0.75
16063E17I109, REYYRQRYHLQIWPRDVLHHHFALHRHWQT, 0.76
16063E18I133, REYYRQRYHLQIWPRDVLHHHFALHRHWQF, 0.77
16063E19I158, REYYRQRYHLQIWPRDVLHHHFHLHRHWQF, 0.79
16063E20I203, REYYRNRYHLQIWPRDVLHHHFHLHRHWQF, 0.81
16063E21I219, REYYRNRYHLQIWPRDVLHHHLHLHRHWQF, 0.83
16063E22I229, REYWRNRYHLQIWPRDVLHHHLHLHRHWQF, 0.85
16063E23I255, RNYWRNRYHLQIWPRDVLHHHLHLHRHWQF, 0.86
16063E24I272, RNYWRNRYHLQIWPREVLHHHLHLHRHWQF, 0.88
16063E25I282, RNYWRNRYHLQIRPREVLHHHLHLHRHWQF, 0.89
16063E26I312, RNYWRNRYHLQIRPREVLHHHLHLHAHWQF, 0.91
16063E27I319, RNYWRNRYHLQIRPRHVLHHHLHLHAHWQF, 0.92
16063E28I335, RNYWRNRYHLQIRPRHVLHHHLHLHAHWQV, 0.93
16063E29I372, ENYWRNRYHLQIRPRHVLHHHLHLHAHWQV, 0.95
