5253E0I0, WFYIDDQKVTEPEGFINDQKWQNHPHWVKP, 0.43
5253E1I3, WFYIDDQKVTEPEEFINDQKWQNHPHWVKP, 0.44
5253E2I4, WFYIDDQKVTEPEEFRNDQKWQNHPHWVKP, 0.51
5253E3I8, WFYIDDQEVTEPEEFRNDQKWQNHPHWVKP, 0.52
5253E4I9, WFYIDDQEVTEPQEFRNDQKWQNHPHWVKP, 0.53
5253E5I11, WFGIDDQEVTEPQEFRNDQKWQNHPHWVKP, 0.54
5253E6I13, WFGIDDQEVTEPQEFRNDQKWQNHPHWVKS, 0.55
5253E7I16, WFGIDDQEVTEPQEFRNDPKWQNHPHWVKS, 0.59
5253E8I19, WFGGDDQEVTEPQEFRNDPKWQNHPHWVKS, 0.63
5253E9I22, WFGGDDQEVTEHQEFRNDPKWQNHPHWVKS, 0.68
5253E10I28, WFGGDDQEVTEHQEFRNDPKWQNHPYWVKS, 0.7
5253E11I38, WFKGDDQEVTEHQEFRNDPKWQNHPYWVKS, 0.71
5253E12I39, WFKGDDQEVTEHQEPRNDPKWQNHPYWVKS, 0.74
5253E13I64, WFKGDFQEVTEHQEPRNDPKWQNHPYWVKS, 0.75
5253E14I81, WFKGDFQENTEHQEPRNDPKWQNHPYWVKS, 0.76
5253E15I102, WFKGDFQENTEHQEPRNSPKWQNHPYWVKS, 0.78
5253E16I105, WFKGDFQENTQHQEPRNSPKWQNHPYWVKS, 0.79
5253E17I128, WFKGDFQENTQHQEPRNSPKWQNHPYWVLS, 0.8
5253E18I162, WFKGDFQENTQHQEPRNSPKWQNHPYWVLA, 0.83
5253E19I169, WFKGDFQEVTQHQEPRNSPKWQNHPYWVLA, 0.85
