2676E0I0, DIIYSSRAYALEHKRWDEVKYRVQVWWTTD, 0.37
2676E1I11, DIIPSSRAYALEHKRWDEVKYRVQVWWTTD, 0.39
2676E2I12, DIIPSSRAYALEHKRWDEVKERVQVWWTTD, 0.42
2676E3I17, DIIPSSRAYALWHKRWDEVKERVQVWWTTD, 0.43
2676E4I22, DIIPSSRAYALWHKRWDEVKERVQVWWHTD, 0.46
2676E5I23, DIIPSDRAYALWHKRWDEVKERVQVWWHTD, 0.49
2676E6I29, DIIPSDRAYALWHKLWDEVKERVQVWWHTD, 0.52
2676E7I35, DIIPSDRAYALWDKLWDEVKERVQVWWHTD, 0.56
2676E8I36, DIIPSDRAYALWDKLWDEVKERVQVWWHYD, 0.59
2676E9I40, DIIPSDRAYALWDKLWDEVKEFVQVWWHYD, 0.63
2676E10I47, DIIPSDRAYALWDKLWDEVQEFVQVWWHYD, 0.65
2676E11I50, DEIPSDRAYALWDKLWDEVQEFVQVWWHYD, 0.67
2676E12I52, DEIPSDRAYALWDKLHDEVQEFVQVWWHYD, 0.69
2676E13I66, DEIPSDRAYALADKLHDEVQEFVQVWWHYD, 0.7
2676E14I71, DEIPSDRAYALADKLHDEVQEFVQVWWHYW, 0.75
2676E15I72, DEVPSDRAYALADKLHDEVQEFVQVWWHYW, 0.76
2676E16I83, DEVPSDRAYALADKLHDEVQEFVQRWWHYW, 0.77
2676E17I96, DEVPSDRAYALADPLHDEVQEFVQRWWHYW, 0.79
2676E18I103, DEVDSDRAYALADPLHDEVQEFVQRWWHYW, 0.81
2676E19I105, DEVDSDRAYALADPLHDEVQEFVPRWWHYW, 0.83
2676E20I123, DEVDSDRAYALADPLHDEVQEFVDRWWHYW, 0.84
2676E21I166, DEVDSDRAYALADPLHDEVQEFVDRWWSYW, 0.87
