7726E0I0, NTSRVAFKAHNRKYAHWKNAENFFAQDNKW, 0.43
7726E1I3, NTSRVAFKAHNRKYAHWKNWENFFAQDNKW, 0.44
7726E2I4, NTSRFAFKAHNRKYAHWKNWENFFAQDNKW, 0.51
7726E3I15, NTSRFAFKAHNRKYAHWKNWENFFAQDLKW, 0.56
7726E4I31, NLSRFAFKAHNRKYAHWKNWENFFAQDLKW, 0.58
7726E5I39, NLSRFAFKAHNRKYAHWKNWENFKAQDLKW, 0.59
7726E6I41, GLSRFAFKAHNRKYAHWKNWENFKAQDLKW, 0.62
7726E7I43, GLSRFAFKEHNRKYAHWKNWENFKAQDLKW, 0.63
7726E8I50, GSSRFAFKEHNRKYAHWKNWENFKAQDLKW, 0.64
7726E9I51, GSSRFAFKEHNRKYAHWKNWENFKAQDLKH, 0.65
7726E10I54, GSSRFAFKEHNRWYAHWKNWENFKAQDLKH, 0.67
7726E11I63, GSSRFAFKEHNRWYAHWKNWENFKAQILKH, 0.7
7726E12I109, GSSRFAFKEHNRWYAHWKNWENFKAQVLKH, 0.71
7726E13I164, GSSRFAFKEHWRWYAHWKNWENFKAQVLKH, 0.72
7726E14I165, GSSRFAFKEHWRWYAHWYNWENFKAQVLKH, 0.77
7726E15I178, GSSRFAFKEHWRWYAHWPNWENFKAQVLKH, 0.79
7726E16I189, GSSRFAFKEHWHWYAHWPNWENFKAQVLKH, 0.82
7726E17I209, GSSRFAFKRHWHWYAHWPNWENFKAQVLKH, 0.83
7726E18I249, GSSRFAFKRHWHWYAHWPNWENFKAQVRKH, 0.84
7726E19I272, GSSRFAFKRHWHWYAHIPNWENFKAQVRKH, 0.86
7726E20I301, GSSRFAFKRHWHWYAHIHNWENFKAQVRKH, 0.87
