5657E0I0, LEASLYQDPVSKGIQGPIDEVSYGRENSLH, 0.33
5657E1I1, LEAFLYQDPVSKGIQGPIDEVSYGRENSLH, 0.37
5657E2I5, LEAFLYQDPVSKGIQGPIDEESYGRENSLH, 0.4
5657E3I8, LEAFFYQDPVSKGIQGPIDEESYGRENSLH, 0.44
5657E4I10, REAFFYQDPVSKGIQGPIDEESYGRENSLH, 0.46
5657E5I15, REAFFYQDPVSGGIQGPIDEESYGRENSLH, 0.49
5657E6I17, REAFFYQDPVSGGIQGPIDEESYGRENSLT, 0.52
5657E7I18, REAFFYQDPVSGGIQGPIDEETYGRENSLT, 0.57
5657E8I21, REAFFYQDPVSGGIQGQIDEETYGRENSLT, 0.59
5657E9I26, REAFFYQDPVSGGIQGQIDEETHGRENSLT, 0.61
5657E10I38, REAFFYQDPVSGGIFGQIDEETHGRENSLT, 0.62
5657E11I43, REAFFYQDPVSHGIFGQIDEETHGRENSLT, 0.66
5657E12I61, REAFFYQDPVSHGIRGQIDEETHGRENSLT, 0.69
5657E13I93, RRAFFYQDPVSHGIRGQIDEETHGRENSLT, 0.71
5657E14I97, RRAFFYQDPVSHHIRGQIDEETHGRENSLT, 0.72
5657E15I114, RRAFFYQDPVPHHIRGQIDEETHGRENSLT, 0.75
5657E16I120, RRAFWYQDPVPHHIRGQIDEETHGRENSLT, 0.76
5657E17I176, RRAFWYQDPVPHHIRGQIDEETHPRENSLT, 0.77
5657E18I183, RRAFWYQDPVPHHIRGQIDEETHHRENSLT, 0.78
5657E19I215, RRAFWGQDPVPHHIRGQIDEETHHRENSLT, 0.8
5657E20I220, RRAFWGQDPVPHHIRGQIDEETHHWENSLT, 0.81
5657E21I243, RRAFWGQDPVPHHIRGQIDEETHHWEDSLT, 0.82
