3839E0I0, HEFQIQEYFAPTQFQNWADYYAYEHSLDYV, 0.43
3839E1I2, HETQIQEYFAPTQFQNWADYYAYEHSLDYV, 0.45
3839E2I5, HNTQIQEYFAPTQFQNWADYYAYEHSLDYV, 0.51
3839E3I7, HNYQIQEYFAPTQFQNWADYYAYEHSLDYV, 0.54
3839E4I17, HNYQIQEYFAPTQFQNWADYYAWEHSLDYV, 0.64
3839E5I20, HNYQIQEYFAPTQFQNWADYYAWEHSLDYS, 0.66
3839E6I27, HNYQIQEYFAPTQNQNWADYYAWEHSLDYS, 0.69
3839E7I29, HNYQIQEYFAPTQNQNWAWYYAWEHSLDYS, 0.71
3839E8I37, HNYQIQEYFAPTQNQNWAWYYAWEHHLDYS, 0.72
3839E9I40, HNYQIQEYFAPTQNQSWAWYYAWEHHLDYS, 0.74
3839E10I51, HNYQIQEYFAPTQNRSWAWYYAWEHHLDYS, 0.76
3839E11I55, HNYQIQEYFAPTQNRSWAWYYAWEHHQDYS, 0.81
3839E12I83, HNYQIQEYFVPTQNRSWAWYYAWEHHQDYS, 0.83
3839E13I88, HNYQIQEYFVPTQNRYWAWYYAWEHHQDYS, 0.86
3839E14I101, HNYQIQEYFVPTQNRYWAWYYAWEHHQNYS, 0.88
3839E15I113, HNYQIQHYFVPTQNRYWAWYYAWEHHQNYS, 0.89
3839E16I210, HNYQIQHYFVPTQNRYWAWHYAWEHHQNYS, 0.9
3839E17I219, HNYQIQHWFVPTQNRYWAWHYAWEHHQNYS, 0.92
3839E18I254, HNYQIQHWFVPTQNRYWAWHYAWEHHQHYS, 0.93
3839E19I285, HNYQNQHWFVPTQNRYWAWHYAWEHHQHYS, 0.94
3839E20I331, HNYQWQHWFVPTQNRYWAWHYAWEHHQHYS, 0.95
3839E21I388, HNYQWQHWFVPTQNRYWAWHYAWEHHGHYS, 0.96
3839E22I444, HNYQWQHWFVPTQNRYWAWHWAWEHHGHYS, 0.97
3839E23I451, HNYQWQHWFVPTQNRYWAWHWAWWHHGHYS, 0.98
