5119E0I0, YQLSHEHTYEYYVNSWRVDTIHFNQSWNTW, 0.43
5119E1I1, YQLSHEHTYEYHVNSWRVDTIHFNQSWNTW, 0.45
5119E2I4, YQLSHRHTYEYHVNSWRVDTIHFNQSWNTW, 0.47
5119E3I5, YQLSHRHTYEYHVNSWRVDTIHFNKSWNTW, 0.49
5119E4I10, YQLSHRHTYEYHVNQWRVDTIHFNKSWNTW, 0.5
5119E5I19, YQLSHFHTYEYHVNQWRVDTIHFNKSWNTW, 0.53
5119E6I20, YQLSHFHTYEYHVNQWRVDTAHFNKSWNTW, 0.56
5119E7I23, YQLSHFHTYEYHVNQWRVDTAHFNKSWNQW, 0.59
5119E8I24, YQLSHFHTYEYHVNQWRVDTAHFAKSWNQW, 0.6
5119E9I26, YQLSHFHTYEYHVLQWRVDTAHFAKSWNQW, 0.61
5119E10I33, YQLSHFHTHEYHVLQWRVDTAHFAKSWNQW, 0.63
5119E11I34, YQLSHFHTHEYHVLQWRVDTAHVAKSWNQW, 0.64
5119E12I36, YQLSHFHTHEYHVLQWRVDTAHVPKSWNQW, 0.66
5119E13I50, YQLSHFHTHFYHVLQWRVDTAHVPKSWNQW, 0.69
5119E14I53, YQLSHFHTHFYHVLQWRVDTAHVPYSWNQW, 0.7
5119E15I60, YQLSHFHTHFYHVLQWRVDTAHVPWSWNQW, 0.71
5119E16I66, YQLFHFHTHFYHVLQWRVDTAHVPWSWNQW, 0.73
5119E17I67, YRLFHFHTHFYHVLQWRVDTAHVPWSWNQW, 0.76
5119E18I85, YRLFHFHTHFYHVLQWRVDTAHVPWSWKQW, 0.78
5119E19I97, YRLFHFHTHFYHVLQWRVDTAHVPWSWKHW, 0.82
5119E20I109, YRLFHFHTHFYHVLQWEVDTAHVPWSWKHW, 0.84
5119E21I118, YRHFHFHTHFYHVLQWEVDTAHVPWSWKHW, 0.85
5119E22I119, YRHFHFHTHFGHVLQWEVDTAHVPWSWKHW, 0.86
5119E23I126, YRHFHFHTHFGHVLQWHVDTAHVPWSWKHW, 0.88
5119E24I143, YRHFHFHTHFGHVLQWHVDPAHVPWSWKHW, 0.89
5119E25I160, YWHFHFHTHFGHVLQWHVDPAHVPWSWKHW, 0.91
5119E26I200, YWHFHFHTHFGHVLQWQVDPAHVPWSWKHW, 0.92
5119E27I229, YWHFHFHTHFGHVLQWFVDPAHVPWSWKHW, 0.93
5119E28I230, YWHFHFHTHFGHVLQWFVRPAHVPWSWKHW, 0.95
5119E29I249, YWHFHFHTHFGHVLQWFVRPAHVPWSWYHW, 0.96
