19393E0I0, HKSVQVVWKHIYSWSEWNTNHFLDPIWRDN, 0.39
19393E1I2, HKSVQVVWKHIYSWSEWHTNHFLDPIWRDN, 0.44
19393E2I4, HKSVQVVWFHIYSWSEWHTNHFLDPIWRDN, 0.48
19393E3I5, DKSVQVVWFHIYSWSEWHTNHFLDPIWRDN, 0.53
19393E4I8, DKSVQVVWFHIYSWSEWHTNHFADPIWRDN, 0.6
19393E5I9, DKSVQVVWFHIYSWSEWHTNHFADQIWRDN, 0.61
19393E6I12, DKSVQVVWFHIYSWSEWHTAHFADQIWRDN, 0.63
19393E7I17, DKPVQVVWFHIYSWSEWHTAHFADQIWRDN, 0.69
19393E8I19, DKPVHVVWFHIYSWSEWHTAHFADQIWRDN, 0.7
19393E9I29, DKPVHQVWFHIYSWSEWHTAHFADQIWRDN, 0.72
19393E10I47, DKPVHQVWFHIYSWSEWHTAHFADQIWRDF, 0.73
19393E11I49, DKPVHQVWFHIYSWSEWETAHFADQIWRDF, 0.74
19393E12I57, DKPVHQVWFHIYSWSEWETHHFADQIWRDF, 0.76
19393E13I91, DKPVHQVWFHIYSWSEWETHTFADQIWRDF, 0.77
19393E14I122, DKPVHQVWFHIYSWSTWETHTFADQIWRDF, 0.81
19393E15I128, DKPVHQVWFHIYSWSTWETHTFADQIWRDS, 0.82
19393E16I150, DKPHHQVWFHIYSWSTWETHTFADQIWRDS, 0.84
19393E17I162, DKPHHQVWFHIYSWSTWETHTAADQIWRDS, 0.85
19393E18I215, DKPHHQVWFHIYSWSTWETHIAADQIWRDS, 0.89
19393E19I314, DKPHIQVWFHIYSWSTWETHIAADQIWRDS, 0.9
