19436E0I0, ETLIVTSQYFNVWYWNKVVKDFDIATWDSS, 0.45
19436E1I4, ETLIVTSQYFNVWYWNKSVKDFDIATWDSS, 0.48
19436E2I6, ETLIATSQYFNVWYWNKSVKDFDIATWDSS, 0.51
19436E3I10, ETLIATIQYFNVWYWNKSVKDFDIATWDSS, 0.55
19436E4I16, ETLIATAQYFNVWYWNKSVKDFDIATWDSS, 0.59
19436E5I17, ETLIATAQYFKVWYWNKSVKDFDIATWDSS, 0.62
19436E6I28, ETLIATAQYFKVWYWNKSVKDFRIATWDSS, 0.66
19436E7I70, ETLIATAQYYKVWYWNKSVKDFRIATWDSS, 0.67
19436E8I81, ETPIATAQYYKVWYWNKSVKDFRIATWDSS, 0.68
19436E9I89, ETPIPTAQYYKVWYWNKSVKDFRIATWDSS, 0.69
19436E10I98, ETPIPTAQYYKVWYWDKSVKDFRIATWDSS, 0.71
19436E11I111, ESPIPTAQYYKVWYWDKSVKDFRIATWDSS, 0.72
19436E12I113, ESPIPTAQYYQVWYWDKSVKDFRIATWDSS, 0.74
19436E13I121, ESPIPTAQYYQVWYWDYSVKDFRIATWDSS, 0.79
19436E14I124, ESPIPTAQYYQVWYWDYSVKDFRIAHWDSS, 0.8
19436E15I126, ESPIPTAQYYQVWYWDYSVKDFRIAHWLSS, 0.81
19436E16I156, ESPIPTAQYYQVWYWDYQVKDFRIAHWLSS, 0.82
19436E17I174, ESPIPTAQTYQVWYWDYQVKDFRIAHWLSS, 0.83
19436E18I236, ESPIPTAQTHQVWYWDYQVKDFRIAHWLSS, 0.85
19436E19I253, ESPIPTAQTHQVWYWDYFVKDFRIAHWLSS, 0.88
