5131E0I0, NVVQIHDSGPYLTSNFTHQQDVSGAGKVPW, 0.31
5131E1I1, NVVQIHDSGPYLWSNFTHQQDVSGAGKVPW, 0.35
5131E2I4, AVVQIHDSGPYLWSNFTHQQDVSGAGKVPW, 0.36
5131E3I5, AVVQIHDSGPYLWSNFTHQQDVSGAGKEPW, 0.37
5131E4I6, AVVQIHDSGPYLASNFTHQQDVSGAGKEPW, 0.39
5131E5I7, AVVQIHDSGPYLASNFTHQQDFSGAGKEPW, 0.4
5131E6I12, AVVQIHDEGPYLASNFTHQQDFSGAGKEPW, 0.43
5131E7I17, AVVQIHDEGPYLASNFTHAQDFSGAGKEPW, 0.47
5131E8I18, AVVQIHDEVPYLASNFTHAQDFSGAGKEPW, 0.49
5131E9I19, AVVQIHDEVPYLAHNFTHAQDFSGAGKEPW, 0.56
5131E10I26, AVVQIHDEVPYLAHNFTHAQDFSGAGHEPW, 0.6
5131E11I29, AVVQIHEEVPYLAHNFTHAQDFSGAGHEPW, 0.62
5131E12I31, AVVQFHEEVPYLAHNFTHAQDFSGAGHEPW, 0.64
5131E13I37, AVGQFHEEVPYLAHNFTHAQDFSGAGHEPW, 0.65
5131E14I43, AVGQFHEEVPYLAHNQTHAQDFSGAGHEPW, 0.71
5131E15I62, AVGQFHEEVPYLAHNQTHAQDFSGAGHVPW, 0.72
5131E16I91, AVGQFHEEVPTLAHNQTHAQDFSGAGHVPW, 0.76
5131E17I95, AVGQFHEEPPTLAHNQTHAQDFSGAGHVPW, 0.79
5131E18I133, AVGQFHEEPPTLAHNQTHAQDFSGAGHVPA, 0.8
5131E19I165, AVGQFHEEPPTLAHNQTHAGDFSGAGHVPA, 0.81
5131E20I207, AVGQFHEEPPTLAHNQTHAGDFSGRGHVPA, 0.84
5131E21I277, IVGQFHEEPPTLAHNQTHAGDFSGRGHVPA, 0.85
5131E22I280, IVGQFHHEPPTLAHNQTHAGDFSGRGHVPA, 0.86
5131E23I321, IVGQFHHEEPTLAHNQTHAGDFSGRGHVPA, 0.87
5131E24I332, IVGQFHHEEPTWAHNQTHAGDFSGRGHVPA, 0.88
5131E25I367, IVGQFHHEEPTWAHNQTHAVDFSGRGHVPA, 0.89
5131E26I442, IVGQFHHEEPTWAHNQTHAVQFSGRGHVPA, 0.9
5131E27I471, IVGQFHHEEPTWAHNQTHATQFSGRGHVPA, 0.91
5131E28I570, IVGQFHHEEPTWAHNQTHATHFSGRGHVPA, 0.92
