2272E0I0, NFDHHHRKFQLANEAFEPKKLISDFNEIEI, 0.29
2272E1I3, NFDHHHRKFQLANEAFEPKKLSSDFNEIEI, 0.34
2272E2I5, NFDHHHRKFQLANEAFEPKKLSSTFNEIEI, 0.36
2272E3I7, NFKHHHRKFQLANEAFEPKKLSSTFNEIEI, 0.41
2272E4I10, NFKHHHRKFQLANESFEPKKLSSTFNEIEI, 0.43
2272E5I11, NFKHHHRKFQLANESFEPKKLSSTFNSIEI, 0.45
2272E6I13, NFKHHHRKFQLANLSFEPKKLSSTFNSIEI, 0.46
2272E7I16, NFKHHHTKFQLANLSFEPKKLSSTFNSIEI, 0.48
2272E8I17, NFKHHHTKFQLANLSLEPKKLSSTFNSIEI, 0.52
2272E9I21, NFKHHHTKFQLANLSLEPKKFSSTFNSIEI, 0.56
2272E10I23, NFKHHHTKFQLANYSLEPKKFSSTFNSIEI, 0.58
2272E11I33, NFKHHTTKFQLANYSLEPKKFSSTFNSIEI, 0.59
2272E12I57, NFKHHTTKFQLAIYSLEPKKFSSTFNSIEI, 0.61
2272E13I72, NFKHHTTKTQLAIYSLEPKKFSSTFNSIEI, 0.62
2272E14I79, NFKHHTTKTQLAIYSLEPKKFSTTFNSIEI, 0.65
2272E15I84, NFKHHTTKTQTAIYSLEPKKFSTTFNSIEI, 0.66
2272E16I108, NFKHHTKKTQTAIYSLEPKKFSTTFNSIEI, 0.67
2272E17I145, NFKHHTKKTQTAIYFLEPKKFSTTFNSIEI, 0.69
2272E18I146, NFKHHTKKTQTAIYFLEPKKFSTTFNSIEN, 0.7
2272E19I176, NFKHHTKKTQTAIYFLEPKKFNTTFNSIEN, 0.71
2272E20I180, NFKHHTKKTYTAIYFLEPKKFNTTFNSIEN, 0.72
2272E21I182, NFKHHTKKTYTAIYFLEPKKFKTTFNSIEN, 0.73
2272E22I196, NFKHHTKKTYTAIYFLEPKKFPTTFNSIEN, 0.75
2272E23I197, NFKHHTKKTTTAIYFLEPKKFPTTFNSIEN, 0.76
2272E24I267, NFKHHTKKTATAIYFLEPKKFPTTFNSIEN, 0.77
2272E25I275, NFKHHTKKTATAIYFLHPKKFPTTFNSIEN, 0.78
2272E26I289, NFKHHTKKTATAIYFLHPKWFPTTFNSIEN, 0.79
2272E27I298, NFKHHTKKTATAIYFLHPKWFPTTFNSIQN, 0.82
2272E28I303, NFKHHTKKKATAIYFLHPKWFPTTFNSIQN, 0.86
2272E29I335, NFKHHTKKKATAIYFLHPKWFPTTFNSIPN, 0.87
2272E30I348, NFKHHTKKKATAIYFLHPTWFPTTFNSIPN, 0.88
