17619E0I0, PDWDRPWDIIHTSPDGQVLHNSYANYDINP, 0.44
17619E1I1, PDWDRRWDIIHTSPDGQVLHNSYANYDINP, 0.45
17619E2I5, PDYDRRWDIIHTSPDGQVLHNSYANYDINP, 0.49
17619E3I15, PDYDRTWDIIHTSPDGQVLHNSYANYDINP, 0.5
17619E4I34, PDYGRTWDIIHTSPDGQVLHNSYANYDINP, 0.52
17619E5I44, PDYGRTWDIIHTSPDGQVLHNSYANYDSNP, 0.53
17619E6I54, PDYGRTWDIIHTSPDGQVLHNSYATYDSNP, 0.55
17619E7I55, PDYGRTWDIIHTSPDGQVLHNSYWTYDSNP, 0.59
17619E8I57, PDYGRTWDIIHTSPDGQVLHNSYWTYWSNP, 0.62
17619E9I71, PDYGRTWDIIHASPDGQVLHNSYWTYWSNP, 0.64
17619E10I80, PDYGRTWDIIHASPDGQVLHNSYWYYWSNP, 0.67
17619E11I81, PTYGRTWDIIHASPDGQVLHNSYWYYWSNP, 0.69
17619E12I91, PTHGRTWDIIHASPDGQVLHNSYWYYWSNP, 0.71
17619E13I108, PTHGRTWDIIHNSPDGQVLHNSYWYYWSNP, 0.72
17619E14I109, PTHGRKWDIIHNSPDGQVLHNSYWYYWSNP, 0.73
17619E15I121, PTHGRKWDIIHNSPDGQVLHNSYWYYWHNP, 0.76
17619E16I123, LTHGRKWDIIHNSPDGQVLHNSYWYYWHNP, 0.77
17619E17I145, LTHGRKWDIIHNSPDGQVTHNSYWYYWHNP, 0.78
17619E18I161, LTHGRKWDPIHNSPDGQVTHNSYWYYWHNP, 0.8
17619E19I167, LTHGRKWDPIHNSPDGQVTHNSYWYYWHNS, 0.81
17619E20I178, LTHGRKWDPIHNSPDGQVTQNSYWYYWHNS, 0.84
17619E21I222, LTHGRKWDPIHNSPDGQVTQNYYWYYWHNS, 0.85
17619E22I230, LTHGRKWDPHHNSPDGQVTQNYYWYYWHNS, 0.87
