11485E0I0, QGGRVLIQHFHNKANRPRDYVNWFTDAEAD, 0.44
11485E1I10, QGGRPLIQHFHNKANRPRDYVNWFTDAEAD, 0.45
11485E2I13, QGGRPLIQHFHNDANRPRDYVNWFTDAEAD, 0.47
11485E3I18, QGGRPLIQHLHNDANRPRDYVNWFTDAEAD, 0.49
11485E4I23, QGGRPLIQHLHNDANRPRDYVNWFFDAEAD, 0.5
11485E5I27, QGGRPLIQHLHNDANRPRDYVNWFFWAEAD, 0.53
11485E6I32, QGGYPLIQHLHNDANRPRDYVNWFFWAEAD, 0.57
11485E7I35, QGGYPLIQHLHNDANRPRDYANWFFWAEAD, 0.58
11485E8I38, QGGYPLIQHLHNDANRPRDYANWFFWAGAD, 0.6
11485E9I41, QGGYPLIQHLHNDANRPRDYANWFFWAGAW, 0.62
11485E10I44, QGGYPLIQHLHNQANRPRDYANWFFWAGAW, 0.67
11485E11I49, QGGYPLLQHLHNQANRPRDYANWFFWAGAW, 0.7
11485E12I72, QGGGPLLQHLHNQANRPRDYANWFFWAGAW, 0.71
11485E13I77, QGGGPLLLHLHNQANRPRDYANWFFWAGAW, 0.74
11485E14I84, QGGFPLLLHLHNQANRPRDYANWFFWAGAW, 0.76
11485E15I116, QGGFPHLLHLHNQANRPRDYANWFFWAGAW, 0.77
11485E16I129, QGGWPHLLHLHNQANRPRDYANWFFWAGAW, 0.78
11485E17I142, QGGWPHLLHLHNQANRPRDYANWFFWATAW, 0.81
11485E18I151, QGGWPHLLHLHNQANRPRDYANWFFWHTAW, 0.83
11485E19I180, QGGWPHLHHLHNQANRPRDYANWFFWHTAW, 0.84
11485E20I203, QGGWPHLHHLHNQANRPRDYANWFFWHTYW, 0.85
11485E21I219, TGGWPHLHHLHNQANRPRDYANWFFWHTYW, 0.87
