13331E0I0, HKEDYPWDWPSNGTNGKPQLGDPFYGNKNE, 0.31
13331E1I1, HKEDYPWDWPSNGTNGKIQLGDPFYGNKNE, 0.35
13331E2I6, HKEDYPWDWPSKGTNGKIQLGDPFYGNKNE, 0.36
13331E3I7, HKEDYPWSWPSKGTNGKIQLGDPFYGNKNE, 0.38
13331E4I9, HKEDYPWSWPSFGTNGKIQLGDPFYGNKNE, 0.4
13331E5I19, HKEDYPWSWPSFGTNGKIQLGDNFYGNKNE, 0.41
13331E6I21, HKEDYPWSWPSFGTFGKIQLGDNFYGNKNE, 0.45
13331E7I24, HKEDYPWSWPSFGTFYKIQLGDNFYGNKNE, 0.51
13331E8I32, HKEDYPWSWPSFGTFYKNQLGDNFYGNKNE, 0.53
13331E9I37, HKEDYPWSWPSFGTFYKNQLGDNFYGNKNG, 0.57
13331E10I40, HKEDYPWSWPSFGTFYKNKLGDNFYGNKNG, 0.58
13331E11I48, HQEDYPWSWPSFGTFYKNKLGDNFYGNKNG, 0.6
13331E12I54, HQEDYPWSWPSFGTFYKNKLGDNFYGNKPG, 0.64
13331E13I58, HQEDYPWSWPSFGTFYKNKLGDNFKGNKPG, 0.67
13331E14I100, HEEDYPWSWPSFGTFYKNKLGDNFKGNKPG, 0.68
13331E15I187, IEEDYPWSWPSFGTFYKNKLGDNFKGNKPG, 0.69
13331E16I220, IPEDYPWSWPSFGTFYKNKLGDNFKGNKPG, 0.7
13331E17I267, IPEDYPWSWPSFGTFYKNKLGDNFKGNKPI, 0.71
13331E18I350, IPEDYPWSWPSVGTFYKNKLGDNFKGNKPI, 0.72
13331E19I395, IPEDYYWSWPSVGTFYKNKLGDNFKGNKPI, 0.75
13331E20I400, IPEDDYWSWPSVGTFYKNKLGDNFKGNKPI, 0.76
