17396E0I0, TLNRKRWQINFLTYHLGVEHIYGTEHGKEV, 0.31
17396E1I1, TLNRKRWQINFLHYHLGVEHIYGTEHGKEV, 0.33
17396E2I3, TLNRVRWQINFLHYHLGVEHIYGTEHGKEV, 0.42
17396E3I5, TLNRVRWQINFLHYHLGVEHIYGTEHNKEV, 0.46
17396E4I11, TLFRVRWQINFLHYHLGVEHIYGTEHNKEV, 0.48
17396E5I16, TLFRVRWQINFLHYHLGVEHIYGTEHNIEV, 0.52
17396E6I21, TLFRVRWQINFLHYHLGVEHIRGTEHNIEV, 0.53
17396E7I38, TLFRVRWQINFLHYHLGVEHIRGTEHNIEY, 0.55
17396E8I39, TLFRVRWQINFLHYHLGVEHLRGTEHNIEY, 0.56
17396E9I45, TLFRVRWQINFLHYHLAVEHLRGTEHNIEY, 0.6
17396E10I53, TLFRLRWQINFLHYHLAVEHLRGTEHNIEY, 0.61
17396E11I61, FLFRLRWQINFLHYHLAVEHLRGTEHNIEY, 0.67
17396E12I71, FLFRLRWQRNFLHYHLAVEHLRGTEHNIEY, 0.72
17396E13I89, FLFRLRWQRNFLHYHLAVEHLRRTEHNIEY, 0.73
17396E14I92, FLFRLRWQRNFLHYHLAVEHLRRQEHNIEY, 0.74
17396E15I101, FLFRLRWQRNFLHYHLAVEHLRRLEHNIEY, 0.77
17396E16I113, FLFRLRWQRNFLHYHLAVEHLRRLEHWIEY, 0.78
17396E17I115, FLFRLAWQRNFLHYHLAVEHLRRLEHWIEY, 0.79
17396E18I126, FLFRLAWQRNFLHYHLAVEHLRRLFHWIEY, 0.81
17396E19I150, FLFRLAWQRNFLHYHLAVEHLRRLFHWIRY, 0.83
17396E20I162, FLFRLAWQRNFLHYHLAVEHLRRLFKWIRY, 0.84
17396E21I175, FLFRLAWQRNFLHYHLAVEHLRRLFKWWRY, 0.85
17396E22I178, FLFRLAWQRNFLHYHLASEHLRRLFKWWRY, 0.86
17396E23I185, FLFRLAWQRNFLHYHLASEHLRRLFKWWPY, 0.88
