2514E0I0, KWHFIGWLDIQAKTFKTEQEATAWKDHWHA, 0.48
2514E1I1, KWHFIGWLFIQAKTFKTEQEATAWKDHWHA, 0.51
2514E2I4, KWHFIGWLFIQAKTFKTEQEATAWKDSWHA, 0.52
2514E3I8, KWHFIGWLFIQAVTFKTEQEATAWKDSWHA, 0.53
2514E4I9, KWHFIGWLFIQAVTFKTEQENTAWKDSWHA, 0.55
2514E5I16, KWHFIGWLFIQAVTFKDEQENTAWKDSWHA, 0.56
2514E6I17, KWHFIGWLFIQAVTFKDEQENTAWKDSWHP, 0.61
2514E7I19, KWHFIGWLFIQAVTFKDEQENWAWKDSWHP, 0.64
2514E8I23, KWYFIGWLFIQAVTFKDEQENWAWKDSWHP, 0.67
2514E9I28, KWYSIGWLFIQAVTFKDEQENWAWKDSWHP, 0.68
2514E10I38, KWYSIGWLFIQFVTFKDEQENWAWKDSWHP, 0.71
2514E11I67, KWYSIGWLFIQFVTFKDAQENWAWKDSWHP, 0.75
2514E12I125, KWYSIGWLFIQEVTFKDAQENWAWKDSWHP, 0.76
2514E13I146, KWYWIGWLFIQEVTFKDAQENWAWKDSWHP, 0.77
2514E14I149, KWYWIGWLFIQEVTFKDAGENWAWKDSWHP, 0.78
2514E15I159, KWYWIGWLFIQEVTFKDAGENWAWKDPWHP, 0.8
2514E16I190, KWYWIGWLFIQEVTFKDAGEAWAWKDPWHP, 0.85
2514E17I218, KWYWIGWLFIQEVTFKIAGEAWAWKDPWHP, 0.87
