5092E0I0, DNQQQVTAEPAHIALISHGQNWWNIVYPWG, 0.45
5092E1I4, DNQQQVTAEPAHIALISHGDNWWNIVYPWG, 0.46
5092E2I5, DPQQQVTAEPAHIALISHGDNWWNIVYPWG, 0.47
5092E3I7, DPQQQVTAEPAHIALISHGRNWWNIVYPWG, 0.48
5092E4I9, DPQQQVTAEPAHIALISHWRNWWNIVYPWG, 0.58
5092E5I14, DPQHQVTAEPAHIALISHWRNWWNIVYPWG, 0.61
5092E6I20, DPRHQVTAEPAHIALISHWRNWWNIVYPWG, 0.64
5092E7I21, DPRHQVTAEPAHIALISHWREWWNIVYPWG, 0.66
5092E8I24, DPRHQVTAEPPHIALISHWREWWNIVYPWG, 0.67
5092E9I25, DPRHQVTAEPPHIALISHWREWWNIVDPWG, 0.71
5092E10I29, DPRHQVTAEPPHIALISHWREWWNISDPWG, 0.73
5092E11I31, APRHQVTAEPPHIALISHWREWWNISDPWG, 0.74
5092E12I41, APRHQVTAEPLHIALISHWREWWNISDPWG, 0.75
5092E13I46, APRHQVTAEPLHIALISHWREWPNISDPWG, 0.77
5092E14I82, APRHQVTAEPLHIAHISHWREWPNISDPWG, 0.83
5092E15I83, APRHQVTAEPLHIAHIQHWREWPNISDPWG, 0.87
5092E16I91, YPRHQVTAEPLHIAHIQHWREWPNISDPWG, 0.89
5092E17I118, HPRHQVTAEPLHIAHIQHWREWPNISDPWG, 0.9
5092E18I140, HPRHQVTAEPLHIAHIQHWREWPHISDPWG, 0.91
5092E19I235, HPRHQVTAYPLHIAHIQHWREWPHISDPWG, 0.92
5092E20I285, HPRHQVTAYPLHIAHIQHWREWTHISDPWG, 0.93
5092E21I320, HPRHQVTAYPWHIAHIQHWREWTHISDPWG, 0.94
5092E22I347, HPRHQVTAYPRHIAHIQHWREWTHISDPWG, 0.95
5092E23I378, HPRHQHTAYPRHIAHIQHWREWTHISDPWG, 0.96
5092E24I430, HPRHQHTAYPRHIAHIQHWREWAHISDPWG, 0.97
