7256E0I0, RVQLEGEIQKIPHNWGGWDHKKAKLTPIQI, 0.37
7256E1I2, RVQLEGEIQKIPHAWGGWDHKKAKLTPIQI, 0.39
7256E2I3, RVKLEGEIQKIPHAWGGWDHKKAKLTPIQI, 0.43
7256E3I4, RVKLEGEIQKIPHAAGGWDHKKAKLTPIQI, 0.46
7256E4I5, RVKLEGETQKIPHAAGGWDHKKAKLTPIQI, 0.47
7256E5I7, RVKLHGETQKIPHAAGGWDHKKAKLTPIQI, 0.48
7256E6I8, RVKLHGETQKAPHAAGGWDHKKAKLTPIQI, 0.51
7256E7I17, RVKLHGETQKAPHAAGGWDHKKAKATPIQI, 0.57
7256E8I21, RGKLHGETQKAPHAAGGWDHKKAKATPIQI, 0.6
7256E9I27, RGKLHGETQKAPHAGGGWDHKKAKATPIQI, 0.61
7256E10I29, RGKLHGETQKAPHAGGGWDHKKAKAHPIQI, 0.65
7256E11I30, RGKLHGETQKAFHAGGGWDHKKAKAHPIQI, 0.66
7256E12I52, RGKLHGETQKAFYAGGGWDHKKAKAHPIQI, 0.68
7256E13I55, RGKLHGETQKAFYAGAGWDHKKAKAHPIQI, 0.71
7256E14I68, RGKLHGETQKAFYAGHGWDHKKAKAHPIQI, 0.73
7256E15I72, RGKLHGETQKAFYAGHGWDHPKAKAHPIQI, 0.77
7256E16I73, RGKLHGETFKAFYAGHGWDHPKAKAHPIQI, 0.81
7256E17I81, RGKLHGETFKAFYAGHGWHHPKAKAHPIQI, 0.85
7256E18I113, RGKLHGETFKAFYAGHGWHHPKAKAHHIQI, 0.88
