11283E0I0, PHNLHKYVLNFLFSSHPVYNFKHGHEASVV, 0.43
11283E1I2, PHNLHKEVLNFLFSSHPVYNFKHGHEASVV, 0.46
11283E2I3, PHNLHKEVLNFLFSSHPVYWFKHGHEASVV, 0.51
11283E3I11, PHNLHKEVLNFLFSSHPVYWFKHGHWASVV, 0.55
11283E4I12, VHNLHKEVLNFLFSSHPVYWFKHGHWASVV, 0.57
11283E5I17, VHNLHKEVLNFLFSSHWVYWFKHGHWASVV, 0.58
11283E6I19, VHNLHKEVLYFLFSSHWVYWFKHGHWASVV, 0.65
11283E7I29, VHNLHKEVLYFLFSSHWVYWFKHGHWASVQ, 0.67
11283E8I30, VHNLHKVVLYFLFSSHWVYWFKHGHWASVQ, 0.71
11283E9I35, VHNLHKFVLYFLFSSHWVYWFKHGHWASVQ, 0.74
11283E10I56, VHNLHKFVLYFLFSSHWVYWFKHGHWAPVQ, 0.75
11283E11I77, VHNLHKFVLYFLFSSHWVYWFHHGHWAPVQ, 0.77
11283E12I82, VHNLHKFKLYFLFSSHWVYWFHHGHWAPVQ, 0.78
11283E13I83, VHNLHKFKLYDLFSSHWVYWFHHGHWAPVQ, 0.79
11283E14I174, VHNLHKFKLYDLFSSHWVYWGHHGHWAPVQ, 0.8
11283E15I241, HHNLHKFKLYDLFSSHWVYWGHHGHWAPVQ, 0.82
