10638E0I0, TTAPRPDYLLRNYIKHDAELWQRWPLEALK, 0.38
10638E1I4, TTALRPDYLLRNYIKHDAELWQRWPLEALK, 0.42
10638E2I9, TTALRPDYLLRNYIKHDAELWQRWILEALK, 0.43
10638E3I10, TTALRPDYLLRNYIKHDAELWQRQILEALK, 0.44
10638E4I13, TTALRPDYLLRNYIKHDAELWQRQILGALK, 0.47
10638E5I15, TTALRPDYLLRNYIKHDAELWWRQILGALK, 0.5
10638E6I23, TTALRPDYLLRNYIKHDASLWWRQILGALK, 0.54
10638E7I24, TTALRPDYLLRQYIKHDASLWWRQILGALK, 0.55
10638E8I34, TTALRPDYLLRQYIKHDASEWWRQILGALK, 0.56
10638E9I40, TTALRPAYLLRQYIKHDASEWWRQILGALK, 0.59
10638E10I48, TTALRPAYLLRQYIKHDASEWWRQILLALK, 0.61
10638E11I61, TTALRPAYALRQYIKHDASEWWRQILLALK, 0.62
10638E12I67, TTALRPAYALRQYIKHQASEWWRQILLALK, 0.65
10638E13I69, TTALRPAYALRQYIKHQASEHWRQILLALK, 0.7
10638E14I84, TTALRPAYALRRYIKHQASEHWRQILLALK, 0.72
10638E15I104, TTALRPAYALRRYRKHQASEHWRQILLALK, 0.76
10638E16I129, TTALRPAYALRRYRAHQASEHWRQILLALK, 0.77
10638E17I137, TTALRPAYALRRYRAHQAEEHWRQILLALK, 0.79
10638E18I138, TTALRPAYALRRYRAHQEEEHWRQILLALK, 0.81
10638E19I152, TTALRPAYALRRYRAHQEEEHWRQILHALK, 0.82
10638E20I155, TTALRPAYALRHYRAHQEEEHWRQILHALK, 0.83
10638E21I211, TTALRPNYALRHYRAHQEEEHWRQILHALK, 0.85
10638E22I230, TTALRPNYALRHYRAHQEEEHWRQILHALR, 0.87
10638E23I242, TTALRPNYALRHLRAHQEEEHWRQILHALR, 0.9
10638E24I259, TTALRPNYALRHLRAHQEEEHWRQILHALL, 0.92
