18648E0I0, VTRLDFSIRKKGTVSYTKNHWGGLDPAQSF, 0.34
18648E1I4, VTRLDFSIRKKGTVSYTKNHWGGLDPAQRF, 0.35
18648E2I6, VTRLDFSIRKKGTKSYTKNHWGGLDPAQRF, 0.38
18648E3I12, VTRLDFSIRYKGTKSYTKNHWGGLDPAQRF, 0.39
18648E4I16, LTRLDFSIRYKGTKSYTKNHWGGLDPAQRF, 0.42
18648E5I17, LTRLDFSIRYKGTKSYTKNHWGGLLPAQRF, 0.45
18648E6I21, LTRLDFSIRYKPTKSYTKNHWGGLLPAQRF, 0.47
18648E7I22, LQRLDFSIRYKPTKSYTKNHWGGLLPAQRF, 0.49
18648E8I24, LQRLDFSIRYKPTKSYTKNHWDGLLPAQRF, 0.5
18648E9I29, LQRLLFSIRYKPTKSYTKNHWDGLLPAQRF, 0.57
18648E10I33, LQRLLFSIRYKPTKSYTKNHWDGLLPAARF, 0.58
18648E11I37, LQRLLFSIRYKPTKSYTKQHWDGLLPAARF, 0.61
18648E12I38, LQRLLFSIRYKPTKSPTKQHWDGLLPAARF, 0.68
18648E13I42, LQRFLFSIRYKPTKSPTKQHWDGLLPAARF, 0.69
18648E14I45, LQRFLFSIRYKPTKSPTKQHWDGLLPADRF, 0.7
18648E15I46, LQRFLFRIRYKPTKSPTKQHWDGLLPADRF, 0.71
18648E16I50, LQRFLFRIRYKPPKSPTKQHWDGLLPADRF, 0.72
18648E17I59, LQRFLFRIRYKPPKSPTKQHWDLLLPADRF, 0.73
18648E18I60, LHRFLFRIRYKPPKSPTKQHWDLLLPADRF, 0.77
18648E19I66, IHRFLFRIRYKPPKSPTKQHWDLLLPADRF, 0.8
18648E20I73, IHRFLFRIRYKSPKSPTKQHWDLLLPADRF, 0.82
18648E21I142, IHRFLFRIRYKSPKSPTKQHWKLLLPADRF, 0.83
18648E22I145, IHRFLFRIRYKSPKSPTKQHWKLTLPADRF, 0.84
18648E23I191, IHRFLFPIRYKSPKSPTKQHWKLTLPADRF, 0.85
18648E24I274, IHRFLFPIRYWSPKSPTKQHWKLTLPADRF, 0.86
18648E25I328, IHTFLFPIRYWSPKSPTKQHWKLTLPADRF, 0.87
18648E26I407, IHTFLFPIRYWSPKSHTKQHWKLTLPADRF, 0.89
18648E27I501, IHTFLFPIRYWSPKSHTWQHWKLTLPADRF, 0.91
18648E28I529, IHTFLFPIRYWSPKVHTWQHWKLTLPADRF, 0.92
18648E29I627, IHTFLFPIRYWSPKVHTWQHWKLPLPADRF, 0.93
18648E30I724, IHTFLFPIRYWSPKFHTWQHWKLPLPADRF, 0.94
18648E31I783, IHTFLFPIRYWSVKFHTWQHWKLPLPADRF, 0.95
18648E32I825, IHTFLFPIHYWSVKFHTWQHWKLPLPADRF, 0.96
18648E33I833, IHTFLFPIHYWAVKFHTWQHWKLPLPADRF, 0.97
