5086E0I0, QRSDFFYRKEHADIVQTLVRVPTPSHWRQH, 0.58
5086E1I9, QRSDFFYRKEHADIVQTLARVPTPSHWRQH, 0.62
5086E2I11, WRSDFFYRKEHADIVQTLARVPTPSHWRQH, 0.63
5086E3I18, WRSDFFYRKEHADIVLTLARVPTPSHWRQH, 0.66
5086E4I22, DRSDFFYRKEHADIVLTLARVPTPSHWRQH, 0.68
5086E5I23, DRSDFFYRKEHADIVLTLARVPTPSHWDQH, 0.7
5086E6I38, DRSDFLYRKEHADIVLTLARVPTPSHWDQH, 0.71
5086E7I39, DRSDFLYRKEHADIVLTLARVPTPEHWDQH, 0.74
5086E8I58, DRSDFLYRKEHADIVLTLAHVPTPEHWDQH, 0.77
5086E9I61, DRSDFLYRKEHADIVLTLAHVPTPEHWAQH, 0.79
5086E10I99, DRSDFLWRKEHADIVLTLAHVPTPEHWAQH, 0.8
5086E11I119, DRSDFLWRKEHADIVLTLAHHPTPEHWAQH, 0.81
5086E12I135, DRSDFLWRKEHADIVLTLAHHPRPEHWAQH, 0.84
5086E13I138, DRSDFLWRKEHADIVLTLAWHPRPEHWAQH, 0.85
5086E14I143, DRSDFHWRKEHADIVLTLAWHPRPEHWAQH, 0.87
5086E15I193, DRSDFHWVKEHADIVLTLAWHPRPEHWAQH, 0.89
5086E16I197, DRSDFHHVKEHADIVLTLAWHPRPEHWAQH, 0.91
5086E17I217, DRSDFHHVKEHAAIVLTLAWHPRPEHWAQH, 0.92
