5535E0I0, IQFFQESAPNAQKKTESRLSIHRISDLFSF, 0.4
5535E1I2, IWFFQESAPNAQKKTESRLSIHRISDLFSF, 0.41
5535E2I4, IWFFQESAPNAQKKTESRLSIHRISDLFPF, 0.45
5535E3I5, IWFFQESAPNAQKKTESRLSIHAISDLFPF, 0.46
5535E4I9, IWFFQESAPNVQKKTESRLSIHAISDLFPF, 0.48
5535E5I14, IRFFQESAPNVQKKTESRLSIHAISDLFPF, 0.5
5535E6I16, IRFFQEFAPNVQKKTESRLSIHAISDLFPF, 0.51
5535E7I18, IRFFQEFAPNVQKKTESRLSIHAISDLKPF, 0.52
5535E8I19, IRFFQEFAPNVQKKTESRLSIHAISDLHPF, 0.56
5535E9I24, IRFFQTFAPNVQKKTESRLSIHAISDLHPF, 0.58
5535E10I28, IRFFQTFAPNNQKKTESRLSIHAISDLHPF, 0.62
5535E11I29, IRFFQTFAPNNQKKTESRLSIHAISDLHPN, 0.63
5535E12I31, IRFFQTFAPENQKKTESRLSIHAISDLHPN, 0.66
5535E13I35, IRFFKTFAPENQKKTESRLSIHAISDLHPN, 0.72
5535E14I36, IRFFATFAPENQKKTESRLSIHAISDLHPN, 0.73
5535E15I66, IRFFAYFAPENQKKTESRLSIHAISDLHPN, 0.74
5535E16I68, IRFFAYFAPENQIKTESRLSIHAISDLHPN, 0.76
5535E17I88, IRFFAYFAPENQIKTESRLSIHSISDLHPN, 0.77
5535E18I140, IRFFAYFAPENQHKTESRLSIHSISDLHPN, 0.8
5535E19I148, IRFFAYFAPENQHHTESRLSIHSISDLHPN, 0.81
5535E20I174, IRFFAYFAPENQHHTESRWSIHSISDLHPN, 0.82
5535E21I183, IRFFAYFAPENQHHTESRWSIHSIADLHPN, 0.85
5535E22I221, IRFFAYFAPENQHHTESRWSIYSIADLHPN, 0.86
5535E23I236, YRFFAYFAPENQHHTESRWSIYSIADLHPN, 0.87
5535E24I271, YRFFAYFAPENQHHTERRWSIYSIADLHPN, 0.88
5535E25I328, YRFFAYFAPENQHHTERRWSIYSIATLHPN, 0.89
5535E26I331, YRFFAYFAPENQHHTERRWSIYSIATTHPN, 0.9
