7134E0I0, NKELPHKGSDAFRFEATWQIQWGEYKPEQG, 0.36
7134E1I2, NKELPHKGSDAFRFEATWQIQFGEYKPEQG, 0.38
7134E2I8, NKELPHKGSDAFRFEATWQIQFGLYKPEQG, 0.4
7134E3I30, NKELPHKGSDAFRFEATWQIQFGLYKPEQH, 0.41
7134E4I32, NKELPHKGSDAFRFEATWIIQFGLYKPEQH, 0.42
7134E5I33, NKELPHKGSDAFRFFATWIIQFGLYKPEQH, 0.5
7134E6I35, NKELPHKGSDAFRFFATWIIQFGLYQPEQH, 0.52
7134E7I39, NKVLPHKGSDAFRFFATWIIQFGLYQPEQH, 0.54
7134E8I41, NKVLPHKGSDAFRFFATWIIQFGLYQPEGH, 0.58
7134E9I51, NKVLPHKGSDAFRFFATWIIQFGLYNPEGH, 0.6
7134E10I57, NKVLPHYGSDAFRFFATWIIQFGLYNPEGH, 0.62
7134E11I66, NKVLPHYGSDAFRFFATWIIQFGLYNPEEH, 0.64
7134E12I67, NKVLPHYGSDAFRFFATWIHQFGLYNPEEH, 0.66
7134E13I72, NKVLPHYGSDTFRFFATWIHQFGLYNPEEH, 0.68
7134E14I82, NKVLPHGGSDTFRFFATWIHQFGLYNPEEH, 0.69
7134E15I89, NKVLPHHGSDTFRFFATWIHQFGLYNPEEH, 0.7
7134E16I103, NFVLPHHGSDTFRFFATWIHQFGLYNPEEH, 0.72
7134E17I107, NFVLPHHGSDTFRFFATWIHQFGLYHPEEH, 0.76
7134E18I108, NFVLPHHGSDTFRFFATWIHQHGLYHPEEH, 0.77
7134E19I111, NFVLPHHGSDTFRFFATWIHQHGLAHPEEH, 0.78
7134E20I120, YFVLPHHGSDTFRFFATWIHQHGLAHPEEH, 0.8
7134E21I126, YFVLPHHGSDTFRFFATWIHQHGLAAPEEH, 0.83
7134E22I156, YFVLPHHGSDTFRFFATWIHQHGLAAPEIH, 0.84
7134E23I189, YFVLPFHGSDTFRFFATWIHQHGLAAPEIH, 0.85
7134E24I238, YFVLPFHGGDTFRFFATWIHQHGLAAPEIH, 0.86
