7915E0I0, GDSQHQVEIWGLKSGQLSTFYSSKHVEFKS, 0.46
7915E1I2, GDSQHQVEIWGQKSGQLSTFYSSKHVEFKS, 0.55
7915E2I7, GDSQWQVEIWGQKSGQLSTFYSSKHVEFKS, 0.57
7915E3I11, GDSQWQVEIWGQKSGQLSTFYSSKHVAFKS, 0.58
7915E4I18, GDSQWQVEIWGDKSGQLSTFYSSKHVAFKS, 0.6
7915E5I35, GDSQWQVEIWGDKSGQLATFYSSKHVAFKS, 0.64
7915E6I44, GDSQWQVEEWGDKSGQLATFYSSKHVAFKS, 0.65
7915E7I56, ADSQWQVEEWGDKSGQLATFYSSKHVAFKS, 0.67
7915E8I68, ADSQWQVEEWGDKSGHLATFYSSKHVAFKS, 0.68
7915E9I73, ADSQWQVEEWGDKSGHLATFYSSKHVAFKH, 0.71
7915E10I77, ADSQWQVEEWGDKSGHWATFYSSKHVAFKH, 0.73
7915E11I79, ADSQWQVEEWGDKVGHWATFYSSKHVAFKH, 0.75
7915E12I84, ADSTWQVEEWGDKVGHWATFYSSKHVAFKH, 0.76
7915E13I87, ADSTWQVEEWGDKVGHWAVFYSSKHVAFKH, 0.77
7915E14I88, ADSTWQVEEWGDKVGHWAVFYSSKHPAFKH, 0.78
7915E15I101, ADSTWQVEEWGDKVGHWAVIYSSKHPAFKH, 0.79
7915E16I112, ADETWQVEEWGDKVGHWAVIYSSKHPAFKH, 0.8
7915E17I119, ADETWQEEEWGDKVGHWAVIYSSKHPAFKH, 0.82
7915E18I149, ADETWQEEEWGDKVGHWAVTYSSKHPAFKH, 0.83
7915E19I151, ADETWQEEEWGDKVGHWAVTYSSKHWAFKH, 0.84
7915E20I162, ADETWQEEEWGDKVGHWAVTYSPKHWAFKH, 0.85
7915E21I221, ADETWQEEEWGDKVGHWAVTYSPKHWAYKH, 0.86
7915E22I222, ADETWQEEEWGDEVGHWAVTYSPKHWAYKH, 0.89
7915E23I238, ADETWQEEEWGDEVGHWAVHYSPKHWAYKH, 0.9
7915E24I255, ADETWQEEEWGDEVGHWAVHYSPHHWAYKH, 0.91
7915E25I262, ADETWQEEYWGDEVGHWAVHYSPHHWAYKH, 0.93
7915E26I287, ADETWQEEYWADEVGHWAVHYSPHHWAYKH, 0.94
7915E27I342, ADETWQEEYWADEVGHWAVHYSPHHWAPKH, 0.95
