3030E0I0, VNRRKYPWDPSQKHPLALHHFIRKRIVYGS, 0.47
3030E1I1, VNRRKYPWDPSQKHPLALHHFIRGRIVYGS, 0.53
3030E2I2, VNHRKYPWDPSQKHPLALHHFIRGRIVYGS, 0.56
3030E3I5, VNHRKYPWDPSQKHPLALHHFIRGRIVQGS, 0.58
3030E4I6, VNHRKYPWDPSQKHPLALHHFIRGRIVQHS, 0.63
3030E5I16, VNHRKYAWDPSQKHPLALHHFIRGRIVQHS, 0.65
3030E6I33, VNHRLYAWDPSQKHPLALHHFIRGRIVQHS, 0.67
3030E7I38, VNHRLYAWDPSQKHPLALHHYIRGRIVQHS, 0.68
3030E8I40, VNHRLYAWDPSQKHPLALHHWIRGRIVQHS, 0.7
3030E9I54, VNHRLYAWDPSQKHPLALHHWIRGRIVQHV, 0.72
3030E10I56, VNHRLYAWDPSQKHPLALHHWIRGRIVQHL, 0.74
3030E11I74, VNHRLYAWDPSQKHPLALHHWDRGRIVQHL, 0.78
3030E12I84, VNHRLYAWDPSQVHPLALHHWDRGRIVQHL, 0.82
3030E13I87, VNHRLYYWDPSQVHPLALHHWDRGRIVQHL, 0.83
3030E14I89, VNHRLYYWDPSQVHHLALHHWDRGRIVQHL, 0.86
3030E15I95, VNHRLQYWDPSQVHHLALHHWDRGRIVQHL, 0.87
3030E16I106, VNHRLQVWDPSQVHHLALHHWDRGRIVQHL, 0.89
3030E17I111, VNHRLQVWDPSQVHHLALHHWDRGNIVQHL, 0.9
3030E18I144, HNHRLQVWDPSQVHHLALHHWDRGNIVQHL, 0.91
3030E19I149, HNHRLQVWDPSQVHHLAAHHWDRGNIVQHL, 0.92
3030E20I229, HNHRLQVWDPSQVHHLAAHHWDRGWIVQHL, 0.93
3030E21I263, HNHRLQVWFPSQVHHLAAHHWDRGWIVQHL, 0.94
