1592E0I0, HKWVLTYGFQHEHPWSRYNGLAAVTEEEYH, 0.47
1592E1I1, HKWVLTYGFQHEHPWSRYNGLAAVVEEEYH, 0.48
1592E2I2, HKWVLTYGFQHGHPWSRYNGLAAVVEEEYH, 0.5
1592E3I3, HKWVLTYGFQHGHPWSRYNGLAAVVKEEYH, 0.51
1592E4I4, HKWVLTYGIQHGHPWSRYNGLAAVVKEEYH, 0.58
1592E5I13, HKWVLTYGIQHGHPWSRYIGLAAVVKEEYH, 0.61
1592E6I18, HKWVLTYGIQHGHPISRYIGLAAVVKEEYH, 0.62
1592E7I20, HKWVLTYGIQHGHPISRYIGLAAHVKEEYH, 0.64
1592E8I21, HKWVLTYGIQHGHWISRYIGLAAHVKEEYH, 0.69
1592E9I23, HKWVLTYGIQHGHWISRYIGLAAHVKETYH, 0.7
1592E10I24, HKWVLTYHIQHGHWISRYIGLAAHVKETYH, 0.73
1592E11I28, HKWVLTYHIGHGHWISRYIGLAAHVKETYH, 0.74
1592E12I32, HKWVLTWHIGHGHWISRYIGLAAHVKETYH, 0.77
1592E13I35, HVWVLTWHIGHGHWISRYIGLAAHVKETYH, 0.79
1592E14I53, HVWVLTWHIGHGHWISRYIGLAAHVKETHH, 0.8
1592E15I57, HVKVLTWHIGHGHWISRYIGLAAHVKETHH, 0.82
1592E16I86, HVKVLTWHIGHGHWISRYIGLAAHVPETHH, 0.83
1592E17I90, HVKVLTWHIGHGHWISRYIGLAFHVPETHH, 0.84
1592E18I95, VVKVLTWHIGHGHWISRYIGLAFHVPETHH, 0.85
1592E19I128, VVKVLTWHIGHGHWIHRYIGLAFHVPETHH, 0.88
1592E20I165, VVKVLTWHIGHGHWIHIYIGLAFHVPETHH, 0.89
1592E21I189, VVKVLTWHIGHGHWIHIYIGRAFHVPETHH, 0.91
1592E22I274, QVKVLTWHIGHGHWIHIYIGRAFHVPETHH, 0.92
1592E23I293, QVKVLTWHIGHGHWIHIYIGRAFHVPEFHH, 0.93
1592E24I330, QVKVLTWHIGHGHWIHIYIGRAFHVDEFHH, 0.94
