4617E0I0, DHYAWDVTGETFRVYDRVLYTAIHEVPPFS, 0.38
4617E1I2, NHYAWDVTGETFRVYDRVLYTAIHEVPPFS, 0.39
4617E2I5, NHYAWDVTGHTFRVYDRVLYTAIHEVPPFS, 0.49
4617E3I6, NWYAWDVTGHTFRVYDRVLYTAIHEVPPFS, 0.53
4617E4I8, NWYAWDVTGHTFRVYDRVLYTAIHENPPFS, 0.54
4617E5I10, NWYAWDPTGHTFRVYDRVLYTAIHENPPFS, 0.56
4617E6I17, NWYAWDPTGHTFRVYDRVDYTAIHENPPFS, 0.6
4617E7I22, NWYAWDPTGHTFRVYDRVDYTAIHEHPPFS, 0.63
4617E8I23, HWYAWDPTGHTFRVYDRVDYTAIHEHPPFS, 0.67
4617E9I62, HWYAWDPTGHTFREYDRVDYTAIHEHPPFS, 0.7
4617E10I75, HWYAWDPTGHTFREYDRGDYTAIHEHPPFS, 0.73
4617E11I76, HWYAWDPTGHTFREDDRGDYTAIHEHPPFS, 0.74
4617E12I95, HWYYWDPTGHTFREDDRGDYTAIHEHPPFS, 0.77
4617E13I104, HWYYWDPTGHTFREDDRADYTAIHEHPPFS, 0.78
4617E14I164, HWHYWDPTGHTFREDDRADYTAIHEHPPFS, 0.79
4617E15I178, HWHYWDPTGHTFREDDRADQTAIHEHPPFS, 0.83
4617E16I191, HWHYWDPTGHTFREWDRADQTAIHEHPPFS, 0.84
4617E17I193, HWHYWDPTGHTFSEWDRADQTAIHEHPPFS, 0.85
4617E18I194, HWHYWDPTGHTFSEWDRAHQTAIHEHPPFS, 0.86
4617E19I200, HWHYWDPTGHTFHEWDRAHQTAIHEHPPFS, 0.87
4617E20I256, HWHYWDPTGHTFHEWDRAHQTAIHWHPPFS, 0.89
4617E21I257, HWHYWDPTGHTFHYWDRAHQTAIHWHPPFS, 0.9
4617E22I282, HWHYWDPTGHTFHYWDRAHQTAIHNHPPFS, 0.92
4617E23I287, HWHYWDPTGHTFHYWDRAHHTAIHNHPPFS, 0.94
