13443E0I0, QSGQLTRSQTQLEFTFGWKGNYEHVSRNDN, 0.38
13443E1I2, QSGQLTRSQTQLEFTFGWKGNYEHVSRADN, 0.4
13443E2I6, QSGQLTRSQTQLEFTFGWKGNYEHVSRADE, 0.41
13443E3I7, QSGQLTRSQTQLTFTFGWKGNYEHVSRADE, 0.44
13443E4I11, QSGQLTRSQTQLTFTVGWKGNYEHVSRADE, 0.48
13443E5I16, QSGQLTRSQTQLTFTVGLKGNYEHVSRADE, 0.52
13443E6I22, QSIQLTRSQTQLTFTVGLKGNYEHVSRADE, 0.53
13443E7I32, QSIQLTRSQTWLTFTVGLKGNYEHVSRADE, 0.56
13443E8I39, QSISLTRSQTWLTFTVGLKGNYEHVSRADE, 0.61
13443E9I44, QSISLTRSQTWLTFTVGLKGNYSHVSRADE, 0.63
13443E10I60, FSISLTRSQTWLTFTVGLKGNYSHVSRADE, 0.65
13443E11I83, FSISLTRSQTWLTHTVGLKGNYSHVSRADE, 0.67
13443E12I111, FSISLTRSQTWLTHTVGLKGNYSHLSRADE, 0.68
13443E13I128, FSISPTRSQTWLTHTVGLKGNYSHLSRADE, 0.69
13443E14I129, FSISPTRSQTWLTHTVGLKGNYSHLSRADD, 0.7
13443E15I137, FSISPTRSPTWLTHTVGLKGNYSHLSRADD, 0.71
13443E16I145, FSISPTRSPTWLTHTVGLWGNYSHLSRADD, 0.73
13443E17I166, FSISWTRSPTWLTHTVGLWGNYSHLSRADD, 0.74
13443E18I183, FSISWARSPTWLTHTVGLWGNYSHLSRADD, 0.76
13443E19I184, FSISWARDPTWLTHTVGLWGNYSHLSRADD, 0.78
13443E20I196, FSISWARDPTWLTHTVVLWGNYSHLSRADD, 0.79
13443E21I209, FYISWARDPTWLTHTVVLWGNYSHLSRADD, 0.81
13443E22I236, FYISWARDPTWLTHTVVLTGNYSHLSRADD, 0.83
13443E23I249, FYISWARDPTWLTHTVVLTGNYSHLSRADR, 0.84
13443E24I273, RYISWARDPTWLTHTVVLTGNYSHLSRADR, 0.85
13443E25I356, RYISWARDPTWLTHTHVLTGNYSHLSRADR, 0.86
13443E26I377, RYISWARDPTWLTHTHVLTWNYSHLSRADR, 0.88
13443E27I463, RYISWARDPTWLTHTHVLTWNYSHLSIADR, 0.9
