4824E0I0, YLQDYLVPFQDWATPAYQRHIALISNKKSA, 0.37
4824E1I2, YLQDYLVPFQDWATPAYQRHIAVISNKKSA, 0.43
4824E2I3, YLQDYLVPYQDWATPAYQRHIAVISNKKSA, 0.45
4824E3I6, YLQDYLVPYQDWATPAYQRHIAVISNQKSA, 0.46
4824E4I7, YLQDYLVPYQDFATPAYQRHIAVISNQKSA, 0.5
4824E5I9, YLQDYLVPYQDFATPAYQRHIAEISNQKSA, 0.51
4824E6I12, YLQDYLVPYQDFATPAYQRHIAEISWQKSA, 0.54
4824E7I14, YLQDYLVPYQDFGTPAYQRHIAEISWQKSA, 0.56
4824E8I19, YLQDYLSPYQDFGTPAYQRHIAEISWQKSA, 0.6
4824E9I27, YLQDYLSPYKDFGTPAYQRHIAEISWQKSA, 0.61
4824E10I37, YLQDYLSPYKDFGTPAYQRHPAEISWQKSA, 0.65
4824E11I45, YLQDYLSPYKDFGTPAYQRHPAEISWAKSA, 0.66
4824E12I52, YLQDYLSPYKGFGTPAYQRHPAEISWAKSA, 0.67
4824E13I65, YLQDYLSPYKGFGTPAYQRHPAEISWAKSY, 0.69
4824E14I70, YLQDYLSPYKGFGTPAYQRHPAEISWAASY, 0.73
4824E15I88, YLWDYLSPYKGFGTPAYQRHPAEISWAASY, 0.75
4824E16I97, PLWDYLSPYKGFGTPAYQRHPAEISWAASY, 0.77
4824E17I109, PLWDYLSPYKGFGFPAYQRHPAEISWAASY, 0.78
4824E18I120, PHWDYLSPYKGFGFPAYQRHPAEISWAASY, 0.8
4824E19I179, PHWDYLSPYKGFGSPAYQRHPAEISWAASY, 0.81
4824E20I225, PHWDYLSPYKGFGSPAYQRHPAHISWAASY, 0.83
4824E21I244, PHWDPLSPYKGFGSPAYQRHPAHISWAASY, 0.86
4824E22I247, PHWDPYSPYKGFGSPAYQRHPAHISWAASY, 0.87
