9482E0I0, YNPWNNVWHSWIIATWVWKKDKPQDNANHE, 0.34
9482E1I1, YNPWNNVWHSWIIITWVWKKDKPQDNANHE, 0.35
9482E2I4, YNPWNNVWHSWIHITWVWKKDKPQDNANHE, 0.36
9482E3I5, YNPWNNVWHSWIHITWVWKKDKPQWNANHE, 0.37
9482E4I8, YNPWNNVWHSWINITWVWKKDKPQWNANHE, 0.39
9482E5I11, YNPWNNVWHSWINITWVWKKDKPPWNANHE, 0.4
9482E6I13, YKPWNNVWHSWINITWVWKKDKPPWNANHE, 0.41
9482E7I14, YKPWNNVWHSWINITWVWKKWKPPWNANHE, 0.43
9482E8I22, YKPYNNVWHSWINITWVWKKWKPPWNANHE, 0.45
9482E9I23, YKPYNNVWHSWINITWVWKKWKPPWGANHE, 0.46
9482E10I26, YKPYNNVWHSWDNITWVWKKWKPPWGANHE, 0.47
9482E11I31, YKPYNNVWHSADNITWVWKKWKPPWGANHE, 0.48
9482E12I33, YKPYNNVWASADNITWVWKKWKPPWGANHE, 0.5
9482E13I36, YKPYNNVWFSADNITWVWKKWKPPWGANHE, 0.52
9482E14I37, YKPYNNVWFSADNITWVWKKWKPPWGPNHE, 0.53
9482E15I41, YKPYNNVWFSADSITWVWKKWKPPWGPNHE, 0.55
9482E16I45, YKPYNNVWFSADSITWVWKKWKPPYGPNHE, 0.58
9482E17I50, YKPYNVVWFSADSITWVWKKWKPPYGPNHE, 0.6
9482E18I59, YKPYQVVWFSADSITWVWKKWKPPYGPNHE, 0.63
9482E19I66, YKPYFVVWFSADSITWVWKKWKPPYGPNHE, 0.64
9482E20I70, YKPYFVVWFSADSITWVWKKWSPPYGPNHE, 0.71
9482E21I77, YKPYFVVWFSADEITWVWKKWSPPYGPNHE, 0.72
9482E22I103, YKSYFVVWFSADEITWVWKKWSPPYGPNHE, 0.73
9482E23I107, YKSYFVVWFSADEITWVWKKWSPPYGPKHE, 0.74
9482E24I119, YKSYFVVGFSADEITWVWKKWSPPYGPKHE, 0.75
9482E25I129, YKSYFVVGFSADEITWVWKKWSPPSGPKHE, 0.76
9482E26I183, YWSYFVVGFSADEITWVWKKWSPPSGPKHE, 0.78
9482E27I214, YWSYFVVGFSADEITWVWKKHSPPSGPKHE, 0.8
9482E28I236, YWSYFVVGFSAVEITWVWKKHSPPSGPKHE, 0.81
