5290E0I0, NIEIANEKNLPLKQFHDHTETDVGNWVTLS, 0.21
5290E1I1, LIEIANEKNLPLKQFHDHTETDVGNWVTLS, 0.22
5290E2I2, LINIANEKNLPLKQFHDHTETDVGNWVTLS, 0.24
5290E3I5, LINIANEKNLPLKEFHDHTETDVGNWVTLS, 0.28
5290E4I8, LINIANEKYLPLKEFHDHTETDVGNWVTLS, 0.33
5290E5I13, LINIANEKYLPLKEFHDHTETDPGNWVTLS, 0.34
5290E6I14, LINIDNEKYLPLKEFHDHTETDPGNWVTLS, 0.36
5290E7I15, LINIDNTKYLPLKEFHDHTETDPGNWVTLS, 0.37
5290E8I16, LINIDNTKYLPLKEFHDHTETVPGNWVTLS, 0.38
5290E9I17, LINIDNTKYLPLKEFHDHTETVPGTWVTLS, 0.44
5290E10I21, LINIDNTKYLPLGEFHDHTETVPGTWVTLS, 0.49
5290E11I38, LINIDNTKYLPLGEFHDHTETVPNTWVTLS, 0.5
5290E12I44, LSNIDNTKYLPLGEFHDHTETVPNTWVTLS, 0.51
5290E13I47, LQNIDNTKYLPLGEFHDHTETVPNTWVTLS, 0.53
5290E14I68, LQNIDNTKYLPLGEFHYHTETVPNTWVTLS, 0.54
5290E15I71, LQNIDNTKYLPLGEFHYHTETVPKTWVTLS, 0.55
5290E16I86, LQNIDNTKYLPLGEFHRHTETVPKTWVTLS, 0.57
5290E17I94, LQNIDNTKYLPLGEFHRHTETFPKTWVTLS, 0.61
5290E18I96, LQNIDNTKYLPLGEFHRHTETFFKTWVTLS, 0.64
5290E19I97, LQNIDNTKTLPLGEFHRHTETFFKTWVTLS, 0.65
5290E20I129, LQNSDNTKTLPLGEFHRHTETFFKTWVTLS, 0.67
5290E21I130, LQNSPNTKTLPLGEFHRHTETFFKTWVTLS, 0.7
5290E22I131, LQNSPNTKTLPLGEFHWHTETFFKTWVTLS, 0.72
5290E23I147, LQNSPNTKTLPLGEFHWHTHTFFKTWVTLS, 0.73
5290E24I165, LQNSPNTKTLPLGEFHWHTHTFFKTWVTLL, 0.74
5290E25I172, LQNSPNTKTLPLGEFHWHTHTFFKTWVPLL, 0.75
5290E26I178, LQNSPNTKTLPGGEFHWHTHTFFKTWVPLL, 0.77
5290E27I215, LQNSPNTATLPGGEFHWHTHTFFKTWVPLL, 0.78
5290E28I221, LQNSPNTAFLPGGEFHWHTHTFFKTWVPLL, 0.79
5290E29I222, LQNSPNTAFLPGGEPHWHTHTFFKTWVPLL, 0.8
5290E30I243, LQNSPNTAFLPGGEPHWATHTFFKTWVPLL, 0.81
5290E31I251, LQNSPNTAFLPGGEPHWATHTFFKTAVPLL, 0.83
5290E32I292, LQNSPNTAFPPGGEPHWATHTFFKTAVPLL, 0.84
5290E33I351, LQNHPNTAFPPGGEPHWATHTFFKTAVPLL, 0.86
5290E34I358, LQNHPNTAFPPGGEPHWATHTFFKTFVPLL, 0.87
5290E35I440, LQNHPNTAFPPGGEPHWAVHTFFKTFVPLL, 0.88
5290E36I481, LQNHPNTAFPPGGEPHWAVHTFFKTFVPLQ, 0.89
