3346E0I0, RPVSRQHIQFNWDFTIWEYTGPRFTTSPSY, 0.38
3346E1I6, RPYSRQHIQFNWDFTIWEYTGPRFTTSPSY, 0.43
3346E2I9, RPYSYQHIQFNWDFTIWEYTGPRFTTSPSY, 0.47
3346E3I10, RPYSYQHIQFNWDFTIWEYTGHRFTTSPSY, 0.48
3346E4I11, RPYSYQHIQFNWDFTNWEYTGHRFTTSPSY, 0.56
3346E5I12, RPYWYQHIQFNWDFTNWEYTGHRFTTSPSY, 0.62
3346E6I16, RPYWYQHIQFNWDFTNWEYWGHRFTTSPSY, 0.64
3346E7I21, RPYWYQHIQHNWDFTNWEYWGHRFTTSPSY, 0.71
3346E8I24, APYWYQHIQHNWDFTNWEYWGHRFTTSPSY, 0.72
3346E9I36, APYWYQHTQHNWDFTNWEYWGHRFTTSPSY, 0.73
3346E10I39, APYWYQHTQHNWDFTNWEYWGHRFTWSPSY, 0.8
3346E11I42, APYWYQHTQHNWDETNWEYWGHRFTWSPSY, 0.82
3346E12I47, APYWAQHTQHNWDETNWEYWGHRFTWSPSY, 0.83
3346E13I51, APYWAQHTQHNWDETNWEYWGHRHTWSPSY, 0.85
3346E14I55, APYWAQHTQHNWDETNWEYWGHRHYWSPSY, 0.86
3346E15I70, APYWAQHTQHNWDETNWEYWAHRHYWSPSY, 0.88
3346E16I90, APYWAQHTQHNWDETNWEYWHHRHYWSPSY, 0.89
3346E17I152, APYWAQHTQHNWDETNWEYWHHRHWWSPSY, 0.91
3346E18I216, APYWAQHTQHNWDETQWEYWHHRHWWSPSY, 0.92
3346E19I234, APYWAQHWQHNWDETQWEYWHHRHWWSPSY, 0.94
3346E20I302, APYWAQHWQHHWDETQWEYWHHRHWWSPSY, 0.95
3346E21I303, APYWAQHWQHHWDETQWEYWHHRHWWSPRY, 0.96
3346E22I351, APYWAQHWQHHWDETQWEYWHHRHHWSPRY, 0.97
