15436E0I0, QVYDWVSPNWWRRTPNEHRATWESKRRNLL, 0.31
15436E1I2, QVYDWVSPNWWRRTPNSHRATWESKRRNLL, 0.38
15436E2I4, QNYDWVSPNWWRRTPNSHRATWESKRRNLL, 0.41
15436E3I5, QNYHWVSPNWWRRTPNSHRATWESKRRNLL, 0.56
15436E4I9, QNYHWVSPNWWERTPNSHRATWESKRRNLL, 0.58
15436E5I31, QNIHWVSPNWWERTPNSHRATWESKRRNLL, 0.61
15436E6I34, QNIHWVSPNWWERTPISHRATWESKRRNLL, 0.62
15436E7I40, QNIHWVSPNWWERTHISHRATWESKRRNLL, 0.63
15436E8I42, QNIHWVSPNWWERTHIQHRATWESKRRNLL, 0.65
15436E9I46, QNIHIVSPNWWERTHIQHRATWESKRRNLL, 0.69
15436E10I51, QNIHIKSPNWWERTHIQHRATWESKRRNLL, 0.71
15436E11I53, QNIHIKSPNWWERTHIQHRATWESKRRILL, 0.74
15436E12I58, QNIHIKSPNWWERTHIQHRATWESKRRKLL, 0.75
15436E13I67, QNIHIKSPNWWARTHIQHRATWESKRRKLL, 0.76
15436E14I73, QNIHIKSPNWWARTHIQHRATWESKRWKLL, 0.77
15436E15I91, QNIHIKSPNWWARTHIQHRATWESKRSKLL, 0.79
15436E16I95, QNIHIKSPNHWARTHIQHRATWESKRSKLL, 0.81
15436E17I158, GNIHIKSPNHWARTHIQHRATWESKRSKLL, 0.82
15436E18I165, GNIHIKSPNHWATTHIQHRATWESKRSKLL, 0.83
15436E19I232, GNIHIKSPNHPATTHIQHRATWESKRSKLL, 0.84
15436E20I240, GNIHIKSPNHPATTHIQHRATWESPRSKLL, 0.85
15436E21I267, GNIHIKSPNHPATTHIQHRATWEYPRSKLL, 0.86
15436E22I295, GNIHIKSQNHPATTHIQHRATWEYPRSKLL, 0.87
15436E23I345, GNIHIKSQNHPAHTHIQHRATWEYPRSKLL, 0.88
15436E24I414, GNHHIKSQNHPAHTHIQHRATWEYPRSKLL, 0.89
