3554E0I0, QWGKAGKATNEYTTPGQQPQKFIIHFLLFL, 0.3
3554E1I1, QWGKAGKATQEYTTPGQQPQKFIIHFLLFL, 0.39
3554E2I6, QWGKAGKATQEYTTPGQQPQKFIIHFLLFH, 0.44
3554E3I9, QWGKAGKATQEYTTPGQQLQKFIIHFLLFH, 0.47
3554E4I13, QWGKAGKATQEYTTFGQQLQKFIIHFLLFH, 0.53
3554E5I14, QWGKAGKATQEYTTFGQQHQKFIIHFLLFH, 0.57
3554E6I15, QIGKAGKATQEYTTFGQQHQKFIIHFLLFH, 0.61
3554E7I16, QIGKAGKATQEWTTFGQQHQKFIIHFLLFH, 0.63
3554E8I18, QIGKAGKATQHWTTFGQQHQKFIIHFLLFH, 0.65
3554E9I23, QIGKAGKATQHWTTFGQQHQKFIIHILLFH, 0.68
3554E10I25, QIGKAGKATQHWTTFGRQHQKFIIHILLFH, 0.74
3554E11I40, QIGKFGKATQHWTTFGRQHQKFIIHILLFH, 0.78
3554E12I48, QIGKFGKATQHWTTFDRQHQKFIIHILLFH, 0.79
3554E13I65, QIGKFLKATQHWTTFDRQHQKFIIHILLFH, 0.82
3554E14I113, QIGKFLKATQHWTTFDRQHQWFIIHILLFH, 0.83
3554E15I115, QIGKFLKATQHWTTFDRQHQWFIIHILKFH, 0.84
3554E16I192, QIGKFLKATQHWTTFDRQHQWFIIHIGKFH, 0.85
3554E17I205, QIGKFLKATQHWTTFDRQHSWFIIHIGKFH, 0.86
3554E18I210, QIGKFLKATQHWTTFDRQHSWFIIHIYKFH, 0.87
3554E19I244, QIGKFLKATQHTTTFDRQHSWFIIHIYKFH, 0.89
