14072E0I0, QIDDRSHVVHLRQGQNYLNFLNRTEFFNTV, 0.43
14072E1I3, QIDDRSHVVHLRQGQNYLNFLNRPEFFNTV, 0.44
14072E2I9, QIDDRSHVVHLRQGQNYLNGLNRPEFFNTV, 0.46
14072E3I15, QIDDRSHVVHLRQGQNYLSGLNRPEFFNTV, 0.48
14072E4I16, QHDDRSHVVHLRQGQNYLSGLNRPEFFNTV, 0.52
14072E5I21, QHDDRFHVVHLRQGQNYLSGLNRPEFFNTV, 0.53
14072E6I25, QHDDRFHVVHLRQGQNYHSGLNRPEFFNTV, 0.54
14072E7I45, QHDLRFHVVHLRQGQNYHSGLNRPEFFNTV, 0.58
14072E8I50, QHDLRFHVVHLRQGQNYHSGLNRPEFHNTV, 0.64
14072E9I53, QHDLRFHVVHLRQGQNFHSGLNRPEFHNTV, 0.65
14072E10I99, QHDLRFHVVHLRQGQNFHSGLRRPEFHNTV, 0.66
14072E11I103, QHDLRFHVVHLRQGQNFHSGLRRGEFHNTV, 0.67
14072E12I116, QHDLRFHVVHLRQGQNFHSGLRRHEFHNTV, 0.69
14072E13I117, QHDLRYHVVHLRQGQNFHSGLRRHEFHNTV, 0.7
14072E14I125, QHDLRYHVVHLRQGQNFHSGLRRHEFHNFV, 0.73
14072E15I126, QHDLRYHVVHLRQGQNFHSGFRRHEFHNFV, 0.74
14072E16I128, QHDLRYHVVHLRQGQNFHSGFRRHDFHNFV, 0.75
14072E17I134, QHDLRYHVVHLRQGQNQHSGFRRHDFHNFV, 0.77
14072E18I142, QHDLRYHVVHLRAGQNQHSGFRRHDFHNFV, 0.78
14072E19I152, QHDLRYHAVHLRAGQNQHSGFRRHDFHNFV, 0.81
14072E20I154, QHTLRYHAVHLRAGQNQHSGFRRHDFHNFV, 0.82
14072E21I186, QHTLRYHAVHLRAGQNQHSGFRRHWFHNFV, 0.83
14072E22I268, QHTWRYHAVHLRAGQNQHSGFRRHWFHNFV, 0.85
14072E23I276, QHTWRYHAVHLRAGQNQHSGFRRHWTHNFV, 0.86
14072E24I279, QHTWRYHAVHLRAGQNQHSGDRRHWTHNFV, 0.88
14072E25I289, QHTWRYHAVHLRAGQWQHSGDRRHWTHNFV, 0.89
14072E26I291, QHTWRYHAVHLRAGQWQHSGDRRHATHNFV, 0.91
