5441E0I0, NEIITIDIERYSSLNLNREFNYRGVSVWET, 0.35
5441E1I1, NEIITIDIERYSDLNLNREFNYRGVSVWET, 0.36
5441E2I3, NIIITIDIERYSDLNLNREFNYRGVSVWET, 0.38
5441E3I10, NIIITIDIERYSDLNLNREFNYRGVSVVET, 0.4
5441E4I11, NIIYTIDIERYSDLNLNREFNYRGVSVVET, 0.42
5441E5I12, NIIYTIDIERYSDLQLNREFNYRGVSVVET, 0.43
5441E6I15, NIIYTIDIERYSDLQLNREFNYRGLSVVET, 0.44
5441E7I16, NIIYTIDIERYSDLQLNREFNLRGLSVVET, 0.45
5441E8I20, NIIYKIDIERYSDLQLNREFNLRGLSVVET, 0.47
5441E9I25, NIIYKIDIERYSDLKLNREFNLRGLSVVET, 0.48
5441E10I26, NIIYKIDIERYSDLKLNREFNHRGLSVVET, 0.49
5441E11I28, NIIYKIDIERYSDLKLNREFNHRGRSVVET, 0.53
5441E12I33, NIIYKIDIERYSDLKLNREFVHRGRSVVET, 0.59
5441E13I38, NIIYKIDIERYSDLKLNREFVHRGHSVVET, 0.61
5441E14I42, NIIYKIDIERYSDLKLNREFVDRGHSVVET, 0.62
5441E15I49, NIIYKIDIVRYSDLKLNREFVDRGHSVVET, 0.64
5441E16I54, NIIYKIKIVRYSDLKLNREFVDRGHSVVET, 0.66
5441E17I75, NIIYKIKIVRYSDLKLNREFVDRGHHVVET, 0.68
5441E18I86, NIIYKIKIVRYSDLKLLREFVDRGHHVVET, 0.72
5441E19I92, QIIYKIKIVRYSDLKLLREFVDRGHHVVET, 0.73
5441E20I137, QIIYKIKIVRYSDLKLLREFVDRGHHVVED, 0.75
5441E21I138, QIIYKIKIVRYSDLKLLREFVDRGHHVRED, 0.76
5441E22I175, QIIYKIKIVRYSDLKLLREHVDRGHHVRED, 0.77
5441E23I188, QIIYKIKIVRYSDLKHLREHVDRGHHVRED, 0.8
5441E24I218, QIFYKIKIVRYSDLKHLREHVDRGHHVRED, 0.81
5441E25I231, QIFYKIKIVRYSDLRHLREHVDRGHHVRED, 0.82
5441E26I237, QEFYKIKIVRYSDLRHLREHVDRGHHVRED, 0.83
5441E27I242, QEFYKIKIVRYWDLRHLREHVDRGHHVRED, 0.86
5441E28I321, QEFYKIKIVRYWDLRHWREHVDRGHHVRED, 0.87
5441E29I344, QEFYKIKIVRYWRLRHWREHVDRGHHVRED, 0.88
5441E30I392, QEFYKIKIVRYWRLRHWRNHVDRGHHVRED, 0.89
5441E31I397, QEFYKIKIQRYWRLRHWRNHVDRGHHVRED, 0.9
5441E32I419, QEEYKIKIQRYWRLRHWRNHVDRGHHVRED, 0.91
