9469E0I0, IYVVVLFSIWTSEQPIWNNHISSSFTRLEI, 0.18
9469E1I1, IYVVVLFSIYTSEQPIWNNHISSSFTRLEI, 0.19
9469E2I2, IYVVVLFSIYTSEQGIWNNHISSSFTRLEI, 0.24
9469E3I3, IYVVVLFSIATSEQGIWNNHISSSFTRLEI, 0.25
9469E4I5, IYVVVLFRIATSEQGIWNNHISSSFTRLEI, 0.28
9469E5I6, IYVVVLFRIATSEHGIWNNHISSSFTRLEI, 0.3
9469E6I8, IYVVVLFRIATSEHGIWQNHISSSFTRLEI, 0.33
9469E7I10, IYVVVLFRIATSEHGIWQNHWSSSFTRLEI, 0.37
9469E8I12, IYVVVLFRIATSEHGIWQNHWSSSFKRLEI, 0.39
9469E9I17, IYVVVLFRHATSEHGIWQNHWSSSFKRLEI, 0.4
9469E10I20, IYVVVLFRHATSEHGIWQNHWSSDFKRLEI, 0.42
9469E11I21, IYVVVLFRHATSEHGIWQNHWSSDFKHLEI, 0.44
9469E12I22, IYVVVLFRHATSEHGIWQNHWSSDFKHLRI, 0.48
9469E13I26, IYVVVLFRHATSEHGIWQNHWSSVFKHLRI, 0.49
9469E14I28, IYVVVLFRHATSEHGIWQNHWSSWFKHLRI, 0.5
9469E15I29, IYVVVLFRHNTSEHGIWQNHWSSWFKHLRI, 0.54
9469E16I32, IYVVVLFAHNTSEHGIWQNHWSSWFKHLRI, 0.55
9469E17I38, IYVVVTFAHNTSEHGIWQNHWSSWFKHLRI, 0.58
9469E18I41, IYVVVTFAHNTSRHGIWQNHWSSWFKHLRI, 0.61
9469E19I45, IYHVVTFAHNTSRHGIWQNHWSSWFKHLRI, 0.63
9469E20I47, IYHVVTFAHNFSRHGIWQNHWSSWFKHLRI, 0.67
9469E21I48, IYHVVTFAHNFSRHGIWQNHWSSWFKHLSI, 0.69
9469E22I59, IYHVHTFAHNFSRHGIWQNHWSSWFKHLSI, 0.75
9469E23I76, IYHVHTFAHNFSRHGIWQNHWSSWFKWLSI, 0.76
9469E24I79, IYHVHTFAHNFSRHGRWQNHWSSWFKWLSI, 0.77
9469E25I83, IYHVHTFAHNFSRHGRWQNHWSYWFKWLSI, 0.78
9469E26I85, IYHVHTFAHNFSRHGRIQNHWSYWFKWLSI, 0.8
9469E27I87, IYHVHTFAHNFSRHGRIQNHWSYWFKWLAI, 0.81
9469E28I93, IYHVHTFAHNFSRHGRIQNHWSYWFKWRAI, 0.84
9469E29I105, IYHGHTFAHNFSRHGRIQNHWSYWFKWRAI, 0.86
9469E30I128, IYHGHTFAHNFSRHGRIQHHWSYWFKWRAI, 0.87
9469E31I223, IYHGHTFFHNFSRHGRIQHHWSYWFKWRAI, 0.88
9469E32I229, IYHGHTFFHNFSRHGRIQHHWSYWFYWRAI, 0.91
9469E33I271, IYHGHTFFHNFSRHGRIQHHWSYWFYWRAD, 0.92
9469E34I309, IYHGHTFHHNFSRHGRIQHHWSYWFYWRAD, 0.94
9469E35I319, IYHGHTFHHNFSRHGDIQHHWSYWFYWRAD, 0.96
9469E36I321, IYHGHTFHHWFSRHGDIQHHWSYWFYWRAD, 0.97
