4549E0I0, RPWVEFVKIYGRTFWLRRIPDKASGHAGDW, 0.41
4549E1I1, RPWVEFVKIYGRTFWLRRIPDKFSGHAGDW, 0.46
4549E2I4, RPWVEFVKIYGRTFWLRRIPDKFKGHAGDW, 0.54
4549E3I5, RPWVEFVKIYGRTFWLRRIPDRFKGHAGDW, 0.61
4549E4I9, RPWVEFVKIYGRTFWLRRIPDRFKGHAGDH, 0.64
4549E5I31, RPWVEFVKIYGRTFWLRRIPRRFKGHAGDH, 0.66
4549E6I44, RPWVHFVKIYGRTFWLRRIPRRFKGHAGDH, 0.68
4549E7I49, RPWRHFVKIYGRTFWLRRIPRRFKGHAGDH, 0.7
4549E8I79, SPWRHFVKIYGRTFWLRRIPRRFKGHAGDH, 0.71
4549E9I86, SPWRHFVKIYGSTFWLRRIPRRFKGHAGDH, 0.72
4549E10I98, SPWRHFVKIYGSTFWLRRIPRRFKGHAGDF, 0.73
4549E11I112, SPWRHFVKIYGSTFWLRRIPRYFKGHAGDF, 0.74
4549E12I123, SPWRAFVKIYGSTFWLRRIPRYFKGHAGDF, 0.75
4549E13I129, SPWYAFVKIYGSTFWLRRIPRYFKGHAGDF, 0.76
4549E14I155, SPWYAFVKIYGSTFWLTRIPRYFKGHAGDF, 0.77
4549E15I157, SPWYAFVKIYGSTFWLTRIPRYFKGHAGDS, 0.78
4549E16I162, SPWYAFVKIYGSTFWLWRIPRYFKGHAGDS, 0.79
4549E17I180, SPWYAFVKIYGSTFWLWRIPRYFKLHAGDS, 0.81
4549E18I217, SPWYAFVKIYGSTFHLWRIPRYFKLHAGDS, 0.84
4549E19I247, SPWYAFVKIYGSTFHLWRIPRYFKLHAYDS, 0.85
4549E20I307, SPWYAFVKIYGSTFHLWRIPRYFKLHAYAS, 0.86
4549E21I328, SPWYAFVKIYGSTFHLWRIPRYFKLHAYWS, 0.87
4549E22I331, SPWYAFVKIYYSTFHLWRIPRYFKLHAYWS, 0.88
4549E23I384, SPWYAFVKIYYSTFHLWRIPRYFKLHLYWS, 0.9
4549E24I388, SPWYAFVKIYSSTFHLWRIPRYFKLHLYWS, 0.91
4549E25I418, SPNYAFVKIYSSTFHLWRIPRYFKLHLYWS, 0.92
