7054E0I0, YSIAWGRDGPEPAKAWPYKLFWFHEQNFYI, 0.54
7054E1I3, YSIAWGTDGPEPAKAWPYKLFWFHEQNFYI, 0.56
7054E2I5, YSIAWATDGPEPAKAWPYKLFWFHEQNFYI, 0.58
7054E3I6, YSIAWATDGPEPAKAWPYKLFWFHIQNFYI, 0.71
7054E4I8, YSIAWATDGPEPATAWPYKLFWFHIQNFYI, 0.72
7054E5I11, YSIAWATDGPEPATAWPYKLFWQHIQNFYI, 0.73
7054E6I14, YSIAWATFGPEPATAWPYKLFWQHIQNFYI, 0.78
7054E7I23, YSIAWATFGPEPATAWPYKLWWQHIQNFYI, 0.79
7054E8I25, YSIAWATFGPEPATAWPLKLWWQHIQNFYI, 0.8
7054E9I36, YSIAWATFGPKPATAWPLKLWWQHIQNFYI, 0.81
7054E10I53, YSIAWATFGPKPATAWPLKLWWQHIQNFHI, 0.86
7054E11I76, YSIAWATFGHKPATAWPLKLWWQHIQNFHI, 0.88
7054E12I77, YSIAWATFKHKPATAWPLKLWWQHIQNFHI, 0.89
7054E13I129, YSIAWATFKHKPATAWPLKVWWQHIQNFHI, 0.9
7054E14I148, YSIAWATFKHHPATAWPLKVWWQHIQNFHI, 0.91
7054E15I169, YSIAWATFKHHPATADPLKVWWQHIQNFHI, 0.92
7054E16I249, YSIAWATFKHHPATADPLKVNWQHIQNFHI, 0.93
