4818E0I0, HIQWFENHDIFWFIDAFGGEHLGHKGFGFW, 0.39
4818E1I1, HIQWFENHDIFWIIDAFGGEHLGHKGFGFW, 0.4
4818E2I9, HIQWFENHDIFWIIEAFGGEHLGHKGFGFW, 0.42
4818E3I12, HIQWFENHDIFWIIEAFGGEHLGHKGFYFW, 0.45
4818E4I14, HIQWFENHDIFWIILAFGGEHLGHKGFYFW, 0.49
4818E5I18, HIQWFENHDIFWIILAFGGEHLGHKQFYFW, 0.51
4818E6I20, HIQWFENHDIFWIILAFGGEHLGHSQFYFW, 0.53
4818E7I21, HIQWFNNHDIFWIILAFGGEHLGHSQFYFW, 0.59
4818E8I26, HIQWFNTHDIFWIILAFGGEHLGHSQFYFW, 0.6
4818E9I30, HIQWFNTHDIFWIIQAFGGEHLGHSQFYFW, 0.61
4818E10I38, HIQWFNTHDFFWIIQAFGGEHLGHSQFYFW, 0.65
4818E11I43, HFQWFNTHDFFWIIQAFGGEHLGHSQFYFW, 0.66
4818E12I55, HFQWFNTHDFFWIIQAFGGEHLSHSQFYFW, 0.67
4818E13I56, HFQWFVTHDFFWIIQAFGGEHLSHSQFYFW, 0.69
4818E14I58, HFQWFVTHDFFWIIQAFGGEHLQHSQFYFW, 0.71
4818E15I62, HFQWFVTHDFFWIIQAFGGEHLQHSQFYHW, 0.73
4818E16I63, HFQWFVTHDFFWIIQAFGGEHLQDSQFYHW, 0.74
4818E17I75, HFQWFVTHDFFWIYQAFGGEHLQDSQFYHW, 0.75
4818E18I93, HFQWFVTHDFFWIYQHFGGEHLQDSQFYHW, 0.77
4818E19I108, HFQWFVTHDFFWIYQHFGGEHLQDSQFYHN, 0.79
4818E20I118, HFQWFVTHDFFWIYQHFGGEHLQDSAFYHN, 0.81
4818E21I131, HNQWFVTHDFFWIYQHFGGEHLQDSAFYHN, 0.83
4818E22I141, HNHWFVTHDFFWIYQHFGGEHLQDSAFYHN, 0.87
4818E23I147, HNHWFVTHAFFWIYQHFGGEHLQDSAFYHN, 0.9
4818E24I148, HNHWFVTHAFFHIYQHFGGEHLQDSAFYHN, 0.91
