13494E0I0, EPGYRGFTEPTSQVDHRFDIYWSFERNKYI, 0.35
13494E1I1, EPGYRGFREPTSQVDHRFDIYWSFERNKYI, 0.36
13494E2I3, EPGYRGFREDTSQVDHRFDIYWSFERNKYI, 0.38
13494E3I4, EPGYRGFREDTSQVDHRFDIYWSFERNIYI, 0.41
13494E4I6, EPGYRGFREDTSQVDHRFDIYWSFERNIYQ, 0.42
13494E5I7, EPGYRGFREDTSQVDHRFDIYWSVERNIYQ, 0.47
13494E6I11, EPGYRGFREDTHQVDHRFDIYWSVERNIYQ, 0.51
13494E7I17, EPGYRGFREDTHQVDHRFDIYWSVESNIYQ, 0.52
13494E8I18, EPGYRGFREDTHQVDHRFDIYWSVESNIYG, 0.53
13494E9I19, EPGYRGHREDTHQVDHRFDIYWSVESNIYG, 0.55
13494E10I28, EPGYRGHREDTHQVDHRFDIYWSVESNWYG, 0.56
13494E11I29, EPGYRGHREDTHQVDERFDIYWSVESNWYG, 0.59
13494E12I31, EPEYRGHREDTHQVDERFDIYWSVESNWYG, 0.6
13494E13I32, EPEYRGHREDTLQVDERFDIYWSVESNWYG, 0.61
13494E14I34, EPEYRGHREDTWQVDERFDIYWSVESNWYG, 0.62
13494E15I37, EPEYRGHRNDTWQVDERFDIYWSVESNWYG, 0.63
13494E16I39, EPEYRGHRNDTWQVDERFDFYWSVESNWYG, 0.67
13494E17I45, EPEYRGHRNDSWQVDERFDFYWSVESNWYG, 0.7
13494E18I47, VPEYRGHRNDSWQVDERFDFYWSVESNWYG, 0.71
13494E19I65, VVEYRGHRNDSWQVDERFDFYWSVESNWYG, 0.74
13494E20I69, VVEYRGHRNDSWQVDERFDFYWSVESNWYS, 0.76
13494E21I71, VVEYRGHRNDSWQVDERFDFYWSVESQWYS, 0.8
13494E22I75, VVEYRGHRNDSWFVDERFDFYWSVESQWYS, 0.81
13494E23I85, VVEYRGHRNDSWFVDERFDFYWFVESQWYS, 0.82
13494E24I143, VVEYRGHRNDSWFVDERFDFYWFVESQHYS, 0.84
13494E25I182, VVEYRGHNNDSWFVDERFDFYWFVESQHYS, 0.86
13494E26I219, VVEYRGHNFDSWFVDERFDFYWFVESQHYS, 0.89
13494E27I236, VVEYRGHNFDSWFVDERFDFYWFVESQEYS, 0.9
13494E28I238, VVEYWGHNFDSWFVDERFDFYWFVESQEYS, 0.91
