14674E0I0, AWHKPLVADYWFKVTYWFILPASVGNLFLK, 0.56
14674E1I8, AWHKPLVADYWFKVTYWFILPASDGNLFLK, 0.58
14674E2I9, AWHKPLVADYWFKVTYWFIEPASDGNLFLK, 0.59
14674E3I16, AWHKPLVADYWFKVTYWFIEPASDGHLFLK, 0.61
14674E4I19, AWHKPLVADYWFDVTYWFIEPASDGHLFLK, 0.65
14674E5I20, AWHKPLVWDYWFDVTYWFIEPASDGHLFLK, 0.72
14674E6I41, AFHKPLVWDYWFDVTYWFIEPASDGHLFLK, 0.73
14674E7I56, AFHKPLVWDYWFDVTYWFIEPASDGHLFWK, 0.75
14674E8I57, AFHKPLFWDYWFDVTYWFIEPASDGHLFWK, 0.77
14674E9I58, YFHKPLFWDYWFDVTYWFIEPASDGHLFWK, 0.78
14674E10I62, HFHKPLFWDYWFDVTYWFIEPASDGHLFWK, 0.79
14674E11I75, HFHKPLFWDYWFDVTYWFIEWASDGHLFWK, 0.81
14674E12I121, HFHKPLFWDYWFDVTYWFITWASDGHLFWK, 0.83
14674E13I140, HFHKPLFWDYWFDVTYWFATWASDGHLFWK, 0.88
14674E14I221, HFHKPLFWDYWFAVTYWFATWASDGHLFWK, 0.89
