5680E0I0, NIAWIYANVKYYHRVIRQHPPFLIRGNHFA, 0.32
5680E1I1, NIAWIYANVKYYHRVIRQHPPFLIRGNAFA, 0.36
5680E2I5, NIAWIYANVKYYHRVIRQHPLFLIRGNAFA, 0.37
5680E3I6, NIAWIYANVKYYHRVIRQHPLFHIRGNAFA, 0.42
5680E4I7, NIAWIYANVKYYHRVIRQHPLFHISGNAFA, 0.47
5680E5I16, NIAWIYANVKYYHRVSRQHPLFHISGNAFA, 0.48
5680E6I22, NIAWIYADVKYYHRVSRQHPLFHISGNAFA, 0.62
5680E7I23, NIAWIYADVKYYHRVSRQHPLFHISGFAFA, 0.73
5680E8I36, NIAWIYADVKYIHRVSRQHPLFHISGFAFA, 0.76
5680E9I57, NQAWIYADVKYIHRVSRQHPLFHISGFAFA, 0.77
5680E10I66, NQAWIYADVKYIHRVSIQHPLFHISGFAFA, 0.78
5680E11I71, NQTWIYADVKYIHRVSIQHPLFHISGFAFA, 0.8
5680E12I87, NQTWIYADVKYIHRVQIQHPLFHISGFAFA, 0.81
5680E13I103, NQTWIYADVKYRHRVQIQHPLFHISGFAFA, 0.82
5680E14I113, NQHWIYADVKYRHRVQIQHPLFHISGFAFA, 0.85
5680E15I126, NQHWIYADVKYRHRVKIQHPLFHISGFAFA, 0.86
5680E16I144, NQHWIYADVKYRHIVKIQHPLFHISGFAFA, 0.87
5680E17I153, NQHWIYAAVKYRHIVKIQHPLFHISGFAFA, 0.88
5680E18I176, NQHHIYAAVKYRHIVKIQHPLFHISGFAFA, 0.9
5680E19I203, NQHHIYAAVKYRHIVKIQHPLFHIAGFAFA, 0.91
5680E20I218, NQHHIYRAVKYRHIVKIQHPLFHIAGFAFA, 0.94
5680E21I227, NQHHIYRAVKYRHIVKIQHPLFHIAAFAFA, 0.95
5680E22I301, NQHHIYRAVKYRHIVQIQHPLFHIAAFAFA, 0.97
