4207E0I0, IRKNHKASKVLFRPRTNDRVYHIHDADTRR, 0.41
4207E1I4, IRKNHKASKVLFRPRFNDRVYHIHDADTRR, 0.42
4207E2I5, IRKNHKASKVLFRPRFYDRVYHIHDADTRR, 0.47
4207E3I9, IRKNHKASKVLFHPRFYDRVYHIHDADTRR, 0.49
4207E4I10, IRKNHKASKVLFHRRFYDRVYHIHDADTRR, 0.5
4207E5I11, IRKNHKASKVLFHRRFYDRVQHIHDADTRR, 0.52
4207E6I13, IRKNHKASKVLFHYRFYDRVQHIHDADTRR, 0.53
4207E7I25, IRKNHKASKVLFHYRFYDRVQHIHRADTRR, 0.56
4207E8I29, IRKNHKASKVLFHYRFYDRVQHIHRADTWR, 0.58
4207E9I38, IRNNHKASKVLFHYRFYDRVQHIHRADTWR, 0.64
4207E10I42, IRNNHKASKVLFHYRFYPRVQHIHRADTWR, 0.65
4207E11I60, IRNNHKASKVLFHYGFYPRVQHIHRADTWR, 0.67
4207E12I65, IRNNYKASKVLFHYGFYPRVQHIHRADTWR, 0.68
4207E13I70, IRNNYKASKVLFHYGFYPRLQHIHRADTWR, 0.7
4207E14I71, IRNNYLASKVLFHYGFYPRLQHIHRADTWR, 0.71
4207E15I79, IRNNYLASKVLFHYGFYPRLQHIHRAETWR, 0.72
4207E16I87, IRNNYLASKVLFHYWFYPRLQHIHRAETWR, 0.78
4207E17I89, IRNNYLASKVLFHYWFYWRLQHIHRAETWR, 0.8
4207E18I95, IRNNYLASFVLFHYWFYWRLQHIHRAETWR, 0.82
4207E19I112, IRNNYLASFVLFHYWFYWRLQHIHRAETWH, 0.83
4207E20I113, IRNNYLAEFVLFHYWFYWRLQHIHRAETWH, 0.87
4207E21I119, IRNNYLAEFVLFHYWFYWRLQHIHRAEFWH, 0.88
4207E22I151, IRNNYLAEFVLFHYWFYWRLQHIHRAEFFH, 0.89
