4575E0I0, VGEYLKPASGEHTTHGVISWDDLQSLGGQS, 0.38
4575E1I1, VGEYLKPASGEHTTHGVISWDDLQSIGGQS, 0.39
4575E2I2, VGEYLKPASGEHTGHGVISWDDLQSIGGQS, 0.4
4575E3I3, VEEYLKPASGEHTGHGVISWDDLQSIGGQS, 0.41
4575E4I7, VEEYLKPASGEHTGHGVISWDDLQSIGHQS, 0.49
4575E5I8, VEEYLKPASGRHTGHGVISWDDLQSIGHQS, 0.52
4575E6I11, VEEYLKPASGRHTGHGVISWDDLQSKGHQS, 0.57
4575E7I12, VEEYKKPASGRHTGHGVISWDDLQSKGHQS, 0.6
4575E8I21, VEEPKKPASGRHTGHGVISWDDLQSKGHQS, 0.61
4575E9I28, VEEPKKPASKRHTGHGVISWDDLQSKGHQS, 0.64
4575E10I35, VEEPKKPASKRHTGHGGISWDDLQSKGHQS, 0.66
4575E11I44, VEEPKKPASKRHTGHYGISWDDLQSKGHQS, 0.68
4575E12I47, VEEPKKTASKRHTGHYGISWDDLQSKGHQS, 0.69
4575E13I69, VEEPKKTASDRHTGHYGISWDDLQSKGHQS, 0.71
4575E14I77, VEEPKPTASDRHTGHYGISWDDLQSKGHQS, 0.72
4575E15I121, VEEPKPTASDRHLGHYGISWDDLQSKGHQS, 0.73
4575E16I139, VEEPKPTASDRHLLHYGISWDDLQSKGHQS, 0.74
4575E17I140, VEEPKKTASDRHLLHYGISWDDLQSKGHQS, 0.75
4575E18I150, VEEPKKTASDRHLLHYGISWDPLQSKGHQS, 0.77
