2299E0I0, AKELSIYRFPSPYTLKRHGDTRTDKTKVSH, 0.36
2299E1I3, AKELSIYRFPSPYTLKTHGDTRTDKTKVSH, 0.37
2299E2I5, AKELSIYRFSSPYTLKTHGDTRTDKTKVSH, 0.38
2299E3I7, AKELSIYRFSSPYTLKTHGDTRTDKTLVSH, 0.4
2299E4I8, AGELSIYRFSSPYTLKTHGDTRTDKTLVSH, 0.44
2299E5I9, AGELSIYRFSSPYDLKTHGDTRTDKTLVSH, 0.47
2299E6I11, AGELSIYRFSSPYDLKTHGDTRTDKKLVSH, 0.49
2299E7I12, AGELSIYRFSSPYDLKTHGDTKTDKKLVSH, 0.5
2299E8I18, AGELSIYRFSSPYDLKTHGDAKTDKKLVSH, 0.51
2299E9I41, AGELSIYRFSSPYDLKTHGDAKTDKKAVSH, 0.53
2299E10I43, AGELSIYRFSSPYDLKTHGDAKTPKKAVSH, 0.55
2299E11I55, AGELSIYRFFSPYDLKTHGDAKTPKKAVSH, 0.56
2299E12I56, AGELSIYRFFSPYDLKTHGDADTPKKAVSH, 0.58
2299E13I58, AGELSIYSFFSPYDLKTHGDADTPKKAVSH, 0.6
2299E14I63, AGELSIYSFFSPYDTKTHGDADTPKKAVSH, 0.61
2299E15I85, AGELQIYSFFSPYDTKTHGDADTPKKAVSH, 0.64
2299E16I88, AGELQIYSFFHPYDTKTHGDADTPKKAVSH, 0.65
2299E17I129, AGELQIYSFFHPYDTKTHNDADTPKKAVSH, 0.66
2299E18I137, AGELQIYSFFHPYDTKTHNDADTPKKAVSW, 0.7
2299E19I141, AGELQIYSFFHWYDTKTHNDADTPKKAVSW, 0.73
2299E20I146, AGESQIYSFFHWYDTKTHNDADTPKKAVSW, 0.74
2299E21I161, AGESQIYSFFHWYDTKTHNDYDTPKKAVSW, 0.76
2299E22I169, VGESQIYSFFHWYDTKTHNDYDTPKKAVSW, 0.78
2299E23I173, VGDSQIYSFFHWYDTKTHNDYDTPKKAVSW, 0.79
2299E24I175, VGDSQIYSTFHWYDTKTHNDYDTPKKAVSW, 0.8
2299E25I241, VGDSQIYDTFHWYDTKTHNDYDTPKKAVSW, 0.83
2299E26I305, VGDSQIYDTFHWYDTKTHNDYDTPKKAQSW, 0.85
