795E0I0, VIGNRAWQTKWFKISHPSNLAYWYRWHRES, 0.52
795E1I1, VIGNRAQQTKWFKISHPSNLAYWYRWHRES, 0.55
795E2I6, VIGNRAQQNKWFKISHPSNLAYWYRWHRES, 0.56
795E3I11, VIGNRAQQNKWFKISHPSLLAYWYRWHRES, 0.63
795E4I12, VIGNRAQQNKWFKISHPSLLAYWYRWARES, 0.68
795E5I39, VIGNRAQQNKWVKISHPSLLAYWYRWARES, 0.69
795E6I44, VIGNRAQQNKWVKISHPSLLAYWYRWAKES, 0.71
795E7I58, VIGNRAQQNKWVKIVHPSLLAYWYRWAKES, 0.73
795E8I60, KIGNRAQQNKWVKIVHPSLLAYWYRWAKES, 0.76
795E9I149, KIGNRAQQNKWVKIVHPSLLAYWYRWAAES, 0.77
795E10I241, KIGNRAYQNKWVKIVHPSLLAYWYRWAAES, 0.78
795E11I287, KIGNRAYQNKHVKIVHPSLLAYWYRWAAES, 0.8
795E12I328, KIGNHAYQNKHVKIVHPSLLAYWYRWAAES, 0.81
795E13I334, KIGNHAYQNKHVKIVHPSLLAYWYSWAAES, 0.84
795E14I335, KIGNHAYQNKHVKIVHPSLLAYWYSWAAEI, 0.85
