19595E0I0, AANVQIYNIDVTASQDVSDWQSKENIYHLH, 0.36
19595E1I1, AANVQIYNIDDTASQDVSDWQSKENIYHLH, 0.39
19595E2I7, AANVQIYNIDDTASQDVSDWNSKENIYHLH, 0.42
19595E3I15, AANVHIYNIDDTASQDVSDWNSKENIYHLH, 0.43
19595E4I22, AANQHIYNIDDTASQDVSDWNSKENIYHLH, 0.47
19595E5I25, AANQHIYNHDDTASQDVSDWNSKENIYHLH, 0.49
19595E6I29, AANQHIYRHDDTASQDVSDWNSKENIYHLH, 0.5
19595E7I31, AAPQHIYRHDDTASQDVSDWNSKENIYHLH, 0.51
19595E8I36, AAPQHIYRHDDTASQDQSDWNSKENIYHLH, 0.52
19595E9I38, AAPQHIYRHDDTASQDQSDWNSKENIYHLA, 0.53
19595E10I42, AAPQHIYRHDDTASQDQSDWNSKENIAHLA, 0.56
19595E11I43, AAPQHIYRHDDTASQDQSDWVSKENIAHLA, 0.59
19595E12I47, AAPQHIYRHDDTAYQDQSDWVSKENIAHLA, 0.61
19595E13I52, AAPQHIVRHDDTAYQDQSDWVSKENIAHLA, 0.64
19595E14I82, AAPQHIVRHDLTAYQDQSDWVSKENIAHLA, 0.67
19595E15I85, AAPQHIVHHDLTAYQDQSDWVSKENIAHLA, 0.68
19595E16I98, AAPQHIVHHGLTAYQDQSDWVSKENIAHLA, 0.69
19595E17I148, AAPQHIVFHGLTAYQDQSDWVSKENIAHLA, 0.7
19595E18I155, AAPQHIVFHGLTAYQDQSDWVSKENWAHLA, 0.71
19595E19I167, AAPQHIVFHGLTAYQDQSSWVSKENWAHLA, 0.76
19595E20I173, AAPQHIVFHLLTAYQDQSSWVSKENWAHLA, 0.79
19595E21I180, AAPQHIVFHLLTAYQDQWSWVSKENWAHLA, 0.81
19595E22I189, AAPQHIVFHLLTAYQDQWSWVSPENWAHLA, 0.82
19595E23I190, AAPQHIVFHLLTAYQDQWSWVSPEWWAHLA, 0.83
19595E24I235, AAPQHIVFHLLTAYQDQWSWVSDEWWAHLA, 0.84
19595E25I241, AAPQHIVFHLLTAYQDQVSWVSDEWWAHLA, 0.85
19595E26I263, AASQHIVFHLLTAYQDQVSWVSDEWWAHLA, 0.87
19595E27I267, AASQHIVFHLLTAYQGQVSWVSDEWWAHLA, 0.88
19595E28I277, AASQHIVFHLLTAYPGQVSWVSDEWWAHLA, 0.9
19595E29I288, AASQHIVFHLLTAYPGQVSWVSDYWWAHLA, 0.92
19595E30I313, AASQHIVFHLPTAYPGQVSWVSDYWWAHLA, 0.93
19595E31I317, AASQHIVFHLPTAYPGQVTWVSDYWWAHLA, 0.94
19595E32I412, AASQHIVFHLPTAYPGQVTWRSDYWWAHLA, 0.95
19595E33I439, AASQHIVFHLPTAHPGQVTWRSDYWWAHLA, 0.96
