13286E0I0, DSIIVDPYHHSWDKGLTNIDVDEGGGVTTK, 0.43
13286E1I3, DSIIVDPYHHSWDKGLTNIDKDEGGGVTTK, 0.44
13286E2I4, DSIIVDPYHHSWDKGLTNIDKDEGGGSTTK, 0.45
13286E3I6, DSIIVDPYHHSWDKGLTNIDKDEGGGSGTK, 0.47
13286E4I11, DSIIVDPYHHSWDPGLTNIDKDEGGGSGTK, 0.49
13286E5I12, DSIIVDPYHHSWDPGLTNIDKDEGEGSGTK, 0.5
13286E6I16, ISIIVDPYHHSWDPGLTNIDKDEGEGSGTK, 0.51
13286E7I32, ISIIVDEYHHSWDPGLTNIDKDEGEGSGTK, 0.54
13286E8I45, IHIIVDEYHHSWDPGLTNIDKDEGEGSGTK, 0.55
13286E9I51, IHIIVPEYHHSWDPGLTNIDKDEGEGSGTK, 0.56
13286E10I53, IHIIVPEYHHSWDPGLTNFDKDEGEGSGTK, 0.61
13286E11I71, IHIIVPEYHISWDPGLTNFDKDEGEGSGTK, 0.66
13286E12I84, IHIIVPEYHISWDPGLTNFDFDEGEGSGTK, 0.71
13286E13I93, IHIPVPEYHISWDPGLTNFDFDEGEGSGTK, 0.72
13286E14I95, EHIPVPEYHISWDPGLTNFDFDEGEGSGTK, 0.75
13286E15I120, EHIPVPEYHISWDPGLENFDFDEGEGSGTK, 0.76
13286E16I123, EHIPVPEYHISWDPGLPNFDFDEGEGSGTK, 0.77
13286E17I124, EHIPVPEYHISWHPGLPNFDFDEGEGSGTK, 0.78
13286E18I144, PHIPVPEYHISWHPGLPNFDFDEGEGSGTK, 0.79
13286E19I174, PHIPVPEYHISWHPGLPNFDFDEGEGSGLK, 0.8
13286E20I250, PHIPVPEYHISWHPGLPNFDFDEGEGTGLK, 0.81
13286E21I291, PHIPVPEYHISWHPGLPNFDFDEDEGTGLK, 0.82
13286E22I293, PHIPVPEYHISWHPGLPNFDFDEDDGTGLK, 0.83
13286E23I295, PHIPVPEYHISWHPGLPEFDFDEDDGTGLK, 0.84
13286E24I315, PHIPVPEYHISWHPGLPEFDFDEEDGTGLK, 0.86
13286E25I325, PHIPVPEYHISWHPGLPEFDFDEFDGTGLK, 0.87
13286E26I342, PHIPVPEYHISWHPGLPEFDFDEFDHTGLK, 0.89
13286E27I370, PHIQVPEYHISWHPGLPEFDFDEFDHTGLK, 0.91
13286E28I421, PHIQVPEYHISWHPLLPEFDFDEFDHTGLK, 0.92
13286E29I467, PHIQVPEYHISWHPPLPEFDFDEFDHTGLK, 0.93
