5333E0I0, RLNHYRRREWNDKFKDYADGKHTVHVKRFN, 0.31
5333E1I2, RLNHDRRREWNDKFKDYADGKHTVHVKRFN, 0.33
5333E2I4, RLNHDRRREWNDKFKDYAKGKHTVHVKRFN, 0.38
5333E3I6, RLNHDRRREWKDKFKDYAKGKHTVHVKRFN, 0.41
5333E4I7, RLNHDRRREWKDAFKDYAKGKHTVHVKRFN, 0.49
5333E5I20, RLVHDRRREWKDAFKDYAKGKHTVHVKRFN, 0.51
5333E6I25, RLVHDRRREWKDAFKDYAKGKHTVHVKTFN, 0.56
5333E7I29, RLVHNRRREWKDAFKDYAKGKHTVHVKTFN, 0.62
5333E8I39, RLVHNRRREWKLAFKDYAKGKHTVHVKTFN, 0.68
5333E9I48, RLVHNRRREWKLAFKDYAKGKHTVHVKTFF, 0.71
5333E10I49, RLVHNRRREWKLAFKDYAKGKHTAHVKTFF, 0.72
5333E11I61, RLVHNRRREWKLAFKDYAKGKHTAHVHTFF, 0.73
5333E12I64, RLWHNRRREWKLAFKDYAKGKHTAHVHTFF, 0.76
5333E13I71, RLWHNRRRLWKLAFKDYAKGKHTAHVHTFF, 0.78
5333E14I72, RLWHNRRRLWKLAFKDYAKGKHTAHVHTFD, 0.79
5333E15I73, RLWHNRRRLWKLAFKDYAKFKHTAHVHTFD, 0.83
5333E16I91, PLWHNRRRLWKLAFKDYAKFKHTAHVHTFD, 0.84
5333E17I119, PLWHNRRRHWKLAFKDYAKFKHTAHVHTFD, 0.85
5333E18I126, PLWHNRRRHWKLAVKDYAKFKHTAHVHTFD, 0.86
5333E19I164, PLWHNRRRHWKLAVGDYAKFKHTAHVHTFD, 0.88
5333E20I178, PHWHNRRRHWKLAVGDYAKFKHTAHVHTFD, 0.89
5333E21I195, PHWHNRRRHWALAVGDYAKFKHTAHVHTFD, 0.9
5333E22I201, GHWHNRRRHWALAVGDYAKFKHTAHVHTFD, 0.92
5333E23I228, GHWHNRRRHWALAVGDYAKFKHTAHVHTFP, 0.93
