2845E0I0, KIQWHNDKRTRVYYPPFYNFGENHYRSVFE, 0.27
2845E1I1, KIQWHNDKRTRVYYPPFYNFGENDYRSVFE, 0.29
2845E2I4, KYQWHNDKRTRVYYPPFYNFGENDYRSVFE, 0.3
2845E3I7, KYQWHNDKRTRVYYPPFYNFSENDYRSVFE, 0.32
2845E4I10, VYQWHNDKRTRVYYPPFYNFSENDYRSVFE, 0.33
2845E5I12, VYQWHNDKRTRVYYPPFYNFSENDYRSVFS, 0.4
2845E6I13, VYQWHNDKRTRVYYPPFYNFSENDYRSWFS, 0.46
2845E7I25, VYQWHNDKRTRVYYPPFYNFSENRYRSWFS, 0.47
2845E8I29, VYQWHNDKRDRVYYPPFYNFSENRYRSWFS, 0.51
2845E9I32, VIQWHNDKRDRVYYPPFYNFSENRYRSWFS, 0.53
2845E10I34, VIQWHNDKRDRVEYPPFYNFSENRYRSWFS, 0.56
2845E11I37, VIQWHNDKRDRVEYPPFYNFSHNRYRSWFS, 0.61
2845E12I39, VIQWHNDKRDRVEYLPFYNFSHNRYRSWFS, 0.62
2845E13I45, VIQWHNDKRDRVEYLPFYNFLHNRYRSWFS, 0.64
2845E14I52, VIQWHNDKRDRDEYLPFYNFLHNRYRSWFS, 0.65
2845E15I58, VIQWHNDKRDRDEYLPFYTFLHNRYRSWFS, 0.66
2845E16I65, VIQWHNDKRDRDEYLPFPTFLHNRYRSWFS, 0.7
2845E17I69, VIQWHNDKRDRDEYLPFATFLHNRYRSWFS, 0.72
2845E18I75, VIQWHNDKRDRDEYLPAATFLHNRYRSWFS, 0.73
2845E19I78, VLQWHNDKRDRDEYLPAATFLHNRYRSWFS, 0.75
2845E20I81, VLQWHNDKRDRDEYLPLATFLHNRYRSWFS, 0.78
2845E21I86, VLQWHNDKRDRDEYLPLATFLHNRYRSWFD, 0.79
2845E22I87, VLQWHNDKRSRDEYLPLATFLHNRYRSWFD, 0.8
2845E23I109, VLQWHNDKRSRDEYLPLATFLHNRYRSWFW, 0.81
2845E24I130, VLQWHNDKRSRDEYLPLATFLHNRYRSWYW, 0.82
2845E25I142, VLQWHADKRSRDEYLPLATFLHNRYRSWYW, 0.83
2845E26I163, VLPWHADKRSRDEYLPLATFLHNRYRSWYW, 0.84
2845E27I165, VLPWAADKRSRDEYLPLATFLHNRYRSWYW, 0.88
2845E28I178, VLPWAADKRSRDEYLPLATFLHNRYASWYW, 0.89
