6202E0I0, AEDLTQALAFFLGVARQEVAPTNIFFTHIL, 0.45
6202E1I3, AEDLTQALAFFLGIARQEVAPTNIFFTHIL, 0.51
6202E2I5, AEDLTQALAFFLGIAREEVAPTNIFFTHIL, 0.52
6202E3I7, AEDLTQALAFFLIIAREEVAPTNIFFTHIL, 0.55
6202E4I8, AEDLTQALAFFLIIAREEVAPTNIFLTHIL, 0.64
6202E5I17, AEDLTQALAFFLIIAREEVDPTNIFLTHIL, 0.66
6202E6I22, AEDLTQAHAFFLIIAREEVDPTNIFLTHIL, 0.69
6202E7I28, AEDLTQAHAFFLIIAREEVDPTNIFLTHNL, 0.7
6202E8I30, AEDLTQAHAFFLIIGREEVDPTNIFLTHNL, 0.71
6202E9I32, AEDLTQAHHFFLIIGREEVDPTNIFLTHNL, 0.72
6202E10I57, AADLTQAHHFFLIIGREEVDPTNIFLTHNL, 0.74
6202E11I63, AAFLTQAHHFFLIIGREEVDPTNIFLTHNL, 0.75
6202E12I73, AAFLTQAHHFFLIIGRSEVDPTNIFLTHNL, 0.77
6202E13I80, AAFLTQAHHFFLIIGRSEVKPTNIFLTHNL, 0.79
6202E14I94, AAFLTWAHHFFLIIGRSEVKPTNIFLTHNL, 0.81
6202E15I102, AAFLTWAHHFFLIIGRSAVKPTNIFLTHNL, 0.83
6202E16I113, AAFLTWAHHFFLIIGRSQVKPTNIFLTHNL, 0.84
