1747E0I0, YFVKFQSPTWRHSRHEGEVVNNAQEVQAGG, 0.46
1747E1I1, YFVKFWSPTWRHSRHEGEVVNNAQEVQAGG, 0.53
1747E2I3, YFVKFWSPTWRHSRHEGEVVNNAAEVQAGG, 0.54
1747E3I14, YFVKFWSPTWRHSRHLGEVVNNAAEVQAGG, 0.55
1747E4I17, YFVKFWSPTWRHSRHLGEVVNNAAENQAGG, 0.6
1747E5I21, YFVKFWSPTWRHSRHLGEVVNNIAENQAGG, 0.68
1747E6I31, YFVKFWSPTWRHSRHLGEVVNNIVENQAGG, 0.69
1747E7I44, YFVKFWSPTWRHSRHLGEVVNHIVENQAGG, 0.7
1747E8I61, YFVKFWSPTWRHSRHLGEVVNHLVENQAGG, 0.71
1747E9I69, YFVKHWSPTWRHSRHLGEVVNHLVENQAGG, 0.72
1747E10I72, YFVKHWSPTWRHPRHLGEVVNHLVENQAGG, 0.73
1747E11I73, YFVKHWSPTWRHPRHLGQVVNHLVENQAGG, 0.76
1747E12I91, YFVKHWSPTWRHPRHLGQVVNHLVENQAGF, 0.77
1747E13I94, YFVGHWSPTWRHPRHLGQVVNHLVENQAGF, 0.78
1747E14I99, YFVGHWSPTWRHPRHLGQVVNHLVENQAGG, 0.79
1747E15I102, YFVGHWSPTWRHPRHLGQVVNHLSENQAGG, 0.83
1747E16I116, YFVGHWSPTWRHPRHLGQVVNHLSENQRGG, 0.84
1747E17I139, YFVGHWSPTWRHPRHLGQVVNHLSENQRGQ, 0.86
1747E18I162, YFVGHWSPTWRHPRHLGQVVNHLSENQRLQ, 0.87
1747E19I163, YFVGHWSPTWFHPRHLGQVVNHLSENQRLQ, 0.89
1747E20I207, YFVGHWSPTWFHPRHLGQVVNHLSENQRGQ, 0.9
