16671E0I0, HLFYQADSSTHNARSFKVYRYQHNSFRHHS, 0.55
16671E1I3, HLFYQADSSTHNARSFKVYRYQHNSPRHHS, 0.6
16671E2I4, HLFYQADSSTHNARSFKVYRYQHNSPIHHS, 0.61
16671E3I7, HLFYQADSSTHNARSFKVYRYQHNSPEHHS, 0.63
16671E4I10, HLFYLADSSTHNARSFKVYRYQHNSPEHHS, 0.66
16671E5I25, HLFYLADSSTHNARSFKVYRYQHNSPEHHR, 0.67
16671E6I26, HLFYLADSSTHNARSFKVYRYQHNSDEHHR, 0.68
16671E7I28, HLFYLADSSTHFARSFKVYRYQHNSDEHHR, 0.7
16671E8I45, HLFYLADSSTHFARSFKVYRYQHNTDEHHR, 0.71
16671E9I67, HLFYLADPSTHFARSFKVYRYQHNTDEHHR, 0.72
16671E10I69, HLFYLADPSTAFARSFKVYRYQHNTDEHHR, 0.74
16671E11I92, HLFYLADPSTAHARSFKVYRYQHNTDEHHR, 0.75
16671E12I97, HWFYLADPSTAHARSFKVYRYQHNTDEHHR, 0.76
16671E13I102, HWFYLADPSTAHARSFKVYRYAHNTDEHHR, 0.77
16671E14I104, HWFYLADPSWAHARSFKVYRYAHNTDEHHR, 0.78
16671E15I106, HWFYLADPSWAHARSFKVYRYAHNTDEWHR, 0.79
16671E16I117, HWFYLADPSWAHARPFKVYRYAHNTDEWHR, 0.81
16671E17I126, HWFYLADPSWAHARPFKVYIYAHNTDEWHR, 0.82
16671E18I133, HWFYLADPSWAHARPFKVYIYAHNSDEWHR, 0.84
16671E19I157, HWFYLADPWWAHARPFKVYIYAHNSDEWHR, 0.85
16671E20I193, HWFYLADPWAAHARPFKVYIYAHNSDEWHR, 0.86
16671E21I194, HWSYLADPWAAHARPFKVYIYAHNSDEWHR, 0.87
16671E22I209, HWSYLADPWAAHARPFKVYIYAHNSDEWHA, 0.88
16671E23I259, HWSYLADPWAAHARPFKVYIYAHNQDEWHA, 0.9
