16117E0I0, PLWFDNWWNNVTTGDITWWNQGISFYNVGQ, 0.39
16117E1I1, PLWFDNWWNNVTTGDITWWNQGISTYNVGQ, 0.42
16117E2I2, PLWFDNWWNNVTTGDITWWNQGFSTYNVGQ, 0.43
16117E3I3, PLWFWNWWNNVTTGDITWWNQGFSTYNVGQ, 0.44
16117E4I4, PLWFWNWWNHVTTGDITWWNQGFSTYNVGQ, 0.48
16117E5I11, PTWFWNWWNHVTTGDITWWNQGFSTYNVGQ, 0.51
16117E6I13, PTWFWNWWNHVTTGDITWWNQGFSTYNDGQ, 0.56
16117E7I18, PTWFWNWWNHVVTGDITWWNQGFSTYNDGQ, 0.59
16117E8I22, PTWFWNWWTHVVTGDITWWNQGFSTYNDGQ, 0.61
16117E9I24, PTWFWNWWTHVVTGDITWWNQGFSTYPDGQ, 0.62
16117E10I40, PTWFWNWWTHVVTGDITWWNQNFSTYPDGQ, 0.63
16117E11I45, PTWFWNWWTHVVTGDITWWNQHFSTYPDGQ, 0.67
16117E12I48, PTWFWNWWTHVVTGDITWWNQHFSPYPDGQ, 0.68
16117E13I57, PTWFWNWWTHVVTGDITWWRQHFSPYPDGQ, 0.69
16117E14I61, PTWFWNWWTHVVTGDITWWRQHFSPYADGQ, 0.71
16117E15I74, PTWFWNWWTHVVTGDITWWSQHFSPYADGQ, 0.73
16117E16I78, PTWFWNWATHVVTGDITWWSQHFSPYADGQ, 0.74
16117E17I84, PTWFWNWLTHVVTGDITWWSQHFSPYADGQ, 0.75
16117E18I89, PTWFWNWLTHVVTGDITWWSQHFYPYADGQ, 0.76
16117E19I90, PTWFWNWLTHVVTGDITWWSQHFYPWADGQ, 0.79
16117E20I97, PTWFWNWLTHVVTGDIHWWSQHFYPWADGQ, 0.85
16117E21I106, PTWFWNWLTHVVTGDIHWWSQHFYPWADGD, 0.88
16117E22I115, PTWFWNWLTHVVTGDIHWWSQHFYPWAFGD, 0.89
