18072E0I0, GTQQERYPIIYANPGFVHEDEDPSYTAYKL, 0.48
18072E1I2, GTQQERYPIIYANPGFVHEDEPPSYTAYKL, 0.49
18072E2I3, DTQQERYPIIYANPGFVHEDEPPSYTAYKL, 0.51
18072E3I5, DTQQERYPIIYANPGFVHEDEPPSYTAFKL, 0.57
18072E4I8, DTQQERHPIIYANPGFVHEDEPPSYTAFKL, 0.6
18072E5I11, DTKQERHPIIYANPGFVHEDEPPSYTAFKL, 0.63
18072E6I16, DTKQERHPIIYANPGFVHEDEPPSLTAFKL, 0.64
18072E7I26, DPKQERHPIIYANPGFVHEDEPPSLTAFKL, 0.66
18072E8I43, DPKQERHPIIYANPGFVVEDEPPSLTAFKL, 0.68
18072E9I53, DPKQERHPIIYRNPGFVVEDEPPSLTAFKL, 0.71
18072E10I64, DPKQERHPIIYRWPGFVVEDEPPSLTAFKL, 0.76
18072E11I77, DPKQERHPIIYRWPGFVVVDEPPSLTAFKL, 0.78
18072E12I123, DPKQERHPIIYYWPGFVVVDEPPSLTAFKL, 0.82
18072E13I149, DPYQERHPIIYYWPGFVVVDEPPSLTAFKL, 0.84
18072E14I152, DPWQERHPIIYYWPGFVVVDEPPSLTAFKL, 0.85
18072E15I170, DPWQERHHIIYYWPGFVVVDEPPSLTAFKL, 0.86
18072E16I193, DPWQERHHIIYYWPRFVVVDEPPSLTAFKL, 0.87
