15026E0I0, AHGDAQDSAGQIINRKVQNKQHFKVLLQEV, 0.42
15026E1I1, ATGDAQDSAGQIINRKVQNKQHFKVLLQEV, 0.43
15026E2I2, ATGDAQDTAGQIINRKVQNKQHFKVLLQEV, 0.46
15026E3I5, LTGDAQDTAGQIINRKVQNKQHFKVLLQEV, 0.49
15026E4I6, LTGDWQDTAGQIINRKVQNKQHFKVLLQEV, 0.5
15026E5I9, LTGDWQDTAGQIIYRKVQNKQHFKVLLQEV, 0.54
15026E6I22, LTGDWQDTAGQIIYRKVQNKQYFKVLLQEV, 0.55
15026E7I27, ETGDWQDTAGQIIYRKVQNKQYFKVLLQEV, 0.57
15026E8I28, ETGDWQDTAGQIIYRKVQNKQYFKVLLQIV, 0.58
15026E9I31, ETGDWQDTAHQIIYRKVQNKQYFKVLLQIV, 0.62
15026E10I68, ETGDWQDTAHQIIYRKVQNKQYFKVPLQIV, 0.63
15026E11I73, ETGDWQDTAHQIIYRKVQNKQYFGVPLQIV, 0.65
15026E12I74, ETGDWQDTAHQIIYRKVQNKQDFGVPLQIV, 0.68
15026E13I80, ETGDTQDTAHQIIYRKVQNKQDFGVPLQIV, 0.71
15026E14I93, ETGDTQDTAHWIIYRKVQNKQDFGVPLQIV, 0.72
15026E15I96, ETGDTQDTAHWIIYRKVQNKQDFFVPLQIV, 0.74
15026E16I102, ETGDTQDTAHWIIYRKVQVKQDFFVPLQIV, 0.78
15026E17I122, ETGDTQDTAHWIISRKVQVKQDFFVPLQIV, 0.8
15026E18I139, ETGDTQDTAHWHISRKVQVKQDFFVPLQIV, 0.81
15026E19I157, ETGDTQDTAHWHISRKVQVRQDFFVPLQIV, 0.82
15026E20I158, ETGDTQDTAHWHRSRKVQVRQDFFVPLQIV, 0.83
15026E21I189, ETGDTQDTAHWHRSRKVQVRQDFFVPLQFV, 0.85
15026E22I219, ETGDTQDTAHWHHSRKVQVRQDFFVPLQFV, 0.87
15026E23I234, ETGDTQDTAHWHHSRKVQVRQDFFVPLQHV, 0.89
