9694E0I0, LLTGIWYFWISHIYRFSLESWITSQFKLRI, 0.47
9694E1I2, LLPGIWYFWISHIYRFSLESWITSQFKLRI, 0.48
9694E2I6, LLPGIWYFWISHIYRSSLESWITSQFKLRI, 0.51
9694E3I11, LLPGIDYFWISHIYRSSLESWITSQFKLRI, 0.52
9694E4I14, LLPGIDYFWISHIYRSSLASWITSQFKLRI, 0.54
9694E5I15, LLPLIDYFWISHIYRSSLASWITSQFKLRI, 0.57
9694E6I23, LLPLIDYFWISWIYRSSLASWITSQFKLRI, 0.61
9694E7I26, LPPLIDYFWISWIYRSSLASWITSQFKLRI, 0.63
9694E8I37, LPPLIDYWWISWIYRSSLASWITSQFKLRI, 0.67
9694E9I42, LPSLIDYWWISWIYRSSLASWITSQFKLRI, 0.68
9694E10I48, LPSLIDYWWITWIYRSSLASWITSQFKLRI, 0.69
9694E11I66, LPSLIDYWWITWIYRSSLASWIASQFKLRI, 0.71
9694E12I76, LPSLIDYWWITWIYRSSLASWIASQFKLRY, 0.74
9694E13I87, LPSLWDYWWITWIYRSSLASWIASQFKLRY, 0.75
9694E14I88, LPSLWIYWWITWIYRSSLASWIASQFKLRY, 0.76
9694E15I126, LPSLWIYWWITWIYRSSLASWIASQFKLFY, 0.77
9694E16I145, LPSLWIYWIITWIYRSSLASWIASQFKLFY, 0.78
