19387E0I0, QQYVFNVHARRQKGAFFRHTQIPQKAQIWR, 0.39
19387E1I6, QQYVFKVHARRQKGAFFRHTQIPQKAQIWR, 0.45
19387E2I7, QQYVFKVHARHQKGAFFRHTQIPQKAQIWR, 0.48
19387E3I9, QQYSFKVHARHQKGAFFRHTQIPQKAQIWR, 0.54
19387E4I10, QQYSFKVHARHTKGAFFRHTQIPQKAQIWR, 0.57
19387E5I11, WQYSFKVHARHTKGAFFRHTQIPQKAQIWR, 0.61
19387E6I22, WQYSFKVHARHTKGAFFRHTQIIQKAQIWR, 0.63
19387E7I27, WQYSFKVHARHTKGAKFRHTQIIQKAQIWR, 0.64
19387E8I42, WQYLFKVHARHTKGAKFRHTQIIQKAQIWR, 0.66
19387E9I43, TQYLFKVHARHTKGAKFRHTQIIQKAQIWR, 0.67
19387E10I50, YQYLFKVHARHTKGAKFRHTQIIQKAQIWR, 0.68
19387E11I52, YQYLFKVHARHTKGAKFRHTQIIGKAQIWR, 0.71
19387E12I68, YQYLFKVHARHTKGAKFRHTQIIGKAQWWR, 0.72
19387E13I70, YQYLFKVHARHTKGAKFRHTQIIGKAQWWA, 0.74
19387E14I73, YQYLFKVHAQHTKGAKFRHTQIIGKAQWWA, 0.75
19387E15I87, YQYLFKVHAQHTKGAKFRHTQIIGKAQHWA, 0.78
19387E16I115, YQYLFKWHAQHTKGAKFRHTQIIGKAQHWA, 0.79
19387E17I150, YQYLFKWHHQHTKGAKFRHTQIIGKAQHWA, 0.8
19387E18I160, YWYLFKWHHQHTKGAKFRHTQIIGKAQHWA, 0.82
19387E19I199, YWYLFKWHHLHTKGAKFRHTQIIGKAQHWA, 0.84
19387E20I210, YWYLFKWHHLHTKGAKFVHTQIIGKAQHWA, 0.85
19387E21I217, YWYLFKWHHLHTKGAKFVHTQIVGKAQHWA, 0.86
19387E22I230, YWYLFKWHHLHTKGAKFVHTQIVGKARHWA, 0.88
19387E23I248, YWYLFKWHHLHTKGAKFGHTQIVGKARHWA, 0.89
19387E24I317, YWYLFKWHHLHTKGAKFGHTQIYGKARHWA, 0.9
