4415E0I0, YHENELRQVYLYLNIFAKFGQLRGNVKHGF, 0.3
4415E1I1, YHENELRQVYLYNNIFAKFGQLRGNVKHGF, 0.33
4415E2I3, YHENELRQVYDYNNIFAKFGQLRGNVKHGF, 0.34
4415E3I5, YHENELRQVYDYNNIFAKFGQLRGNVSHGF, 0.36
4415E4I7, YWENELRQVYDYNNIFAKFGQLRGNVSHGF, 0.42
4415E5I14, YWENELRQVYDYNWIFAKFGQLRGNVSHGF, 0.45
4415E6I15, YWENELRQVSDYNWIFAKFGQLRGNVSHGF, 0.52
4415E7I21, YWENELRQVSDYNWIFAKFGKLRGNVSHGF, 0.53
4415E8I33, YWVNELRQVSDYNWIFAKFGKLRGNVSHGF, 0.56
4415E9I35, YWVNELRQVSDYNWFFAKFGKLRGNVSHGF, 0.59
4415E10I36, YWVNELRQVSDYNWFFAKFAKLRGNVSHGF, 0.66
4415E11I40, YWVNFLRQVSDYNWFFAKFAKLRGNVSHGF, 0.73
4415E12I44, YWVAFLRQVSDYNWFFAKFAKLRGNVSHGF, 0.74
4415E13I49, TWVAFLRQVSDYNWFFAKFAKLRGNVSHGF, 0.75
4415E14I52, TWVAFLGQVSDYNWFFAKFAKLRGNVSHGF, 0.76
4415E15I140, TWVAFLGQVSDYNWFFAKFAKLRGHVSHGF, 0.79
4415E16I144, TWVAFLGQVSDYNWFFAKFAKLRGHVSHGA, 0.8
4415E17I145, TWVAFLGAVSDYNWFFAKFAKLRGHVSHGA, 0.82
4415E18I149, TWVAFLGAVSDYNWFFAKFAKLYGHVSHGA, 0.83
4415E19I184, TWVRFLGAVSDYNWFFAKFAKLYGHVSHGA, 0.85
