3597E0I0, QIIHKKLTNSEPEHGANTPYSNYHWSQWRI, 0.52
3597E1I1, QIIHKKLTNSEPEHGANTPYSNYHWSQARI, 0.53
3597E2I2, QIIHKKLTNSDPEHGANTPYSNYHWSQARI, 0.54
3597E3I3, QIIHKKLTNSDPEHFANTPYSNYHWSQARI, 0.55
3597E4I6, QIIHKKLTNSVPEHFANTPYSNYHWSQARI, 0.56
3597E5I23, QIIHVKLTNSVPEHFANTPYSNYHWSQARI, 0.58
3597E6I24, QIIHVKLTFSVPEHFANTPYSNYHWSQARI, 0.6
3597E7I31, QIIHVKLTFSVPEHFANTPYSSYHWSQARI, 0.62
3597E8I36, QIIHVKLTFSVPEHFANTPYSSYHWSQAHI, 0.68
3597E9I43, QIIHVKLTFSVPEHAANTPYSSYHWSQAHI, 0.69
3597E10I45, QIIHVKLTFSVPEWAANTPYSSYHWSQAHI, 0.7
3597E11I69, QIIHVKLTFSVPEWAAFTPYSSYHWSQAHI, 0.75
3597E12I72, QIIHVKLTFKVPEWAAFTPYSSYHWSQAHI, 0.79
3597E13I84, QIIHIKLTFKVPEWAAFTPYSSYHWSQAHI, 0.81
3597E14I87, QIIHIFLTFKVPEWAAFTPYSSYHWSQAHI, 0.84
3597E15I114, QHIHIFLTFKVPEWAAFTPYSSYHWSQAHI, 0.87
3597E16I115, KHIHIFLTFKVPEWAAFTPYSSYHWSQAHI, 0.88
3597E17I135, KHIHIFLTFKVPEWAAFTPYSSYHWSQIHI, 0.9
3597E18I163, KHIHIFLTFKVPEWAAHTPYSSYHWSQIHI, 0.91
3597E19I176, KHIHIFLTFKVPEWAAHAPYSSYHWSQIHI, 0.93
3597E20I184, KHIHIFLTFKVPEWAAHARYSSYHWSQIHI, 0.94
3597E21I247, KHIHAFLTFKVPEWAAHARYSSYHWSQIHI, 0.95
