19191E0I0, VKSNIQAGAWFNEREWTLLPINVNPPDSQS, 0.27
19191E1I4, VKSNIQAGAWFNEREWTALPINVNPPDSQS, 0.29
19191E2I6, VKSNIQAGAWFNEREWTALPINVNPPDSQK, 0.3
19191E3I8, VKSNIQAGAWFNEREWTALPINVNPPDFQK, 0.32
19191E4I11, EKSNIQAGAWFNEREWTALPINVNPPDFQK, 0.34
19191E5I13, EKSNIQGGAWFNEREWTALPINVNPPDFQK, 0.37
19191E6I23, EKSNIQGGAWFAEREWTALPINVNPPDFQK, 0.43
19191E7I25, EKSNIQGGAWFAEREWTALPRNVNPPDFQK, 0.44
19191E8I26, EKSNIQGGYWFAEREWTALPRNVNPPDFQK, 0.46
19191E9I34, EKSNWQGGYWFAEREWTALPRNVNPPDFQK, 0.48
19191E10I41, EKSNWQGGYWFAEREWTALPRNVNPPDFQH, 0.5
19191E11I42, EKSNWQGGYWFAEREWTALPRNVNPPDFLH, 0.52
19191E12I51, EKSNWQGGYWFAEREWTALPRQVNPPDFLH, 0.56
19191E13I55, EKSLWQGGYWFAEREWTALPRQVNPPDFLH, 0.58
19191E14I60, EKSLWQGGYWAAEREWTALPRQVNPPDFLH, 0.61
19191E15I82, EKSLWQWGYWAAEREWTALPRQVNPPDFLH, 0.63
19191E16I89, EKSLWQWGYWAAEREWTALPNQVNPPDFLH, 0.64
19191E17I91, EKSLWQWGYWAAEREWTALPNQVNPPEFLH, 0.66
19191E18I93, EKSLWQWGYWAAEREDTALPNQVNPPEFLH, 0.68
19191E19I98, EKSLWQWGYWAAEREDTAVPNQVNPPEFLH, 0.73
19191E20I99, EKSLWQWGYWAAEREDTAVPNQVHPPEFLH, 0.75
19191E21I106, EKWLWQWGYWAAEREDTAVPNQVHPPEFLH, 0.79
19191E22I111, EPWLWQWGYWAAEREDTAVPNQVHPPEFLH, 0.8
19191E23I112, EPWLWQWGYWAAEREDTAVPNQVHPAEFLH, 0.81
19191E24I116, EPWLWQHGYWAAEREDTAVPNQVHPAEFLH, 0.84
19191E25I129, EWWLWQHGYWAAEREDTAVPNQVHPAEFLH, 0.86
19191E26I130, EWWLWQHGYWAAEREDTAVPNQVHPAEFVH, 0.87
19191E27I140, EWWLWQHGYWAAEREDTAVPNQVHPAEFSH, 0.88
19191E28I148, EWWLWQHGYWAAEREDTAVPNQVHPAEFSP, 0.9
19191E29I155, EWWLWQHGYWAADREDTAVPNQVHPAEFSP, 0.91
19191E30I185, EWWHWQHGYWAADREDTAVPNQVHPAEFSP, 0.92
19191E31I195, EWWHWQHGYWAADREDPAVPNQVHPAEFSP, 0.93
19191E32I201, EWWHWQHGYWAADREDPAVPNQHHPAEFSP, 0.94
