13292E0I0, QEIASKSFSNWIQRRTWYHQLIEKHFRVII, 0.33
13292E1I2, QEIASKSFSNWIWRRTWYHQLIEKHFRVII, 0.37
13292E2I3, QEIASKSFSNWIWRRTWYHQLIEKHFRVFI, 0.4
13292E3I6, QEIASKEFSNWIWRRTWYHQLIEKHFRVFI, 0.42
13292E4I7, QEIASKEFSNWIWRRTWYHQLIEKHFRVPI, 0.47
13292E5I20, QEIASKEFSNWIWRRTWYHQLIYKHFRVPI, 0.48
13292E6I25, QEIASKEFSNWIWRFTWYHQLIYKHFRVPI, 0.49
13292E7I31, QEIASKEFSNWIWRFTWYHQLAYKHFRVPI, 0.55
13292E8I33, QEIASKEFSNWIWRFTWYHQLAYKHFIVPI, 0.56
13292E9I34, QEIAWKEFSNWIWRFTWYHQLAYKHFIVPI, 0.62
13292E10I36, QEIAWKEFSNWIDRFTWYHQLAYKHFIVPI, 0.63
13292E11I42, QEIAWKEFSNWIDTFTWYHQLAYKHFIVPI, 0.65
13292E12I48, QEIAWKEFSNWIDTFTWYHQLAYKHWIVPI, 0.66
13292E13I50, QESAWKEFSNWIDTFTWYHQLAYKHWIVPI, 0.68
13292E14I58, QESAWKEFSNHIDTFTWYHQLAYKHWIVPI, 0.71
13292E15I59, QESYWKEFSNHIDTFTWYHQLAYKHWIVPI, 0.75
13292E16I61, QESYWKEFSNHIDTFTWAHQLAYKHWIVPI, 0.77
13292E17I69, QESYWKEFSNHIDTFTWAHPLAYKHWIVPI, 0.81
13292E18I80, QESYWKEFSNHIFTFTWAHPLAYKHWIVPI, 0.85
13292E19I95, QESYWKEFSPHIFTFTWAHPLAYKHWIVPI, 0.87
13292E20I122, QESYWKEFSPHIFTFTWAHPLAPKHWIVPI, 0.88
13292E21I209, QESYWKEFSPHIFTFTWAHPLAPPHWIVPI, 0.89
13292E22I236, PESYWKEFSPHIFTFTWAHPLAPPHWIVPI, 0.9
13292E23I260, PESYWKESSPHIFTFTWAHPLAPPHWIVPI, 0.91
13292E24I328, PESYWKESSPHIFTFTWAHPLAPPHHIVPI, 0.93
13292E25I399, PESYWKESSPHIFTFTWAHPLAPPHHIVPP, 0.94
