10412E0I0, QNASAHEWRNPSYVEEIPKWPITGLLTTTS, 0.35
10412E1I2, QNAKAHEWRNPSYVEEIPKWPITGLLTTTS, 0.37
10412E2I4, QNAKAHEWRNPSYVEEIPWWPITGLLTTTS, 0.39
10412E3I5, QNAKAHEWRNPSYVEEIPWWPITGWLTTTS, 0.4
10412E4I12, QNAKAHEWRNPSYVEEIPWWPIPGWLTTTS, 0.42
10412E5I17, ENAKAHEWRNPSYVEEIPWWPIPGWLTTTS, 0.43
10412E6I23, ENAKAHEWRNPSYVEEIPWWPLPGWLTTTS, 0.44
10412E7I27, ENAKAHEWRNPSYVEEIPWDPLPGWLTTTS, 0.46
10412E8I31, ERAKAHEWRNPSYVEEIPWDPLPGWLTTTS, 0.47
10412E9I35, SRAKAHEWRNPSYVEEIPWDPLPGWLTTTS, 0.48
10412E10I38, SRAKAHEWRFPSYVEEIPWDPLPGWLTTTS, 0.52
10412E11I42, SKAKAHEWRFPSYVEEIPWDPLPGWLTTTS, 0.54
10412E12I48, SKAKAHEWRFPSYVEWIPWDPLPGWLTTTS, 0.56
10412E13I53, SKAKAHEWRFPSYVEWIPWDPLPGWLTTTW, 0.63
10412E14I57, SKAKAHEWRFPSYVHWIPWDPLPGWLTTTW, 0.65
10412E15I61, SKAKAHEWRFPSYDHWIPWDPLPGWLTTTW, 0.68
10412E16I66, SKAKAHEWRFPSYDHWIPSDPLPGWLTTTW, 0.7
10412E17I76, SKAKAHPWRFPSYDHWIPSDPLPGWLTTTW, 0.73
10412E18I82, SKAKAHPWAFPSYDHWIPSDPLPGWLTTTW, 0.77
10412E19I98, SKAKAHPWAFPSYDHWIPSDPLPYWLTTTW, 0.78
10412E20I136, SKAKAHPWAFGSYDHWIPSDPLPYWLTTTW, 0.79
10412E21I146, SKAKAHPWAWGSYDHWIPSDPLPYWLTTTW, 0.82
10412E22I147, VKAKAHPWAWGSYDHWIPSDPLPYWLTTTW, 0.83
10412E23I190, VKAKAHPWAWGSYDHWIPSDPLPYWLTLTW, 0.84
10412E24I208, VKAKAHPWAWGSYEHWIPSDPLPYWLTLTW, 0.88
10412E25I212, VKAKAHPWAWGSYEHWIPSDPLPYWLTHTW, 0.89
