12588E0I0, QYLSLVHVQNNSGTADPFVGTPPHENTVRT, 0.44
12588E1I2, QYLSLVHVQNNSGTADPFVGTPPHENTVPT, 0.52
12588E2I4, QYLSLGHVQNNSGTADPFVGTPPHENTVPT, 0.59
12588E3I8, QYLSLGHVQNNSGTADPFVQTPPHENTVPT, 0.6
12588E4I35, QYLSLGHVQNNSGTADPFVQTPPHANTVPT, 0.61
12588E5I46, QYLSLGHVQNNSGTADPFVQTAPHANTVPT, 0.62
12588E6I51, QYLSLGHVQNDSGTADPFVQTAPHANTVPT, 0.63
12588E7I63, QYLSLGHVQNDSGTADPFVQTAPHWNTVPT, 0.65
12588E8I67, QYGSLGHVQNDSGTADPFVQTAPHWNTVPT, 0.66
12588E9I74, QYGSLGHVQNDSGTADPFVQTAPHWNTVPP, 0.67
12588E10I108, QYGSLGHVQNDSNTADPFVQTAPHWNTVPP, 0.68
12588E11I119, EYGSLGHVQNDSNTADPFVQTAPHWNTVPP, 0.7
12588E12I124, EYGSLQHVQNDSNTADPFVQTAPHWNTVPP, 0.71
12588E13I153, EYGSLQHVQNDSNTADPFVQTAPHWNTVHP, 0.72
12588E14I168, EYGSLQHVQNDSNTQDPFVQTAPHWNTVHP, 0.73
12588E15I172, EYGSLQHVQADSNTQDPFVQTAPHWNTVHP, 0.74
12588E16I178, EYGPLQHVQADSNTQDPFVQTAPHWNTVHP, 0.76
12588E17I206, EYGPLQHVQADSNTQDPFVHTAPHWNTVHP, 0.79
12588E18I284, EYGPLQHVQADSNTQDPFVHTAPHWNTWHP, 0.81
12588E19I292, EYGPLTHVQADSNTQDPFVHTAPHWNTWHP, 0.83
12588E20I317, EYGPLTHVQADSNTQDSFVHTAPHWNTWHP, 0.84
12588E21I341, EYGPLTHVQADSNRQDSFVHTAPHWNTWHP, 0.85
