12417E0I0, NGDHKGFNPEHSYFTDWEKLSFRGYEFNKA, 0.32
12417E1I1, NGDHKGFNPEHSYFTDWEKLSFRGYEFHKA, 0.38
12417E2I2, NGDHKGFNPEHSYFTDWEKLTFRGYEFHKA, 0.43
12417E3I4, NGDHKGFNPEHSYFTDWEKLTFFGYEFHKA, 0.46
12417E4I5, NGDHKGFNPEHSYFTDWEKETFFGYEFHKA, 0.47
12417E5I14, NGDHKGGNPEHSYFTDWEKETFFGYEFHKA, 0.53
12417E6I23, NGDHKGGNPEKSYFTDWEKETFFGYEFHKA, 0.54
12417E7I28, NGDHKGGNPEKSYFTDPEKETFFGYEFHKA, 0.58
12417E8I38, NGDHKGGNPEKSYFTDPEKETFFGIEFHKA, 0.59
12417E9I41, NGDHKGGNPEKSYFTDPEKETFGGIEFHKA, 0.61
12417E10I53, NGDHKGGNPEKSYFTDPEKETFGSIEFHKA, 0.63
12417E11I69, NGDHKGGNIEKSYFTDPEKETFGSIEFHKA, 0.66
12417E12I95, NGDIKGGNIEKSYFTDPEKETFGSIEFHKA, 0.67
12417E13I110, NGDFKGGNIEKSYFTDPEKETFGSIEFHKA, 0.68
12417E14I142, NGDFKGGNIEKSYFTDPEKETFGSIAFHKA, 0.7
12417E15I217, NGDFKGNNIEKSYFTDPEKETFGSIAFHKA, 0.73
12417E16I218, NGDFKGNNIEKSYWTDPEKETFGSIAFHKA, 0.74
12417E17I254, NGDFKGNNIESSYWTDPEKETFGSIAFHKA, 0.75
12417E18I268, NGDFKGNNIESSYWRDPEKETFGSIAFHKA, 0.77
12417E19I316, NGDFKGNNIESSYWRDPEKETFGSIAFPKA, 0.78
12417E20I322, NGDFKGNNIESSYWRDPLKETFGSIAFPKA, 0.79
12417E21I361, NGDFKGNNIESSYWRDPLKETFGSIAFVKA, 0.81
12417E22I387, NGDFKGNNIESSYWRDPLKETFHSIAFVKA, 0.83
