15378E0I0, LPPHHDYNQSKYQRLNGFGKRGPLASWPRP, 0.44
15378E1I2, VPPHHDYNQSKYQRLNGFGKRGPLASWPRP, 0.46
15378E2I6, VPPHHDYNQSKYQRLNGFGKRGPLWSWPRP, 0.49
15378E3I8, VPPHHDYNISKYQRLNGFGKRGPLWSWPRP, 0.52
15378E4I11, VPPHHDYNISKYQRLNGFGKRFPLWSWPRP, 0.53
15378E5I18, VPPHHDYNISKNQRLNGFGKRFPLWSWPRP, 0.54
15378E6I20, VPPHHDYNISENQRLNGFGKRFPLWSWPRP, 0.56
15378E7I24, VPPHHDYNISENQRLNGFGKRFPLWSWPSP, 0.59
15378E8I26, VPPHHDYNISENQRLNGFGKRFPLHSWPSP, 0.62
15378E9I38, VPPHHDYNISENQHLNGFGKRFPLHSWPSP, 0.66
15378E10I49, VPPHHPYNISENQHLNGFGKRFPLHSWPSP, 0.68
15378E11I58, VPPHHPYNISENQHLNGFGKHFPLHSWPSP, 0.7
15378E12I60, VPPHHPYNISENQHLNGFGKHFPLHSPPSP, 0.72
15378E13I66, VPPHHPYNISENQHLIGFGKHFPLHSPPSP, 0.75
15378E14I107, VPPHHPSNISENQHLIGFGKHFPLHSPPSP, 0.76
15378E15I123, VPPHHPSNISENQHLIGFGKHFPLHSDPSP, 0.77
15378E16I135, VGPHHPSNISENQHLIGFGKHFPLHSDPSP, 0.78
15378E17I139, VGPHHPSNISENQHLIGFGKHFHLHSDPSP, 0.8
15378E18I143, VGPHHPSNISENQHLIGFGKHAHLHSDPSP, 0.81
15378E19I166, VGPHHPHNISENQHLIGFGKHAHLHSDPSP, 0.84
15378E20I179, VGPHHPHNIPENQHLIGFGKHAHLHSDPSP, 0.87
15378E21I208, VGAHHPHNIPENQHLIGFGKHAHLHSDPSP, 0.89
15378E22I212, VGAHHPHNIPENQHLIGFGKHAHLHSDPSW, 0.9
15378E23I247, VGAHHPHNIPENQHLIYFGKHAHLHSDPSW, 0.91
15378E24I283, VGAHHPHNIPENQHLIYFGKHLHLHSDPSW, 0.93
15378E25I303, VGAHHAHNIPENQHLIYFGKHLHLHSDPSW, 0.94
15378E26I374, VGAHHAHNIPENQHLIYFGAHLHLHSDPSW, 0.96
