3144E0I0, QQNTSQQPYSGAQPPQHHIIDGGLGNHIHG, 0.42
3144E1I1, QQNTSQQPYSGAQPPLHHIIDGGLGNHIHG, 0.44
3144E2I2, QQNTSQQPYSGAQPPLHHIIKGGLGNHIHG, 0.47
3144E3I5, QQNESQQPYSGAQPPLHHIIKGGLGNHIHG, 0.52
3144E4I8, QQQESQQPYSGAQPPLHHIIKGGLGNHIHG, 0.54
3144E5I10, QWQESQQPYSGAQPPLHHIIKGGLGNHIHG, 0.55
3144E6I14, QWQESHQPYSGAQPPLHHIIKGGLGNHIHG, 0.56
3144E7I17, QWQESHQPYSGAQEPLHHIIKGGLGNHIHG, 0.59
3144E8I18, QWQESHQPYSGAQEPLHHIIKGDLGNHIHG, 0.61
3144E9I19, QWQESHQPYSGAQEPLHHIIKGDFGNHIHG, 0.64
3144E10I26, QWQESHQPYSGAQEPLHHIGKGDFGNHIHG, 0.65
3144E11I46, QWQESHQNYSGAQEPLHHIGKGDFGNHIHG, 0.69
3144E12I48, QWQESIQNYSGAQEPLHHIGKGDFGNHIHG, 0.7
3144E13I55, QWQESIQNYSGAQEPLHHIGKGDFGNHIHP, 0.71
3144E14I57, QWQESIQNYAGAQEPLHHIGKGDFGNHIHP, 0.73
3144E15I60, QWQEPIQNYAGAQEPLHHIGKGDFGNHIHP, 0.74
3144E16I61, QWQEPIQNYAGAQEPLHHIGKGDFYNHIHP, 0.77
3144E17I77, QWQEPIQNYAGAQEPLHHIGKGDFYWHIHP, 0.8
3144E18I84, QWQEPIQNYAGAQEPLHHIGKGIFYWHIHP, 0.83
3144E19I106, QWQEPIQNYAGAQEPLHHIGKGAFYWHIHP, 0.84
3144E20I120, QHQEPIQNYAGAQEPLHHIGKGAFYWHIHP, 0.85
3144E21I128, QHQEPIQNYAHAQEPLHHIGKGAFYWHIHP, 0.86
3144E22I130, QHQEPIQNYAHNQEPLHHIGKGAFYWHIHP, 0.88
3144E23I143, PHQEPIQNYAHNQEPLHHIGKGAFYWHIHP, 0.89
3144E24I144, PHQEPIQNYAHNQEPLHHIGKHAFYWHIHP, 0.93
3144E25I223, PHQEPIQNYAHNQEPTHHIGKHAFYWHIHP, 0.94
3144E26I242, PHQEPIQNFAHNQEPTHHIGKHAFYWHIHP, 0.95
