9643E0I0, VSGQQPEVFGHWGDLWKGYSYAVIDWHNLV, 0.4
9643E1I1, VSGQQPEVFGHWGDLWKGPSYAVIDWHNLV, 0.41
9643E2I4, VSGQQPEVFGHWGDLWKGPSYAVIAWHNLV, 0.45
9643E3I12, VSGQQPEVFGHLGDLWKGPSYAVIAWHNLV, 0.46
9643E4I23, VSGQQPEVFGHLGDRWKGPSYAVIAWHNLV, 0.51
9643E5I24, VSGQQPEVFGHLGDRWKGPRYAVIAWHNLV, 0.53
9643E6I30, VSGQQPEVFGHLADRWKGPRYAVIAWHNLV, 0.57
9643E7I38, VSSQQPEVFGHLADRWKGPRYAVIAWHNLV, 0.59
9643E8I56, VSSQQPEVFGHLADRWKGPRYAFIAWHNLV, 0.61
9643E9I75, VSSQQPENFGHLADRWKGPRYAFIAWHNLV, 0.63
9643E10I86, VSSQHPENFGHLADRWKGPRYAFIAWHNLV, 0.67
9643E11I94, VSSQHPENFGHLADRWKGPRYAFIAWHALV, 0.69
9643E12I98, VSSQHPENFGHLADRWKGPRYAFITWHALV, 0.72
9643E13I162, VSSQHPENFGHLADRWKGPRYAFITWHAAV, 0.76
9643E14I166, VSSQHPENFGHLADRWKGPRYAFPTWHAAV, 0.78
9643E15I174, VSSQHPENFGHLADGWKGPRYAFPTWHAAV, 0.79
9643E16I182, VSSQHPENFGHLADGWKGRRYAFPTWHAAV, 0.81
9643E17I219, VSSQHPENFGHLADGWKGRHYAFPTWHAAV, 0.82
9643E18I238, VSSQHLENFGHLADGWKGRHYAFPTWHAAV, 0.85
9643E19I239, VSSQHLENFGHLADGWKGRHLAFPTWHAAV, 0.87
9643E20I256, VSSQHLENFGHLADRWKGRHLAFPTWHAAV, 0.88
9643E21I266, VSSQHLENFGHLADRWKYRHLAFPTWHAAV, 0.9
9643E22I280, VSSQHLENFGHLADRWKYRHLAHPTWHAAV, 0.91
9643E23I316, VSSQHLENFGHLADRWKLRHLAHPTWHAAV, 0.93
9643E24I333, VSSQHLENFGHLADRWHLRHLAHPTWHAAV, 0.94
9643E25I337, VSSQHLENFGHLADRFHLRHLAHPTWHAAV, 0.95
