19224E0I0, GHKTWTHAFKNPHDFELSSVFTSAIFNHFK, 0.33
19224E1I5, GHKTWTHAFKNPHDAELSSVFTSAIFNHFK, 0.39
19224E2I19, GHKTWTHAFKNPHDAELSSVFRSAIFNHFK, 0.42
19224E3I28, GHKTWTHAFKNPHDAELSSVFRSAIFAHFK, 0.49
19224E4I37, GHKTWTHAFKNPHDAELSSVFSSAIFAHFK, 0.5
19224E5I42, GHKTWTHAFKNPHDAERSSVFSSAIFAHFK, 0.51
19224E6I45, GHKTWTHAFKQPHDAERSSVFSSAIFAHFK, 0.55
19224E7I46, GHKTWTHAFKQPHDAERSSQFSSAIFAHFK, 0.6
19224E8I59, GHKTWTHAFKQFHDAERSSQFSSAIFAHFK, 0.62
19224E9I60, GHKTWTHAFKQFHDAERSSQFSSAIFAHNK, 0.64
19224E10I62, GHKTWTHAFKQFHDAERSSQFSHAIFAHNK, 0.65
19224E11I69, GHGTWTHAFKQFHDAERSSQFSHAIFAHNK, 0.68
19224E12I70, GHGTWTHAFKQFHPAERSSQFSHAIFAHNK, 0.72
19224E13I75, GHGTWTHAFKQFHPAERSGQFSHAIFAHNK, 0.73
19224E14I76, GHPTWTHAFKQFHPAERSGQFSHAIFAHNK, 0.74
19224E15I77, GHPTWTHAFKQFHPAERSGQFGHAIFAHNK, 0.76
19224E16I86, GHPTWTHAFKSFHPAERSGQFGHAIFAHNK, 0.77
19224E17I102, GHPTWTHAFKSFHPAERSGQFGHAQFAHNK, 0.78
19224E18I109, GHPTWTHAFKSFHPAERSGQFGHAQFAHNT, 0.79
19224E19I124, GHPTWTHAFKSFHPAERSGQFGHWQFAHNT, 0.8
19224E20I125, GHPTWRHAFKSFHPAERSGQFGHWQFAHNT, 0.83
19224E21I129, GHPTWRHAFKSFHRAERSGQFGHWQFAHNT, 0.84
19224E22I142, GHPTWRHAFKSFHRAERSGQFGHWQFAHNH, 0.85
19224E23I177, GHPTWRHAFKSFHRAERSAQFGHWQFAHNH, 0.86
19224E24I181, GHPTWRHAFKSAHRAERSAQFGHWQFAHNH, 0.87
19224E25I186, GHPTWRHAFKSAHHAERSAQFGHWQFAHNH, 0.88
19224E26I195, GHPTWRHAFKSYHHAERSAQFGHWQFAHNH, 0.9
19224E27I285, GHPKWRHAFKSYHHAERSAQFGHWQFAHNH, 0.91
19224E28I323, GHPKWRHAFKSYHHAERSAIFGHWQFAHNH, 0.92
19224E29I340, GHPKWRHAFKSYHHAERSAIFGHWEFAHNH, 0.93
