2716E0I0, PLLEQKSHSDDEIDWRPQLSGWPYPNSDEN, 0.41
2716E1I2, PLLEQESHSDDEIDWRPQLSGWPYPNSDEN, 0.42
2716E2I4, PLLEQESHSDDEIDWRPYLSGWPYPNSDEN, 0.43
2716E3I11, PLLEQESHSDDEIDWRPYLSGWPYPNSQEN, 0.44
2716E4I14, PLLEQESHWDDEIDWRPYLSGWPYPNSQEN, 0.45
2716E5I20, PLLEGESHWDDEIDWRPYLSGWPYPNSQEN, 0.52
2716E6I21, PLLEGESHWDDEIDQRPYLSGWPYPNSQEN, 0.54
2716E7I23, PLLEGESHWDDEIDQTPYLSGWPYPNSQEN, 0.55
2716E8I27, PLLEGESHWDDEIDQTPYLSGWPYPNSQET, 0.57
2716E9I29, PLLEGERHWDDEIDQTPYLSGWPYPNSQET, 0.61
2716E10I31, PLLEGERHWDDEIDQTPYLSGWPYENSQET, 0.63
2716E11I35, PLLEGERHWDDEIDQTPYLSGWPYENSTET, 0.65
2716E12I46, PLLEGERHWADEIDQTPYLSGWPYENSTET, 0.73
2716E13I72, PLLEGERHWADEIDQTPYLSGWPYENSDET, 0.74
2716E14I117, PLLEGERHWADEIDQTPRLSGWPYENSDET, 0.75
2716E15I154, PLLEGERHWADEIDQTPRNSGWPYENSDET, 0.76
