2064E0I0, SEENQHELYREYYTDFNKANDTGHPWRVLL, 0.32
2064E1I1, SEENQHELYRPYYTDFNKANDTGHPWRVLL, 0.33
2064E2I2, SEENQHELYRPYYTDFNKANDFGHPWRVLL, 0.34
2064E3I3, SEENQHELYRPYYTDWNKANDFGHPWRVLL, 0.35
2064E4I6, SEENQHELYRPYLTDWNKANDFGHPWRVLL, 0.41
2064E5I7, SEENQHVLYRPYLTDWNKANDFGHPWRVLL, 0.43
2064E6I8, SEENQHVLYRPYLTDWNKANDFGHPWRALL, 0.46
2064E7I9, SEENQHVLLRPYLTDWNKANDFGHPWRALL, 0.52
2064E8I17, SEENQHVLLRPYLTDYNKANDFGHPWRALL, 0.55
2064E9I22, SEENQHVLLRPYLSDYNKANDFGHPWRALL, 0.62
2064E10I25, SEENQHVLLRPYLSDYLKANDFGHPWRALL, 0.63
2064E11I27, SEENQHVLLRPYLSSYLKANDFGHPWRALL, 0.68
2064E12I39, SEEYQHVLLRPYLSSYLKANDFGHPWRALL, 0.69
2064E13I47, SEEYQFVLLRPYLSSYLKANDFGHPWRALL, 0.72
2064E14I53, SEEYGFVLLRPYLSSYLKANDFGHPWRALL, 0.73
2064E15I64, SEEYGFVLLRPYLSSYLHANDFGHPWRALL, 0.74
2064E16I66, SEEYKFVLLRPYLSSYLHANDFGHPWRALL, 0.76
2064E17I92, SEEYKFVLLRPYLSSYLHVNDFGHPWRALL, 0.77
2064E18I115, SQEYKFVLLRPYLSSYLHVNDFGHPWRALL, 0.78
2064E19I119, SQEYKFVLLRPYLSWYLHVNDFGHPWRALL, 0.79
2064E20I145, SQEYKFVLLRPYLSWYWHVNDFGHPWRALL, 0.81
2064E21I161, SQEYKFVLLRPYLSWYWHVNHFGHPWRALL, 0.83
2064E22I181, SQEYKFVLLRPYSSWYWHVNHFGHPWRALL, 0.85
2064E23I194, SQEYSFVLLRPYSSWYWHVNHFGHPWRALL, 0.86
2064E24I212, SQEYSFVLLRPYSSWYWHVNHFGHWWRALL, 0.87
2064E25I225, SQEYSFVLLRPYSSWYWHVNHVGHWWRALL, 0.89
2064E26I239, SQEYSFVLLRPYSSPYWHVNHVGHWWRALL, 0.9
2064E27I312, SQEYSFVLLRPYSSPYWHVNHVGHWWAALL, 0.92
2064E28I385, SQEYWFVLLRPYSSPYWHVNHVGHWWAALL, 0.93
2064E29I395, SQEYWFVLLRPYWSPYWHVNHVGHWWAALL, 0.94
2064E30I439, RQEYWFVLLRPYWSPYWHVNHVGHWWAALL, 0.95
