12211E0I0, RNGDTFRLQWYSVSYGQPKQYFWLDKTVGS, 0.3
12211E1I1, RNGDTFRLQWYSVSYGQPKQYKWLDKTVGS, 0.33
12211E2I9, RNGDTFVLQWYSVSYGQPKQYKWLDKTVGS, 0.37
12211E3I10, RNGDTFVLQWYSVSGGQPKQYKWLDKTVGS, 0.39
12211E4I11, RNGDTFVLQWYSVSGGQPKRYKWLDKTVGS, 0.4
12211E5I13, RNGDTFHLQWYSVSGGQPKRYKWLDKTVGS, 0.45
12211E6I16, RNGDTFHLQWYSVSGGQPKRLKWLDKTVGS, 0.48
12211E7I19, RNGDTFHLQWYSVSGGQPKRLKWLDKTVHS, 0.49
12211E8I20, RNGDTFHLIWYSVSGGQPKRLKWLDKTVHS, 0.5
12211E9I22, RNGDTFHLIWYSVSGGQPKRLKWLDKTVES, 0.51
12211E10I28, RIGDTFHLIWYSVSGGQPKRLKWLDKTVES, 0.54
12211E11I39, RIGDTFHLYWYSVSGGQPKRLKWLDKTVES, 0.59
12211E12I43, RIGDTFHLYWYSVSGGQPKRLKWLDKTVEV, 0.6
12211E13I45, RIGDTFHLYWYHVSGGQPKRLKWLDKTVEV, 0.61
12211E14I66, RIGDTFHLYWYHVSGGQDKRLKWLDKTVEV, 0.62
12211E15I68, RIGDTFHLYWYHVSGGQDKRLKWLDKTVEF, 0.64
12211E16I102, RIGDTFHLYWYHVSGGQDKRLKWLDTTVEF, 0.67
12211E17I119, RIGDTFHLYWGHVSGGQDKRLKWLDTTVEF, 0.68
12211E18I175, RIGDTFHLYWGHVSGGQDKRLKWLDTTWEF, 0.69
12211E19I192, RIGDTFHLYWGHVSGGQDKRLKWLSTTWEF, 0.7
12211E20I193, RIGDTFHLYWGHVSVGQDKRLKWLSTTWEF, 0.71
12211E21I231, RIGDTFHLYWGHVTVGQDKRLKWLSTTWEF, 0.76
12211E22I258, RIGDTFHLYWGHVTVGQDKRLKWLSHTWEF, 0.77
12211E23I304, RIGDTFHLYWGHVTVGQDKRLKWLSHTWAF, 0.78
12211E24I316, RIGDTFHLYWGHVTVGQDKRLWWLSHTWAF, 0.79
12211E25I322, RIGSTFHLYWGHVTVGQDKRLWWLSHTWAF, 0.8
12211E26I333, RIGSTFHLYWGHVTVGQDKRLWHLSHTWAF, 0.81
12211E27I349, RIGSTFHLYWGHVTVGQDKRWWHLSHTWAF, 0.82
12211E28I400, RIGSTFHLHWGHVTVGQDKRWWHLSHTWAF, 0.83
12211E29I419, RIGSTFHLHWNHVTVGQDKRWWHLSHTWAF, 0.84
