7929E0I0, WSINDYPDRDDRVWDQAGSEPPLKIADSQF, 0.33
7929E1I1, WSINDYPDRDDRVWDQANSEPPLKIADSQF, 0.34
7929E2I2, WSINDYPDRDDRVWDQANSEPPLKIADIQF, 0.35
7929E3I3, WSIDDYPDRDDRVWDQANSEPPLKIADIQF, 0.39
7929E4I4, WSIDDIPDRDDRVWDQANSEPPLKIADIQF, 0.4
7929E5I5, WSIDDIPDRDDRVPDQANSEPPLKIADIQF, 0.41
7929E6I10, WSIDDIPDRDDRVPDQANSEPPLKIAQIQF, 0.45
7929E7I14, WSIDDIPDRDDRVPDRANSEPPLKIAQIQF, 0.47
7929E8I15, WSIDQIPDRDDRVPDRANSEPPLKIAQIQF, 0.48
7929E9I17, WSIDQIPDRDDRVPDRANSEPPLKIANIQF, 0.49
7929E10I21, WSIDQIPDRDDHVPDRANSEPPLKIANIQF, 0.5
7929E11I23, WSIDQIPDRDDHPPDRANSEPPLKIANIQF, 0.52
7929E12I25, WSIDQIPDRDDHPPDRANQEPPLKIANIQF, 0.54
7929E13I29, WSIDQIPDRDDHPPERANQEPPLKIANIQF, 0.56
7929E14I48, WSIVQIPDRDDHPPERANQEPPLKIANIQF, 0.58
7929E15I59, WSIVQIPDRDDHPPERANQEPPLKIANIQK, 0.59
7929E16I77, WSIVQIPDRDDHPPERANQEPPLKIAYIQK, 0.6
7929E17I81, WSIVQIPDRDDHPPERAYQEPPLKIAYIQK, 0.63
7929E18I91, WSIVQIPDRDDHPPERAYQEPPLSIAYIQK, 0.65
7929E19I126, WSIVQIPDRDDHPPERAYQEPPYSIAYIQK, 0.68
7929E20I128, WSIVQIPDRHDHPPERAYQEPPYSIAYIQK, 0.72
7929E21I138, WSIVQIPDRHVHPPERAYQEPPYSIAYIQK, 0.79
7929E22I159, WSIVQTPDRHVHPPERAYQEPPYSIAYIQK, 0.8
7929E23I190, WSIVQTPDRHVHPPERAYQEPPYSIAYIQI, 0.82
7929E24I204, WSIVQTPDRHVHPPERAYQWPPYSIAYIQI, 0.84
7929E25I205, WSIVQTPDRHVHPPERAYQWPPWSIAYIQI, 0.86
7929E26I231, WSIVQTPDRHVHPPERAYQWPPWSIAYIQH, 0.88
7929E27I272, WSIVQTPDRHVHPPERAYQWPTWSIAYIQH, 0.89
7929E28I280, WSIVQTPRRHVHPPERAYQWPTWSIAYIQH, 0.91
7929E29I354, WSIVQTPRRHGHPPERAYQWPTWSIAYIQH, 0.92
7929E30I379, WSIVQTPRRHGHPPNRAYQWPTWSIAYIQH, 0.93
7929E31I381, WSIVQTPWRHGHPPNRAYQWPTWSIAYIQH, 0.94
7929E32I395, WSIVQTPWRHGHPPNRAYGWPTWSIAYIQH, 0.95
