5938E0I0, QTWYNLFPYKVWEGHELDGPREPPEKPFHT, 0.44
5938E1I9, QTWYNLFPYKVWEGHETDGPREPPEKPFHT, 0.49
5938E2I11, QTWYTLFPYKVWEGHETDGPREPPEKPFHT, 0.52
5938E3I22, QTWYTLFPYKVWEGHETDGPREPPETPFHT, 0.53
5938E4I23, QTWYTLFPYKVWYGHETDGPREPPETPFHT, 0.54
5938E5I25, QTWYTLFPYKVWYGHETDGPREDPETPFHT, 0.55
5938E6I26, QTWVTLFPYKVWYGHETDGPREDPETPFHT, 0.56
5938E7I28, QTWVTLFPYKVWYGHETDGPREDPETTFHT, 0.62
5938E8I29, QTWVTLFHYKVWYGHETDGPREDPETTFHT, 0.65
5938E9I32, QTWVTLFHYWVWYGHETDGPREDPETTFHT, 0.7
5938E10I34, QTWVTLFHYWVWYGHETDGPREEPETTFHT, 0.72
5938E11I39, QTWVTLFHYWVWYGQETDGPREEPETTFHT, 0.75
5938E12I48, QTWVTLFHYWVWYGQEPDGPREEPETTFHT, 0.76
5938E13I84, LTWVTLFHYWVWYGQEPDGPREEPETTFHT, 0.78
5938E14I91, LTWVTLFHYWVWYGQEPDGHREEPETTFHT, 0.8
5938E15I122, LTWVTLFHYWVWYGQEPAGHREEPETTFHT, 0.81
5938E16I125, LTWVTLTHYWVWYGQEPAGHREEPETTFHT, 0.82
5938E17I175, LTWVTLTHYWVWYGQEPRGHREEPETTFHT, 0.85
5938E18I177, LTWVTLTHYWVWYGQEPRGHREEEETTFHT, 0.86
5938E19I216, LTWVTLTHYWVWYGQEPRGHWEEEETTFHT, 0.88
5938E20I233, LTWVTLTHYWVWHGQEPRGHWEEEETTFHT, 0.89
5938E21I324, LTWVTLTFYWVWHGQEPRGHWEEEETTFHT, 0.92
5938E22I331, LTWVTLTFYWVWHGQEPRGHWEEEEETFHT, 0.93
