4830E0I0, LAGADALEQSAQNVRISRPKYGRKEPQYKV, 0.33
4830E1I3, LAGADRLEQSAQNVRISRPKYGRKEPQYKV, 0.36
4830E2I7, LAGADRLEQSAQNVRISRPYYGRKEPQYKV, 0.37
4830E3I8, LAGADRLEQSAQNVRIERPYYGRKEPQYKV, 0.39
4830E4I12, LAGADRLEQSFQNVRIERPYYGRKEPQYKV, 0.4
4830E5I13, LAGADRLEQSFQNVRIERPYYGFKEPQYKV, 0.42
4830E6I16, LAGADRLEQSFQNVRIERPYYGFKEVQYKV, 0.43
4830E7I20, LAGADRLEQSFQNVRIERPVYGFKEVQYKV, 0.46
4830E8I24, WAGADRLEQSFQNVRIERPVYGFKEVQYKV, 0.48
4830E9I29, WAGADRLIQSFQNVRIERPVYGFKEVQYKV, 0.53
4830E10I30, WAGSDRLIQSFQNVRIERPVYGFKEVQYKV, 0.55
4830E11I43, WAGSDRLIQSFQNDRIERPVYGFKEVQYKV, 0.56
4830E12I46, WAGEDRLIQSFQNDRIERPVYGFKEVQYKV, 0.59
4830E13I78, WAGEDRLIQSSQNDRIERPVYGFKEVQYKV, 0.62
4830E14I88, WAGEDRLIQYSQNDRIERPVYGFKEVQYKV, 0.65
4830E15I107, WAGEDRLIQYSQNDRIEHPVYGFKEVQYKV, 0.68
4830E16I114, WAGEDRLIQYSQNDEIEHPVYGFKEVQYKV, 0.69
4830E17I128, WAGEDRLAQYSQNDEIEHPVYGFKEVQYKV, 0.7
4830E18I145, WAGEDRLAQYSQNDEIEHPVYGFKEWQYKV, 0.71
4830E19I146, WAGEDRLAQYSQNDEIEHPSYGFKEWQYKV, 0.72
4830E20I171, WAGEDRLAQYSQNDESEHPSYGFKEWQYKV, 0.75
4830E21I199, WAGEFRLAQYSQNDESEHPSYGFKEWQYKV, 0.76
4830E22I201, WAGEFRLAAYSQNDESEHPSYGFKEWQYKV, 0.77
4830E23I237, WAGEFRLAAYSQNDESEHPSYGFKEIQYKV, 0.78
4830E24I238, WAGEDRLAAYSQNDESEHPSYGFKEIQYKV, 0.79
4830E25I281, WAGEDRLAAYSQNDESEHPSYGFKEIPYKV, 0.8
4830E26I293, WAGEDRLAAYSQNDESEHPSYGFKEFPYKV, 0.81
