14853E0I0, NQPHKGPKRGLVVWRITVEKRKTHHKTLWN, 0.22
14853E1I1, NQPVKGPKRGLVVWRITVEKRKTHHKTLWN, 0.25
14853E2I2, NQPVKGPKRGLVVWRITVEKRKTHHKTSWN, 0.34
14853E3I6, NQPVKGPKRLLVVWRITVEKRKTHHKTSWN, 0.35
14853E4I8, NKPVKGPKRLLVVWRITVEKRKTHHKTSWN, 0.38
14853E5I14, NKPVKIPKRLLVVWRITVEKRKTHHKTSWN, 0.4
14853E6I19, NKPVKIPKRLLVVWRITVYKRKTHHKTSWN, 0.43
14853E7I24, NKPVKIPKRLLVVWRIGVYKRKTHHKTSWN, 0.44
14853E8I27, NKPVKIPKRLLVVWRIGVYKRKTHHKTSWQ, 0.46
14853E9I32, NKPVKIPKRLLVVWRPGVYKRKTHHKTSWQ, 0.47
14853E10I40, NKPVHIPKRLLVVWRPGVYKRKTHHKTSWQ, 0.49
14853E11I46, NKPVHIPKRGLVVWRPGVYKRKTHHKTSWQ, 0.5
14853E12I48, NKPVHIPKRGLVVWRPGHYKRKTHHKTSWQ, 0.52
14853E13I49, NKPVHIPKRGLVVWRPGHYKRKTHHKLSWQ, 0.54
14853E14I54, NKPVHIPKRGWVVWRPGHYKRKTHHKLSWQ, 0.56
14853E15I55, NKPVHIPKRTWVVWRPGHYKRKTHHKLSWQ, 0.61
14853E16I69, NKPVHIPKRTWVVWRPGHYKWKTHHKLSWQ, 0.64
14853E17I77, NKPVHIPKRTWVVWRPGHYKWKTHWKLSWQ, 0.69
14853E18I80, NKPVHIPKRTWVVWSPGHYKWKTHWKLSWQ, 0.7
14853E19I83, NKPVHIPKRYWVVWSPGHYKWKTHWKLSWQ, 0.74
14853E20I88, NKPVHIPKWYWVVWSPGHYKWKTHWKLSWQ, 0.75
14853E21I107, NKPHHIPKWYWVVWSPGHYKWKTHWKLSWQ, 0.76
14853E22I108, NKPHHIPKWYWVVWSPGHYKWQTHWKLSWQ, 0.79
14853E23I110, NKPHHIPKWYWVVWSPGHYKLQTHWKLSWQ, 0.8
14853E24I119, NKPHHIPKWYWSVWSPGHYKLQTHWKLSWQ, 0.83
14853E25I158, NYPHHIPKWYWSVWSPGHYKLQTHWKLSWQ, 0.84
14853E26I177, NYPHHIPKHYWSVWSPGHYKLQTHWKLSWQ, 0.85
14853E27I187, NYPHHIPKHYWSVWSPGHYKLQHHWKLSWQ, 0.86
14853E28I195, NYPHHIPKHYWSVWSPGHYKLQHHWKLHWQ, 0.87
14853E29I207, NYPHHIYKHYWSVWSPGHYKLQHHWKLHWQ, 0.88
14853E30I208, NYPHHIYKHYWSVWSPGHYKLQHHLKLHWQ, 0.89
14853E31I211, NYPHHWYKHYWSVWSPGHYKLQHHLKLHWQ, 0.9
14853E32I272, NYQHHWYKHYWSVWSPGHYKLQHHLKLHWQ, 0.93
14853E33I312, NYQHHWPKHYWSVWSPGHYKLQHHLKLHWQ, 0.95
