2851E0I0, VLYGHWRFIFFANTYKPWVATFSESWEFFP, 0.51
2851E1I1, VLYGHWRFIFFANTYKPIVATFSESWEFFP, 0.52
2851E2I5, GLYGHWRFIFFANTYKPIVATFSESWEFFP, 0.54
2851E3I6, GLYGHWRFIFFANTYKPIVATFSHSWEFFP, 0.55
2851E4I8, GLYGHWRFIFFAGTYKPIVATFSHSWEFFP, 0.56
2851E5I10, GLYGHWRFIFFALTYKPIVATFSHSWEFFP, 0.6
2851E6I15, GLYGHWRFIFFALTYKPIVKTFSHSWEFFP, 0.65
2851E7I22, GLYGHNRFIFFALTYKPIVKTFSHSWEFFP, 0.66
2851E8I23, ALYGHNRFIFFALTYKPIVKTFSHSWEFFP, 0.68
2851E9I31, ALYGHNRFIFFVLTYKPIVKTFSHSWEFFP, 0.69
2851E10I61, ALYGHNRFIFFVLTYKPIVKTFSHSWEFYP, 0.7
2851E11I63, ALYGHNRFFFFVLTYKPIVKTFSHSWEFYP, 0.71
2851E12I76, ALYGHNRFFFLVLTYKPIVKTFSHSWEFYP, 0.72
2851E13I79, ALHGHNRFFFLVLTYKPIVKTFSHSWEFYP, 0.76
2851E14I88, KLHGHNRFFFLVLTYKPIVKTFSHSWEFYP, 0.77
2851E15I89, RLHGHNRFFFLVLTYKPIVKTFSHSWEFYP, 0.78
2851E16I135, RLHGHNRFFFLVLTYKPIVKTFSHSWTFYP, 0.79
2851E17I176, RLHGHNRFFFLVLTYKPIVKTFLHSWTFYP, 0.83
2851E18I271, RLHGHNRFFFLVHTYKPIVKTFLHSWTFYP, 0.86
2851E19I282, RLHGHNRFFFLVHTYKPEVKTFLHSWTFYP, 0.87
2851E20I350, RLHGHNRFFFLVHTYKWEVKTFLHSWTFYP, 0.88
2851E21I353, RLHGHNRFFFLVHTYKWEWKTFLHSWTFYP, 0.89
2851E22I436, RLHTHNRFFFLVHTYKWEWKTFLHSWTFYP, 0.91
