8549E0I0, TLFESIYISRIWHEESLYIIPRQQPPTWWN, 0.24
8549E1I1, TLFESIYHSRIWHEESLYIIPRQQPPTWWN, 0.26
8549E2I2, TLFESIYHSRIWHQESLYIIPRQQPPTWWN, 0.31
8549E3I4, TLFESIYHSRIWHQESLYIIPRNQPPTWWN, 0.33
8549E4I7, TLFESIYHSFIWHQESLYIIPRNQPPTWWN, 0.36
8549E5I8, TLFESIYHSFIWHQESLYIIPRNQPETWWN, 0.45
8549E6I11, TLFESIYHSFIWHQESLYIIPRSQPETWWN, 0.46
8549E7I13, TLFESIYHSFIWHQESLYIIPRSSPETWWN, 0.47
8549E8I15, TLFESIYHSFAWHQESLYIIPRSSPETWWN, 0.53
8549E9I17, TLIESIYHSFAWHQESLYIIPRSSPETWWN, 0.56
8549E10I19, TLIESIYHSFAWHQESLYIIGRSSPETWWN, 0.58
8549E11I20, TLIESIYHSFAWHQESAYIIGRSSPETWWN, 0.65
8549E12I28, TLIESSYHSFAWHQESAYIIGRSSPETWWN, 0.66
8549E13I29, TLIESSYHSFAWHQESASIIGRSSPETWWN, 0.67
8549E14I32, TLIESSYHSFAWHWESASIIGRSSPETWWN, 0.7
8549E15I39, TLIESSYHSFAWHWESASIIGRSSPETWWY, 0.72
8549E16I41, TLIESSYHSWAWHWESASIIGRSSPETWWY, 0.76
8549E17I49, TLLESSYHSWAWHWESASIIGRSSPETWWY, 0.77
8549E18I63, TLLESSYHSWAWHWESASQIGRSSPETWWY, 0.79
8549E19I70, TLPESSYHSWAWHWESASQIGRSSPETWWY, 0.8
8549E20I88, TLPESSYHSWAWHWESASHIGRSSPETWWY, 0.81
8549E21I98, TLPESSYHSWAWHWESAHHIGRSSPETWWY, 0.82
8549E22I103, TLPESSYHSWAWHWESYHHIGRSSPETWWY, 0.84
8549E23I112, TLPESSYHSWAWHWESYHHIGRSSPETWWP, 0.85
8549E24I128, TLPESSYHSWAVHWESYHHIGRSSPETWWP, 0.86
8549E25I133, TAPESSYHSWAVHWESYHHIGRSSPETWWP, 0.87
8549E26I143, TAPESSYHSWAAHWESYHHIGRSSPETWWP, 0.89
8549E27I193, TAPESSYHSWAAHWESYHHIGWSSPETWWP, 0.91
8549E28I207, TAPESSYHSWAAFWESYHHIGWSSPETWWP, 0.92
8549E29I294, TAPESSYHSWAAFWESPHHIGWSSPETWWP, 0.93
