6216E0I0, KQNFRIAAFHFVQPPSTDSFRWFHEKWQYV, 0.32
6216E1I1, KQNFRIAAFHFVQPPSTDSFRWFHEKWQYI, 0.35
6216E2I2, KQNFRIAAFTFVQPPSTDSFRWFHEKWQYI, 0.37
6216E3I3, KQNFRIAAFTFVQPPSTDSFRWFHEKWDYI, 0.39
6216E4I6, KQNFRIAAFTFVQPPSTDSFLWFHEKWDYI, 0.4
6216E5I7, KQNFRIAAFTFVQSPSTDSFLWFHEKWDYI, 0.48
6216E6I8, KQNFRIAAFTFVDSPSTDSFLWFHEKWDYI, 0.52
6216E7I12, KQNFRIGAFTFVDSPSTDSFLWFHEKWDYI, 0.58
6216E8I13, KQNFRIGAFTFVDSPSTDSFLRFHEKWDYI, 0.59
6216E9I18, KQNFRIGAFTFVDSPSGDSFLRFHEKWDYI, 0.61
6216E10I22, KQNFRIGAFTFVDSPSGDSFLRFHHKWDYI, 0.65
6216E11I25, KQNFRIGAFTFVDSPSGDSFLRFHHKWDYP, 0.68
6216E12I38, KQNFRIGAFTFVDSPSGDSFLRFHHKWIYP, 0.69
6216E13I47, KQNFRHGAFTFVDSPSGDSFLRFHHKWIYP, 0.7
6216E14I54, KQNFRHGAFTFVDSPSGRSFLRFHHKWIYP, 0.71
6216E15I61, KLNFRHGAFTFVDSPSGRSFLRFHHKWIYP, 0.72
6216E16I81, PLNFRHGAFTFVDSPSGRSFLRFHHKWIYP, 0.73
6216E17I96, PLNFRHGAFTFVDSPSGRSFLRFHHHWIYP, 0.78
6216E18I166, PLNFRHGAFTFVHSPSGRSFLRFHHHWIYP, 0.79
6216E19I189, PLNFRHGAFTFVHSPSGRSFGRFHHHWIYP, 0.8
6216E20I196, PLNFRHGAFTFVHSPSGNSFGRFHHHWIYP, 0.82
6216E21I200, PLNFRHGAFTFVHSPSGNSFGRFHHHWIYW, 0.84
6216E22I207, PLNFYHGAFTFVHSPSGNSFGRFHHHWIYW, 0.85
6216E23I265, PLNFYHGHFTFVHSPSGNSFGRFHHHWIYW, 0.88
