7336E0I0, DADALSIYGRADRPGAYLRIVPERHWSQVA, 0.63
7336E1I8, DADALSIYGRADRPGAILRIVPERHWSQVA, 0.65
7336E2I11, DADALEIYGRADRPGAILRIVPERHWSQVA, 0.66
7336E3I13, DADALEIYGRADRPGAILRIVPERHWSQVW, 0.7
7336E4I36, DAHALEIYGRADRPGAILRIVPERHWSQVW, 0.71
7336E5I48, DAHALFIYGRADRPGAILRIVPERHWSQVW, 0.72
7336E6I70, WAHALFIYGRADRPGAILRIVPERHWSQVW, 0.74
7336E7I87, WAHALFIYGRADRPGAILRIVPERHWSQIW, 0.75
7336E8I104, HAHALFIYGRADRPGAILRIVPERHWSQIW, 0.76
7336E9I127, HAHALFIYGRADRPGAILHIVPERHWSQIW, 0.78
7336E10I134, HAHALFAYGRADRPGAILHIVPERHWSQIW, 0.79
7336E11I135, HAHALFAYGRADRPGAILHIVPERHWSQIT, 0.8
7336E12I140, HAHALFAYGRADRPGAIHHIVPERHWSQIT, 0.81
7336E13I142, HIHALFAYGRADRPGAIHHIVPERHWSQIT, 0.84
7336E14I150, HIHALFAYGRADRPGAIHHIVPERHWSQIS, 0.85
7336E15I164, HIFALFAYGRADRPGAIHHIVPERHWSQIS, 0.87
7336E16I165, HIFALFAYGRADRPGAIHHIVPERHWSQES, 0.88
7336E17I171, HIFALFAYGRAHRPGAIHHIVPERHWSQES, 0.89
7336E18I172, HIFALFPYGRAHRPGAIHHIVPERHWSQES, 0.9
7336E19I205, HIFALFWYGRAHRPGAIHHIVPERHWSQES, 0.91
7336E20I211, HIFALFWYGRAHRPGHIHHIVPERHWSQES, 0.92
7336E21I218, HIFYLFWYGRAHRPGHIHHIVPERHWSQES, 0.93
7336E22I256, HIFYLFWYLRAHRPGHIHHIVPERHWSQES, 0.94
7336E23I299, HIHYLFWYLRAHRPGHIHHIVPERHWSQES, 0.95
