15754E0I0, SNWIYWRQTWSFANYTWPEGVWTYAKSLVV, 0.43
15754E1I2, SNWIYWRQTWSFANYTWPEGVWTYAKSHVV, 0.46
15754E2I4, SNWIYWRQTWSFANYTWPEGVWTYEKSHVV, 0.5
15754E3I15, HNWIYWRQTWSFANYTWPEGVWTYEKSHVV, 0.52
15754E4I17, HNWIYWRQTWSFAVYTWPEGVWTYEKSHVV, 0.53
15754E5I27, HNWIYWRQTWSWAVYTWPEGVWTYEKSHVV, 0.54
15754E6I29, HNWIYWRQTWSWAAYTWPEGVWTYEKSHVV, 0.56
15754E7I34, HNAIYWRQTWSWAAYTWPEGVWTYEKSHVV, 0.58
15754E8I36, HNAIYWRQTWSWAAYTWPEGWWTYEKSHVV, 0.6
15754E9I38, HNAIYWRQTWSWAAYTWPEGWWTYEKSSVV, 0.61
15754E10I41, HNAIYWRQTWSWAAYHWPEGWWTYEKSSVV, 0.64
15754E11I42, HNAIYWRQTWSWAAYHWPPGWWTYEKSSVV, 0.65
15754E12I44, HNAIYWRQTWSWAAYHWPPGVWTYEKSSVV, 0.66
15754E13I48, HNAIYWRQTWSWAAYHWPPGVWHYEKSSVV, 0.68
15754E14I63, HNAIYWRQTWSWAAYHWPPGIWHYEKSSVV, 0.71
15754E15I68, HNYIYWRQTWSWAAYHWPPGIWHYEKSSVV, 0.74
15754E16I76, HNYIYWRNTWSWAAYHWPPGIWHYEKSSVV, 0.75
15754E17I77, HNYIYWRNTWSWAAYHWPPGIWAYEKSSVV, 0.76
15754E18I89, HNYIYWRNTWSWAAYHWPPGIWAYRKSSVV, 0.79
15754E19I99, HNYIYWRNTWSWAAYHWPPGIWAYRKSSVK, 0.8
15754E20I102, HNYIYWRNTWSWAAYHWPPGIWAYRSSSVK, 0.82
15754E21I106, HNYWYWRNTWSWAAYHWPPGIWAYRSSSVK, 0.86
15754E22I110, HNYWYWRSTWSWAAYHWPPGIWAYRSSSVK, 0.88
15754E23I127, HNYWYWRSTWSWAAYHWPPGWWAYRSSSVK, 0.91
15754E24I150, HNYWYWRSTWSWAAYHWPPGWWAYRSSSWK, 0.92
15754E25I155, HNYWYWRSTWSWAAYHWPPNWWAYRSSSWK, 0.93
15754E26I162, HNYWYWRSTWQWAAYHWPPNWWAYRSSSWK, 0.94
