12359E0I0, ADIAGGVYSGWETRWFNSHRTIHLKVKFIA, 0.39
12359E1I3, AFIAGGVYSGWETRWFNSHRTIHLKVKFIA, 0.41
12359E2I7, AFIAGGVYSGWETRWFHSHRTIHLKVKFIA, 0.45
12359E3I8, AFIAGGVYSGWETRWFHGHRTIHLKVKFIA, 0.47
12359E4I10, AFIAGGVYSGWHTRWFHGHRTIHLKVKFIA, 0.49
12359E5I11, AFIAGGVYSGWHTRWFHGHSTIHLKVKFIA, 0.56
12359E6I44, AFIAGGVYSGWHTRWFHGHSSIHLKVKFIA, 0.61
12359E7I64, AFIAGGVYAGWHTRWFHGHSSIHLKVKFIA, 0.64
12359E8I68, AFIAGGVYAGWHTRWFHGHSSIHLKVKFLA, 0.65
12359E9I72, AFIAGHVYAGWHTRWFHGHSSIHLKVKFLA, 0.67
12359E10I73, AFIAGHVYAYWHTRWFHGHSSIHLKVKFLA, 0.7
12359E11I76, AFHAGHVYAYWHTRWFHGHSSIHLKVKFLA, 0.72
12359E12I81, AFHAGHTYAYWHTRWFHGHSSIHLKVKFLA, 0.76
12359E13I83, AFHAGHTYAYWHTRWFHGHSSIHVKVKFLA, 0.77
12359E14I87, AFHAGHTYAYWHTRWFHGHSSAHVKVKFLA, 0.8
12359E15I91, AFHAGHTYAYWHIRWFHGHSSAHVKVKFLA, 0.81
12359E16I104, AFHAGHTYAYWHRRWFHGHSSAHVKVKFLA, 0.83
12359E17I135, AFHAGHTYAYWHRRWFHGHSTAHVKVKFLA, 0.84
12359E18I143, AFHAGHTYAYWHRRWFHGHATAHVKVKFLA, 0.87
12359E19I144, AFHAGHTYAYWYRRWFHGHATAHVKVKFLA, 0.88
12359E20I155, AFHAGHTYAYWRRRWFHGHATAHVKVKFLA, 0.89
12359E21I179, AFHAGHTYAYWARRWFHGHATAHVKVKFLA, 0.91
12359E22I200, AFHAGHWYAYWARRWFHGHATAHVKVKFLA, 0.92
12359E23I289, AFHAGHWYAYWARYWFHGHATAHVKVKFLA, 0.93
12359E24I370, AFHAGHWYAYWARYWFHGHATAHVKVHFLA, 0.94
12359E25I383, AFHAGHWYAYWARYWFHGHATHHVKVHFLA, 0.95
12359E26I392, AFHVGHWYAYWARYWFHGHATHHVKVHFLA, 0.96
