193E0I0, YKRLIPNQDFYRQKDISRTPWTFLKVFFKN, 0.49
193E1I10, YKRLIPNQDFYRQKDISRFPWTFLKVFFKN, 0.54
193E2I12, YKRLIPNQDFYRQKDISRFWWTFLKVFFKN, 0.55
193E3I15, YKRLIPNQDFYRQKDISRFWWTFLKHFFKN, 0.59
193E4I16, YKRLIPNQDFYRRKDISRFWWTFLKHFFKN, 0.61
193E5I48, YKRLIPNQDFYRRKDISRFWWTFLKHTFKN, 0.67
193E6I73, YKRNIPNQDFYRRKDISRFWWTFLKHTFKN, 0.68
193E7I103, YKRNIPNQDFYRRKAISRFWWTFLKHTFKN, 0.7
193E8I110, YKRNIPNQDFYGRKAISRFWWTFLKHTFKN, 0.71
193E9I112, YKRNIPNQDFYGRKAISRFWWTFLKHTFKK, 0.76
193E10I115, LKRNIPNQDFYGRKAISRFWWTFLKHTFKK, 0.77
193E11I161, LKRNIPNQDFYGRKAISRFWWTFLKHTFKR, 0.78
193E12I187, SKRNIPNQDFYGRKAISRFWWTFLKHTFKR, 0.79
193E13I205, SKRNIPNQDFYWRKAISRFWWTFLKHTFKR, 0.83
193E14I301, SKRNIPNQDFYWTKAISRFWWTFLKHTFKR, 0.84
