597E0I0, DALTTKTIGQSPWVTWLEANIFTSVAKSYF, 0.18
597E1I2, DALTTKTIGQSPWVTWLEANIFTSVAKSIF, 0.19
597E2I4, DALTTKTIGQSPWVTWLEANIFTSVASSIF, 0.26
597E3I6, DALTTKTIGQSPWVTALEANIFTSVASSIF, 0.28
597E4I7, DALTTKTIGQSPWVTALPANIFTSVASSIF, 0.33
597E5I8, DALTTKTIGQSPWVTALPAHIFTSVASSIF, 0.36
597E6I9, DALTTKTIGQSPWVTALPAHIFTHVASSIF, 0.44
597E7I15, DALTTKTIGQSPWVTALPAHTFTHVASSIF, 0.47
597E8I16, DALTTKTIGQSPAVTALPAHTFTHVASSIF, 0.52
597E9I17, DALTTKTIGQSPAVTALPAHTFTHVQSSIF, 0.56
597E10I20, DALTTKTIGQSPAVTALPAHTFTHVQSSIL, 0.59
597E11I22, DALTTKTKGQSPAVTALPAHTFTHVQSSIL, 0.63
597E12I24, DVLTTKTKGQSPAVTALPAHTFTHVQSSIL, 0.64
597E13I40, QVLTTKTKGQSPAVTALPAHTFTHVQSSIL, 0.68
597E14I42, QVLTTKVKGQSPAVTALPAHTFTHVQSSIL, 0.7
597E15I48, QVLTTKVKGQSPAVTALPAVTFTHVQSSIL, 0.71
597E16I51, QVLTTQVKGQSPAVTALPAVTFTHVQSSIL, 0.73
597E17I62, QVLTGQVKGQSPAVTALPAVTFTHVQSSIL, 0.74
597E18I110, SVLTGQVKGQSPAVTALPAVTFTHVQSSIL, 0.75
597E19I133, SVLTGQVKGQSPAVTAFPAVTFTHVQSSIL, 0.77
597E20I141, SVLTGHVKGQSPAVTAFPAVTFTHVQSSIL, 0.78
597E21I159, SVLTGHVKGQSPAVTAFPAVTFTHHQSSIL, 0.79
597E22I178, SVLTGHVKGQSPAVTAFPAVTFGHHQSSIL, 0.82
597E23I195, SVLTGHVKGQSPAVTAFPAVTFGHHQSIIL, 0.83
597E24I198, SVLTGHVKGQSPAVTAFPAVTFGHHQSISL, 0.85
597E25I204, SPLTGHVKGQSPAVTAFPAVTFGHHQSISL, 0.86
597E26I238, SPLTGHVKGQSPAETAFPAVTFGHHQSISL, 0.87
597E27I252, SPLTGHVKGQSPAEWAFPAVTFGHHQSISL, 0.88
597E28I316, SPLTGHVKGQSPAEWAFPAVTFGHHQSISH, 0.89
