11903E0I0, YWNLENDHHTFHQDIYRLRYFHTDYEKETF, 0.44
11903E1I3, YWNLENDHHTFHQDIYRLRQFHTDYEKETF, 0.45
11903E2I5, YWTLENDHHTFHQDIYRLRQFHTDYEKETF, 0.51
11903E3I7, YWTLENDHHTFHQDIYRLRQFHTDYKKETF, 0.55
11903E4I8, YWTLENDHHTFHQDIYALRQFHTDYKKETF, 0.56
11903E5I9, YWTLENDHHTFHQDIYALRQFHWDYKKETF, 0.59
11903E6I13, YWTLENDHHTFHWDIYALRQFHWDYKKETF, 0.61
11903E7I14, YWTLENDHHTFHWDIYDLRQFHWDYKKETF, 0.62
11903E8I25, YWTQENDHHTFHWDIYDLRQFHWDYKKETF, 0.66
11903E9I28, YWTQENDHHTFHWDIYDLRQFHWDYKKATF, 0.71
11903E10I36, YWTQENDHHTFHWDIYILRQFHWDYKKATF, 0.75
11903E11I40, YWTQENDHHTFHWDIYILRQFHWRYKKATF, 0.76
11903E12I43, YWQQENDHHTFHWDIYILRQFHWRYKKATF, 0.77
11903E13I47, YWQQENDHHTFHWDIYILRQFHWQYKKATF, 0.79
11903E14I50, YWQQENDHHTFHWDILILRQFHWQYKKATF, 0.8
11903E15I89, YWQQENDGHTFHWDILILRQFHWQYKKATF, 0.81
11903E16I107, YWAQENDGHTFHWDILILRQFHWQYKKATF, 0.82
11903E17I127, YWAQENDGHTFHWDVLILRQFHWQYKKATF, 0.83
11903E18I143, YWAQENDGHTFHWDVLILRHFHWQYKKATF, 0.84
11903E19I174, YWAQENDRHTFHWDVLILRHFHWQYKKATF, 0.85
11903E20I201, YWAQENDRHTFHWDVLILRHFHWSYKKATF, 0.86
11903E21I227, YWAQENDRHTFHWAVLILRHFHWSYKKATF, 0.9
