11644E0I0, RWLARANDLQPWEVVTSWKRRWSIETVNAP, 0.25
11644E1I1, RWLARANDTQPWEVVTSWKRRWSIETVNAP, 0.27
11644E2I2, RWLARANDTQPWEVVTSWKRRWSPETVNAP, 0.3
11644E3I5, RWQARANDTQPWEVVTSWKRRWSPETVNAP, 0.31
11644E4I6, RWQARANDTQPWEVVTSWKRRWSPETVNTP, 0.34
11644E5I8, RWQARANDTQPWEVVTSWKRKWSPETVNTP, 0.35
11644E6I10, RWQARANDGQPWEVVTSWKRKWSPETVNTP, 0.37
11644E7I12, RWQARANDGQPWEVVTSWKRKWSPETVNTF, 0.39
11644E8I13, RWQARANDGQDWEVVTSWKRKWSPETVNTF, 0.41
11644E9I14, RWQARANDGQDWEVVESWKRKWSPETVNTF, 0.44
11644E10I15, RWQHRANDGQDWEVVESWKRKWSPETVNTF, 0.47
11644E11I19, RWQHRANDGQDWEVVESWKRKWSPATVNTF, 0.48
11644E12I20, RWQHRANDGQDWEVVESWKRKWSPAVVNTF, 0.52
11644E13I29, RWQHRARDGQDWEVVESWKRKWSPAVVNTF, 0.57
11644E14I30, RWQHRARDGQDWEVVESWKRKSSPAVVNTF, 0.58
11644E15I34, RWQHRARDGQDWEHVESWKRKSSPAVVNTF, 0.59
11644E16I36, RWQHRARDGQRWEHVESWKRKSSPAVVNTF, 0.61
11644E17I47, RWQHRARDGQRWEHVESWKRKSSPAVVRTF, 0.62
11644E18I74, RWQHRARDGQRWEHVESWKRKSSPAVQRTF, 0.65
11644E19I75, RWQHRAHDGQRWEHVESWKRKSSPAVQRTF, 0.66
11644E20I83, RWQHRAHDGQRWEHVESWKRKSSPAVQWTF, 0.67
11644E21I94, RWQHRAHDGQKWEHVESWKRKSSPAVQWTF, 0.7
11644E22I98, RWQHRAHTGQKWEHVESWKRKSSPAVQWTF, 0.71
11644E23I108, RWQDRAHTGQKWEHVESWKRKSSPAVQWTF, 0.72
11644E24I119, RWQDRAHIGQKWEHVESWKRKSSPAVQWTF, 0.74
11644E25I132, RWQDRAHIGQKWEHVESWKRKSSPAVQDTF, 0.76
11644E26I138, RWQDRAHIGQKWEHVESWKRLSSPAVQDTF, 0.77
11644E27I143, RWQDRAHIGQHWEHVESWKRLSSPAVQDTF, 0.79
11644E28I155, RWQDRAHIGQHWEHVESWKRLSSPAVQATF, 0.8
11644E29I176, RWQDRAHIGQHWEHVESWKRLSSPAVQAYF, 0.81
11644E30I183, RWQDRAHIGQHWEHVESWKRLLSPAVQAYF, 0.82
11644E31I207, RWWDRAHIGQHWEHVESWKRLLSPAVQAYF, 0.83
11644E32I212, RWWDRAHIGQHWEHVESWKRLLSPAVPAYF, 0.84
11644E33I250, RWWDRAHIGQHWEHVESWKRLLSPAVPAYA, 0.85
11644E34I261, RWWDRAHIYQHWEHVESWKRLLSPAVPAYA, 0.86
11644E35I273, RWWDRAHIYQHWEHVLSWKRLLSPAVPAYA, 0.87
11644E36I307, RWWDRAHIYWHWEHVLSWKRLLSPAVPAYA, 0.89
11644E37I333, RHWDRAHIYWHWEHVLSWKRLLSPAVPAYA, 0.9
11644E38I388, RHWDRAHIYWHWEHVWSWKRLLSPAVPAYA, 0.91
11644E39I416, HHWDRAHIYWHWEHVWSWKRLLSPAVPAYA, 0.92
11644E40I426, HHWDRAHIYWHWEHVWSWKRLLSPAVPAYW, 0.93
