144E0I0, KFDTVLHWLSIEFYVLAADFWSHGTIDTAH, 0.46
144E1I13, KFDTVLHWLSIEFYRLAADFWSHGTIDTAH, 0.5
144E2I15, KGDTVLHWLSIEFYRLAADFWSHGTIDTAH, 0.52
144E3I16, KGDLVLHWLSIEFYRLAADFWSHGTIDTAH, 0.54
144E4I20, KGDLYLHWLSIEFYRLAADFWSHGTIDTAH, 0.55
144E5I22, KGDLYLHPLSIEFYRLAADFWSHGTIDTAH, 0.56
144E6I31, KGDSYLHPLSIEFYRLAADFWSHGTIDTAH, 0.58
144E7I34, KGDSYLHPLSIEFYRLAADFWQHGTIDTAH, 0.59
144E8I35, KGDSYLHPLSIEFYRLAADFWQHGGIDTAH, 0.65
144E9I40, KGDSYLHPLSIEFYLLAADFWQHGGIDTAH, 0.66
144E10I47, KGDSYLHPLSIEFYLLAAAFWQHGGIDTAH, 0.68
144E11I52, KGDSYLHPLSIEFYLLAAAFWQHGGIQTAH, 0.73
144E12I69, KGDSYLHPLSIEFKLLAAAFWQHGGIQTAH, 0.75
144E13I90, KGDSYLHPLSIEFKLLAATFWQHGGIQTAH, 0.76
144E14I92, KGDSYLHPLSIEFKLLAATFWQHGGIQHAH, 0.77
144E15I121, KGDSFLHPLSIEFKLLAATFWQHGGIQHAH, 0.79
144E16I179, KGDSFLHPLSIEFKLLAATFWQHGGIQHAF, 0.8
144E17I191, KGDSFLHPLSIEFKLLAATFWQHGGIQHGF, 0.81
144E18I257, KGDSFLHPLSIEFKLLAATFWQHGGWQHGF, 0.82
144E19I332, KGDSFLHPLSIEFKLLAATFWQHGGWQHGD, 0.83
144E20I362, KGDRFLHPLSIEFKLLAATFWQHGGWQHGD, 0.84
