9441E0I0, EAAKDRKNWDNFIYKRHIGLESTNGPHDPR, 0.36
9441E1I2, EAAKDRKRWDNFIYKRHIGLESTNGPHDPR, 0.45
9441E2I8, EAAKDRKRWDNFIYKRHIGLETTNGPHDPR, 0.46
9441E3I9, EIAKDRKRWDNFIYKRHIGLETTNGPHDPR, 0.47
9441E4I12, EIAKDHKRWDNFIYKRHIGLETTNGPHDPR, 0.48
9441E5I19, EIAKDHGRWDNFIYKRHIGLETTNGPHDPR, 0.5
9441E6I20, EIAKLHGRWDNFIYKRHIGLETTNGPHDPR, 0.54
9441E7I25, EIAHLHGRWDNFIYKRHIGLETTNGPHDPR, 0.56
9441E8I26, EIAHLHGRWQNFIYKRHIGLETTNGPHDPR, 0.59
9441E9I35, EIAHLHGRWQNFIYKRHGGLETTNGPHDPR, 0.6
9441E10I37, EIAHLHGRWQNFIQKRHGGLETTNGPHDPR, 0.63
9441E11I38, EIAHLHGRWQNFIQKRHGGLETTNGPHDPT, 0.65
9441E12I45, EIAHLHGRWQNFAQKRHGGLETTNGPHDPT, 0.66
9441E13I60, EIAHLHGRWQNFAQKRHGGLWTTNGPHDPT, 0.71
9441E14I63, EIAHLHGRWQNFYQKRHGGLWTTNGPHDPT, 0.72
9441E15I80, EIAHLHGRWQNFYQKRHGGPWTTNGPHDPT, 0.73
9441E16I90, EIAHLHGRWQNFYQKRHGGYWTTNGPHDPT, 0.78
9441E17I122, EIAHLHLRWQNFYQKRHGGYWTTNGPHDPT, 0.79
9441E18I139, EIAHLHLRWQNFYQKRHGGYWTTYGPHDPT, 0.81
9441E19I141, EIAHLHLHWQNFYQKRHGGYWTTYGPHDPT, 0.86
9441E20I177, EIAHLHLHLQNFYQKRHGGYWTTYGPHDPT, 0.87
9441E21I202, EIAHLHLHLQNFYQFRHGGYWTTYGPHDPT, 0.88
9441E22I203, EIAHLHLHLQNWYQFRHGGYWTTYGPHDPT, 0.89
9441E23I230, EIAHLHLHLQNWYQFRHGGYWTTYKPHDPT, 0.91
9441E24I316, EIAHLHLHLQNWYQFRHGGYWATYKPHDPT, 0.92
9441E25I363, EIAHLHLHLQNWYQNRHGGYWATYKPHDPT, 0.94
