13735E0I0, ARGHEHNWLKRTRDRGGFYVTTRVTKVHVQ, 0.43
13735E1I4, ARGHEHNWLKRTRDRGGFYRTTRVTKVHVQ, 0.46
13735E2I5, ARGHEHNWLKRTRDRGGFYRTKRVTKVHVQ, 0.47
13735E3I8, ARGHEHNWLKRTRDRGGFYRTKRNTKVHVQ, 0.49
13735E4I9, ARGHNHNWLKRTRDRGGFYRTKRNTKVHVQ, 0.51
13735E5I11, ARGHLHNWLKRTRDRGGFYRTKRNTKVHVQ, 0.54
13735E6I16, ARGHLHNWLKRTFDRGGFYRTKRNTKVHVQ, 0.55
13735E7I17, AIGHLHNWLKRTFDRGGFYRTKRNTKVHVQ, 0.56
13735E8I32, AIGHLHNWLKRTFDRGGFYRTKRNTAVHVQ, 0.61
13735E9I40, AIGHLHNWLKRTFDRGWFYRTKRNTAVHVQ, 0.62
13735E10I45, AIGHLHNWLKRTFDRGWFYRTKRFTAVHVQ, 0.63
13735E11I46, AIGHLHNWLKRTFDRGWFYRRKRFTAVHVQ, 0.64
13735E12I48, AIGHLHNWLKRTFDRGWFYRRKRFTAVHVT, 0.67
13735E13I51, AIGHLHNWLKRTFDRGRFYRRKRFTAVHVT, 0.68
13735E14I60, AIGHLHNWLKPTFDRGRFYRRKRFTAVHVT, 0.69
13735E15I62, AIGHLHNWLKPTFDRGRFYRRKRETAVHVT, 0.7
13735E16I75, AIGHLHNWLKPTFDRDRFYRRKRETAVHVT, 0.71
13735E17I81, AIGHLHNWLKPTFDRDRFYRRYRETAVHVT, 0.72
13735E18I88, AIGHLHNWLKPTFDRDRFYRRYRETAVHVW, 0.74
13735E19I92, AIGHLHNWLKPTFDRDRFHRRYRETAVHVW, 0.75
13735E20I94, AIGHLHNHLKPTFDRDRFHRRYRETAVHVW, 0.77
13735E21I97, AGGHLHNHLKPTFDRDRFHRRYRETAVHVW, 0.79
13735E22I104, AGGHLHNHLKPTFDRDRFHRRYREHAVHVW, 0.8
13735E23I113, AGGHLHNHLKPTFDRDRFHRRYREHAVHNW, 0.82
13735E24I132, AGGHLHNHLKPTFDRDQFHRRYREHAVHNW, 0.84
13735E25I133, AGGHLHNHLKPTFDRDFFHRRYREHAVHNW, 0.86
13735E26I136, AGGHLHNHLKPTFDRDFFHRRYQEHAVHNW, 0.87
13735E27I143, AGGHLHNHLKPTFDRDFFHRRYQEYAVHNW, 0.88
13735E28I195, VGGHLHNHLKPTFDRDFFHRRYQEYAVHNW, 0.89
13735E29I248, VGGHLHNHLKPTFDRDFFHRRYQYYAVHNW, 0.9
13735E30I327, VGGHLHNHLKPTFDRDFFHRRYQYYAHHNW, 0.91
