3811E0I0, RYTLWVFVVAHDKTFTVRDWNSSWALFHSR, 0.34
3811E1I3, WYTLWVFVVAHDKTFTVRDWNSSWALFHSR, 0.35
3811E2I4, WYTLWVFVVAHDKTFWVRDWNSSWALFHSR, 0.41
3811E3I6, WYTLWVFVVAHVKTFWVRDWNSSWALFHSR, 0.43
3811E4I7, WYGLWVFVVAHVKTFWVRDWNSSWALFHSR, 0.45
3811E5I10, WYGLWVFVVPHVKTFWVRDWNSSWALFHSR, 0.47
3811E6I11, WYWLWVFVVPHVKTFWVRDWNSSWALFHSR, 0.54
3811E7I12, WYWLWVFVVPHVKTFWVRDWHSSWALFHSR, 0.59
3811E8I13, WYWLWVFVVPHVKTFWVRGWHSSWALFHSR, 0.63
3811E9I14, WYWLWIFVVPHVKTFWVRGWHSSWALFHSR, 0.68
3811E10I16, WYWLWIFVVPHVKTFWVDGWHSSWALFHSR, 0.69
3811E11I20, WYWLWIFVVPHVKTFWVDGAHSSWALFHSR, 0.71
3811E12I24, WYWLWIFVVPHVWTFWVDGAHSSWALFHSR, 0.74
3811E13I29, WYWLWIFIVPHVWTFWVDGAHSSWALFHSR, 0.75
3811E14I49, WYWQWIFIVPHVWTFWVDGAHSSWALFHSR, 0.78
3811E15I52, WYWQWIFHVPHVWTFWVDGAHSSWALFHSR, 0.79
3811E16I55, WYWQWYFHVPHVWTFWVDGAHSSWALFHSR, 0.82
3811E17I66, WYWQWYFHVPHVWTFWVDGAHSSWALFHSL, 0.83
3811E18I79, WYWQWYFHVPHHWTFWVDGAHSSWALFHSL, 0.84
3811E19I89, WYWTWYFHVPHHWTFWVDGAHSSWALFHSL, 0.85
3811E20I92, WYWTAYFHVPHHWTFWVDGAHSSWALFHSL, 0.87
3811E21I95, WYWTAYFHVPEHWTFWVDGAHSSWALFHSL, 0.88
3811E22I96, WYWTAYFHVPEHWTFWVDGAHSSWALFHSQ, 0.89
3811E23I133, WYWTALFHVPEHWTFWVDGAHSSWALFHSQ, 0.9
3811E24I134, WYWTALFHVPEHWTFWSDGAHSSWALFHSQ, 0.91
3811E25I138, WYWTALFHVPEYWTFWSDGAHSSWALFHSQ, 0.92
3811E26I182, WYWTALFHVPEYWTFWSDGAHSSWALTHSQ, 0.93
