1551E0I0, VPLSQKVSKTLIDTVWPQDITQADEWNHII, 0.42
1551E1I2, VPLSQKVSKTLIDTVWPQDITQADEWNHGI, 0.48
1551E2I3, VPLSQKVSKTLIDTVWAQDITQADEWNHGI, 0.5
1551E3I5, VPLSQKVSKTLIDTVWAQEITQADEWNHGI, 0.51
1551E4I9, VPLSQKVSKTLIDTYWAQEITQADEWNHGI, 0.58
1551E5I18, VPLSQKVSKTLIGTYWAQEITQADEWNHGI, 0.59
1551E6I24, VPLSQKVSVTLIGTYWAQEITQADEWNHGI, 0.62
1551E7I30, VPLSQKVSVTLIGTYWAQEITWADEWNHGI, 0.66
1551E8I31, VPLSQKVSVTLIGTYWAQEITWADEWTHGI, 0.71
1551E9I37, VPLSQKVSVPLIGTYWAQEITWADEWTHGI, 0.75
1551E10I59, VPLSQKVSPPLIGTYWAQEITWADEWTHGI, 0.77
1551E11I64, VPLSQKVSPPLIGTYWAQEYTWADEWTHGI, 0.78
1551E12I82, VPLSQKVSPPLIGTYWAQEYSWADEWTHGI, 0.79
1551E13I115, VPLSQKVSVPLIGTYWAQEYSWADEWTHGI, 0.8
1551E14I156, VPLSQEVSVPLIGTYWAQEYSWADEWTHGI, 0.81
1551E15I166, VPLSQEVSVPLIGFYWAQEYSWADEWTHGI, 0.82
1551E16I167, VPLSQEVSAPLIGFYWAQEYSWADEWTHGI, 0.83
1551E17I187, VPLSQEVSAPLIGFYWAQEVSWADEWTHGI, 0.86
1551E18I216, VPLSQEVSAPLIGIYWAQEVSWADEWTHGI, 0.88
1551E19I288, VPLSQEVSAKLIGIYWAQEVSWADEWTHGI, 0.89
