6148E0I0, SHRYYTYDIVYQQLYRQYALRNHVKLQTTD, 0.43
6148E1I1, SWRYYTYDIVYQQLYRQYALRNHVKLQTTD, 0.46
6148E2I3, SWRYYTQDIVYQQLYRQYALRNHVKLQTTD, 0.48
6148E3I4, SWRYYTQYIVYQQLYRQYALRNHVKLQTTD, 0.53
6148E4I14, SWRYYTQYIVYQWLYRQYALRNHVKLQTTD, 0.56
6148E5I27, SWRYYWQYIVYQWLYRQYALRNHVKLQTTD, 0.62
6148E6I28, SWRYYWQYIVYQWLYRQYPLRNHVKLQTTD, 0.65
6148E7I34, SWRYYWQYIVYQWLYRQYPLRRHVKLQTTD, 0.67
6148E8I41, SWRYYWQYIVYQWLYRQYPLREHVKLQTTD, 0.68
6148E9I62, SWRYYWQYIVYQWLYRQYPLREHVKLQTTA, 0.71
6148E10I76, SWRYYWQYIVYQWLYRQYPLREHVKLQHTA, 0.72
6148E11I78, SWRYYWQYIVYQWLYRQYPEREHVKLQHTA, 0.73
6148E12I81, SWRYYWQYIVTQWLYRQYPEREHVKLQHTA, 0.74
6148E13I95, SWRYYWQYIVTQWLYRQYPERQHVKLQHTA, 0.75
6148E14I97, SWRYYWQYIVTQWLYYQYPERQHVKLQHTA, 0.76
6148E15I106, SWRYYWQYIVTQWLYYQYPNRQHVKLQHTA, 0.77
6148E16I134, SWRYYWQYIVTQWDYYQYPNRQHVKLQHTA, 0.81
6148E17I157, SWRYYWQYIVTQWWYYQYPNRQHVKLQHTA, 0.83
6148E18I161, SWRYYWQYIVTQWWYYQYPNRHHVKLQHTA, 0.88
6148E19I182, SWRYYWQYIVTQWWYYQYPNRHHVKVQHTA, 0.89
6148E20I191, SWRYYWQYIVTQWWYYWYPNRHHVKVQHTA, 0.9
