16088E0I0, KWIWIDYGKLNIKPATQYATPWPQWDDSQD, 0.38
16088E1I2, KWIWIDYGKLNPKPATQYATPWPQWDDSQD, 0.39
16088E2I5, KWIIIDYGKLNPKPATQYATPWPQWDDSQD, 0.43
16088E3I7, KWIIIDYGKLNPKPATQYATPWPQWDDRQD, 0.45
16088E4I8, KWIIIDYGKLNPKPATQYATPTPQWDDRQD, 0.47
16088E5I12, KWIIIDYQKLNPKPATQYATPTPQWDDRQD, 0.48
16088E6I13, KWIIIDYQKLNPKPATQYATPTPPWDDRQD, 0.51
16088E7I17, KWIIIDYQKLGPKPATQYATPTPPWDDRQD, 0.55
16088E8I18, KLIIIDYQKLGPKPATQYATPTPPWDDRQD, 0.6
16088E9I29, KLIIIDYQKLGPKPATQYATPTPPWDERQD, 0.63
16088E10I33, KLIIIDYQKLGPKPATQYATHTPPWDERQD, 0.64
16088E11I44, KLIIIDYQKLGPKPTTQYATHTPPWDERQD, 0.65
16088E12I46, KLIIIDYIKLGPKPTTQYATHTPPWDERQD, 0.68
16088E13I61, KLIIIDYIKLGPTPTTQYATHTPPWDERQD, 0.7
16088E14I138, KLIIIQYIKLGPTPTTQYATHTPPWDERQD, 0.71
16088E15I152, KLIIIQYIKLGPSPTTQYATHTPPWDERQD, 0.74
16088E16I170, KLIIIQYIKLGPSPTTQYATHTPPWDERQE, 0.75
16088E17I171, KLIIIQYIKLGPSPTTQYAVHTPPWDERQE, 0.76
16088E18I200, KLIIIQYIKLGPSPTTQYAVHTPPGDERQE, 0.79
16088E19I204, KLIIIQYIKLGPSPTTQYASHTPPGDERQE, 0.81
