19807E0I0, KRTGIKKRKITLDIQDQPKETNKWHVDVLE, 0.27
19807E1I2, KRTGIKKRKITLLIQDQPKETNKWHVDVLE, 0.29
19807E2I3, KRTGIKKRKITLLIQDQPKETNKWHVDELE, 0.31
19807E3I4, KATGIKKRKITLLIQDQPKETNKWHVDELE, 0.35
19807E4I9, KATGHKKRKITLLIQDQPKETNKWHVDELE, 0.42
19807E5I10, KATGHKKRKITLLIQDQRKETNKWHVDELE, 0.46
19807E6I15, KATGHKKRKITLLIQDERKETNKWHVDELE, 0.47
19807E7I24, KATGHKKRKITLLIQDERQETNKWHVDELE, 0.53
19807E8I26, KATGHKKRKITLLIQEERQETNKWHVDELE, 0.54
19807E9I32, KATGHKKRKITLLIQEERQETNKWHVDEWE, 0.58
19807E10I39, HATGHKKRKITLLIQEERQETNKWHVDEWE, 0.63
19807E11I40, HATGHKKRKITLLIQEERQETNKWHVDEWW, 0.64
19807E12I50, WATGHKKRKITLLIQEERQETNKWHVDEWW, 0.68
19807E13I51, WATGHKKRKITLLIQEDRQETNKWHVDEWW, 0.69
19807E14I61, WATGHKKRKITLLIQEDRQETHKWHVDEWW, 0.72
19807E15I64, WATGHKKFKITLLIQEDRQETHKWHVDEWW, 0.76
19807E16I66, WATGHKKFHITLLIQEDRQETHKWHVDEWW, 0.77
19807E17I93, WATGHKKFHITLLIQEDRQETHKIHVDEWW, 0.79
19807E18I115, WATGHKKFHITLLIQEDRQETHKIHIDEWW, 0.8
19807E19I162, WATGHKKFHITLLIQEDRQETHHIHIDEWW, 0.82
19807E20I163, WATGHKKFHITLLIQEDRQETHHIHIDRWW, 0.83
19807E21I181, WATGHKKFHIALLIQEDRQETHHIHIDRWW, 0.85
19807E22I203, WATGHKKFHIALLIQENRQETHHIHIDRWW, 0.87
19807E23I209, WATGHKKFHIALLIQENRQETFHIHIDRWW, 0.88
