10943E0I0, EWFRTSGAVTNHVDKGDGYTVVFDSPPSYV, 0.39
10943E1I3, EWFRTSGAVTNHVDKGDGYTVVFDSPPSYR, 0.5
10943E2I13, EWFRTSGAVTNHVDKGDGYTHVFDSPPSYR, 0.53
10943E3I40, EWFRPSGAVTNHVDKGDGYTHVFDSPPSYR, 0.57
10943E4I45, EWFRPSGAVTQHVDKGDGYTHVFDSPPSYR, 0.58
10943E5I49, EWFRPSGAVTQHVDKGDGYTHVWDSPPSYR, 0.61
10943E6I70, EWFRPSGDVTQHVDKGDGYTHVWDSPPSYR, 0.63
10943E7I72, EWFRPSGDVTQHWDKGDGYTHVWDSPPSYR, 0.66
10943E8I81, EWFRISGDVTQHWDKGDGYTHVWDSPPSYR, 0.67
10943E9I82, EWFRISGDVTQHWDKADGYTHVWDSPPSYR, 0.69
10943E10I105, EWFRISGDVTQHWDKADGHTHVWDSPPSYR, 0.71
10943E11I111, EWFRHSGDVTQHWDKADGHTHVWDSPPSYR, 0.73
10943E12I113, EWFRHLGDVTQHWDKADGHTHVWDSPPSYR, 0.74
10943E13I114, EWFRHLGDPTQHWDKADGHTHVWDSPPSYR, 0.8
10943E14I116, EWFRHLGDPTQHWDKADGHTHVWDSPPAYR, 0.83
10943E15I119, TWFRHLGDPTQHWDKADGHTHVWDSPPAYR, 0.84
10943E16I147, TWFRHLGDPTQHWDKAWGHTHVWDSPPAYR, 0.85
10943E17I203, TWFRHLGDPTQHWDKAWGHTHVWDSPPAWR, 0.86
10943E18I229, YWFRHLGDPTQHWDKAWGHTHVWDSPPAWR, 0.87
10943E19I234, YWFRHLGDPTQHWDKAWGHWHVWDSPPAWR, 0.89
10943E20I297, YWFRHLQDPTQHWDKAWGHWHVWDSPPAWR, 0.91
10943E21I315, YWFRHLQDPTQHWDKAWYHWHVWDSPPAWR, 0.92
