13084E0I0, KPYSPQYFSPWNHGVEFGNYEASDYSYAYQ, 0.38
13084E1I3, KRYSPQYFSPWNHGVEFGNYEASDYSYAYQ, 0.39
13084E2I8, KRYSPQYFSPWNHGVEFGNYKASDYSYAYQ, 0.49
13084E3I12, KRYSPQYFSPWNHIVEFGNYKASDYSYAYQ, 0.57
13084E4I13, KEYSPQYFSPWNHIVEFGNYKASDYSYAYQ, 0.58
13084E5I17, KEYSPQYFSPWNHIVEFGNYKAGDYSYAYQ, 0.61
13084E6I27, KEYSPFYFSPWNHIVEFGNYKAGDYSYAYQ, 0.65
13084E7I29, KEYSTFYFSPWNHIVEFGNYKAGDYSYAYQ, 0.67
13084E8I39, KEYSTFYFSPWNHIVEFGNYKAPDYSYAYQ, 0.69
13084E9I47, KEYSTFYFPPWNHIVEFGNYKAPDYSYAYQ, 0.7
13084E10I50, KWYSTFYFPPWNHIVEFGNYKAPDYSYAYQ, 0.71
13084E11I53, KWYSTFYFPPYNHIVEFGNYKAPDYSYAYQ, 0.72
13084E12I57, KWYSTFYFGPYNHIVEFGNYKAPDYSYAYQ, 0.74
13084E13I63, KWYSTFYFGPYNHIVEFGNYLAPDYSYAYQ, 0.75
13084E14I115, KWYLTFYFGPYNHIVEFGNYLAPDYSYAYQ, 0.77
13084E15I132, KWYLTFYFGNYNHIVEFGNYLAPDYSYAYQ, 0.78
13084E16I149, KWYLTAYFGNYNHIVEFGNYLAPDYSYAYQ, 0.8
13084E17I169, KWYLTAYFGNYNHIVGFGNYLAPDYSYAYQ, 0.81
13084E18I208, KWYLTAYFGNYIHIVGFGNYLAPDYSYAYQ, 0.84
13084E19I227, KWYLTAYFGNHIHIVGFGNYLAPDYSYAYQ, 0.86
13084E20I254, KWYPTAYFGNHIHIVGFGNYLAPDYSYAYQ, 0.88
13084E21I255, KWYPTAYFGNHIHIVGHGNYLAPDYSYAYQ, 0.89
13084E22I261, KWYPTAYPGNHIHIVGHGNYLAPDYSYAYQ, 0.91
13084E23I281, KWYPTAYPGNHIHIVGHGNYLAPYYSYAYQ, 0.93
13084E24I287, KWYPTAYPGNHIHIVGHGNYLAPYWSYAYQ, 0.95
