1431E0I0, TKYPAQNERGDALFHHWHNERESYHWPRSK, 0.54
1431E1I1, TKYPRQNERGDALFHHWHNERESYHWPRSK, 0.55
1431E2I4, TKYPRQNERGDALFHHWHGERESYHWPRSK, 0.56
1431E3I8, TKYPRQNERGDLLFHHWHGERESYHWPRSK, 0.59
1431E4I10, TKYPRQNERGDLLFHHWHGERESYHWPHSK, 0.6
1431E5I14, TKYPRQNERGDLLFHHWHGERESYHWPYSK, 0.62
1431E6I28, TKYPRQNERGDLLFHHWHGERESYHWIYSK, 0.63
1431E7I30, TKYPRQNRRGDLLFHHWHGERESYHWIYSK, 0.69
1431E8I33, TGYPRQNRRGDLLFHHWHGERESYHWIYSK, 0.7
1431E9I37, TGYPRQNRRGDLLFHHWHGEEESYHWIYSK, 0.72
1431E10I41, TGYPRQNRRGHLLFHHWHGEEESYHWIYSK, 0.73
1431E11I44, TGYPRQNRRGHLLFHHWHGEEESYYWIYSK, 0.75
1431E12I46, TGYPRQNRRGHLLFHLWHGEEESYYWIYSK, 0.79
1431E13I64, TGYPRQNRRGHLLFHLWHLEEESYYWIYSK, 0.81
1431E14I68, TGYPWQNRRGHLLFHLWHLEEESYYWIYSK, 0.82
1431E15I79, TGYPWHNRRGHLLFHLWHLEEESYYWIYSK, 0.84
1431E16I97, TGYPWHNRRAHLLFHLWHLEEESYYWIYSK, 0.86
1431E17I140, TGYPWHNRRAHLLFHLWHLEEESWYWIYSK, 0.87
1431E18I150, TGYPWHNRRAHLTFHLWHLEEESWYWIYSK, 0.89
1431E19I185, TGAPWHNRRAHLTFHLWHLEEESWYWIYSK, 0.91
1431E20I214, TGAPWHNRRAHLTFHLWHLEEESWYWIYSV, 0.92
