4367E0I0, HTQVATAYGAGVWAKHNINFFQEEPRVNNL, 0.38
4367E1I4, HTQVARAYGAGVWAKHNINFFQEEPRVNNL, 0.41
4367E2I6, HTQVARAYGAGVWAKHNINFFQEEPRVPNL, 0.44
4367E3I7, HAQVARAYGAGVWAKHNINFFQEEPRVPNL, 0.45
4367E4I9, HAQYARAYGAGVWAKHNINFFQEEPRVPNL, 0.47
4367E5I11, HAQYARAYGAGVWAKHNRNFFQEEPRVPNL, 0.5
4367E6I12, HAQYALAYGAGVWAKHNRNFFQEEPRVPNL, 0.51
4367E7I13, HAQHALAYGAGVWAKHNRNFFQEEPRVPNL, 0.56
4367E8I19, HAFHALAYGAGVWAKHNRNFFQEEPRVPNL, 0.6
4367E9I24, HAFHALAYGAGVWAKHNRNFFQEEPIVPNL, 0.64
4367E10I27, HAFHALAYGAGVWAKHNRNFFQEEPIVPLL, 0.66
4367E11I36, HAFHALAYGAGVWAKHNRPFFQEEPIVPLL, 0.68
4367E12I42, HAFHALAYGAGVWAKHNRPLFQEEPIVPLL, 0.71
4367E13I59, HAFHALAYGAGVWAKHNHPLFQEEPIVPLL, 0.77
4367E14I95, HAFHALAYGAGVWAAHNHPLFQEEPIVPLL, 0.78
4367E15I105, HAFHALAYGAGVQAAHNHPLFQEEPIVPLL, 0.79
4367E16I113, HAFHALAYGAGVQAHHNHPLFQEEPIVPLL, 0.82
4367E17I135, HAFHALAYGAGVQAHHNHPLWQEEPIVPLL, 0.84
4367E18I153, HAFHALAYGFGVQAHHNHPLWQEEPIVPLL, 0.85
4367E19I154, HAFHALAYLFGVQAHHNHPLWQEEPIVPLL, 0.86
