3187E0I0, YFRNKAKWAPYIAENKWWTYYHKFWVDQRN, 0.41
3187E1I2, YFRNKAKWAPYIAENKWWTYYHKFWVDQRG, 0.45
3187E2I3, YFRNKAKWAPYIAENKWETYYHKFWVDQRG, 0.46
3187E3I5, YFRNKAKWAPYIAENKWETYYHKFWVDRRG, 0.48
3187E4I6, YFRNKLKWAPYIAENKWETYYHKFWVDRRG, 0.51
3187E5I9, YFRNKLKWAPYIAENHWETYYHKFWVDRRG, 0.6
3187E6I11, YFRNKLKWAPYIAENHWETYYHKFWVDRVG, 0.62
3187E7I13, YFRNKLKWAPYIAENHWLTYYHKFWVDRVG, 0.63
3187E8I16, YFVNKLKWAPYIAENHWLTYYHKFWVDRVG, 0.66
3187E9I17, YFVNKLKWAPYIAENHWLTYYHNFWVDRVG, 0.69
3187E10I36, YFVNKLKWAPYIAENHWLTYYHNFWVDEVG, 0.7
3187E11I38, YFVNKLKWAPYWAENHWLTYYHNFWVDEVG, 0.77
3187E12I39, YFVNKLKWAPYWAENHWLTYYHNHWVDEVG, 0.81
3187E13I40, YFVNKLKWAPYWAENHWLTYYHNHHVDEVG, 0.83
3187E14I42, YFVNKLKWAPYWAENHWLTYYHNHHVDFVG, 0.84
3187E15I46, YFVPKLKWAPYWAENHWLTYYHNHHVDFVG, 0.88
3187E16I79, YFVPKLKWAPYWAEVHWLTYYHNHHVDFVG, 0.89
3187E17I148, YFVPKLKWAPYWAEEHWLTYYHNHHVDFVG, 0.9
3187E18I231, YFVPKLKWAHYWAEEHWLTYYHNHHVDFVG, 0.91
3187E19I264, YFVPKLKWAHYWAEEHWLTYWHNHHVDFVG, 0.92
3187E20I316, YFVPKLKWAHYWAEEHWLTYWHNHHVHFVG, 0.93
3187E21I377, YFVPKLKWAHYWAEHHWLTYWHNHHVHFVG, 0.94
