8165E0I0, QTNIHWQILWLNTSIVRYSNLSQIPKEFHK, 0.48
8165E1I1, QTNIHWQILWLSTSIVRYSNLSQIPKEFHK, 0.49
8165E2I6, QTHIHWQILWLSTSIVRYSNLSQIPKEFHK, 0.55
8165E3I7, QTHIHWQILWLSGSIVRYSNLSQIPKEFHK, 0.57
8165E4I8, QTHIHWQILWLSGSIVRYSNESQIPKEFHK, 0.61
8165E5I12, QTHIHWQILWYSGSIVRYSNESQIPKEFHK, 0.66
8165E6I14, QTHIHWQILWYSGSIVRYSTESQIPKEFHK, 0.68
8165E7I20, QTHIHWQILWYSGSIVRYSTESQIPIEFHK, 0.69
8165E8I21, QTHIHWQILWYSGSIVRYSIESQIPIEFHK, 0.71
8165E9I28, QTHIHWQILWYSGSIVRYSIHSQIPIEFHK, 0.73
8165E10I31, QTHIHWQILWYSGSIVRYSIHSQIPIEFHS, 0.75
8165E11I37, QAHIHWQILWYSGSIVRYSIHSQIPIEFHS, 0.77
8165E12I39, QAHIHWQILWYSGSIVRYSIHSQIPIEFHR, 0.78
8165E13I55, QAHIHWQILWYSGSIVRYSIHSQIPILFHR, 0.8
8165E14I69, QAHIHWQIYWYSGSIVRYSIHSQIPILFHR, 0.83
8165E15I73, WAHIHWQIYWYSGSIVRYSIHSQIPILFHR, 0.85
8165E16I81, WAHIHWQIYWYSGSIVRYSIHSQIPSLFHR, 0.86
8165E17I94, WAHIHWQIYWYSGSIVRYSIHSQIPSLFHY, 0.87
8165E18I98, WAHIHWQIYWYSGSIVSYSIHSQIPSLFHY, 0.9
8165E19I177, WAHIHWQIYWYSGSIVSYSIHSQIPSLFHP, 0.92
8165E20I207, WAHIHWQIYWYSGSIVSYSIHSQWPSLFHP, 0.93
8165E21I226, WAHIHWQAYWYSGSIVSYSIHSQWPSLFHP, 0.94
8165E22I278, WAHIHWQAYWYSWSIVSYSIHSQWPSLFHP, 0.95
8165E23I316, WAHIHWQAYWYSWSIVSYSIHSQWPSRFHP, 0.96
8165E24I368, WAHIHWQAYWYSWSIVSYSIHSQWPNRFHP, 0.97
