15556E0I0, TDVVKLVPEGDGITAVDRYWEYGGEPDQAP, 0.48
15556E1I2, TDVVKLVPEGDGITAVDRYWEYGGDPDQAP, 0.55
15556E2I6, ADVVKLVPEGDGITAVDRYWEYGGDPDQAP, 0.56
15556E3I11, ADVVKLVPEGDGITAVDRYWEYGGDPDYAP, 0.59
15556E4I18, ADVVKLWPEGDGITAVDRYWEYGGDPDYAP, 0.63
15556E5I21, AIVVKLWPEGDGITAVDRYWEYGGDPDYAP, 0.65
15556E6I40, DIVVKLWPEGDGITAVDRYWEYGGDPDYAP, 0.66
15556E7I43, DIVVKLWPEGDFITAVDRYWEYGGDPDYAP, 0.67
15556E8I59, DIVVKLWPEGDFITAVDRYWEYGGDPDYYP, 0.68
15556E9I68, DIVVKLWPEGDFVTAVDRYWEYGGDPDYYP, 0.72
15556E10I70, DIAVKLWPEGDFVTAVDRYWEYGGDPDYYP, 0.73
15556E11I83, DIAVKLWPPGDFVTAVDRYWEYGGDPDYYP, 0.74
15556E12I84, DIAVKLWPPGDFVTAVDRYWEYGGDPDEYP, 0.75
15556E13I88, DIQVKLWPPGDFVTAVDRYWEYGGDPDEYP, 0.78
15556E14I104, DIQVKLWPPGDFVTAVDRYWEYGGDPTEYP, 0.8
15556E15I108, WIQVKLWPPGDFVTAVDRYWEYGGDPTEYP, 0.82
15556E16I137, WIQVKLWPPGDFVTAVDRYWFYGGDPTEYP, 0.83
15556E17I159, WIQVKLWPPGDFVTAVDRYWFYGGDPTWYP, 0.86
15556E18I170, WIQFKLWPPGDFVTAVDRYWFYGGDPTWYP, 0.87
15556E19I173, WIQFKLWPPGDFVTAVDRYWFYGGDPTWWP, 0.88
15556E20I183, WIQFKLWPPGDFVTAADRYWFYGGDPTWWP, 0.9
