11687E0I0, DYRWQIHFHYNKPHSDLWRRWVPFAGSSQE, 0.58
11687E1I3, DYRWQIHFHPNKPHSDLWRRWVPFAGSSQE, 0.64
11687E2I4, DYRWAIHFHPNKPHSDLWRRWVPFAGSSQE, 0.65
11687E3I7, DYRWAIHFHPNKPHSDTWRRWVPFAGSSQE, 0.67
11687E4I10, DYRWAIHFHPNKGHSDTWRRWVPFAGSSQE, 0.72
11687E5I11, DYRWAIHFHPIKGHSDTWRRWVPFAGSSQE, 0.73
11687E6I23, DYRWLIHFHPIKGHSDTWRRWVPFAGSSQE, 0.74
11687E7I25, DYRWLIHFHPSKGHSDTWRRWVPFAGSSQE, 0.75
11687E8I39, DYRWLIHFHPSKGHSDTWRYWVPFAGSSQE, 0.79
11687E9I55, DYRWLIHFHPSKGHSDTWRYWVPFAPSSQE, 0.81
11687E10I60, DYRWLIHFHPTKGHSDTWRYWVPFAPSSQE, 0.82
11687E11I74, DYRWLIHFHPTKGHSDTWAYWVPFAPSSQE, 0.85
11687E12I85, HYRWLIHFHPTKGHSDTWAYWVPFAPSSQE, 0.86
11687E13I89, HYRWLIHFHPTKGHSDTWAYWVPFAPSYQE, 0.87
11687E14I117, HYRWLIHFHPYKGHSDTWAYWVPFAPSYQE, 0.88
11687E15I137, IYRWLIHFHPYKGHSDTWAYWVPFAPSYQE, 0.89
