9904E0I0, EYHTYGFSTKYHLVPAQSAGNLHNTHGSTF, 0.6
9904E1I4, EYHTYGFNTKYHLVPAQSAGNLHNTHGSTF, 0.61
9904E2I7, EYHTYGFNTKYHLVPAQSAGNPHNTHGSTF, 0.62
9904E3I12, EYHTYGFNTKYHEVPAQSAGNPHNTHGSTF, 0.64
9904E4I13, EYHTYGFNTKYHEVPAQSAGNAHNTHGSTF, 0.66
9904E5I14, EYHTYGFNTKYHEVPAQFAGNAHNTHGSTF, 0.67
9904E6I17, EYHTYGFNTHYHEVPAQFAGNAHNTHGSTF, 0.69
9904E7I27, EYHTYGFNTHYEEVPAQFAGNAHNTHGSTF, 0.7
9904E8I29, EYHTYGFNTHYEEVPAQFAGNAHNTQGSTF, 0.71
9904E9I63, EYHTYGSNTHYEEVPAQFAGNAHNTQGSTF, 0.72
9904E10I64, EYHTYGSNTHYEEVPAQFAGNWHNTQGSTF, 0.74
9904E11I97, EYHTYGSNTHYEEVPARFAGNWHNTQGSTF, 0.79
9904E12I98, EYHTYGSNTHHEEVPARFAGNWHNTQGSTF, 0.8
9904E13I156, EYHTYGSNTHHEEVPAFFAGNWHNTQGSTF, 0.85
9904E14I173, EYHTYGSNTHHEEVPAFFAGYWHNTQGSTF, 0.87
9904E15I228, EYHTYGSNTHSEEVPAFFAGYWHNTQGSTF, 0.88
