7083E0I0, EDWIIQNAQHYYPAQFSESVNEELPHNTAK, 0.38
7083E1I3, EDWILQNAQHYYPAQFSESVNEELPHNTAK, 0.39
7083E2I4, EDWILQNAQHYYPAWFSESVNEELPHNTAK, 0.42
7083E3I7, EDWILQLAQHYYPAWFSESVNEELPHNTAK, 0.44
7083E4I9, ADWILQLAQHYYPAWFSESVNEELPHNTAK, 0.46
7083E5I12, ADWILQLGQHYYPAWFSESVNEELPHNTAK, 0.47
7083E6I13, ADWILQLGQHYYPAWFSESVWEELPHNTAK, 0.54
7083E7I17, ADWILILGQHYYPAWFSESVWEELPHNTAK, 0.65
7083E8I36, AAWILILGQHYYPAWFSESVWEELPHNTAK, 0.67
7083E9I40, AAWILILGQHYYPAWFSEAVWEELPHNTAK, 0.68
7083E10I53, AAWILILGQHYYPAWFSEAVWEELPHNTFK, 0.69
7083E11I54, AAWILILGQHYYPAWFSEAVWEELGHNTFK, 0.72
7083E12I64, HAWILILGQHYYPAWFSEAVWEELGHNTFK, 0.74
7083E13I67, HAWILILGQHYYPAWFHEAVWEELGHNTFK, 0.75
7083E14I86, HAWILILGQHYYPAWFHEAVWEHLGHNTFK, 0.79
7083E15I100, HAWILHLGQHYYPAWFHEAVWEHLGHNTFK, 0.82
7083E16I101, HAWILHLGQHYHPAWFHEAVWEHLGHNTFK, 0.83
7083E17I102, RAWILHLGQHYHPAWFHEAVWEHLGHNTFK, 0.84
7083E18I105, RAWILHLGQHYHPAWFHRAVWEHLGHNTFK, 0.85
7083E19I112, AAWILHLGQHYHPAWFHRAVWEHLGHNTFK, 0.86
7083E20I113, AWWILHLGQHYHPAWFHRAVWEHLGHNTFK, 0.87
7083E21I130, AWWILHLGQHYHPAWFHRAVWQHLGHNTFK, 0.89
7083E22I135, AWWILHLGQHYHPAWFHRAVTQHLGHNTFK, 0.9
7083E23I148, AWWILHLGQHYHPAWQHRAVTQHLGHNTFK, 0.92
7083E24I150, AWWILHLGQHGHPAWQHRAVTQHLGHNTFK, 0.93
7083E25I220, AWWYLHLGQHGHPAWQHRAVTQHLGHNTFK, 0.94
7083E26I231, AWWYLHLGQHGHPAWQHTAVTQHLGHNTFK, 0.95
7083E27I252, AWWYLHLGQHGHYAWQHTAVTQHLGHNTFK, 0.96
