805E0I0, DWKHPIFAWEKVEQVHDPSRFWEGVHHGWQ, 0.38
805E1I3, DWKHPIFAHEKVEQVHDPSRFWEGVHHGWQ, 0.39
805E2I6, DWKHPIFAHEKVEQVHDPPRFWEGVHHGWQ, 0.4
805E3I7, DWKHPIFAHEKVEQVHDPPRYWEGVHHGWQ, 0.48
805E4I11, DWKHPIFAHEKVPQVHDPPRYWEGVHHGWQ, 0.61
805E5I21, DWKHPIFAHEKVPQVHDPPRYWEGVHHGPQ, 0.62
805E6I24, DWKHSIFAHEKVPQVHDPPRYWEGVHHGPQ, 0.64
805E7I35, HWKHSIFAHEKVPQVHDPPRYWEGVHHGPQ, 0.69
805E8I36, HWKHSIFAHEKVPQVHDPPRYWEGVHHGHQ, 0.72
805E9I40, HWKHSIFAHEKVPQVHDPPRYWEGVHYGHQ, 0.73
805E10I49, HWKHSIFAHGKVPQVHDPPRYWEGVHYGHQ, 0.74
805E11I69, HWKHHIFAHGKVPQVHDPPRYWEGVHYGHQ, 0.76
805E12I72, HWKHHIFAHGKVPQVHDPPRYWEGVHYGHI, 0.8
805E13I85, HWKHHIFAHGKVHQVHDPPRYWEGVHYGHI, 0.81
805E14I89, HWKHHIFAHGKVHQVHDPPHYWEGVHYGHI, 0.82
805E15I90, HWKHHIFAHYKVHQVHDPPHYWEGVHYGHI, 0.86
805E16I94, HWKHHIFAHYKVHQVDDPPHYWEGVHYGHI, 0.88
805E17I111, HWKHHIFAHYKVHQVDDPPHYWYGVHYGHI, 0.9
805E18I116, HWKHHIFAHYKVHQVDDPPHYWYQVHYGHI, 0.92
805E19I123, HWRHHIFAHYKVHQVDDPPHYWYQVHYGHI, 0.93
805E20I142, HWRHHIFAHYHVHQVDDPPHYWYQVHYGHI, 0.94
805E21I205, HWRHHIFAHYHGHQVDDPPHYWYQVHYGHI, 0.95
805E22I299, HWRHHIFAHYHGHIVDDPPHYWYQVHYGHI, 0.96
805E23I303, HWRHHIFTHYHGHIVDDPPHYWYQVHYGHI, 0.97
