19344E0I0, KDIFRFQFSQHQSGIKWVSTWHDRTPADTK, 0.45
19344E1I5, GDIFRFQFSQHQSGIKWVSTWHDRTPADTK, 0.46
19344E2I6, GDIFRQQFSQHQSGIKWVSTWHDRTPADTK, 0.47
19344E3I8, GDIFRQQFSQHYSGIKWVSTWHDRTPADTK, 0.51
19344E4I20, GDIFRQQFSQHYSGIKWSSTWHDRTPADTK, 0.52
19344E5I30, GDIFRQQFLQHYSGIKWSSTWHDRTPADTK, 0.55
19344E6I31, GDIFRQQFLQHYSGPKWSSTWHDRTPADTK, 0.57
19344E7I32, QDIFRQQFLQHYSGPKWSSTWHDRTPADTK, 0.58
19344E8I36, QDIFRYQFLQHYSGPKWSSTWHDRTPADTK, 0.61
19344E9I41, QDIFRYQFLQHYSGPKWSSTWRDRTPADTK, 0.62
19344E10I56, QDIFRYRFLQHYSGPKWSSTWRDRTPADTK, 0.65
19344E11I62, QDEFRYRFLQHYSGPKWSSTWRDRTPADTK, 0.67
19344E12I68, QDEFHYRFLQHYSGPKWSSTWRDRTPADTK, 0.71
19344E13I87, QDEFHARFLQHYSGPKWSSTWRDRTPADTK, 0.72
19344E14I91, QDTFHARFLQHYSGPKWSSTWRDRTPADTK, 0.75
19344E15I96, QDTFHPRFLQHYSGPKWSSTWRDRTPADTK, 0.76
19344E16I98, QDTFHPRFLQHYSGPKWISTWRDRTPADTK, 0.77
19344E17I151, QDTFHPRFLQHYSGPGWISTWRDRTPADTK, 0.79
19344E18I185, QDTFHPRFLQHYSGPGWISTWRDRYPADTK, 0.8
19344E19I201, QDTFHPRFLQHYSGPGWISTWEDRYPADTK, 0.84
19344E20I253, QDTFHPRFLQHYSGPHWISTWEDRYPADTK, 0.85
19344E21I266, QDTFHPRFLQHYPGPHWISTWEDRYPADTK, 0.86
19344E22I292, QDTFHPRFLQHYPTPHWISTWEDRYPADTK, 0.88
19344E23I342, QDTFHPRFLQHYPTPHWISTWEDRYPADTA, 0.89
