19146E0I0, HTWVSLLVYNRFSTAFFWQGPIGYASDLIQ, 0.43
19146E1I1, HTWVSLLVYNRKSTAFFWQGPIGYASDLIQ, 0.45
19146E2I4, HTWVSLLVYNRKSTAFFWQGPIGPASDLIQ, 0.52
19146E3I7, HTWVSLLVDNRKSTAFFWQGPIGPASDLIQ, 0.54
19146E4I8, HTWVSLLGDNRKSTAFFWQGPIGPASDLIQ, 0.56
19146E5I10, HTWVSLLGPNRKSTAFFWQGPIGPASDLIQ, 0.59
19146E6I13, HTWVSLLGPNRKSTAFFWQGPIGPASDWIQ, 0.61
19146E7I15, HTWVSLLGPNRKSTAFFYQGPIGPASDWIQ, 0.63
19146E8I18, HTWVSLLGPNRKSTAFFYQGPIGPASWWIQ, 0.66
19146E9I24, HTWVSLLGPNRKSTAFFYQGPIGPAVWWIQ, 0.67
19146E10I30, HTWVSLLLPNRKSTAFFYQGPIGPAVWWIQ, 0.7
19146E11I94, HTWVSLLLPNRKSFAFFYQGPIGPAVWWIQ, 0.71
19146E12I99, HTWVSLLLPNRKSFAFFVQGPIGPAVWWIQ, 0.72
19146E13I105, HTWVSLLLPNRKSFAFFVQEPIGPAVWWIQ, 0.74
19146E14I113, HTWVSLLLPNRKSFAFFVQEPIGPAVWIIQ, 0.77
19146E15I163, HTWWSLLLPNRKSFAFFVQEPIGPAVWIIQ, 0.78
19146E16I174, HTWWSLLLPNRKSFAFFVQEPIGPAYWIIQ, 0.79
19146E17I183, HTWWSLLLPNRKSFAFFVQEPIGPTYWIIQ, 0.81
19146E18I217, HTWWSLLLPNRKSFAFFVQEPIGPRYWIIQ, 0.82
19146E19I223, HTWWSLLLPNRKSFAFFVQEPIGHRYWIIQ, 0.84
19146E20I238, HTWWGLLLPNRKSFAFFVQEPIGHRYWIIQ, 0.85
19146E21I307, HTWWGLLLPNRKSFAFFVQEPIGGRYWIIQ, 0.86
19146E22I384, HTWWGLLLPNRRSFAFFVQEPIGGRYWIIQ, 0.87
19146E23I392, LTWWGLLLPNRRSFAFFVQEPIGGRYWIIQ, 0.88
19146E24I429, LTWWGLLLPNRRSFAFFVQEPIGDRYWIIQ, 0.89
19146E25I431, PTWWGLLLPNRRSFAFFVQEPIGDRYWIIQ, 0.91
19146E26I473, PTWWGLLLPNRRSFAFFVQEWIGDRYWIIQ, 0.92
