1343E0I0, SDRIDQQGETAGLKSLNLVLHADAWSVHEV, 0.25
1343E1I3, SDRIDQQGETAGLKSLWLVLHADAWSVHEV, 0.33
1343E2I6, SDRIDQQGETAFLKSLWLVLHADAWSVHEV, 0.4
1343E3I10, SDRIDQQGETAFLKSLWLVWHADAWSVHEV, 0.42
1343E4I12, FDRIDQQGETAFLKSLWLVWHADAWSVHEV, 0.44
1343E5I13, FDRIDQQGETAFLKSLWLVWHADAWSVPEV, 0.47
1343E6I15, FDRIDQQVETAFLKSLWLVWHADAWSVPEV, 0.55
1343E7I17, FDRIDRQVETAFLKSLWLVWHADAWSVPEV, 0.56
1343E8I26, FDRIDRQVETAFLKSLWLVWHADIWSVPEV, 0.59
1343E9I27, FDRIDRQVETAFLKSLWLVWHADSWSVPEV, 0.65
1343E10I41, FDRIDRQVETAFLKSLWLVWHADSDSVPEV, 0.66
1343E11I52, FDPIDRQVETAFLKSLWLVWHADSDSVPEV, 0.67
1343E12I54, FDPIDRQVETAFLKSLWDVWHADSDSVPEV, 0.69
1343E13I56, FDPIDRQVETAFLKSLWDVKHADSDSVPEV, 0.71
1343E14I58, FDPIDRQWETAFLKSLWDVKHADSDSVPEV, 0.73
1343E15I84, FDPIDRQWETAFLKSLWDVKHADFDSVPEV, 0.74
1343E16I87, FDPIDRQWETAFLKSLWIVKHADFDSVPEV, 0.75
1343E17I88, FDPIDRQWETAFLKHLWIVKHADFDSVPEV, 0.77
1343E18I93, FDPIDRQWETAFLKHYWIVKHADFDSVPEV, 0.78
1343E19I96, FDPIDRQWETAFLKHYWIVKHADFDSWPEV, 0.82
1343E20I104, FDRIDRQWETAFLKHYWIVKHADFDSWPEV, 0.83
1343E21I106, FDRNDRQWETAFLKHYWIVKHADFDSWPEV, 0.86
1343E22I145, FDRADRQWETAFLKHYWIVKHADFDSWPEV, 0.88
1343E23I147, FDRADRQWETAFLKHYWIVKWADFDSWPEV, 0.9
1343E24I209, FDRADRQWETAFLKHYWHVKWADFDSWPEV, 0.93
1343E25I230, FDRADRQWETAFLKHYWHVKWADFDSWPEF, 0.94
