3193E0I0, QAGWNAKEQGDFHDSSWWYYYPADSQLNIE, 0.33
3193E1I3, QAGWNAKEQGDFGDSSWWYYYPADSQLNIE, 0.35
3193E2I4, QAGWNAKEQRDFGDSSWWYYYPADSQLNIE, 0.36
3193E3I6, QAWWNAKEQRDFGDSSWWYYYPADSQLNIE, 0.41
3193E4I7, IAWWNAKEQRDFGDSSWWYYYPADSQLNIE, 0.42
3193E5I9, IVWWNAKEQRDFGDSSWWYYYPADSQLNIE, 0.43
3193E6I12, IVWWNAKWQRDFGDSSWWYYYPADSQLNIE, 0.49
3193E7I17, IVWWNAKWQRDFGDSSWWPYYPADSQLNIE, 0.51
3193E8I19, IVWWNAPWQRDFGDSSWWPYYPADSQLNIE, 0.56
3193E9I25, IVWWNIPWQRDFGDSSWWPYYPADSQLNIE, 0.58
3193E10I26, IVWWNIPWQRDFGDSSWWPYYFADSQLNIE, 0.59
3193E11I34, IVWWNIPWQRDFGDSSWWPYYFADSQSNIE, 0.61
3193E12I36, IVWWNIPWQRDFGDSSWWPYYFAHSQSNIE, 0.63
3193E13I55, IVWWNIPWQRDFGDYSWWPYYFAHSQSNIE, 0.64
3193E14I58, IVTWNIPWQRDFGDYSWWPYYFAHSQSNIE, 0.65
3193E15I61, IVTHNIPWQRDFGDYSWWPYYFAHSQSNIE, 0.69
3193E16I70, IVTHNIPWWRDFGDYSWWPYYFAHSQSNIE, 0.71
3193E17I73, IVTHNIPWWRDFGDYSWWPYYFAHSQSNQE, 0.74
3193E18I85, IVTHNIPWWRDFGDYWWWPYYFAHSQSNQE, 0.76
3193E19I89, IVTHNIPWWRDFGDYWWWPYYFAHSQVNQE, 0.8
3193E20I100, IVTHNIPWWRDFGDYWFWPYYFAHSQVNQE, 0.81
3193E21I138, AVTHNIPWWRDFGDYWFWPYYFAHSQVNQE, 0.82
3193E22I140, AVTHNIPWWRDFGDYWFWPYYFAHSQVNQN, 0.83
3193E23I147, AVTHNIPWWRDFGDYWFWPPYFAHSQVNQN, 0.84
3193E24I214, AVTHNIPWWRDFGDYWFWPPYFAHSQHNQN, 0.88
3193E25I275, AVTHNIPWWRDFGDYWFWSPYFAHSQHNQN, 0.89
