19378E0I0, WYVEPKKQGQWLEQGDVPTSVANTVPPTAA, 0.23
19378E1I2, WYVEPKKQGQWLEQGDVPTSVAETVPPTAA, 0.24
19378E2I3, WYVEPKKQLQWLEQGDVPTSVAETVPPTAA, 0.27
19378E3I4, WYVEPKKQLQTLEQGDVPTSVAETVPPTAA, 0.28
19378E4I10, WYVEPKGQLQTLEQGDVPTSVAETVPPTAA, 0.3
19378E5I17, WDVEPKGQLQTLEQGDVPTSVAETVPPTAA, 0.32
19378E6I21, WDVEPKGQLQTLEQGDVPTSVAETVLPTAA, 0.33
19378E7I22, WDVEPKGQLQTLEQGDKPTSVAETVLPTAA, 0.36
19378E8I23, WDVEPKGQLQILEQGDKPTSVAETVLPTAA, 0.37
19378E9I28, WDVEPKGQLQILEQGDKPTSVAETVGPTAA, 0.39
19378E10I33, WDVEPKGQLQILWQGDKPTSVAETVGPTAA, 0.45
19378E11I37, WDVEPKGQLQILWQADKPTSVAETVGPTAA, 0.46
19378E12I38, WDVEPKGQLQILWQADKPTTVAETVGPTAA, 0.49
19378E13I39, WDVEPKGQLQILWQADKPTIVAETVGPTAA, 0.5
19378E14I45, WDVEPKGQLQILWQADKPTIVAETYGPTAA, 0.51
19378E15I52, WDVEPKGQLQILWQAKKPTIVAETYGPTAA, 0.52
19378E16I58, WQVEPKGQLQILWQAKKPTIVAETYGPTAA, 0.53
19378E17I71, WQVEPKGQLQILWQAKKPTIVKETYGPTAA, 0.55
19378E18I72, WQVEPKGQLQILWQAKKPTIVKHTYGPTAA, 0.56
19378E19I82, WQVEPKGRLQILWQAKKPTIVKHTYGPTAA, 0.59
19378E20I97, WQVEPKGRLQILWQAKKPRIVKHTYGPTAA, 0.61
19378E21I109, WQVEPKGRLQILWQAKKPRIVKHTYHPTAA, 0.64
19378E22I125, WQVEPEGRLQILWQAKKPRIVKHTYHPTAA, 0.66
19378E23I130, WQVEPEGRLQVLWQAKKPRIVKHTYHPTAA, 0.67
19378E24I137, WQVEPEGRLQVLWQVKKPRIVKHTYHPTAA, 0.71
19378E25I142, WQVEPEGRLQVLWQVKKPRIVKHTFHPTAA, 0.74
19378E26I145, GQVEPEGRLQVLWQVKKPRIVKHTFHPTAA, 0.77
19378E27I146, GQVEPEGRLQVLWQVKKPRIVTHTFHPTAA, 0.78
19378E28I167, GQVEPEGRLQVLWQVKKPRIVTHTFHNTAA, 0.8
19378E29I170, GQVEPEGRLQRLWQVKKPRIVTHTFHNTAA, 0.81
19378E30I185, GQVEPAGRLQRLWQVKKPRIVTHTFHNTAA, 0.83
19378E31I237, GQVEPAGRLQILWQVKKPRIVTHTFHNTAA, 0.85
19378E32I245, GQVTPAGRLQILWQVKKPRIVTHTFHNTAA, 0.87
19378E33I317, GQVTPAGRLQILWQVKHPRIVTHTFHNTAA, 0.88
19378E34I339, GQVTPAGRAQILWQVKHPRIVTHTFHNTAA, 0.89
