15967E0I0, VLISSVETPPRNHYQWNHWLWTPGGLHFPP, 0.5
15967E1I2, VLISSVETLPRNHYQWNHWLWTPGGLHFPP, 0.54
15967E2I3, VLISSAETLPRNHYQWNHWLWTPGGLHFPP, 0.55
15967E3I4, VLISSAETLPRNHYQWNHWLHTPGGLHFPP, 0.6
15967E4I8, VLISSAETLPRNHYQWNHWLHAPGGLHFPP, 0.62
15967E5I11, VLISSAETLPHNHYQWNHWLHAPGGLHFPP, 0.65
15967E6I12, VLISSAETLPHNHYQWNHWLHAPGGLHWPP, 0.69
15967E7I13, VLISSAETLPHNHYQWNHWIHAPGGLHWPP, 0.71
15967E8I18, VLISKAETLPHNHYQWNHWIHAPGGLHWPP, 0.72
15967E9I22, VLISKAPTLPHNHYQWNHWIHAPGGLHWPP, 0.76
15967E10I35, VLISKAPTLPHNHYQWNHWAHAPGGLHWPP, 0.8
15967E11I56, VLISKAPTLPHNHYQWHHWAHAPGGLHWPP, 0.81
15967E12I58, VLISKAPTLPHNHYQNHHWAHAPGGLHWPP, 0.82
15967E13I80, VLISKAPTLPHNHYQNHHWAHAPGGGHWPP, 0.84
15967E14I90, VLISKAPTLPHWHYQNHHWAHAPGGGHWPP, 0.85
15967E15I106, VLISKAPTLPHWHYQNHHWAHYPGGGHWPP, 0.86
15967E16I111, VLISKAPTLQHWHYQNHHWAHYPGGGHWPP, 0.87
15967E17I141, VLISKAPTLQHWHYQVHHWAHYPGGGHWPP, 0.89
