583E0I0, HIRAVDISDIQQTWAWGANREVLLDEWIHD, 0.49
583E1I2, HIRAVDISDIQQTWAWGANREVLLDESIHD, 0.5
583E2I7, HIRAVDISDIQQAWAWGANREVLLDESIHD, 0.53
583E3I9, HIRAVDISDIDQAWAWGANREVLLDESIHD, 0.58
583E4I10, HIRAVDISDIDQAWAWGNNREVLLDESIHD, 0.61
583E5I16, HIRAVDISDIDQAWAWGNNREVDLDESIHD, 0.62
583E6I19, HIRAVDISDIDKAWAWGNNREVDLDESIHD, 0.64
583E7I23, HIRAVDISDIDKAWAWGNNREVDLDESIHY, 0.66
583E8I26, HIRAVDISDIDKAWAWGNNREVDLDESIHH, 0.67
583E9I32, HIRAVDISDIDKAWAWGNNREVHLDESIHH, 0.68
583E10I35, HIRAVDISDIDKAWAWGNNREVHFDESIHH, 0.74
583E11I48, HIRAVDISDIDKAWAWGNNREVHFDESIHI, 0.77
583E12I51, HIRAVDISDIDKAWAWGNNREVHVDESIHI, 0.79
583E13I62, HIRAVDISDIDKAWAWHNNREVHVDESIHI, 0.82
583E14I120, HIRAVDISDIDKAWAWHNNRFVHVDESIHI, 0.83
583E15I165, HIRAVDISDIDKAWAWHNNRFVHVDESRHI, 0.84
583E16I228, HIRAVDISDIDKAWAWHNNRFRHVDESRHI, 0.87
