6376E0I0, PTDYPDANIGSVQTGHHKPYIKPDPKWQYV, 0.36
6376E1I1, PTDYPDANIGSVQTGHHKPYIKPFPKWQYV, 0.37
6376E2I2, PTYYPDANIGSVQTGHHKPYIKPFPKWQYV, 0.38
6376E3I3, PVYYPDANIGSVQTGHHKPYIKPFPKWQYV, 0.42
6376E4I11, PVYYPDANIGSVQTGHHKPYIKPFPKWQYF, 0.46
6376E5I20, PVYYPDANIGSVQTGHHKPYIKPFPKWQYW, 0.53
6376E6I22, PVYYPDVNIGSVQTGHHKPYIKPFPKWQYW, 0.55
6376E7I23, PVYYPDVNTGSVQTGHHKPYIKPFPKWQYW, 0.56
6376E8I25, PVYYPDVNTGSVNTGHHKPYIKPFPKWQYW, 0.59
6376E9I27, PVYYPDVNTGSVNTGHHDPYIKPFPKWQYW, 0.62
6376E10I33, PVYYPDVNTGSVNTGHHDPYIKPIPKWQYW, 0.63
6376E11I36, PVPYPDVNTGSVNTGHHDPYIKPIPKWQYW, 0.65
6376E12I39, PVPYYDVNTGSVNTGHHDPYIKPIPKWQYW, 0.66
6376E13I40, PVPYYDPNTGSVNTGHHDPYIKPIPKWQYW, 0.69
6376E14I43, PVPYYDPNTGSVNTGHHDEYIKPIPKWQYW, 0.71
6376E15I60, PVPYYDPNTGSVNTGHHDEYIKPSPKWQYW, 0.74
6376E16I72, PVPYYDPNTGSVNTHHHDEYIKPSPKWQYW, 0.76
6376E17I79, PVPYYDPNTGSVNTHHHDEHIKPSPKWQYW, 0.77
6376E18I87, PVPYYDPNTGSVNTHHHIEHIKPSPKWQYW, 0.81
6376E19I104, PVPYGDPNTGSVNTHHHIEHIKPSPKWQYW, 0.82
6376E20I120, PVPYGDPNTGSVNTHHHIEHIKPSPKWYYW, 0.84
6376E21I136, HVPYGDPNTGSVNTHHHIEHIKPSPKWYYW, 0.86
6376E22I138, HVPYGDPNTGSVNTHHHIEHIAPSPKWYYW, 0.89
6376E23I169, HVPYGDPNTGSVNTHHHIYHIAPSPKWYYW, 0.9
6376E24I180, HVPYGDPNTGHVNTHHHIYHIAPSPKWYYW, 0.92
