4373E0I0, SAGLSSPVIVYPASNHTDQWWLASHRQHRF, 0.47
4373E1I3, SAGLSSPVIVYPASNHTAQWWLASHRQHRF, 0.54
4373E2I6, SAGLSSPIIVYPASNHTAQWWLASHRQHRF, 0.55
4373E3I19, SAGLSSPIIVYPSSNHTAQWWLASHRQHRF, 0.58
4373E4I28, SAGLSSPIIVYPSWNHTAQWWLASHRQHRF, 0.59
4373E5I30, SAGLSSPIIVPPSWNHTAQWWLASHRQHRF, 0.65
4373E6I38, SAGLSSPIIVPPSWNHTATWWLASHRQHRF, 0.67
4373E7I45, SAGLSSPIIVPPSWNHTATWWLASHRQHAF, 0.69
4373E8I46, SAGLSSPIIVPPTWNHTATWWLASHRQHAF, 0.71
4373E9I47, SADLSSPIIVPPTWNHTATWWLASHRQHAF, 0.76
4373E10I66, SADESSPIIVPPTWNHTATWWLASHRQHAF, 0.77
4373E11I70, SADESSPIIVPPTWNHTATWWLAHHRQHAF, 0.8
4373E12I80, SADESSPIIVPPTWNHTATWWLAHHTQHAF, 0.81
4373E13I98, SADESSPIIVPPTWNHTATHWLAHHTQHAF, 0.82
4373E14I103, SADESSPIIVPPTWLHTATHWLAHHTQHAF, 0.84
4373E15I134, SADESSPIIVPPTWLHTATHWLAHHTQHHF, 0.85
4373E16I143, SADESSPIIVPPTWHHTATHWLAHHTQHHF, 0.86
4373E17I161, PADESSPIIVPPTWHHTATHWLAHHTQHHF, 0.87
4373E18I182, PADESSPIIVPPTWHPTATHWLAHHTQHHF, 0.88
4373E19I196, PADESSPIIVPPTWHPTATHWLAHHTQHHH, 0.89
4373E20I225, PADESSPIIVPPTWHPTATHWWAHHTQHHH, 0.9
4373E21I236, PADESSPIIVPPTWHPTATHWWAHHTQHHN, 0.91
4373E22I251, PADESSPIIVPPTWHPTETHWWAHHTQHHN, 0.92
4373E23I258, PADEISPIIVPPTWHPTETHWWAHHTQHHN, 0.93
4373E24I281, PADEISPIIVPPTWHPTETHWWQHHTQHHN, 0.94
