14489E0I0, WRSSWHSFAHVGHPEFHRHYLEFAIKFYWP, 0.72
14489E1I1, WRSGWHSFAHVGHPEFHRHYLEFAIKFYWP, 0.73
14489E2I3, WRSGHHSFAHVGHPEFHRHYLEFAIKFYWP, 0.76
14489E3I12, WRSGHHYFAHVGHPEFHRHYLEFAIKFYWP, 0.8
14489E4I17, WRIGHHYFAHVGHPEFHRHYLEFAIKFYWP, 0.82
14489E5I20, WRIGHHYFAHVGHPEFHRHYQEFAIKFYWP, 0.86
14489E6I61, WRIPHHYFAHVGHPEFHRHYQEFAIKFYWP, 0.87
14489E7I87, WRIPHHYFAHVGHPEFHRHYQEFATKFYWP, 0.88
14489E8I96, WRIPHHYFAHVGHPEFHRAYQEFATKFYWP, 0.89
14489E9I151, WRIPHHYFAHVGHPEFHRAYQEFATKFYWI, 0.9
14489E10I194, WRIHHHYFAHVGHPEFHRAYQEFATKFYWI, 0.91
