7691E0I0, SIHRTSFTDDAPTNIQDQDFQQTTRINWYH, 0.27
7691E1I1, SIHRTSFTDDAPTNIQDQDFQQTTRIDWYH, 0.28
7691E2I2, SIHNTSFTDDAPTNIQDQDFQQTTRIDWYH, 0.34
7691E3I5, SEHNTSFTDDAPTNIQDQDFQQTTRIDWYH, 0.36
7691E4I6, SEHNTSFTEDAPTNIQDQDFQQTTRIDWYH, 0.37
7691E5I9, SEHNTSFTEDAPTNIQDDDFQQTTRIDWYH, 0.38
7691E6I17, SEHNDSFTEDAPTNIQDDDFQQTTRIDWYH, 0.4
7691E7I24, SEHNDSFPEDAPTNIQDDDFQQTTRIDWYH, 0.42
7691E8I26, SEHNDSFPEDAPTNIQDDDFQQTTRIDWAH, 0.44
7691E9I31, SEHNISFPEDAPTNIQDDDFQQTTRIDWAH, 0.45
7691E10I41, SEHNISFPEDAPLNIQDDDFQQTTRIDWAH, 0.47
7691E11I43, SEHNISFPEDAPLNIQDDTFQQTTRIDWAH, 0.48
7691E12I46, SEHNISFPEDAPLNRQDDTFQQTTRIDWAH, 0.51
7691E13I48, YEHNISFPEDAPLNRQDDTFQQTTRIDWAH, 0.53
7691E14I51, YEHNISFPEDAPLNRQDDTFQQTTRYDWAH, 0.54
7691E15I62, YEHNISFPEDAPLNRQDDTFQQTTRYFWAH, 0.55
7691E16I63, YEHNISFPEDAPLNRQDDTFQQTTAYFWAH, 0.56
7691E17I65, YEHNISFPEDAPLNRQDDTFQQTTAYNWAH, 0.58
7691E18I85, YEHNISFPEDAPLLRQDDTFQQTTAYNWAH, 0.63
7691E19I86, YEHNISFPEDFPLLRQDDTFQQTTAYNWAH, 0.67
7691E20I91, YEHNISFPEDFPLLRQDDTFQQHTAYNWAH, 0.7
7691E21I93, YEHNISFPEDTPLLRQDDTFQQHTAYNWAH, 0.71
7691E22I110, PEHNISFPEDTPLLRQDDTFQQHTAYNWAH, 0.74
7691E23I118, PEHNISFPEDTPLLRQDDTFQFHTAYNWAH, 0.76
7691E24I163, PEHNISFPEDTPLLRQDDTFPFHTAYNWAH, 0.78
7691E25I170, PEHNISFPEDTPLLRQDDTFPFHTAYYWAH, 0.81
7691E26I190, PEHNISWPEDTPLLRQDDTFPFHTAYYWAH, 0.82
7691E27I195, PEHNISWPEDTPLLRQDDTFHFHTAYYWAH, 0.83
7691E28I220, PEHNISWPEDTPLLRQDETFHFHTAYYWAH, 0.85
7691E29I246, PEHNISWPEDTHLLRQDETFHFHTAYYWAH, 0.87
7691E30I284, PEHNISWPEDGHLLRQDETFHFHTAYYWAH, 0.89
7691E31I315, PEHNYSWPEDGHLLRQDETFHFHTAYYWAH, 0.9
7691E32I348, PEHNYSWPEDGHLLRQDETFHHHTAYYWAH, 0.92
7691E33I362, PEHNYSWPEDGHLLRQDETFHHHTAHYWAH, 0.93
