11724E0I0, FDKVNSITSASLYIDQNHGAAPGIKYPSWR, 0.39
11724E1I3, FDKVNSITEASLYIDQNHGAAPGIKYPSWR, 0.46
11724E2I9, FDKVHSITEASLYIDQNHGAAPGIKYPSWR, 0.5
11724E3I11, FDKVHSITEASLYHDQNHGAAPGIKYPSWR, 0.53
11724E4I18, FDKVHSITEASLYHLQNHGAAPGIKYPSWR, 0.54
11724E5I19, FDKVHSITEASLYHLQNHGAAPGIFYPSWR, 0.59
11724E6I21, FDKVHSITEASLYHLQNHGAAPGHFYPSWR, 0.63
11724E7I24, FDKVHSITEASLYHLQNHGAAKGHFYPSWR, 0.65
11724E8I28, FDKVHSITEASLWHLQNHGAAKGHFYPSWR, 0.68
11724E9I41, FDKVHSITENSLWHLQNHGAAKGHFYPSWR, 0.71
11724E10I46, FDKVHSITENSLWHLQNHGLAKGHFYPSWR, 0.72
11724E11I58, FDKVHSWTENSLWHLQNHGLAKGHFYPSWR, 0.74
11724E12I68, FDKVHSWTENSPWHLQNHGLAKGHFYPSWR, 0.75
11724E13I86, FDKVHSWTENSPNHLQNHGLAKGHFYPSWR, 0.76
11724E14I89, FDKVHNWTENSPNHLQNHGLAKGHFYPSWR, 0.77
11724E15I120, FDKVHNWWENSPNHLQNHGLAKGHFYPSWR, 0.78
11724E16I123, FDKVHNHWENSPNHLQNHGLAKGHFYPSWR, 0.79
11724E17I146, FDKVHNHWEWSPNHLQNHGLAKGHFYPSWR, 0.8
11724E18I186, FDKVHNHWEWSPRHLQNHGLAKGHFYPSWR, 0.81
11724E19I202, FDKVHNHWEWSPRHVQNHGLAKGHFYPSWR, 0.84
11724E20I226, FDKVHNHWEWSPAHVQNHGLAKGHFYPSWR, 0.85
11724E21I227, FDKVHNHWEWSPTHVQNHGLAKGHFYPSWR, 0.86
11724E22I239, FDKVHNHWEWSPTHVQNHGLAKGHWYPSWR, 0.87
