10348E0I0, FERLDQRGFQYEWETKHESISIIHIVLPDI, 0.39
10348E1I3, FLRLDQRGFQYEWETKHESISIIHIVLPDI, 0.52
10348E2I4, FLRLDQRGFQYSWETKHESISIIHIVLPDI, 0.56
10348E3I6, FLRLDQRHFQYSWETKHESISIIHIVLPDI, 0.59
10348E4I8, FLRSDQRHFQYSWETKHESISIIHIVLPDI, 0.63
10348E5I15, FLRSDQRHFQYSWETKSESISIIHIVLPDI, 0.67
10348E6I17, FLRSDQIHFQYSWETKSESISIIHIVLPDI, 0.68
10348E7I19, FLRSDQIHFQYSWETKSESISIIHIVLPLI, 0.69
10348E8I25, FLRSDQIHFRYSWETKSESISIIHIVLPLI, 0.76
10348E9I37, FLRSDSIHFRYSWETKSESISIIHIVLPLI, 0.78
10348E10I41, FLRSDSIHFRYSWETKSESISIIHIVLPLL, 0.79
10348E11I42, FLRSDSIHFRYSWETKSESESIIHIVLPLL, 0.8
10348E12I50, FLRSDSIHFRYSWATKSESESIIHIVLPLL, 0.81
10348E13I54, FLRSDSIHFRYSWPTKSESESIIHIVLPLL, 0.84
10348E14I55, FLRSDSIHFRYSWPTKSESESIIHIVLPLT, 0.85
