14847E0I0, IRNSFRVVDQPTSHATKFSQLTHDTETPYL, 0.28
14847E1I1, IRNSFRVVDQPTSHATKFSQLTHDTETAYL, 0.32
14847E2I4, IRNTFRVVDQPTSHATKFSQLTHDTETAYL, 0.37
14847E3I7, IRQTFRVVDQPTSHATKFSQLTHDTETAYL, 0.39
14847E4I10, IRQTFRVVDQPTSHATKFSQLTEDTETAYL, 0.4
14847E5I12, IRQTFQVVDQPTSHATKFSQLTEDTETAYL, 0.42
14847E6I13, IGQTFQVVDQPTSHATKFSQLTEDTETAYL, 0.43
14847E7I15, IGQTFQVVDFPTSHATKFSQLTEDTETAYL, 0.48
14847E8I16, IGQTFQVVDFPTRHATKFSQLTEDTETAYL, 0.51
14847E9I17, IGQTFQVVDFPIRHATKFSQLTEDTETAYL, 0.52
14847E10I20, IGQTFQVVDFPIRHATKFSHLTEDTETAYL, 0.57
14847E11I22, IGQTFQVVDFPIRHATKFLHLTEDTETAYL, 0.62
14847E12I24, IGQTFQVVDPPIRHATKFLHLTEDTETAYL, 0.65
14847E13I27, IGQTFQVVDPPIRHATKFLHLTGDTETAYL, 0.66
14847E14I31, IGQTFQEVDPPIRHATKFLHLTGDTETAYL, 0.68
14847E15I35, IGQTFQEVDPPIRHATYFLHLTGDTETAYL, 0.7
14847E16I40, IGQTFQEVDPPIRHATYFLHLTFDTETAYL, 0.73
14847E17I48, IGQTFQEVDPPIRHATYFLHLTFDTPTAYL, 0.74
14847E18I74, IGWTFQEVDPPIRHATYFLHLTFDTPTAYL, 0.75
14847E19I75, IGWTFQEVDPPIRWATYFLHLTFDTPTAYL, 0.76
14847E20I92, IGWTFQEFDPPIRWATYFLHLTFDTPTAYL, 0.8
14847E21I103, IGWEFQEFDPPIRWATYFLHLTFDTPTAYL, 0.81
14847E22I125, IGWEFQTFDPPIRWATYFLHLTFDTPTAYL, 0.82
14847E23I152, IGWEFVTFDPPIRWATYFLHLTFDTPTAYL, 0.85
14847E24I168, IGWEFVTFDPPERWATYFLHLTFDTPTAYL, 0.86
