15422E0I0, YHYRIGYTYHVPSVQGRHADNEKKQPSYIP, 0.31
15422E1I4, YHYRIGYTYHVPSVQGRHADNHKKQPSYIP, 0.37
15422E2I5, AHYRIGYTYHVPSVQGRHADNHKKQPSYIP, 0.38
15422E3I8, AHYRIGYTYHVPSVQGRHADNWKKQPSYIP, 0.4
15422E4I9, AHPRIGYTYHVPSVQGRHADNWKKQPSYIP, 0.42
15422E5I10, AHPRIGYTYHVPSVWGRHADNWKKQPSYIP, 0.44
15422E6I13, AHPRIGYTYHVPSVWSRHADNWKKQPSYIP, 0.47
15422E7I18, AHPRIGYTYTVPSVWSRHADNWKKQPSYIP, 0.48
15422E8I25, AHPRIGYTYTVPSVWSRHADNWKKLPSYIP, 0.55
15422E9I27, AHPRIGYTYTVPSVWSRHADNWKKFPSYIP, 0.58
15422E10I34, AHPRIGYTYTVPSVWSRHADNSKKFPSYIP, 0.59
15422E11I47, AHPRIGYTYTVPSVWSRHADNSKKFASYIP, 0.6
15422E12I54, AHPRIGYTYTVPSVWSRHADNSKKFASYFP, 0.62
15422E13I67, AHPRIGYTYTVPSVWSRHQDNSKKFASYFP, 0.63
15422E14I76, AHPRIGYTYTVPSKWSRHQDNSKKFASYFP, 0.64
15422E15I78, AHPRIGYTYTVPSKWSRHQDFSKKFASYFP, 0.65
15422E16I79, AHPRIGYTYTVPSKWSRHQDSSKKFASYFP, 0.66
15422E17I82, AHPRIGYTYTVPSKWSRHQDSSKKLASYFP, 0.71
15422E18I95, AHPRIGYTYFVPSKWSRHQDSSKKLASYFP, 0.74
15422E19I106, AHPRIGYHYFVPSKWSRHQDSSKKLASYFP, 0.75
15422E20I132, AHPRIGYHYFVPSKWSRHQDSSSKLASYFP, 0.76
15422E21I171, AHPRIGYHYFVPSKWSRHQDSWSKLASYFP, 0.77
15422E22I172, AHPYIGYHYFVPSKWSRHQDSWSKLASYFP, 0.78
15422E23I183, AHPYIGYWYFVPSKWSRHQDSWSKLASYFP, 0.8
15422E24I191, AHPYIGYWYFVPSKWWRHQDSWSKLASYFP, 0.81
15422E25I198, AHPYIGYWYFVPSHWWRHQDSWSKLASYFP, 0.83
15422E26I236, AHPYIGYWYFVPSHWWRHQDSHSKLASYFP, 0.84
15422E27I304, AHPYIGYWYWVPSHWWRHQDSHSKLASYFP, 0.87
15422E28I390, AHPYIGYWYWVPSHWWRHHDSHSKLASYFP, 0.88
