9870E0I0, SWGHSTIHVGRYWEQPLHWAQDHWFVYNKI, 0.57
9870E1I2, SWGHSTIHVGRYWEQYLHWAQDHWFVYNKI, 0.62
9870E2I10, SWGHSTIHVGYYWEQYLHWAQDHWFVYNKI, 0.63
9870E3I11, SWGHSDIHVGYYWEQYLHWAQDHWFVYNKI, 0.64
9870E4I13, SWGHSDIHVGYYWEKYLHWAQDHWFVYNKI, 0.65
9870E5I25, SWGHSDIHVGYYWEKYLHWAQDHWHVYNKI, 0.68
9870E6I27, SWGHSDIHVGYYWQKYLHWAQDHWHVYNKI, 0.72
9870E7I28, SWGHSDRHVGYYWQKYLHWAQDHWHVYNKI, 0.76
9870E8I35, SWGHSDRHVGYYWQKHLHWAQDHWHVYNKI, 0.81
9870E9I39, SWGHSDRHVGWYWQKHLHWAQDHWHVYNKI, 0.82
9870E10I45, SWGHSDRHVGWYWQKHLHWAQDHWAVYNKI, 0.83
9870E11I62, YWGHSDRHVGWYWQKHLHWAQDHWAVYNKI, 0.84
9870E12I66, YWGHSDRHVGWYWQKHLHWAQDHWAVYFKI, 0.85
9870E13I69, YWGHSDRHVGWYWQDHLHWAQDHWAVYFKI, 0.86
9870E14I94, YWGHSDRHVGWYWQDHLHWAQDHWAVYFKK, 0.87
9870E15I109, YWGHSDRHVGWYWQDHLHWAQDHWAVWFKK, 0.88
9870E16I112, YWGHSDYHVGWYWQDHLHWAQDHWAVWFKK, 0.89
9870E17I141, YWGHSDYHVGWYWQDHLHWAQDHWAVWAKK, 0.9
9870E18I204, YWGHSWYHVGWYWQDHLHWAQDHWAVWAKK, 0.92
9870E19I213, YWGHSWYWVGWYWQDHLHWAQDHWAVWAKK, 0.93
