15224E0I0, EFRHTTISKIQTFQADKRYPGTSFQKHPDR, 0.4
15224E1I2, EFRHTTISKIQTFQADKRYPITSFQKHPDR, 0.41
15224E2I4, EFRHTTISKIQTFQADKRYPITSFQKGPDR, 0.42
15224E3I7, EFRHTVISKIQTFQADKRYPITSFQKGPDR, 0.47
15224E4I13, EFRHTVISKIQTFQADKRYPITYFQKGPDR, 0.49
15224E5I21, EFRHTVISKIQTFQADKRYPITYFQHGPDR, 0.54
15224E6I26, EFRHTVISKIQTFQADKWYPITYFQHGPDR, 0.55
15224E7I42, EFRHTVISKIQTFQAPKWYPITYFQHGPDR, 0.56
15224E8I54, EFRHTVISKIQTFQDPKWYPITYFQHGPDR, 0.61
15224E9I75, EFRHTVISKIQTFQDPKWYRITYFQHGPDR, 0.63
15224E10I90, EFRHTVISKIQTFQDPKWYRSTYFQHGPDR, 0.64
15224E11I102, EFRHTVISKIQTFQDPKWYRSTYWQHGPDR, 0.66
15224E12I104, EFRHTFISKIQTFQDPKWYRSTYWQHGPDR, 0.68
15224E13I108, EFRHTFISKIQTKQDPKWYRSTYWQHGPDR, 0.69
15224E14I109, EFRHTFISKIQTKQDPKWYRSRYWQHGPDR, 0.7
15224E15I113, EFRHTHISKIQTKQDPKWYRSRYWQHGPDR, 0.72
15224E16I114, EFHHTHISKIQTKQDPKWYRSRYWQHGPDR, 0.74
15224E17I118, EFHHTHISKIQTKQDPKWYRSRYWQHGADR, 0.76
15224E18I128, EFHHTHISKIQTKADPKWYRSRYWQHGADR, 0.79
15224E19I134, EFHHTHISHIQTKADPKWYRSRYWQHGADR, 0.82
15224E20I136, EFHHTHISHIQTKADPKWYRSRYWQHIADR, 0.84
15224E21I141, EFHHTHISHIQTKADPKWYRSPYWQHIADR, 0.85
15224E22I148, EFHHTHISHIYTKADPKWYRSPYWQHIADR, 0.86
15224E23I159, EFHHTHISHIYTKADPKWYRSPYWAHIADR, 0.87
15224E24I164, EFHHTHIAHIYTKADPKWYRSPYWAHIADR, 0.88
15224E25I165, EFHHTHIAHIYTKADPKWYRSPYWIHIADR, 0.9
15224E26I167, EFHHTHIAHIYTKADPKWYRSWYWIHIADR, 0.91
15224E27I168, EFHHTHIAHIYTKHDPKWYRSWYWIHIADR, 0.93
15224E28I219, EFHHTHIAHIYTKVDPKWYRSWYWIHIADR, 0.94
