8005E0I0, NTLIKLHIPLTFPVYLTGIGKDIIKRFQTN, 0.44
8005E1I6, NTLIKLHIPLTFPVYLTGIGKDSIKRFQTN, 0.46
8005E2I10, NTLIKLHIPLTFPVYLTGIGKDSIKRFVTN, 0.56
8005E3I18, NTLIKLHIPLTFPVYLTGIGKDSIKRFVTL, 0.59
8005E4I20, NTLIKLHIPNTFPVYLTGIGKDSIKRFVTL, 0.61
8005E5I23, NTLIKLHWPNTFPVYLTGIGKDSIKRFVTL, 0.64
8005E6I29, NTLIKLHWPNTFPVYLTGHGKDSIKRFVTL, 0.67
8005E7I38, NTLIKLHWPNTFPTYLTGHGKDSIKRFVTL, 0.71
8005E8I44, NTLIKLHWPNTFPTYLTGHYKDSIKRFVTL, 0.73
8005E9I58, NTLIKLHGPNTFPTYLTGHYKDSIKRFVTL, 0.74
8005E10I73, NTLIKLHGPNTFPTYLTGHYKDSIKAFVTL, 0.78
8005E11I85, NTLIKLHGPNTFPTDLTGHYKDSIKAFVTL, 0.79
8005E12I119, NTLIKLHGPNTFPEDLTGHYKDSIKAFVTL, 0.8
8005E13I131, NTLIKLHGPNTFPEDLTLHYKDSIKAFVTL, 0.82
8005E14I149, NTLIKLHHPNTFPEDLTLHYKDSIKAFVTL, 0.83
8005E15I156, NTLIKLHHPNTFPEDLTLHYDDSIKAFVTL, 0.84
8005E16I184, NTLIKLHHPNTFPADLTLHYDDSIKAFVTL, 0.85
8005E17I204, NTLIKLHHPNTFPGDLTLHYDDSIKAFVTL, 0.86
8005E18I210, NTLIKLHHPNTFPGDLTLHYDRSIKAFVTL, 0.88
8005E19I260, NTLIKLHHPNTFPGDLTLHADRSIKAFVTL, 0.89
8005E20I267, NTLIKLHIPNTFPGDLTLHADRSIKAFVTL, 0.91
8005E21I324, NTLIKLHIPNTFVGDLTLHADRSIKAFVTL, 0.92
8005E22I368, NTLIKLHIPNTFVGDLTLHADRSIKAFVTW, 0.93
