13127E0I0, WNVHDVNNLHNFSSWTTWQTTNAVQTPYPI, 0.45
13127E1I1, WNVHDVNNLHNFSSVTTWQTTNAVQTPYPI, 0.46
13127E2I4, WNVHDVNNLHNFSSVTTWHTTNAVQTPYPI, 0.48
13127E3I12, WNTHDVNNLHNFSSVTTWHTTNAVQTPYPI, 0.53
13127E4I15, WNTHDVNNLHNFSSVTTWHTTNASQTPYPI, 0.54
13127E5I19, WNTHDVNNLHNFSSVTTWHTTNASQTPYLI, 0.56
13127E6I28, WNTHDVNNLHNFSTVTTWHTTNASQTPYLI, 0.59
13127E7I35, WNTHDVNNLHNWSTVTTWHTTNASQTPYLI, 0.6
13127E8I49, WNTHDVNNLHNWSTVTTWHTTNASQTTYLI, 0.63
13127E9I51, WNTHDVNNLHNWSTVTTWHTTNASQTTYDI, 0.64
13127E10I78, WNTHDVNNLHNWSTVTTWHTTNASQTHYDI, 0.65
13127E11I84, WNTHDVNNLHNWSTVTTWHTTNASITHYDI, 0.67
13127E12I115, WNTHSVNNLHNWSTVTTWHTTNASITHYDI, 0.69
13127E13I116, WNTHSVNNLHNWSTVTTWHTTNASITHRDI, 0.7
13127E14I122, WNTHSVNNLHNWSTVTTWHTTNASITHRDP, 0.72
13127E15I154, WNTHSVNNLHNWSTVTTWHTTNASITHADP, 0.73
13127E16I191, WNTHSVNNLHNWSTVTTWHTYNASITHADP, 0.75
13127E17I203, WNGHSVNNLHNWSTVTTWHTYNASITHADP, 0.77
13127E18I205, WNGHSVNNLHNRSTVTTWHTYNASITHADP, 0.78
13127E19I209, WNGHSVNNLHNRSTVTTWHTYNAYITHADP, 0.79
13127E20I229, WNGHSVNNLHNRSTVITWHTYNAYITHADP, 0.8
