19422E0I0, NVHVRFSKDIDLDYALDQIALEFSQHAEHR, 0.31
19422E1I1, NVHVRFSKDIDLDYALDQIALEFSQHWEHR, 0.39
19422E2I5, NVHVRFSKDIDLDYANDQIALEFSQHWEHR, 0.41
19422E3I6, NVHVRFSKDIDLDYANDQIYLEFSQHWEHR, 0.44
19422E4I9, NVHVRLSKDIDLDYANDQIYLEFSQHWEHR, 0.48
19422E5I14, NVHVRLSADIDLDYANDQIYLEFSQHWEHR, 0.49
19422E6I16, NVHVRLSADIDNDYANDQIYLEFSQHWEHR, 0.5
19422E7I19, NVHVRLSADIDNDYAEDQIYLEFSQHWEHR, 0.56
19422E8I28, NVHVRLSADIDNDYAEDPIYLEFSQHWEHR, 0.6
19422E9I36, NNHVRLSADIDNDYAEDPIYLEFSQHWEHR, 0.63
19422E10I46, NQHVRLSADIDNDYAEDPIYLEFSQHWEHR, 0.67
19422E11I55, NQHVRLSADIDNDYQEDPIYLEFSQHWEHR, 0.69
19422E12I59, NQHVRLSADIDGDYQEDPIYLEFSQHWEHR, 0.74
19422E13I79, NQHVRLSAPIDGDYQEDPIYLEFSQHWEHR, 0.75
19422E14I93, NQHVRLSDPIDGDYQEDPIYLEFSQHWEHR, 0.76
19422E15I109, VQHVRLSDPIDGDYQEDPIYLEFSQHWEHR, 0.77
19422E16I119, VQHVRRSDPIDGDYQEDPIYLEFSQHWEHR, 0.79
19422E17I159, VQHVRRSDPIDGDYQEDPIYLEFSQHWEHP, 0.8
19422E18I201, VQHVRRSDPIDGDYQEDPIYWEFSQHWEHP, 0.81
19422E19I207, VQHVRRSYPIDGDYQEDPIYWEFSQHWEHP, 0.82
