1035E0I0, VWRKDINLIRNHDGSSDPTRETWEAYARSY, 0.44
1035E1I5, HWRKDINLIRNHDGSSDPTRETWEAYARSY, 0.49
1035E2I6, HWRKQINLIRNHDGSSDPTRETWEAYARSY, 0.53
1035E3I9, HWRKQINLIRNHDGSSDPRRETWEAYARSY, 0.56
1035E4I14, HWRKQIILIRNHDGSSDPRRETWEAYARSY, 0.59
1035E5I16, HWRKQIILIRNHDGSSDPRRETWEAWARSY, 0.62
1035E6I27, HWRKQIILIRNHDGSDDPRRETWEAWARSY, 0.63
1035E7I29, HWRKQHILIRNHDGSDDPRRETWEAWARSY, 0.68
1035E8I36, HWRKQHILIRNHDGSDDPRRETWRAWARSY, 0.73
1035E9I42, HWSKQHILIRNHDGSDDPRRETWRAWARSY, 0.74
1035E10I52, HWSKQHILARNHDGSDDPRRETWRAWARSY, 0.75
1035E11I65, HWSKQHILARNHDGSDDPRRFTWRAWARSY, 0.77
1035E12I68, HWSKQHILTRNHDGSDDPRRFTWRAWARSY, 0.79
1035E13I107, HWSKQHILTRNHNGSDDPRRFTWRAWARSY, 0.8
1035E14I110, HWPKQHILTRNHNGSDDPRRFTWRAWARSY, 0.82
1035E15I173, HWPKQHILTRNHNGSDDPRRFPWRAWARSY, 0.83
1035E16I260, HWPKQHILTRNHNGSADPRRFPWRAWARSY, 0.84
1035E17I325, HWPWQHILTRNHNGSADPRRFPWRAWARSY, 0.85
1035E18I382, HWPWQHILTRNHNGSADPRRFWWRAWARSY, 0.86
1035E19I407, HWPWQHILTHNHNGSADPRRFWWRAWARSY, 0.87
1035E20I408, HWPWQHILTHNHNGSADPRRFWWRAWAWSY, 0.89
1035E21I452, HWPWHHILTHNHNGSADPRRFWWRAWAWSY, 0.9
1035E22I514, HWPWHHILTHNHFGSADPRRFWWRAWAWSY, 0.91
1035E23I536, HWPWHHILTHNHFLSADPRRFWWRAWAWSY, 0.92
1035E24I545, HWPWHHILTHNHFLSADPRRFYWRAWAWSY, 0.94
