9680E0I0, LELLRFATPWQHNQKDTGFVWSPPSPDAED, 0.52
9680E1I2, LELLRFATPWLHNQKDTGFVWSPPSPDAED, 0.53
9680E2I3, LELLRFATHWLHNQKDTGFVWSPPSPDAED, 0.6
9680E3I7, LLLLRFATHWLHNQKDTGFVWSPPSPDAED, 0.63
9680E4I17, LLLLRFATHWLHNQKDTAFVWSPPSPDAED, 0.65
9680E5I21, LLLLRFATHWLHNQKDTAFVWSAPSPDAED, 0.66
9680E6I22, NLLLRFATHWLHNQKDTAFVWSAPSPDAED, 0.67
9680E7I32, NLLLRFATHWLHNQKDTAFVWSAPSPDAVD, 0.7
9680E8I42, NLLLRFATHWLHNQKDTAFVWSAPSPDAVQ, 0.71
9680E9I50, NLLTRFATHWLHNQKDTAFVWSAPSPDAVQ, 0.72
9680E10I56, NLLTRFATHWLHNRKDTAFVWSAPSPDAVQ, 0.73
9680E11I60, NLLTRFATHWLHNRKDTAFVWSAPSPTAVQ, 0.78
9680E12I64, NLLTRFATHWLHNRKDTAFVWIAPSPTAVQ, 0.79
9680E13I70, NLLTRFATHWLHNRKPTAFVWIAPSPTAVQ, 0.8
9680E14I72, NLLTRFATHWLHNRKATAFVWIAPSPTAVQ, 0.82
9680E15I90, LLLTRFATHWLHNRKATAFVWIAPSPTAVQ, 0.86
9680E16I166, LLLTRFATHWLHNRKATAFVWIAPSSTAVQ, 0.88
