1021E0I0, FQIFKPGDKNSDADADQWSDRDVASTPSFA, 0.39
1021E1I2, FQIFKPGDKNSDADADQWSDRDVASHPSFA, 0.41
1021E2I3, FQAFKPGDKNSDADADQWSDRDVASHPSFA, 0.42
1021E3I7, FQAFFPGDKNSDADADQWSDRDVASHPSFA, 0.45
1021E4I12, FQAFFPGDKNSDADADQWSDRAVASHPSFA, 0.48
1021E5I14, FQAFFPGDKNSDADADQWSDTAVASHPSFA, 0.52
1021E6I20, FQAFFPGDKNSDADADQWSDTAVAQHPSFA, 0.56
1021E7I28, FQAFFPGDKQSDADADQWSDTAVAQHPSFA, 0.59
1021E8I36, FQAFFPGDKQSLADADQWSDTAVAQHPSFA, 0.61
1021E9I46, FQAFFPGDKQSLAWADQWSDTAVAQHPSFA, 0.68
1021E10I60, FQAFFPGDKQSLAWAIQWSDTAVAQHPSFA, 0.71
1021E11I70, FQAFFPGDKQHLAWAIQWSDTAVAQHPSFA, 0.72
1021E12I74, FQAFFPGDKQHLAWAIGWSDTAVAQHPSFA, 0.74
1021E13I83, FQWFFPGDKQHLAWAIGWSDTAVAQHPSFA, 0.76
1021E14I89, FYWFFPGDKQHLAWAIGWSDTAVAQHPSFA, 0.79
1021E15I101, FYWFFPGDKQHLAWAIAWSDTAVAQHPSFA, 0.82
1021E16I127, FYWFFPGDKQHLAWAIAWSDTAPAQHPSFA, 0.83
1021E17I130, FYWFFGGDKQHLAWAIAWSDTAPAQHPSFA, 0.84
1021E18I137, FYWFFGGDDQHLAWAIAWSDTAPAQHPSFA, 0.89
1021E19I150, FYWFFGGDTQHLAWAIAWSDTAPAQHPSFA, 0.91
1021E20I152, FYWFFGGDTQHLAWAIAWSDTAPAQHPSPA, 0.92
1021E21I156, FYWFFGGDTQHLAWAIAWSPTAPAQHPSPA, 0.93
1021E22I157, FYWRFGGDTQHLAWAIAWSPTAPAQHPSPA, 0.94
1021E23I239, FYWRFGGDTQHLAWAIAWSWTAPAQHPSPA, 0.95
1021E24I244, FYWRFGGDTQHLAWAWAWSWTAPAQHPSPA, 0.97
1021E25I272, FYWRFGGHTQHLAWAWAWSWTAPAQHPSPA, 0.99
