17433E0I0, RENNWRLNESNHTKGITSAVETKAHNWEHF, 0.41
17433E1I2, RENNWALNESNHTKGITSAVETKAHNWEHF, 0.43
17433E2I3, RENNWAFNESNHTKGITSAVETKAHNWEHF, 0.48
17433E3I5, RENNWAFNESNHTKGIKSAVETKAHNWEHF, 0.55
17433E4I7, RHNNWAFNESNHTKGIKSAVETKAHNWEHF, 0.6
17433E5I22, RHNNWAFNESNHTKHIKSAVETKAHNWEHF, 0.62
17433E6I25, RHNNWAFNESNHTKHIKSAVETKAHNWEHL, 0.64
17433E7I27, RHLNWAFNESNHTKHIKSAVETKAHNWEHL, 0.65
17433E8I28, RHLNWAFNYSNHTKHIKSAVETKAHNWEHL, 0.71
17433E9I34, RHLHWAFNYSNHTKHIKSAVETKAHNWEHL, 0.75
17433E10I42, RHLHWAFNYHNHTKHIKSAVETKAHNWEHL, 0.77
17433E11I56, RHLHWAFNYHNHTKHIKSATETKAHNWEHL, 0.78
17433E12I60, RHLHWARNYHNHTKHIKSATETKAHNWEHL, 0.81
17433E13I71, RHLHWARNYHNHTKHIASATETKAHNWEHL, 0.82
17433E14I83, RHLHWARNYHNHTKHHASATETKAHNWEHL, 0.84
17433E15I91, RHLHWARNYHNHTKHHASATETYAHNWEHL, 0.88
17433E16I123, RHLHWARNYHNHTKHHASLTETYAHNWEHL, 0.89
17433E17I134, RHLHWARNYHNHTKHHASLQETYAHNWEHL, 0.9
17433E18I146, RHLHWARNYHNHTKHHLSLQETYAHNWEHL, 0.91
17433E19I148, RHLHWARNYHNHTKHHLSRQETYAHNWEHL, 0.92
17433E20I178, RHLHWARHYHNHTKHHLSRQETYAHNWEHL, 0.93
