3352E0I0, SHWSGHTVNVTHSVKSGEPEAEELTINQYG, 0.47
3352E1I15, SHWSGHTVNFTHSVKSGEPEAEELTINQYG, 0.48
3352E2I21, SHWSGHTVNFTHSVKSGEPEAEKLTINQYG, 0.5
3352E3I22, SHWSGHTVNFTHSVKSGEPEAEKLTINQFG, 0.51
3352E4I29, SHWSGHTVNFTHSVKSGYPEAEKLTINQFG, 0.52
3352E5I41, SHWSGHTVNFTHSVKSGHPEAEKLTINQFG, 0.54
3352E6I43, SHWSGHTVNFTHSVKSGHPEAEKLTHNQFG, 0.57
3352E7I45, SHWSGHTVNFTHSVKSGHPYAEKLTHNQFG, 0.65
3352E8I50, SHWSGHTVNFTHSVKSPHPYAEKLTHNQFG, 0.66
3352E9I51, SHWSGHTVNFTPSVKSPHPYAEKLTHNQFG, 0.67
3352E10I58, SHWSGHTVNFTPSVKSPHPFAEKLTHNQFG, 0.69
3352E11I60, SHWSGHTVNFTPAVKSPHPFAEKLTHNQFG, 0.7
3352E12I80, SHWSGHTVQFTPAVKSPHPFAEKLTHNQFG, 0.72
3352E13I86, SHWSGHTVQFTHAVKSPHPFAEKLTHNQFG, 0.74
3352E14I89, SHWSGHTVQFTHAVKVPHPFAEKLTHNQFG, 0.76
3352E15I90, SHWSGHTVQFTWAVKVPHPFAEKLTHNQFG, 0.78
3352E16I91, SHWSGHTVEFTWAVKVPHPFAEKLTHNQFG, 0.79
3352E17I92, SHWSGHTVEVTWAVKVPHPFAEKLTHNQFG, 0.8
3352E18I152, SHWSGHTVIVTWAVKVPHPFAEKLTHNQFG, 0.81
3352E19I153, SHWSGHTVIVTWAVKVPHPFAEKPTHNQFG, 0.82
3352E20I162, SHWSGHTVIVTWAVKVPHPFAEKPFHNQFG, 0.83
3352E21I164, SHWSGHTVIVTWAVKVPHPFAEKPFHTQFG, 0.84
3352E22I227, SHWSGHTVIVTWAVKVPHPFAEKEFHTQFG, 0.86
