9455E0I0, WSILLGEKSLAAEVHQSALGETAFIKGPLN, 0.39
9455E1I4, WSILLGEKSLAPEVHQSALGETAFIKGPLN, 0.42
9455E2I11, WSILLGEKSLAPEVHQKALGETAFIKGPLN, 0.46
9455E3I19, HSILLGEKSLAPEVHQKALGETAFIKGPLN, 0.47
9455E4I23, HSILLGEKSLHPEVHQKALGETAFIKGPLN, 0.48
9455E5I25, HSILLGEKSLHPEPHQKALGETAFIKGPLN, 0.51
9455E6I27, HSILLGEKSLHPEPHQKALGETAFIKGPLT, 0.54
9455E7I29, HSILLGEKSLHPEPHLKALGETAFIKGPLT, 0.59
9455E8I34, HSILLGEKSLHPEPFLKALGETAFIKGPLT, 0.63
9455E9I38, HSIHLGEKSLHPEPFLKALGETAFIKGPLT, 0.66
9455E10I71, HSIHLGEKSLHPEPFLKALGETAFRKGPLT, 0.69
9455E11I88, HSIHLGEKSLHPEPFLKALGETAFKKGPLT, 0.74
9455E12I101, HSIHLGEKSLHPEPFLKALGETAFKKGPLK, 0.75
