10837E0I0, SGKTQYGNWEVRVDWYFGFKKKNPKYKPET, 0.24
10837E1I1, SGKTQYGNWEVRVDWYFGFKKKYPKYKPET, 0.3
10837E2I3, SGKTQYGNWEVRVDWAFGFKKKYPKYKPET, 0.32
10837E3I4, SGKTQYGNWEVRWDWAFGFKKKYPKYKPET, 0.34
10837E4I6, SGKTQGGNWEVRWDWAFGFKKKYPKYKPET, 0.38
10837E5I12, SAKTQGGNWEVRWDWAFGFKKKYPKYKPET, 0.39
10837E6I13, SAKTQGGNWEVRWDWAFGFKKKYPKYKPRT, 0.42
10837E7I15, SAKTQGGNWEVRWDWAFGFKKKYPKYKPRP, 0.44
10837E8I17, SALTQGGNWEVRWDWAFGFKKKYPKYKPRP, 0.53
10837E9I19, SALTQGGNWEVHWDWAFGFKKKYPKYKPRP, 0.58
10837E10I20, SALTQGGNWEWHWDWAFGFKKKYPKYKPRP, 0.62
10837E11I22, SALTQGGNWNWHWDWAFGFKKKYPKYKPRP, 0.64
10837E12I31, SALTQGGNWNWHWDPAFGFKKKYPKYKPRP, 0.65
10837E13I33, SALTQGGNWNWHWDPAFTFKKKYPKYKPRP, 0.68
10837E14I44, SALTQGGNWNWHWDFAFTFKKKYPKYKPRP, 0.7
10837E15I56, SALTQGGNWAWHWDFAFTFKKKYPKYKPRP, 0.71
10837E16I57, SALTQGGNWAWHWDFAFTFKVKYPKYKPRP, 0.72
10837E17I58, SALTQGGYWAWHWDFAFTFKVKYPKYKPRP, 0.74
10837E18I60, PALTQGGYWAWHWDFAFTFKVKYPKYKPRP, 0.76
10837E19I61, PALTQGGYWAWHWDFAFTFKVKYPKYRPRP, 0.77
10837E20I72, PALTQGGYWAWHWDFAFTFKVKHPKYRPRP, 0.8
10837E21I78, PALTQGGYWAWHWDFAFTFKVKHPIYRPRP, 0.81
10837E22I96, PALTQGTYWAWHWDFAFTFKVKHPIYRPRP, 0.84
10837E23I127, PALTQGTYWAWAWDFAFTFKVKHPIYRPRP, 0.86
10837E24I131, PALTQGTYWAWAWDTAFTFKVKHPIYRPRP, 0.87
10837E25I153, PALTQGTYWAWAWVTAFTFKVKHPIYRPRP, 0.88
