6955E0I0, SRQTFAVWLWNWYGGVAEHRTQLWQYWGQQ, 0.44
6955E1I4, SRQTFAVWLWNWYGGVAQHRTQLWQYWGQQ, 0.47
6955E2I5, SRQTFAVHLWNWYGGVAQHRTQLWQYWGQQ, 0.49
6955E3I11, SRQTFAVHLWNWYGGVAQHRTQLWDYWGQQ, 0.5
6955E4I15, SRQTFAVHLWNWYGGVAQHRTQLWDYWNQQ, 0.53
6955E5I17, SRQTFAVHTWNWYGGVAQHRTQLWDYWNQQ, 0.55
6955E6I18, SRQTFAVHTWNWYGGVAQHRAQLWDYWNQQ, 0.62
6955E7I20, SRQTFAWHTWNWYGGVAQHRAQLWDYWNQQ, 0.63
6955E8I26, SRQTFAWHTWNWYGGVAQHRAQLWDYWNWQ, 0.68
6955E9I32, SRQTFAWHTWNWYGFVAQHRAQLWDYWNWQ, 0.73
6955E10I36, SRQTFAWHTWNWYGFVAQHRAQLWFYWNWQ, 0.74
6955E11I40, IRQTFAWHTWNWYGFVAQHRAQLWFYWNWQ, 0.75
6955E12I57, IRQTFAWHTWNWYGHVAQHRAQLWFYWNWQ, 0.77
6955E13I60, IRQTFAWHTWNWYGHVAQHRAQLGFYWNWQ, 0.78
6955E14I65, IRQTFAWHTWNWYGHYAQHRAQLGFYWNWQ, 0.79
6955E15I73, IRQTFAWHTWNWYGHYAQHRAILGFYWNWQ, 0.81
6955E16I84, IRQTFAWHTWNWYGRYAQHRAILGFYWNWQ, 0.84
