9723E0I0, FVLDSLEEIHPFVENITTFTKDTQEQLTFF, 0.4
9723E1I2, FVLDSLEEIHPFVENITTFTKFTQEQLTFF, 0.43
9723E2I5, FVLDSLEEIHPFVENITTFTKFTQPQLTFF, 0.45
9723E3I12, FVLDSLEETHPFVENITTFTKFTQPQLTFF, 0.46
9723E4I14, FVLDSLEETHPFVENNTTFTKFTQPQLTFF, 0.48
9723E5I15, FVLDSLEETHPNVENNTTFTKFTQPQLTFF, 0.49
9723E6I16, FVLDSLEETHPNVENNTTFTKFTQKQLTFF, 0.57
9723E7I28, FVLDSLEETHPNVENNTTFGKFTQKQLTFF, 0.58
9723E8I31, FVLHSLEETHPNVENNTTFGKFTQKQLTFF, 0.7
9723E9I39, FVLHSLEETHPNVENNTTFGKFTQDQLTFF, 0.71
9723E10I48, EVLHSLEETHPNVENNTTFGKFTQDQLTFF, 0.72
9723E11I68, EVLHSLEETHPNVENNTFFGKFTQDQLTFF, 0.74
9723E12I109, EVLHSLEETHPNVENNTFFGKFTQDYLTFF, 0.75
9723E13I138, EVLHSLEETHPNPENNTFFGKFTQDYLTFF, 0.76
9723E14I152, EVLHSLEETHPNPENNTFFGKFTQHYLTFF, 0.78
9723E15I156, EVLHSWEETHPNPENNTFFGKFTQHYLTFF, 0.82
9723E16I192, EVLHNWEETHPNPENNTFFGKFTQHYLTFF, 0.84
9723E17I194, EVLHNWEHTHPNPENNTFFGKFTQHYLTFF, 0.86
9723E18I197, EVLHNWEFTHPNPENNTFFGKFTQHYLTFF, 0.87
9723E19I262, EVLHNWEFTHPNPEPNTFFGKFTQHYLTFF, 0.88
9723E20I272, EVLHNWEFTHPNPEPNTFFGKLTQHYLTFF, 0.89
9723E21I330, EVLHNTEFTHPNPEPNTFFGKLTQHYLTFF, 0.9
9723E22I356, EYLHNTEFTHPNPEPNTFFGKLTQHYLTFF, 0.92
9723E23I397, EYLHNTEVTHPNPEPNTFFGKLTQHYLTFF, 0.93
9723E24I415, EYLHNTEVTHPNPEPNTFFGSLTQHYLTFF, 0.95
