8788E0I0, WKWLDNVTSLKFSSHFVYRTVLRGSWHGAN, 0.26
8788E1I1, WKWLDQVTSLKFSSHFVYRTVLRGSWHGAN, 0.35
8788E2I7, WKHLDQVTSLKFSSHFVYRTVLRGSWHGAN, 0.37
8788E3I8, WKHLDQVTSLKFSSHFVYRTVLRGSWHGAR, 0.41
8788E4I21, WKHLDQVKSLKFSSHFVYRTVLRGSWHGAR, 0.51
8788E5I22, WFHLDQVKSLKFSSHFVYRTVLRGSWHGAR, 0.54
8788E6I45, WFHLDQVKSLKFNSHFVYRTVLRGSWHGAR, 0.56
8788E7I69, WFHLDQVKSLKFNSHFVYRTHLRGSWHGAR, 0.61
8788E8I91, WFHLDQVKSLKFNYHFVYRTHLRGSWHGAR, 0.62
8788E9I93, WFHLDQVKSLKFNYHFVLRTHLRGSWHGAR, 0.63
8788E10I94, WFHLDQVKSLKFTYHFVLRTHLRGSWHGAR, 0.64
8788E11I95, WFHLDQVKSLKFTYHFVLYTHLRGSWHGAR, 0.65
8788E12I97, WFHLDQVKSLKFTYHFVLYTHLRWSWHGAR, 0.66
8788E13I102, WFHLDQVKSLKFTYHFVLYTHLRHSWHGAR, 0.69
8788E14I104, WFHLDQVKSLKFTYHFVLYWHLRHSWHGAR, 0.77
8788E15I105, WFHLSQVKSLKFTYHFVLYWHLRHSWHGAR, 0.79
8788E16I121, WFHLSQVKSLKFTYHFVLYWHLRHLWHGAR, 0.84
8788E17I136, WFHLYQVKSLKFTYHFVLYWHLRHLWHGAR, 0.87
8788E18I143, WYHLYQVKSLKFTYHFVLYWHLRHLWHGAR, 0.88
8788E19I147, WYHLYQVKSLKFTYHFVLYWHLRHLPHGAR, 0.89
8788E20I176, TYHLYQVKSLKFTYHFVLYWHLRHLPHGAR, 0.9
8788E21I188, TYHLYQVKSLKFTYHFVLYWHLRHLQHGAR, 0.91
8788E22I245, TYHLYQVKSLHFTYHFVLYWHLRHLQHGAR, 0.93
8788E23I313, TYHLYQVKSLHFTYHFVLYWHLQHLQHGAR, 0.94
