1419E0I0, WLTGFYTQRTKHQSRKGPHVSGLDSIPHQW, 0.37
1419E1I1, WLTGFPTQRTKHQSRKGPHVSGLDSIPHQW, 0.38
1419E2I5, WLTGFPTQRTPHQSRKGPHVSGLDSIPHQW, 0.4
1419E3I7, WLTGFPTQRTPHQSRKGPHVSGLDPIPHQW, 0.41
1419E4I11, WLTGFPTQRTPHQSRKGPHVSGLDPHPHQW, 0.42
1419E5I13, WLTGFPTQRTPRQSRKGPHVSGLDPHPHQW, 0.45
1419E6I14, WLTGFPTQRTPRQSRKGPHVPGLDPHPHQW, 0.54
1419E7I17, WLTGFPTQRTPRQSRKGPHVPGLDPHWHQW, 0.56
1419E8I23, WLTGFPTQRTPRQSRKGPHVPGLDPHWHTW, 0.6
1419E9I42, WLTGFPNQRTPRQSRKGPHVPGLDPHWHTW, 0.62
1419E10I47, WLTGFPNQRTPRQSRKGPHVPGRDPHWHTW, 0.64
1419E11I53, WLTGFPNQRTPRQSRKGPHVPGRDSHWHTW, 0.66
1419E12I81, WLTGFPNQRTPRQSRKWPHVPGRDSHWHTW, 0.75
1419E13I85, WLTGFPNQRTPRQERKWPHVPGRDSHWHTW, 0.76
1419E14I94, WLTGFPNQRSPRQERKWPHVPGRDSHWHTW, 0.77
1419E15I115, WLTGFPNQRSPRQERKWPHLPGRDSHWHTW, 0.78
1419E16I127, WPTGFPNQRSPRQERKWPHLPGRDSHWHTW, 0.8
1419E17I135, WPTGFPNQRSERQERKWPHLPGRDSHWHTW, 0.81
1419E18I142, WPTGFPNQRSERQERKSPHLPGRDSHWHTW, 0.83
1419E19I183, WPTGFPNQRSERQERKSVHLPGRDSHWHTW, 0.84
