781E0I0, SRVGLSVRKQDTSKKLAYWANLLDKNRIQI, 0.34
781E1I1, SRVGLSVRKQDTSKKLASWANLLDKNRIQI, 0.35
781E2I4, SRVGLSVRKQDTSKKLASWANLLDKYRIQI, 0.39
781E3I9, SRVGLSVRKQDTSKKLASWANLRDKYRIQI, 0.45
781E4I13, SRVGLSVHKQDTSKKLASWANLRDKYRIQI, 0.47
781E5I15, SRVGLSVHNQDTSKKLASWANLRDKYRIQI, 0.51
781E6I17, SRVGLSVHNQDTKKKLASWANLRDKYRIQI, 0.56
781E7I20, SRVGLSVHNQDTKKKLASWANRRDKYRIQI, 0.59
781E8I21, SRVGLSVHNQDTKKKLASWANRRDDYRIQI, 0.61
781E9I29, SRVGLSVHNQDTTKKLASWANRRDDYRIQI, 0.63
781E10I33, FRVGLSVHNQDTTKKLASWANRRDDYRIQI, 0.64
781E11I36, FRVGLSVHNQDTTTKLASWANRRDDYRIQI, 0.66
781E12I47, FRVGLSVHNQDTTTKLASWANRVDDYRIQI, 0.67
781E13I49, FRVGLSYHNQDTTTKLASWANRVDDYRIQI, 0.68
781E14I58, FRVGLSYHNQDTTTKLASWANRVNDYRIQI, 0.7
781E15I77, FRVGLSYHNHDTTTKLASWANRVNDYRIQI, 0.72
781E16I98, FRVGLSYHNHWTTTKLASWANRVNDYRIQI, 0.73
781E17I119, FRVGLSYHNHWTTTKLASWANRVNDYHIQI, 0.74
781E18I131, FRVGLSYHNHWTWTKLASWANRVNDYHIQI, 0.75
781E19I139, FRVGLSYHNHWTWTKLASWANRVNDYHIQV, 0.76
781E20I142, FRVGLSYHNHWTWTKLASWANRVNDYHLQV, 0.78
781E21I174, FRVGLSYHNHWTWTKLASWAERVNDYHLQV, 0.79
781E22I180, FRVGLSYHNHWTWTKLASWAERVNRYHLQV, 0.8
781E23I196, FRVGLSYHNHWTWTKLASWAERVNRWHLQV, 0.82
781E24I234, FFVGLSYHNHWTWTKLASWAERVNRWHLQV, 0.85
