8398E0I0, HVYIPRYEQTGFTDLFRFFPWDGTGHGDQY, 0.37
8398E1I3, HVYIPRYEQTGVTDLFRFFPWDGTGHGDQY, 0.38
8398E2I8, HVYIPRYEQTGVTDLFRFFPGDGTGHGDQY, 0.4
8398E3I12, HAYIPRYEQTGVTDLFRFFPGDGTGHGDQY, 0.43
8398E4I18, HAYIPRYEQTGVTDLFRFFPGDGTGHGDGY, 0.44
8398E5I23, HAYIPRGEQTGVTDLFRFFPGDGTGHGDGY, 0.45
8398E6I26, HAYIPRGEQTGVHDLFRFFPGDGTGHGDGY, 0.48
8398E7I27, HAYIPRGEQTGVHDEFRFFPGDGTGHGDGY, 0.49
8398E8I30, HAYIPRGEQTGVHDPFRFFPGDGTGHGDGY, 0.5
8398E9I36, HAYIPRGEQTGVHDPNRFFPGDGTGHGDGY, 0.53
8398E10I52, HAYIPRGEYTGVHDPNRFFPGDGTGHGDGY, 0.65
8398E11I57, HAYIPRGEYTGVHDPNRFFPGDGHGHGDGY, 0.68
8398E12I69, HAYIPRGEYTGVHDPNRFFPGDGHGHGDGR, 0.7
8398E13I72, HAYIPRGEYTGVHDPNRFFPGDGHGHGDRR, 0.73
8398E14I97, HAYIPRGEYTGHHDPNRFFPGDGHGHGDRR, 0.76
8398E15I104, HAYIPRGEYAGHHDPNRFFPGDGHGHGDRR, 0.79
8398E16I145, HAYIPRGEYAGHHDPNRFFRGDGHGHGDRR, 0.8
8398E17I150, HAYIPRQEYAGHHDPNRFFRGDGHGHGDRR, 0.82
8398E18I196, HAYIPRQEYAGHHWPNRFFRGDGHGHGDRR, 0.84
8398E19I199, HAYIPRQEYAGHHWPNRFARGDGHGHGDRR, 0.88
8398E20I214, HAYIPRQEYAGHHWPWRFARGDGHGHGDRR, 0.89
8398E21I227, WAYIPRQEYAGHHWPWRFARGDGHGHGDRR, 0.9
8398E22I252, WAYIPRQEYFGHHWPWRFARGDGHGHGDRR, 0.91
8398E23I301, WAYPPRQEYFGHHWPWRFARGDGHGHGDRR, 0.92
8398E24I355, WAYPPNQEYFGHHWPWRFARGDGHGHGDRR, 0.93
8398E25I435, WAYPPNQEYFGHHWPWRFAFGDGHGHGDRR, 0.96
