10200E0I0, TNQSHALKRKGQHVSAVNSVHKWVTPFLYS, 0.41
10200E1I1, TNQVHALKRKGQHVSAVNSVHKWVTPFLYS, 0.42
10200E2I3, TNQVHALKRKGQHVSAVNSVHKWVTPFLYI, 0.43
10200E3I8, TNQVHALKRKGQHVSAVNSVHKWVTDFLYI, 0.44
10200E4I11, TNQVHALKRFGQHVSAVNSVHKWVTDFLYI, 0.46
10200E5I23, TNQVHALKRFGQHVSAVNWVHKWVTDFLYI, 0.49
10200E6I27, TNQVHALKRFGQHVSAVNWVHLWVTDFLYI, 0.57
10200E7I28, TNQVHNLKRFGQHVSAVNWVHLWVTDFLYI, 0.59
10200E8I33, TNQVHNLKRFGQHVSAVNWVHLAVTDFLYI, 0.62
10200E9I35, THQVHNLKRFGQHVSAVNWVHLAVTDFLYI, 0.64
10200E10I37, THQVHNLKRFGQHLSAVNWVHLAVTDFLYI, 0.69
10200E11I38, THQVHNLKRFGQHLSNVNWVHLAVTDFLYI, 0.71
10200E12I53, THQVHNLKRFGQHLSNVNWVHLAVTDFLHI, 0.72
10200E13I68, THQVHNLKRFGQHISNVNWVHLAVTDFLHI, 0.73
10200E14I79, THQVHILKRFGQHISNVNWVHLAVTDFLHI, 0.76
10200E15I94, THQSHILKRFGQHISNVNWVHLAVTDFLHI, 0.77
10200E16I129, THQSHILKRFGQHISNENWVHLAVTDFLHI, 0.79
10200E17I131, THQSHILKRFGQHISNENWAHLAVTDFLHI, 0.81
10200E18I138, THQSHILPRFGQHISNENWAHLAVTDFLHI, 0.83
10200E19I168, THQSHILPRFGQHISNENTAHLAVTDFLHI, 0.84
10200E20I189, THQSHILPRFGQHISNHNTAHLAVTDFLHI, 0.86
10200E21I203, THQSHILPRFGQHISNHNTAHLAVTFFLHI, 0.87
10200E22I208, THQSHILPRFGQHISNHNTAHLAVTFFHHI, 0.88
10200E23I213, THQWHILPRFGQHISNHNTAHLAVTFFHHI, 0.9
10200E24I280, THQWHILPRFGQHISWHNTAHLAVTFFHHI, 0.91
10200E25I317, THQWHILHRFGQHISWHNTAHLAVTFFHHI, 0.92
10200E26I318, THQWHILHRFGQHISWHNTAHLAVTFFWHI, 0.93
