17553E0I0, GDQVNLKSWSERWFNVPVTYEGYQTLSWPN, 0.32
17553E1I2, GDQVHLKSWSERWFNVPVTYEGYQTLSWPN, 0.4
17553E2I3, GDQVHLKSWSERWFNVHVTYEGYQTLSWPN, 0.41
17553E3I4, GVQVHLKSWSERWFNVHVTYEGYQTLSWPN, 0.42
17553E4I5, GVQVHLKSWAERWFNVHVTYEGYQTLSWPN, 0.49
17553E5I6, GVQVHLKSWAERWFNVHVTYVGYQTLSWPN, 0.52
17553E6I7, GVQVHLKSWAERWFVVHVTYVGYQTLSWPN, 0.62
17553E7I13, GVQVHLKSWAERWFVVHVTLVGYQTLSWPN, 0.63
17553E8I14, GVQVHWKSWAERWFVVHVTLVGYQTLSWPN, 0.66
17553E9I17, GVQVHWKSWAEFWFVVHVTLVGYQTLSWPN, 0.67
17553E10I22, GVQVHWKSWAEFWFVVHVTLVNYQTLSWPN, 0.7
17553E11I32, GVQVHWKSWAEFWFVVHVTLVIYQTLSWPN, 0.73
17553E12I45, GIQVHWKSWAEFWFVVHVTLVIYQTLSWPN, 0.75
17553E13I64, GIQVHWKSWAEFWFVVHVTLVIYQTLGWPN, 0.77
17553E14I120, GIQVHWKSWAETWFVVHVTLVIYQTLGWPN, 0.79
17553E15I122, GIQVHWKSWAETWFVTHVTLVIYQTLGWPN, 0.81
17553E16I177, GIQVHWKSWAETWFVTHVTLVIYHTLGWPN, 0.82
17553E17I255, GIQVHWKSWAETWFVTHVTLVIYHTLGAPN, 0.83
17553E18I286, GIQVHWKSWAETWFVTHVTLVIYHTLGAEN, 0.84
