7108E0I0, AARKVRDSDNLNHYGEFWDHATILEAETKH, 0.32
7108E1I1, AARKVRDSDNLNHYGEFWDHATILAAETKH, 0.37
7108E2I2, AARKVRDSYNLNHYGEFWDHATILAAETKH, 0.38
7108E3I4, AARPVRDSYNLNHYGEFWDHATILAAETKH, 0.39
7108E4I6, AAEPVRDSYNLNHYGEFWDHATILAAETKH, 0.42
7108E5I17, AAEPVRDSYNLNHYGEFWPHATILAAETKH, 0.51
7108E6I19, AAEPVRDSYWLNHYGEFWPHATILAAETKH, 0.58
7108E7I26, AAEPVRDSYWLNHYGEFWPHATILAAETKY, 0.6
7108E8I29, AAEPVRDSYWLNHYGEFWPHADILAAETKY, 0.61
7108E9I35, AAEPVRDHYWLNHYGEFWPHADILAAETKY, 0.62
7108E10I53, AAEPVRDHYWLNHYGEFWPWADILAAETKY, 0.66
7108E11I59, AAEPVRDHYWLNHYGEFWPWADYLAAETKY, 0.69
7108E12I64, AAEPVRDHYWLNHYGEFWPWADYLPAETKY, 0.71
7108E13I76, AAEPVRDHYWSNHYGEFWPWADYLPAETKY, 0.73
7108E14I87, AAEPVRDHYWSNHYGEFWPWADRLPAETKY, 0.75
7108E15I95, AAEPVRDHYWSNHYGEFWPWADRLPAETKI, 0.76
7108E16I107, AAEPVRDHYWSQHYGEFWPWADRLPAETKI, 0.77
7108E17I113, AAEPVRDHYWSQHYGEYWPWADRLPAETKI, 0.78
7108E18I118, AADPVRDHYWSQHYGEYWPWADRLPAETKI, 0.79
7108E19I141, AADPVRDRYWSQHYGEYWPWADRLPAETKI, 0.84
7108E20I184, AADPVRDRYWSQIYGEYWPWADRLPAETKI, 0.85
7108E21I187, AADPVRDRYWSQIYGEYWPWADRLPAETYI, 0.86
7108E22I193, AADPVRDRYWSQIYGEYWPWADRLPAETYK, 0.87
7108E23I218, AADPVRDRYWSQIYGEYWPWADRLPAETYF, 0.88
7108E24I298, AADPVRDRYWSQIYGEYWPWADRLPAETAF, 0.89
7108E25I317, AADPVRDRYWLQIYGEYWPWADRLPAETAF, 0.9
7108E26I351, FADPVRDRYWLQIYGEYWPWADRLPAETAF, 0.91
