14304E0I0, VYQESLIFHPTEIKHVWQWENNTEEEGLRL, 0.46
14304E1I2, VYQESLIFHPTEIKHVWQEENNTEEEGLRL, 0.5
14304E2I4, VYQESLIFHPTEIKHVWQEENNTEEEGFRL, 0.55
14304E3I5, VYQESPIFHPTEIKHVWQEENNTEEEGFRL, 0.59
14304E4I10, VYQESIIFHPTEIKHVWQEENNTEEEGFRL, 0.6
14304E5I18, VNQESIIFHPTEIKHVWQEENNTEEEGFRL, 0.61
14304E6I20, VNQESQIFHPTEIKHVWQEENNTEEEGFRL, 0.62
14304E7I23, VNQESQVFHPTEIKHVWQEENNTEEEGFRL, 0.63
14304E8I26, RNQESQVFHPTEIKHVWQEENNTEEEGFRL, 0.65
14304E9I57, RQQESQVFHPTEIKHVWQEENNTEEEGFRL, 0.66
14304E10I80, RQQESQVFHPTEIKHVWQEEHNTEEEGFRL, 0.68
14304E11I124, RQQESQVFHPTEIKHQWQEEHNTEEEGFRL, 0.69
14304E12I144, RQQESQVFHPTEIKHIWQEEHNTEEEGFRL, 0.7
14304E13I180, RQQESQVFHPTEIKHIWQEEHNTWEEGFRL, 0.71
14304E14I198, RQQESQVFHPTEIKHIWQEEHNTWEEWFRL, 0.74
14304E15I201, RQQESQEFHPTEIKHIWQEEHNTWEEWFRL, 0.76
14304E16I205, RQQEDQEFHPTEIKHIWQEEHNTWEEWFRL, 0.77
14304E17I222, RQQEDQEFHPTEIKHIWQEFHNTWEEWFRL, 0.8
14304E18I284, RQQEDQEFHPTEIQHIWQEFHNTWEEWFRL, 0.81
14304E19I296, RQQEDQEFHPTEIQHYWQEFHNTWEEWFRL, 0.82
14304E20I297, RQQESQEFHPTEIQHYWQEFHNTWEEWFRL, 0.83
14304E21I305, RQQESQEFHPTEIQHYWQEFHNTWEHWFRL, 0.85
14304E22I316, RQQESQHFHPTEIQHYWQEFHNTWEHWFRL, 0.87
14304E23I338, RQQESQHNHPTEIQHYWQEFHNTWEHWFRL, 0.88
14304E24I363, RQQESQHAHPTEIQHYWQEFHNTWEHWFRL, 0.9
14304E25I371, RQQESQHAHPTEIQHYWQERHNTWEHWFRL, 0.91
14304E26I440, RQQESQHAHPTWIQHYWQERHNTWEHWFRL, 0.92
