8575E0I0, IKTLYQYLFYKQIPETIKNRAPEKPYQWLI, 0.42
8575E1I2, IKTLYQYLFYKQIPETIKNRLPEKPYQWLI, 0.46
8575E2I18, IKTLYQYLFYKQIPETIKNRLPEKPYIWLI, 0.47
8575E3I24, IKTLYQYLFYKQIPETIKNRLPEKPYLWLI, 0.48
8575E4I35, IKTLYQYLFYKQIPETIKNRLPEKPYLWLH, 0.53
8575E5I56, IKTLYRYLFYKQIPETIKNRLPEKPYLWLH, 0.54
8575E6I73, IKTLYRYLFYKQIPETIKNRWPEKPYLWLH, 0.55
8575E7I76, IKTLYRYLFYKQIPETIKNRWPEYPYLWLH, 0.57
8575E8I83, IKTLYRYLFYKQIPETIKNRWPEYPYYWLH, 0.61
8575E9I86, IKTLYRYLHYKQIPETIKNRWPEYPYYWLH, 0.62
8575E10I91, IKTLYRYLHNKQIPETIKNRWPEYPYYWLH, 0.63
8575E11I95, IYTLYRYLHNKQIPETIKNRWPEYPYYWLH, 0.68
8575E12I102, IYTLYRYLHNKQIPETIKNRWPEYPFYWLH, 0.71
8575E13I103, IYTLYRYLHNKQIPETWKNRWPEYPFYWLH, 0.72
8575E14I107, IYTLYRYLHNKLIPETWKNRWPEYPFYWLH, 0.73
8575E15I111, IYTLYRYLHNKIIPETWKNRWPEYPFYWLH, 0.77
8575E16I132, IYTLYRYLHNKIIPETWKNYWPEYPFYWLH, 0.78
8575E17I143, IYTLYRYLHNKIIPETWKNYWAEYPFYWLH, 0.79
8575E18I192, IPTLYRYLHNKIIPETWKNYWAEYPFYWLH, 0.8
8575E19I195, IPTLYRYLHNKIIPEHWKNYWAEYPFYWLH, 0.83
8575E20I257, VPTLYRYLHNKIIPEHWKNYWAEYPFYWLH, 0.84
8575E21I308, VPTLYRYLHNKIIPEHWKIYWAEYPFYWLH, 0.85
