3434E0I0, LKHASTPEDRGGHAVGEDIVTQQNLQYGWS, 0.44
3434E1I3, LKHASTPEDRGKHAVGEDIVTQQNLQYGWS, 0.45
3434E2I4, LKHASTPEDRGKHAVGEDIVTQQNLFYGWS, 0.48
3434E3I10, LKHASTPEDRGKHAVGEDIVTQQNLFYWWS, 0.49
3434E4I12, LKHASTPEDRGKHAVGEDIVTQFNLFYWWS, 0.53
3434E5I17, LKHASTPEDRGKHAVGEDIVTTFNLFYWWS, 0.56
3434E6I18, LKHASTPEDRGKHAVGEDIVTTFLLFYWWS, 0.58
3434E7I20, LKHASTPEDRGKHAVGEDIDTTFLLFYWWS, 0.59
3434E8I22, LKHASTPEDRGKHAVGEDIDTYFLLFYWWS, 0.61
3434E9I23, LKHASTPEDRGRHAVGEDIDTYFLLFYWWS, 0.62
3434E10I25, LKHASTPEDRGRHAVGEDEDTYFLLFYWWS, 0.63
3434E11I31, LHHASTPEDRGRHAVGEDEDTYFLLFYWWS, 0.72
3434E12I35, LHHASTPEDRGRHAVGEDEDTYFLLFYWPS, 0.74
3434E13I41, LHHASTPEDRGRHAVDEDEDTYFLLFYWPS, 0.75
3434E14I88, LHHASTPEDRGRHAVDEDEDTYRLLFYWPS, 0.76
3434E15I114, LHHASTPEDRGRHAVWEDEDTYRLLFYWPS, 0.77
3434E16I125, LHHASTPEDRGRHAVWEDEDTYRLLFYWSS, 0.78
3434E17I136, LHHASSPEDRGRHAVWEDEDTYRLLFYWSS, 0.82
3434E18I232, LHHASSPEDRGRHAVWEDEDEYRLLFYWSS, 0.83
3434E19I290, LHHASSPEDRGRHAYWEDEDEYRLLFYWSS, 0.84
3434E20I302, LHHASSPEDRGRHAYWVDEDEYRLLFYWSS, 0.86
3434E21I332, LHHASSPGDRGRHAYWVDEDEYRLLFYWSS, 0.88
3434E22I343, LHHASSPGDRGRHHYWVDEDEYRLLFYWSS, 0.89
3434E23I351, LHWASSPGDRGRHHYWVDEDEYRLLFYWSS, 0.91
