15218E0I0, VDWNTIRIQFAAFTFQLDRWIREHWYYHKF, 0.32
15218E1I2, VDWNDIRIQFAAFTFQLDRWIREHWYYHKF, 0.4
15218E2I6, VDWNDIRIQFAAFTFQLDRWIREHWYYAKF, 0.41
15218E3I11, VDENDIRIQFAAFTFQLDRWIREHWYYAKF, 0.44
15218E4I14, VDENDIIIQFAAFTFQLDRWIREHWYYAKF, 0.47
15218E5I15, VDENDIIIQFAAFTFQEDRWIREHWYYAKF, 0.59
15218E6I22, VDENDIIIQFAAFTFQEDRWIRQHWYYAKF, 0.62
15218E7I24, VDENDIIIQFAAFTFQEDRSIRQHWYYAKF, 0.63
15218E8I25, VDENDIIIQFAAFTFQEDRSIRQHWYYATF, 0.7
15218E9I57, VDENDIIIQFAAFTFQEDRSIRQHWRYATF, 0.72
15218E10I74, VDENDIIIQFAAFFFQEDRSIRQHWRYATF, 0.73
15218E11I75, VDENDPIIQFAAFFFQEDRSIRQHWRYATF, 0.74
15218E12I82, VDENDPIIQFAAFFFQDDRSIRQHWRYATF, 0.75
15218E13I85, VDENNPIIQFAAFFFQDDRSIRQHWRYATF, 0.77
15218E14I87, VDENRPIIQFAAFFFQDDRSIRQHWRYATF, 0.78
15218E15I112, VDENRPIIQFHAFFFQDDRSIRQHWRYATF, 0.79
15218E16I144, VDENRPIIQFHAFFFADDRSIRQHWRYATF, 0.83
15218E17I155, VDENRHIIQFHAFFFADDRSIRQHWRYATF, 0.86
15218E18I160, VPENRHIIQFHAFFFADDRSIRQHWRYATF, 0.87
15218E19I257, VPENRHIIQFHAFFFADDRHIRQHWRYATF, 0.89
15218E20I260, VPENRHIIQFHAFFFADDRHIRAHWRYATF, 0.91
15218E21I277, VPENRHIIQFHAFFFADPRHIRAHWRYATF, 0.92
15218E22I320, VPENRHIIQFHAFFFADPRHIWAHWRYATF, 0.94
15218E23I366, VPENRHIYQFHAFFFADPRHIWAHWRYATF, 0.95
15218E24I373, VPENRHIYQFHRFFFADPRHIWAHWRYATF, 0.96
15218E25I393, VPENRHIYQFHRFFFADPRHIWYHWRYATF, 0.97
