11730E0I0, IPRPQNRDKKVYWRLDLQEVQNHWEGGKQK, 0.39
11730E1I1, IPRPQNRDKAVYWRLDLQEVQNHWEGGKQK, 0.45
11730E2I5, IPRPQNRNKAVYWRLDLQEVQNHWEGGKQK, 0.47
11730E3I6, IPRPQNRNKAVYWRLDLQEVQDHWEGGKQK, 0.48
11730E4I8, IPRFQNRNKAVYWRLDLQEVQDHWEGGKQK, 0.49
11730E5I9, IPRFQNRNKAVYWRLDHQEVQDHWEGGKQK, 0.5
11730E6I14, IPRFGNRNKAVYWRLDHQEVQDHWEGGKQK, 0.53
11730E7I15, IPRFGNRNDAVYWRLDHQEVQDHWEGGKQK, 0.54
11730E8I16, IPRFGNRNDAVYWRLDHQEVQDHWEGGKGK, 0.57
11730E9I19, IPRFGNRNDAVYWRLDHQHVQDHWEGGKGK, 0.58
11730E10I23, IPRFGNRNDAVYWRLDHQHVQDHWEHGKGK, 0.61
11730E11I25, IPRFGNRNDAVYWRLDHQHVQDHWEHVKGK, 0.64
11730E12I27, IPRFGNRNFAVYWRLDHQHVQDHWEHVKGK, 0.65
11730E13I31, IPRFGNRNFAVYWRLDHQHVQIHWEHVKGK, 0.68
11730E14I46, IPRFGNRNFAVYWRNDHQHVQIHWEHVKGK, 0.71
11730E15I47, IPRFGNRNFAVYWRNDHQHVQIHWEHVKGH, 0.73
11730E16I50, EPRFGNRNFAVYWRNDHQHVQIHWEHVKGH, 0.74
11730E17I51, EPRFGNRNFAVYWRNDLQHVQIHWEHVKGH, 0.77
11730E18I54, EPRFGNRNFAVYWRADLQHVQIHWEHVKGH, 0.78
11730E19I56, EPRFGNRFFAVYWRADLQHVQIHWEHVKGH, 0.8
11730E20I63, EPRFGNRPFAVYWRADLQHVQIHWEHVKGH, 0.81
11730E21I130, EPRFGNRPFAVYWRADLPHVQIHWEHVKGH, 0.82
11730E22I131, EPRFGNRPFAVYWRADLFHVQIHWEHVKGH, 0.83
11730E23I139, EPRFGNRPFAAYWRADLFHVQIHWEHVKGH, 0.84
11730E24I169, EPRFGNRPFRAYWRADLFHVQIHWEHVKGH, 0.86
11730E25I174, EPEFGNRPFRAYWRADLFHVQIHWEHVKGH, 0.87
11730E26I221, EPEFGNRPFRAYWRADLFKVQIHWEHVKGH, 0.88
