11268E0I0, WRRDSDFIHWWWRWGQYLDALRFVQVAEHN, 0.4
11268E1I3, WRRDSDFIHWWWRGGQYLDALRFVQVAEHN, 0.41
11268E2I4, WRRDSDFIHWWWRGGQYLDALRFVQVAYHN, 0.42
11268E3I9, WRRDSDFIHWWWRGGQYLDALRFVQVRYHN, 0.43
11268E4I15, WRRDSDFIHWWWRGGQYLDHLRFVQVRYHN, 0.5
11268E5I20, WRRDSDFIHWWWRGGQYLLHLRFVQVRYHN, 0.64
11268E6I22, WRRDSDFTHWWWRGGQYLLHLRFVQVRYHN, 0.68
11268E7I27, WRRDSDFTHWWWRGGQRLLHLRFVQVRYHN, 0.71
11268E8I32, WRRDSDFTHWWWRGGQRLLHLRFVQHRYHN, 0.74
11268E9I35, WRRDSDFTHWWWRGGRRLLHLRFVQHRYHN, 0.75
11268E10I38, WRRDSDFTHWWWFGGRRLLHLRFVQHRYHN, 0.76
11268E11I56, WRRDSDFTHWWWFGGRRLLHHRFVQHRYHN, 0.77
11268E12I60, WRRDSDFTHWWWFGGRRLLHHRFVQRRYHN, 0.79
11268E13I95, WRRDSDFFHWWWFGGRRLLHHRFVQRRYHN, 0.81
11268E14I108, WRRDSDFFHWWAFGGRRLLHHRFVQRRYHN, 0.82
11268E15I114, WRRSSDFFHWWAFGGRRLLHHRFVQRRYHN, 0.85
11268E16I128, WRRSSDFFHWWAFGGRRLQHHRFVQRRYHN, 0.86
11268E17I151, WRESSDFFHWWAFGGRRLQHHRFVQRRYHN, 0.87
11268E18I169, WRESSDFFHWWAFGGRRIQHHRFVQRRYHN, 0.88
11268E19I184, WRESSDFFHWWAFGGRRIQHHRFVWRRYHN, 0.92
11268E20I240, WRESSDFFHWWAFGGRRIQHHRFVWRRYHL, 0.93
11268E21I292, WQESSDFFHWWAFGGRRIQHHRFVWRRYHL, 0.94
11268E22I318, WQESSDFFHWWAFGGRRIQHHRFVWRFYHL, 0.95
