12239E0I0, LVAPIKPWLRGATLHPNEINRWEAPKEVWV, 0.33
12239E1I3, FVAPIKPWLRGATLHPNEINRWEAPKEVWV, 0.41
12239E2I4, FVAPIKPWLRGATLHPNEINRWEAPKSVWV, 0.42
12239E3I16, FVAPIKPALRGATLHPNEINRWEAPKSVWV, 0.43
12239E4I17, FVAPIKPALRGATLHPNEILRWEAPKSVWV, 0.47
12239E5I18, FVAPIHPALRGATLHPNEILRWEAPKSVWV, 0.5
12239E6I19, FVAPIHPALRGATLHPNEILRWNAPKSVWV, 0.53
12239E7I22, FVAPIHPALRGATLHPNEILRWNAPPSVWV, 0.57
12239E8I23, FVPPIHPALRGATLHPNEILRWNAPPSVWV, 0.58
12239E9I25, FVPPIHPALRGATLHPNEILRWNSPPSVWV, 0.6
12239E10I33, FVPPIHPALRGATLHPNERLRWNSPPSVWV, 0.62
12239E11I36, FVPPLHPALRGATLHPNERLRWNSPPSVWV, 0.67
12239E12I38, FVPPLHPALRGATLHPNERLTWNSPPSVWV, 0.7
12239E13I42, FVPPLHPALRGATLHPNERLTWESPPSVWV, 0.71
12239E14I43, FVPPLHPALRGATLHPNERLTWGSPPSVWV, 0.73
12239E15I46, FVPPLHPALRGATLHPNERLTWGSPPSVWG, 0.74
12239E16I50, FVPPLHPALRGATLHPDERLTWGSPPSVWG, 0.77
12239E17I51, FVPPLHPALFGATLHPDERLTWGSPPSVWG, 0.79
12239E18I62, FVPPLHPALFGATLHWDERLTWGSPPSVWG, 0.82
12239E19I91, FVPPLHIALFGATLHWDERLTWGSPPSVWG, 0.83
12239E20I150, FVPPLHIALFPATLHWDERLTWGSPPSVWG, 0.85
12239E21I165, FVPPLHIALFPATLHWWERLTWGSPPSVWG, 0.86
12239E22I189, FVPPLHIALFPATLHWWWRLTWGSPPSVWG, 0.87
12239E23I250, FVPPLHIALFFATLHWWWRLTWGSPPSVWG, 0.9
