2058E0I0, AHSIDGQSVGSYTSLNQWTEHHYTFQLTLE, 0.41
2058E1I2, AHSIDGQSVGSYTSLNQWTEHHYTFQLTWE, 0.44
2058E2I4, AHSIDGQSVGSYTSLNQWQEHHYTFQLTWE, 0.46
2058E3I6, AHSIDGQSVGSYTSLNQWQEHHYTFQITWE, 0.48
2058E4I10, AHSIDGQSVGSYTILNQWQEHHYTFQITWE, 0.52
2058E5I11, AHSIDGQSVGSYLILNQWQEHHYTFQITWE, 0.55
2058E6I16, AHSIQGQSVGSYLILNQWQEHHYTFQITWE, 0.58
2058E7I21, AHSIQGQSIGSYLILNQWQEHHYTFQITWE, 0.59
2058E8I23, AHSIQGQSIGSYLILNQWQEEHYTFQITWE, 0.6
2058E9I29, AHSIQGQSIGSYLIWNQWQEEHYTFQITWE, 0.64
2058E10I41, AHSIQGQSIGSYLIWNQVQEEHYTFQITWE, 0.65
2058E11I44, AHSIQGQSIGSYLIWNQVQEEHYTTQITWE, 0.68
2058E12I59, AHSIQGQSIGSYLIHNQVQEEHYTTQITWE, 0.77
2058E13I64, AHSIQGQSIGSYLIHNQVQEEHYTYQITWE, 0.78
2058E14I73, AHSIQGESIGSYLIHNQVQEEHYTYQITWE, 0.8
2058E15I79, RHSIQGESIGSYLIHNQVQEEHYTYQITWE, 0.81
2058E16I96, RHSIQGESIGSYLIHNQVQEEHYTYQITWA, 0.83
2058E17I100, RHSIQGESIGSYLIHNQVQEEHPTYQITWA, 0.85
2058E18I126, RHSIQGESIGSYLIHNQWQEEHPTYQITWA, 0.86
2058E19I135, RHSIQGESIGSYLIHNQWQEEHPEYQITWA, 0.88
2058E20I178, RHSIQGESIGSYLTHNQWQEEHPEYQITWA, 0.9
