14112E0I0, KPEQTKARTTNERWINTEHEWYPDGSGPES, 0.31
14112E1I4, KPEQTKARTTQERWINTEHEWYPDGSGPES, 0.36
14112E2I5, KPNQTKARTTQERWINTEHEWYPDGSGPES, 0.45
14112E3I6, KPNQTKARTHQERWINTEHEWYPDGSGPES, 0.46
14112E4I7, KPNQTKARTHQERWINTFHEWYPDGSGPES, 0.51
14112E5I8, KPNQTKARTHRERWINTFHEWYPDGSGPES, 0.53
14112E6I14, KPNQTKARTHRERWINTFHEWYPDGSGPPS, 0.54
14112E7I16, KPNQTKARTHRERWINTFHEWYPDSSGPPS, 0.55
14112E8I20, KPNQTKARTHRERWINTFHEWYPPSSGPPS, 0.56
14112E9I34, KPNQTKARTHRETWINTFHEWYPPSSGPPS, 0.59
14112E10I37, KPNQTKATTHRETWINTFHEWYPPSSGPPS, 0.63
14112E11I38, HPNQTKATTHRETWINTFHEWYPPSSGPPS, 0.65
14112E12I39, HPNQTKATTHRETWINTFHEWYPPISGPPS, 0.66
14112E13I54, HPNQTKATTHRETWINTFHEWYPPISGPPH, 0.69
14112E14I55, HPNQTKATTHRETWINTFHGWYPPISGPPH, 0.7
14112E15I58, HPNQTKATTHRETWIITFHGWYPPISGPPH, 0.72
14112E16I65, HPNQTKATTHRETWIITFHGWYPPIPGPPH, 0.74
14112E17I70, HPNQTKATTHRETWIITFHGWYPPAPGPPH, 0.75
14112E18I85, HPNQTKATTHRETWIITFHGWYPPKPGPPH, 0.77
14112E19I95, HPNTTKATTHRETWIITFHGWYPPKPGPPH, 0.78
14112E20I100, HPNTTKVTTHRETWIITFHGWYPPKPGPPH, 0.79
14112E21I115, HPNTTKVTTHRSTWIITFHGWYPPKPGPPH, 0.8
14112E22I118, HPNTTKVTTHRSTWIITFHGWYWPKPGPPH, 0.81
14112E23I134, HPNTTKVTTHRHTWIITFHGWYWPKPGPPH, 0.82
14112E24I189, HPNTTKVTTHRHTWIITFHGWYWPKPGDPH, 0.85
14112E25I200, HPNTTKVTTHGHTWIITFHGWYWPKPGDPH, 0.88
14112E26I205, HPNTTKVTTHGHTWIVTFHGWYWPKPGDPH, 0.89
14112E27I234, HPNTTKVTTHGHTWIVTFHGWHWPKPGDPH, 0.91
14112E28I306, HPNTTKVTTHGHTWIVTFHGHHWPKPGDPH, 0.92
