568E0I0, PNGWFVISSPRPWNGAWKRISTTDKYEDYP, 0.44
568E1I1, PNSWFVISSPRPWNGAWKRISTTDKYEDYP, 0.46
568E2I3, PNSWFVISSPRPWNGAWKRISTTDKYENYP, 0.47
568E3I4, PNSWFVISSPRPWNGAWKRISTTDKHENYP, 0.52
568E4I7, QNSWFVISSPRPWNGAWKRISTTDKHENYP, 0.53
568E5I9, QNSWFVISSPRPWNGAWKRISTTDKHWNYP, 0.55
568E6I14, QNSWFVISSPRPWNGAWKRISTQDKHWNYP, 0.56
568E7I18, QNSWFVISSPRPWNGAWKRISTQDKHWAYP, 0.63
568E8I19, QNSWFVISSPRPWNGAWKRISTQDFHWAYP, 0.65
568E9I20, QNSWFVISSPRPWNGAWKRISTQDFHWADP, 0.68
568E10I24, YNSWFVISSPRPWNGAWKRISTQDFHWADP, 0.7
568E11I29, YNSWFVISSPRPWNGAWHRISTQDFHWADP, 0.71
568E12I31, YNSWPVISSPRPWNGAWHRISTQDFHWADP, 0.74
568E13I42, YNSWPVISSPRPRNGAWHRISTQDFHWADP, 0.75
568E14I47, YNYWPVISSPRPRNGAWHRISTQDFHWADP, 0.79
568E15I52, YNYWPVISSPRPRSGAWHRISTQDFHWADP, 0.81
568E16I71, YNYWPVISSPRPRSGAWHPISTQDFHWADP, 0.82
568E17I77, YNYWPVISSPRPWSGAWHPISTQDFHWADP, 0.83
568E18I120, YNYWPVISSPRPISGAWHPISTQDFHWADP, 0.85
568E19I156, YNYWPVISSPRPISGAWHPISSQDFHWADP, 0.86
