14933E0I0, IRKHAPGVIRYNVSDIATDVIGKHNSDNTY, 0.24
14933E1I1, IRKHAPGVIRYNVDDIATDVIGKHNSDNTY, 0.25
14933E2I3, IRKHAPGVIRYNVDDIATDVIGKHLSDNTY, 0.29
14933E3I6, IRKHAPGVIRYNVDIIATDVIGKHLSDNTY, 0.3
14933E4I7, IRKHAPGVIRYAVDIIATDVIGKHLSDNTY, 0.33
14933E5I8, IRKHAPGVARYAVDIIATDVIGKHLSDNTY, 0.42
14933E6I10, IRKHAPGVARYAVDIIAFDVIGKHLSDNTY, 0.5
14933E7I13, IRKHAPVVARYAVDIIAFDVIGKHLSDNTY, 0.52
14933E8I23, IRKHAPVVARYAVHIIAFDVIGKHLSDNTY, 0.53
14933E9I27, IRKHAPVVARYAVHIIAFDVIGKHLSDNRY, 0.54
14933E10I33, IRPHAPVVARYAVHIIAFDVIGKHLSDNRY, 0.55
14933E11I38, IWPHAPVVARYAVHIIAFDVIGKHLSDNRY, 0.58
14933E12I45, TWPHAPVVARYAVHIIAFDVIGKHLSDNRY, 0.61
14933E13I46, TWPHWPVVARYAVHIIAFDVIGKHLSDNRY, 0.64
14933E14I54, TWPHIPVVARYAVHIIAFDVIGKHLSDNRY, 0.66
14933E15I64, TWPHIPVVARYAQHIIAFDVIGKHLSDNRY, 0.67
14933E16I75, TWPHIPVVARYAQHIIAFDTIGKHLSDNRY, 0.68
14933E17I96, TWPHIPVVARYAQHIIAFDTIGWHLSDNRY, 0.7
14933E18I137, TWPHIPVVARYAQHIIAFDTIAWHLSDNRY, 0.71
14933E19I145, TWLHIPVVARYAQHIIAFDTIAWHLSDNRY, 0.72
14933E20I149, TWLHIPVVARYAQHIIAFDTIAWHLSDNWY, 0.74
14933E21I150, TWLHIPVVARYAQHIIAFDTIAWHLSDNWA, 0.77
14933E22I181, TWLHIPVVARYAQHIIAFDTLAWHLSDNWA, 0.78
14933E23I218, TWLHIPVQARYAQHIIAFDTLAWHLSDNWA, 0.79
14933E24I225, TWLHIPVQARYAQHIIAFDTLAWHLSRNWA, 0.83
14933E25I226, TWLHIPVPARYAQHIIAFDTLAWHLSRNWA, 0.84
14933E26I270, TWLHIPVPARYAQHIIAEDTLAWHLSRNWA, 0.85
14933E27I284, TWLHIPVPARYAWHIIAEDTLAWHLSRNWA, 0.86
14933E28I305, TWLHIPVPARYAWHIAAEDTLAWHLSRNWA, 0.87
14933E29I319, GWLHIPVPARYAWHIAAEDTLAWHLSRNWA, 0.88
14933E30I321, GWLHIPVPARYAWHIAAEDTHAWHLSRNWA, 0.89
14933E31I355, GWLHIPVHARYAWHIAAEDTHAWHLSRNWA, 0.91
14933E32I387, GWLHIPGHARYAWHIAAEDTHAWHLSRNWA, 0.93
14933E33I434, GWLHIPGHARYAWHIAAEDTHAWHLSQNWA, 0.94
14933E34I525, GWLHIPGHARYAWHIAAEHTHAWHLSQNWA, 0.95
14933E35I530, GWLHIPGHARYAWHIAAPHTHAWHLSQNWA, 0.96
14933E36I574, GALHIPGHARYAWHIAAPHTHAWHLSQNWA, 0.97
14933E37I605, LALHIPGHARYAWHIAAPHTHAWHLSQNWA, 0.98
