742E0I0, DFFVRAFSAFARQQRSDWVPRQFWGDIFFS, 0.6
742E1I3, DFFVRAFSAFARQQRSDWVPRQFWIDIFFS, 0.61
742E2I9, DFFVRAFSAFARQQRSDVVPRQFWIDIFFS, 0.63
742E3I13, DFFVRAFSAFARQQRSDVVPRQYWIDIFFS, 0.66
742E4I22, DFFVRAFSAFARQQRSDVVPRYYWIDIFFS, 0.68
742E5I36, DFFVRAFSAFARQQRSDVVPRYYWIHIFFS, 0.7
742E6I37, DFFVRAFSAFARQRRSDVVPRYYWIHIFFS, 0.73
742E7I62, DFFVRAFSAFARQRRSDSVPRYYWIHIFFS, 0.75
742E8I71, DFFHRAFSAFARQRRSDSVPRYYWIHIFFS, 0.79
742E9I73, DFFHRAFSAFARQRRSDSHPRYYWIHIFFS, 0.81
742E10I88, DFFHRAFSAFARWRRSDSHPRYYWIHIFFS, 0.82
742E11I159, DFFHRAFSAFARWRRSDSHPRYYWIHIFGS, 0.84
742E12I174, DFFHRAFSAFARWRRSDSHPRRYWIHIFGS, 0.85
742E13I182, DFFHRAFSAFARWRRSDTHPRRYWIHIFGS, 0.87
742E14I192, DFFHRAFWAFARWRRSDTHPRRYWIHIFGS, 0.89
742E15I227, DFFHRAFWAFAPWRRSDTHPRRYWIHIFGS, 0.9
742E16I271, DFFHRAFWAFAPNRRSDTHPRRYWIHIFGS, 0.91
742E17I306, DFFHRAFWAFAPNRRSDTHPPRYWIHIFGS, 0.92
742E18I387, DFFHRAFWAFAPNRRSDTHPPRYWQHIFGS, 0.93
742E19I395, DFFHRAFWAFAPNRRSDQHPPRYWQHIFGS, 0.94
742E20I482, DFFHRAFGAFAPNRRSDQHPPRYWQHIFGS, 0.95
742E21I535, DFFHRAFGAFAPNRRSDRHPPRYWQHIFGS, 0.96
