17341E0I0, LWRIYEVVANQREEQPQYWFVTVEPDSFIV, 0.29
17341E1I3, LWRIYEVVANQRGEQPQYWFVTVEPDSFIV, 0.33
17341E2I9, SWRIYEVVANQRGEQPQYWFVTVEPDSFIV, 0.34
17341E3I10, SWHIYEVVANQRGEQPQYWFVTVEPDSFIV, 0.35
17341E4I11, SWYIYEVVANQRGEQPQYWFVTVEPDSFIV, 0.36
17341E5I12, SWYIYEVVANQRGEQPQYWFVTVHPDSFIV, 0.38
17341E6I15, SWYIYEVVANQRGEIPQYWFVTVHPDSFIV, 0.48
17341E7I16, SWYIYEVVANQRGEIPQYWHVTVHPDSFIV, 0.49
17341E8I17, SWYIYEVVANQRGEIPQYWHVTEHPDSFIV, 0.53
17341E9I18, SWYIYEVVANQRGEILQYWHVTEHPDSFIV, 0.55
17341E10I20, SWYIYEVVANQRGEILQYWHVTEHPDSFVV, 0.6
17341E11I26, SWYIYEVVANQRGHILQYWHVTEHPDSFVV, 0.62
17341E12I37, SWYIYEVVANQRVHILQYWHVTEHPDSFVV, 0.63
17341E13I54, SWYIYEVVANQRFHILQYWHVTEHPDSFVV, 0.68
17341E14I59, SWYIYEVVANQRFHILQYWHVTEHPDSFVN, 0.69
17341E15I63, SWYIYEVVANQRFHILQYWHVTEHPKSFVN, 0.7
17341E16I76, SWYIYEVVANQRFHIHQYWHVTEHPKSFVN, 0.74
17341E17I79, SWYIYEVVANQTFHIHQYWHVTEHPKSFVN, 0.75
17341E18I99, SWYIYEVVANQTFHIHQYWHVTEHPWSFVN, 0.76
17341E19I102, SWYIYEVVVNQTFHIHQYWHVTEHPWSFVN, 0.77
17341E20I108, SWYIYEVVVNQTFHIHQHWHVTEHPWSFVN, 0.78
17341E21I112, SWYIYSVVVNQTFHIHQHWHVTEHPWSFVN, 0.81
17341E22I121, SWYIYSVVVNQTFHIHQHWHVTPHPWSFVN, 0.83
17341E23I127, SWYWYSVVVNQTFHIHQHWHVTPHPWSFVN, 0.85
17341E24I138, SWYWYSVVVNQTFHIHQHWHVTPHPWSFFN, 0.86
17341E25I159, SWYWYSVVVNQTFHIHQHWHVTPHPWSYFN, 0.88
17341E26I189, SWYWYSVKVNQTFHIHQHWHVTPHPWSYFN, 0.89
17341E27I233, SWYWYSVKVNQTFHIHQHWHVDPHPWSYFN, 0.9
17341E28I246, SWYWYSVKVNQTFHIHQHWHVDPHPWSYFY, 0.92
17341E29I280, SWYWYSVKVWQTFHIHQHWHVDPHPWSYFY, 0.93
17341E30I345, SWYWYSVKVWQTFHIHQHWHVDPHPWSYFV, 0.94
