14700E0I0, AQVPEFQNNNYWISDAILKGTLDYIHNFYT, 0.47
14700E1I2, AQVPEFQNNNYWISDAILKGTLDYIHNFWT, 0.48
14700E2I3, AQVPEFFNNNYWISDAILKGTLDYIHNFWT, 0.5
14700E3I5, AQVPEFFNNNYWISDKILKGTLDYIHNFWT, 0.51
14700E4I7, AQVPEFFNNNYWISDKILKGTLKYIHNFWT, 0.54
14700E5I8, AQVPETFNNNYWISDKILKGTLKYIHNFWT, 0.56
14700E6I9, AQVPETFNNNYWISDKILKGTLKYIHNKWT, 0.59
14700E7I10, AQVPETFNNNYWISDKILKGTLHYIHNKWT, 0.6
14700E8I11, AQVPETFNNNYWISDKILKGTLHYRHNKWT, 0.63
14700E9I15, AQVPETFTNNYWISDKILKGTLHYRHNKWT, 0.66
14700E10I19, AQVPETFTNNYWISDKILKGTWHYRHNKWT, 0.69
14700E11I21, AQVPETFTNNYWISDKILKHTWHYRHNKWT, 0.7
14700E12I25, AQVPETFTNNYWISDKILKATWHYRHNKWT, 0.71
14700E13I32, AQVPETFTNNYWISDKILAATWHYRHNKWT, 0.73
14700E14I48, AQVPETFTNNYWISDKILAATWHNRHNKWT, 0.75
14700E15I49, AQVPETFTNNYWISDKILAATWHNRHNKWA, 0.78
14700E16I54, AQVPETFTNNYWISDKILAATWHNRHVKWA, 0.81
14700E17I83, AQVPETFTNNYWISDKALAATWHNRHVKWA, 0.82
14700E18I115, AQVPETFTNNYWISDKALAATWHWRHVKWA, 0.84
14700E19I122, AQHPETFTNNYWISDKALAATWHWRHVKWA, 0.85
14700E20I144, AQHPETFTNNYWISDKALAATWHWRHVKAA, 0.87
14700E21I230, AQHPETFTNNYWYSDKALAATWHWRHVKAA, 0.9
14700E22I249, AQHPETFTNNYWYSDKALAATWHWGHVKAA, 0.91
14700E23I301, AQHPETFTNNYWYSDKALAATWHWGHVKAL, 0.92
