4398E0I0, YVDGAEYKLKPFFGTNPRTQQIRQPAIIQY, 0.39
4398E1I2, YVDGAEYKLKPFFGTNPRTQQIRFPAIIQY, 0.44
4398E2I3, YVDGAEYKLKWFFGTNPRTQQIRFPAIIQY, 0.47
4398E3I9, YVDGADYKLKWFFGTNPRTQQIRFPAIIQY, 0.48
4398E4I14, YVDGADYKLKWFFGTNPGTQQIRFPAIIQY, 0.51
4398E5I15, YVDGADYKLKWFFGTNPGTQQIRFPWIIQY, 0.52
4398E6I16, YVDGADYKLKWFFGTNPGTQQIRFKWIIQY, 0.55
4398E7I17, YVDGADYKLKHFFGTNPGTQQIRFKWIIQY, 0.56
4398E8I19, AVDGADYKLKHFFGTNPGTQQIRFKWIIQY, 0.63
4398E9I23, AVDGADYKLKHFFGFNPGTQQIRFKWIIQY, 0.64
4398E10I28, AVDGADYKLKHFFGQNPGTQQIRFKWIIQY, 0.67
4398E11I31, AVDGADYKLKHFFGQNPGTHQIRFKWIIQY, 0.71
4398E12I32, AVDGAEYKLKHFFGQNPGTHQIRFKWIIQY, 0.72
4398E13I38, AVDGAEYKLKHFFGQNPGTHQIRFKWIIQS, 0.73
4398E14I80, AVDGAHYKLKHFFGQNPGTHQIRFKWIIQS, 0.75
4398E15I96, AVDRAHYKLKHFFGQNPGTHQIRFKWIIQS, 0.76
4398E16I106, AVDRAHYKLKHFFGQHPGTHQIRFKWIIQS, 0.77
4398E17I110, AVDRAHGKLKHFFGQHPGTHQIRFKWIIQS, 0.78
4398E18I119, ADDRAHGKLKHFFGQHPGTHQIRFKWIIQS, 0.8
4398E19I153, ADDRAHGKLKHFFGQHPGTHQIRFKWIIQW, 0.81
4398E20I155, ADDRAHGKLKHFFGQHPGTHQITFKWIIQW, 0.82
4398E21I186, ADDRAHGKFKHFFGQHPGTHQITFKWIIQW, 0.84
4398E22I188, ADDRAHGKFKHYFGQHPGTHQITFKWIIQW, 0.85
4398E23I190, ADDRAHGKFKHYFGQHPGTHQITFKWIRQW, 0.89
4398E24I215, ADDRAHGKFKHYFGQHPGTHQITFYWIRQW, 0.91
4398E25I219, ADDRAHWKFKHYFGQHPGTHQITFYWIRQW, 0.92
