12761E0I0, GWNYDQIFSVFIWYAAFHTNHNGPKLVNTA, 0.36
12761E1I3, GWIYDQIFSVFIWYAAFHTNHNGPKLVNTA, 0.38
12761E2I4, GWIYDQIFSVFIWYAIFHTNHNGPKLVNTA, 0.43
12761E3I6, GWIYDQIFSVQIWYAIFHTNHNGPKLVNTA, 0.46
12761E4I7, GWIYDQIFSVQIWYAIFHTNHNGPWLVNTA, 0.47
12761E5I9, GWITDQIFSVQIWYAIFHTNHNGPWLVNTA, 0.48
12761E6I10, GWITDQIFSVQIWYAIFHTNHNGPPLVNTA, 0.5
12761E7I11, GWITDQIFSVQAWYAIFHTNHNGPPLVNTA, 0.53
12761E8I12, GWITYQIFSVQAWYAIFHTNHNGPPLVNTA, 0.57
12761E9I13, GWITYQIFSVQAWYAIFHTNHNGPPLVNIA, 0.58
12761E10I20, GWITYQIFSVQAWYAEFHTNHNGPPLVNIA, 0.59
12761E11I25, GWITYQIFSVQAWYAEFHTNHNGPPLVNLA, 0.62
12761E12I33, YWITYQIFSVQAWYAEFHTNHNGPPLVNLA, 0.68
12761E13I36, YWITYQIFSVQAWYAEFITNHNGPPLVNLA, 0.69
12761E14I83, YWITYQIFSVQAWYAEFIHNHNGPPLVNLA, 0.7
12761E15I98, YWITYQIFSVQAWYAEFKHNHNGPPLVNLA, 0.72
12761E16I99, YWITYQIFSVQSWYAEFKHNHNGPPLVNLA, 0.73
12761E17I136, YWITYQIFSVQSWYAEFKHNHNGPPLVDLA, 0.74
12761E18I154, YWITYQIFSLQSWYAEFKHNHNGPPLVDLA, 0.75
12761E19I166, YWITYQIFSLQSWYAEFKHNHNGPPLVRLA, 0.77
12761E20I202, YWITYQIFSLQSWYAEFKHNHNGPPKVRLA, 0.78
12761E21I230, YWITYQIFVLQSWYAEFKHNHNGPPKVRLA, 0.8
12761E22I254, YWITYQIFVLQSWYAEFKHNHNGPPFVRLA, 0.81
12761E23I321, YWITYQIFLLQSWYAEFKHNHNGPPFVRLA, 0.82
12761E24I405, YWITYQIFLLQSWYAEFKHNHNGWPFVRLA, 0.83
12761E25I454, YWITYQHFLLQSWYAEFKHNHNGWPFVRLA, 0.85
12761E26I509, YWITYQHFLLQSWYAPFKHNHNGWPFVRLA, 0.87
