13912E0I0, DRFTRVNKFWRHFWLYDKKNAISEDRGHKF, 0.28
13912E1I1, DRFTRVNKFWRHFWGYDKKNAISEDRGHKF, 0.3
13912E2I2, DRFTRVNKFWRHFWGYDKKNWISEDRGHKF, 0.37
13912E3I4, DRFTRVNKFWRHFWGYDKKNWISEDRGHKN, 0.38
13912E4I6, DRFTRVNKFWRHFWGYDKKNWISEDRGHKT, 0.42
13912E5I8, DRFTRVNKFWRHFWGYDKWNWISEDRGHKT, 0.43
13912E6I9, DRFTRVNKFWRHFWGYDSWNWISEDRGHKT, 0.51
13912E7I14, DRFTRVNKFWRHSWGYDSWNWISEDRGHKT, 0.52
13912E8I19, DRFTRVNKFWRHSWGWDSWNWISEDRGHKT, 0.53
13912E9I20, DRFTRVNKFWRHSWHWDSWNWISEDRGHKT, 0.55
13912E10I27, DRFTRVNKFWRHSWHWDSWNWISESRGHKT, 0.56
13912E11I49, DRFTRVNKFWRHSWHWDSWHWISESRGHKT, 0.58
13912E12I53, DRFTRVNKFWRHSWHNDSWHWISESRGHKT, 0.59
13912E13I57, DRFTTVNKFWRHSWHNDSWHWISESRGHKT, 0.61
13912E14I65, DRFTTRNKFWRHSWHNDSWHWISESRGHKT, 0.66
13912E15I80, DRFTTRNKFWRHSWHNDSWHWISESRGHHT, 0.67
13912E16I96, DRFNTRNKFWRHSWHNDSWHWISESRGHHT, 0.7
13912E17I102, DRFHTRNKFWRHSWHNDSWHWISESRGHHT, 0.71
13912E18I103, DRFHTRNKFWRYSWHNDSWHWISESRGHHT, 0.73
13912E19I124, DRFHTRNQFWRYSWHNDSWHWISESRGHHT, 0.74
13912E20I126, DRFHARNQFWRYSWHNDSWHWISESRGHHT, 0.75
13912E21I141, DRFHHRNQFWRYSWHNDSWHWISESRGHHT, 0.76
13912E22I148, DRFHHPNQFWRYSWHNDSWHWISESRGHHT, 0.79
13912E23I149, DRFHHPNQFWRYSWHNDSWHWIPESRGHHT, 0.82
13912E24I162, DRFHHPNQFWRYSWHNDFWHWIPESRGHHT, 0.83
13912E25I163, DRFHHPNQFWRYSWHNDFAHWIPESRGHHT, 0.87
13912E26I173, DRFHHPNQFWHYSWHNDFAHWIPESRGHHT, 0.88
13912E27I178, DRFHHPNQVWHYSWHNDFAHWIPESRGHHT, 0.91
13912E28I273, DRFHHPNQVWHYSWHNYFAHWIPESRGHHT, 0.93
