9509E0I0, GPWYVASVIIDSIGIPYWSSPNLGVDTLRN, 0.39
9509E1I1, GPWAVASVIIDSIGIPYWSSPNLGVDTLRN, 0.43
9509E2I2, GPWAVASVIIDSIGLPYWSSPNLGVDTLRN, 0.45
9509E3I4, GPWAVASPIIDSIGLPYWSSPNLGVDTLRN, 0.47
9509E4I8, GPWAVAHPIIDSIGLPYWSSPNLGVDTLRN, 0.5
9509E5I9, GPWAVAHPIIDSIGLPYWSSPNQGVDTLRN, 0.51
9509E6I11, GPWAVAKPIIDSIGLPYWSSPNQGVDTLRN, 0.53
9509E7I16, GPWAVAKPIILSIGLPYWSSPNQGVDTLRN, 0.58
9509E8I17, GPWAKAKPIILSIGLPYWSSPNQGVDTLRN, 0.61
9509E9I30, GPWAKAKPIILSIGLPYWSSPNQTVDTLRN, 0.63
9509E10I42, GPWAKAKPIVLSIGLPYWSSPNQTVDTLRN, 0.64
9509E11I48, GPWAKAKPIVLSIGEPYWSSPNQTVDTLRN, 0.65
9509E12I61, GPWAKAKAIVLSIGEPYWSSPNQTVDTLRN, 0.67
9509E13I65, GPWAKAKAIVLSIGEPYWSSPNQTGDTLRN, 0.68
9509E14I77, GPWAKAKAIVLSIGEPYWSSPNQTGDTPRN, 0.69
9509E15I81, GPWAKAKAIVLSIGVPYWSSPNQTGDTPRN, 0.72
9509E16I87, GPWAKAKAIVLSIGVPYWESPNQTGDTPRN, 0.73
9509E17I117, GPWAKAKAIVLSIGVPYWESPNQHGDTPRN, 0.77
9509E18I125, GPWAKAKAIVLSIGVPYWESPNQHGDIPRN, 0.78
9509E19I132, WPWAKAKAIVLSIGVPYWESPNQHGDIPRN, 0.8
9509E20I151, WPWAKAKAIVLSIFVPYWESPNQHGDIPRN, 0.83
9509E21I152, WPWAKAKAHVLSIFVPYWESPNQHGDIPRN, 0.84
9509E22I167, DPWAKAKAHVLSIFVPYWESPNQHGDIPRN, 0.86
9509E23I210, DPWAKAKAHVLSIFVPYWESPNQHGWIPRN, 0.87
9509E24I229, DPWAKAKAHVLSIFVPYWESPNQHYWIPRN, 0.89
9509E25I261, DPWAKAKAHVLSIFVPYWESPNQHYWIHRN, 0.9
9509E26I271, DPWAKAKAHWLSIFVPYWESPNQHYWIHRN, 0.92
9509E27I292, DPWAKAKAHWLSIHVPYWESPNQHYWIHRN, 0.95
9509E28I304, DPWAKAKAHWLSQHVPYWESPNQHYWIHRN, 0.97
9509E29I328, DPWAKAKAHWLSQHVPYWESPNQHYWIHRR, 0.98
