11526E0I0, TIPTSIQYWPATKEVHIGWSVQHYHTAQWI, 0.53
11526E1I2, THPTSIQYWPATKEVHIGWSVQHYHTAQWI, 0.63
11526E2I7, THPNSIQYWPATKEVHIGWSVQHYHTAQWI, 0.65
11526E3I13, THPNSIQYWPATYEVHIGWSVQHYHTAQWI, 0.67
11526E4I14, THPNHIQYWPATYEVHIGWSVQHYHTAQWI, 0.83
11526E5I30, THPNHIQYWPATYEVHIGWFVQHYHTAQWI, 0.84
11526E6I41, THPNHIQYWPATYEVHIGWFVQHYHTAQEI, 0.85
11526E7I44, THPNHIQYWPATQEVHIGWFVQHYHTAQEI, 0.89
11526E8I93, THPNHIQYWPATQEVHIGWFVQHAHTAQEI, 0.9
11526E9I115, THPNHIQYWPATQETHIGWFVQHAHTAQEI, 0.91
11526E10I136, THPTHIQYWPATQETHIGWFVQHAHTAQEI, 0.93
11526E11I152, THPTHIWYWPATQETHIGWFVQHAHTAQEI, 0.94
