7444E0I0, PVEGRNRFEIYGENRHVVHPSRKFRPHNGR, 0.39
7444E1I6, PVEGRNRFEIYGENRHVVHPSWKFRPHNGR, 0.4
7444E2I8, PVEGRNRFEIYGENRHVFHPSWKFRPHNGR, 0.45
7444E3I12, PVEGRNRFRIYGENRHVFHPSWKFRPHNGR, 0.57
7444E4I13, PVEGRNRFRIYGENRHVFHPSWKFRAHNGR, 0.59
7444E5I21, PVEGRYRFRIYGENRHVFHPSWKFRAHNGR, 0.6
7444E6I23, PVEGRYRYRIYGENRHVFHPSWKFRAHNGR, 0.61
7444E7I39, PVEYRYRYRIYGENRHVFHPSWKFRAHNGR, 0.64
7444E8I53, PVEYRYRYRIYGENRHVFHPSWKFYAHNGR, 0.67
7444E9I82, PVEYRYRYRIYGENRHVFHPSWDFYAHNGR, 0.68
7444E10I86, PVEYPYRYRIYGENRHVFHPSWDFYAHNGR, 0.69
7444E11I88, PVEYPYRYRIYGENRHWFHPSWDFYAHNGR, 0.7
7444E12I89, PVEYPYRYRIYGPNRHWFHPSWDFYAHNGR, 0.72
7444E13I94, HVEYPYRYRIYGPNRHWFHPSWDFYAHNGR, 0.76
7444E14I96, HVEYPYRYRIYGPNRHWFHPSQDFYAHNGR, 0.77
7444E15I98, HVHYPYRYRIYGPNRHWFHPSQDFYAHNGR, 0.78
7444E16I102, HVHYPYRYRIYGPNRHWFHPSQDFYAHHGR, 0.79
7444E17I117, HVHYPSRYRIYGPNRHWFHPSQDFYAHHGR, 0.81
7444E18I131, HVHYPSRYRIYGPNRHWFHPSQDFYWHHGR, 0.83
7444E19I150, HVHYPSRYRIYSPNRHWFHPSQDFYWHHGR, 0.86
7444E20I151, HVHYGSRYRIYSPNRHWFHPSQDFYWHHGR, 0.87
7444E21I161, HVHYGSRYRIYSPNRHWFHPSQDFYWHHGA, 0.88
7444E22I170, HVHYGSRYLIYSPNRHWFHPSQDFYWHHGA, 0.9
7444E23I216, HVHYGSRYLIYSPPRHWFHPSQDFYWHHGA, 0.91
7444E24I234, HVHYGSRYLIYSPPRHWAHPSQDFYWHHGA, 0.92
7444E25I236, HVHTGSRYLIYSPPRHWAHPSQDFYWHHGA, 0.93
7444E26I239, HVHTGSRYWIYSPPRHWAHPSQDFYWHHGA, 0.94
7444E27I262, HVHTGSRYWIYSPPTHWAHPSQDFYWHHGA, 0.95
7444E28I278, HTHTGSRYWIYSPPTHWAHPSQDFYWHHGA, 0.96
