226E0I0, TLPWPDLIIRRDQYDHENNWFYRSQHSRDD, 0.38
226E1I2, TLPWPDLIIRRDQYFHENNWFYRSQHSRDD, 0.44
226E2I3, TLPWPDLILRRDQYFHENNWFYRSQHSRDD, 0.46
226E3I4, TLPWPDLILRRDQYFHENNWFYRQQHSRDD, 0.47
226E4I6, TLPWPDLILRRDQYFHENNWFYRQAHSRDD, 0.49
226E5I9, TLPWPDLILRRQQYFHENNWFYRQAHSRDD, 0.51
226E6I11, TLPWPDLILRRQQYFHENNHFYRQAHSRDD, 0.52
226E7I14, TLPWPDLILRRQQYFHENNHFARQAHSRDD, 0.54
226E8I17, TLPWPDLILRRQQYFHENNHFARQAHPRDD, 0.59
226E9I30, YLPWPDLILRRQQYFHENNHFARQAHPRDD, 0.61
226E10I36, YLPWPDDILRRQQYFHENNHFARQAHPRDD, 0.62
226E11I45, YLPWPDDILRRQQYFHENNHFARQAHPADD, 0.66
226E12I46, YFPWPDDILRRQQYFHENNHFARQAHPADD, 0.67
226E13I55, YFPWPDDILRRQQYFHENNHFARQAHPGDD, 0.68
226E14I56, YFPWPDDILRRQQYFHEYNHFARQAHPGDD, 0.69
226E15I57, YFPWPDDILRRIQYFHEYNHFARQAHPGDD, 0.7
226E16I58, YFHWPDDILRRIQYFHEYNHFARQAHPGDD, 0.71
226E17I63, YFHWPDDILRHIQYFHEYNHFARQAHPGDD, 0.72
226E18I77, YFHWPDDILRHIQYFHEYNHIARQAHPGDD, 0.75
226E19I84, YFHWPDDILRHIQYFHEYIHIARQAHPGDD, 0.76
226E20I89, YFHWPDDILRHIQYFHIYIHIARQAHPGDD, 0.81
226E21I103, YFHWPDDILRHIQYFHIYIHIALQAHPGDD, 0.82
226E22I106, YFHWPDDILRHIQYFHIYIHIALQYHPGDD, 0.83
226E23I111, YFHWPHDILRHIQYFHIYIHIALQYHPGDD, 0.84
226E24I119, YFHWPHDIHRHIQYFHIYIHIALQYHPGDD, 0.85
226E25I159, YFHWPHDIHRHIQYFHIYIHIALAYHPGDD, 0.86
226E26I164, YFHWPHDIHRHIQYFHIYQHIALAYHPGDD, 0.87
226E27I165, YFHWPHDIHRHIQYFHIYQHIALAYHPGDF, 0.88
226E28I166, YAHWPHDIHRHIQYFHIYQHIALAYHPGDF, 0.91
226E29I239, YAHWPHYIHRHIQYFHIYQHIALAYHPGDF, 0.92
226E30I274, YAHWPHYIHRHIQYFHIYQHIALAYHPGHF, 0.93
226E31I292, YAHWPHYIHRHIQYFHIYQHIVLAYHPGHF, 0.94
226E32I371, YAHWQHYIHRHIQYFHIYQHIVLAYHPGHF, 0.95
226E33I410, YAHWQHYIHRHIQYFHIYQHIVLAYSPGHF, 0.96
