8415E0I0, NAKHTSPVPHLEPRKHFYDIVKNQFADIAA, 0.38
8415E1I1, NAKHTDPVPHLEPRKHFYDIVKNQFADIAA, 0.43
8415E2I2, NAKHTDPVPHLEPRKHFYDIVKNNFADIAA, 0.48
8415E3I4, NAKHTDPVPHLEPFKHFYDIVKNNFADIAA, 0.5
8415E4I6, NAKHTDPVPHLEPFKHFYDIVKHNFADIAA, 0.56
8415E5I8, NAKHTFPVPHLEPFKHFYDIVKHNFADIAA, 0.58
8415E6I11, NAKHTFPVPHLEPFKHFYDIVKHNFADIAF, 0.59
8415E7I14, NAKHTFPVPHLEPFKHFGDIVKHNFADIAF, 0.61
8415E8I21, NAKHTFPVPPLEPFKHFGDIVKHNFADIAF, 0.62
8415E9I23, NAKHTFPVPPLEPFKHFGDIVKHNWADIAF, 0.65
8415E10I28, NAKHTFPWPPLEPFKHFGDIVKHNWADIAF, 0.68
8415E11I33, NQKHTFPWPPLEPFKHFGDIVKHNWADIAF, 0.71
8415E12I37, NQKHTFPWPPLEPFKHFGDIVKHNWADIAW, 0.74
8415E13I41, NQKHTFPWDPLEPFKHFGDIVKHNWADIAW, 0.75
8415E14I44, NQKHTFPWDPLPPFKHFGDIVKHNWADIAW, 0.79
8415E15I90, NQKHTFPWDPLPEFKHFGDIVKHNWADIAW, 0.81
8415E16I126, NQKHTFPWDPLPEFKHFGDIVKHNWADPAW, 0.83
8415E17I147, NQHHTFPWDPLPEFKHFGDIVKHNWADPAW, 0.84
8415E18I156, NQHHTFPWDPLPGFKHFGDIVKHNWADPAW, 0.86
8415E19I159, NQHNTFPWDPLPGFKHFGDIVKHNWADPAW, 0.87
8415E20I182, NQHNTFPWIPLPGFKHFGDIVKHNWADPAW, 0.88
8415E21I214, NQHNTFPWIPLPGFKHFGDIVKHNWADRAW, 0.89
8415E22I308, NQHNTFPWIPLPGFKAFGDIVKHNWADRAW, 0.91
