10162E0I0, PIPDSGHRHPAFLRHTWQVWLLFDYFYGYG, 0.53
10162E1I4, PIPDSGHRHPAFLIHTWQVWLLFDYFYGYG, 0.54
10162E2I7, PIPDSGHRHPAWLIHTWQVWLLFDYFYGYG, 0.56
10162E3I21, PIPDSGHRHPAWLIHTWQEWLLFDYFYGYG, 0.58
10162E4I39, PIPDSGHRHPAWLIHTWQEWLLFDYFYPYG, 0.59
10162E5I42, PIPDSGHRHPAWLIHTWQEWLLFDLFYPYG, 0.6
10162E6I45, PIPDSGHRHPAWLIHTWQEWLLFDLFYDYG, 0.61
10162E7I47, PIPDSGHRHPAWLIHTWQEWLLFLLFYDYG, 0.63
10162E8I48, PIPDSGHRHPAWLIHTWQEVLLFLLFYDYG, 0.66
10162E9I50, PIDDSGHRHPAWLIHTWQEVLLFLLFYDYG, 0.69
10162E10I62, PIDDSGHWHPAWLIHTWQEVLLFLLFYDYG, 0.7
10162E11I67, PIDDSVHWHPAWLIHTWQEVLLFLLFYDYG, 0.74
10162E12I90, PIDDSVHWHPAWLIHTWQEVLLFLLFYDYW, 0.78
10162E13I94, PIDDSPHWHPAWLIHTWQEVLLFLLFYDYW, 0.79
10162E14I103, PIADSPHWHPAWLIHTWQEVLLFLLFYDYW, 0.8
10162E15I108, PIADSPHWHPAWLIHTWQHVLLFLLFYDYW, 0.83
10162E16I111, PIYDSPHWHPAWLIHTWQHVLLFLLFYDYW, 0.84
10162E17I126, PIYDSQHWHPAWLIHTWQHVLLFLLFYDYW, 0.86
10162E18I133, PLYDSQHWHPAWLIHTWQHVLLFLLFYDYW, 0.87
10162E19I141, PLYDDQHWHPAWLIHTWQHVLLFLLFYDYW, 0.89
10162E20I143, PLYDDQHWHPAWWIHTWQHVLLFLLFYDYW, 0.93
10162E21I146, PLYDDQHWHPAWWIHAWQHVLLFLLFYDYW, 0.94
