9045E0I0, NWQNYYQNWHGKTGWGESFQEWVQITQDSS, 0.44
9045E1I1, NWQNYYQNWHGKTGWGESFQYWVQITQDSS, 0.47
9045E2I4, NWQNYYQNWHGKTGWGESFQYWVQITADSS, 0.52
9045E3I10, NWQNYYQNWHGKTGWGESSQYWVQITADSS, 0.53
9045E4I12, NWQNYYQNWHLKTGWGESSQYWVQITADSS, 0.56
9045E5I18, NWQNYYQNWHLKTGWPESSQYWVQITADSS, 0.6
9045E6I22, TWQNYYQNWHLKTGWPESSQYWVQITADSS, 0.64
9045E7I34, TWQNYYQNWHLKTGWPESSQYWGQITADSS, 0.65
9045E8I51, TWQNYYQNWKLKTGWPESSQYWGQITADSS, 0.67
9045E9I67, TWQNYYQNWKLKTYWPESSQYWGQITADSS, 0.68
9045E10I70, TWQNYYQNWKLKTYWPESSQYWGQITADSL, 0.7
9045E11I81, TWENYYQNWKLKTYWPESSQYWGQITADSL, 0.71
9045E12I84, TWENYYQNWKLHTYWPESSQYWGQITADSL, 0.74
9045E13I123, TWENYYQNWKLHWYWPESSQYWGQITADSL, 0.78
9045E14I124, TWEDYYQNWKLHWYWPESSQYWGQITADSL, 0.8
9045E15I152, TWEDYYQNWKLHWYWPESSLYWGQITADSL, 0.81
9045E16I190, TWEDYYQNWKLHWYWPESSLYWGQETADSL, 0.83
9045E17I193, TWEDYYQNWKLHWYWPESSWYWGQETADSL, 0.86
9045E18I210, TWEDYYHNWKLHWYWPESSWYWGQETADSL, 0.88
9045E19I215, TWEDYWHNWKLHWYWPESSWYWGQETADSL, 0.9
9045E20I253, TWEDYWHNWKFHWYWPESSWYWGQETADSL, 0.92
9045E21I304, TWEDYWHNWKFHWYWPESSWYWGQETADSP, 0.94
9045E22I354, TWEDYWHNWKFHWYWPESSWYWGQETAYSP, 0.95
9045E23I363, TWEDYWHNWKFHWYWPESSWYWGQETAHSP, 0.96
