15740E0I0, QQNLLQIPKGTFLNTWENAQLVGFSWNHDG, 0.37
15740E1I1, QQNLLQIPKGTFLNTWPNAQLVGFSWNHDG, 0.38
15740E2I8, QQPLLQIPKGTFLNTWPNAQLVGFSWNHDG, 0.41
15740E3I9, QQPLLQIPKGTFLNTWPNAQLVGHSWNHDG, 0.42
15740E4I11, QQPLLQIPKGTFTNTWPNAQLVGHSWNHDG, 0.46
15740E5I12, QQPLLQIPKGTFTNTWPNAQLVGHSPNHDG, 0.48
15740E6I14, QQPLLQIPKGTFTNTPPNAQLVGHSPNHDG, 0.49
15740E7I17, QQPLLQIPKGTFTNTPPNAQLVVHSPNHDG, 0.51
15740E8I21, QQPLLQIPKGTFTNTPPNAQIVVHSPNHDG, 0.52
15740E9I24, QQPLLQIPKGTFTNTPPNAQIVAHSPNHDG, 0.53
15740E10I28, QQPLTQIPKGTFTNTPPNAQIVAHSPNHDG, 0.54
15740E11I39, QQPLTQIPKGTHTNTPPNAQIVAHSPNHDG, 0.55
15740E12I49, QQPLTQIPKGTHTNTPPNAQIVAHSDNHDG, 0.57
15740E13I57, QQPLTQIPKGTHTNTPPNAQIVAHADNHDG, 0.59
15740E14I63, QQPNTQIPKGTHTNTPPNAQIVAHADNHDG, 0.61
15740E15I68, QQPNTQIPKGTHTNTPPRAQIVAHADNHDG, 0.65
15740E16I79, QQPNTQIPKGTHTNTPPRAQIVAHADNHFG, 0.68
15740E17I84, QQPNTQIPKGTHTNTPPRAQIVAHADNHFH, 0.7
15740E18I85, QQPNTQIPKGTHQNTPPRAQIVAHADNHFH, 0.71
15740E19I98, QQPNTQIPKGTHQNTPPHAQIVAHADNHFH, 0.75
15740E20I122, QHPNTQIPKGTHQNTPPHAQIVAHADNHFH, 0.78
15740E21I143, FHPNTQIPKGTHQNTPPHAQIVAHADNHFH, 0.8
15740E22I153, FHPNTQIPKGTHQNTPPHAQIVAHAFNHFH, 0.81
15740E23I159, FHPNTQIPKGTHQNTPPHAQIAAHAFNHFH, 0.83
15740E24I164, FHPNTQIIKGTHQNTPPHAQIAAHAFNHFH, 0.84
15740E25I170, FHPNTQIFKGTHQNTPPHAQIAAHAFNHFH, 0.86
15740E26I189, FHPNTQIFKGTHQNTPPHAQHAAHAFNHFH, 0.87
15740E27I247, FHPNTQIFKGTHQNTPPHAQHAAAAFNHFH, 0.88
