13655E0I0, TYDHDNKQLYYRYHGIADLWSNEQKKFREG, 0.2
13655E1I1, TYDHDNKALYYRYHGIADLWSNEQKKFREG, 0.21
13655E2I3, TYDHDNKALYYRYHGIADLWSNQQKKFREG, 0.32
13655E3I4, TYDHDNKALYYRYHGIADLWSNQQFKFREG, 0.34
13655E4I8, TYDHDNWALYYRYHGIADLWSNQQFKFREG, 0.41
13655E5I11, TYDHDNWALYYRYHGIADLWSNQQFKKREG, 0.43
13655E6I13, TYDHDNWALYYRYHGIADLWSYQQFKKREG, 0.46
13655E7I16, TYDHLNWALYYRYHGIADLWSYQQFKKREG, 0.48
13655E8I20, TYDHLNWALYYRYHGIADLWSYQQFKKREP, 0.5
13655E9I23, TYDHLNWALYYRYHGIADLWSYQQFKKREE, 0.51
13655E10I25, TYDHLAWALYYRYHGIADLWSYQQFKKREE, 0.54
13655E11I29, TYDHLAWALYYRYHGIADLWSWQQFKKREE, 0.58
13655E12I30, TYDHLAWALYYRYHGIADLWSWQQFKKREY, 0.59
13655E13I32, TYDHLAWALYYRNHGIADLWSWQQFKKREY, 0.6
13655E14I33, TYDHLAWALYLRNHGIADLWSWQQFKKREY, 0.62
13655E15I46, TYDHLAWALYLRNHGLADLWSWQQFKKREY, 0.63
13655E16I49, TYDHLAWALYLRNHGLADLWSWQQFKKRNY, 0.65
13655E17I61, YYDHLAWALYLRNHGLADLWSWQQFKKRNY, 0.66
13655E18I70, YYQHLAWALYLRNHGLADLWSWQQFKKRNY, 0.67
13655E19I80, YYQHLAWALYLRNHGLADLWSWPQFKKRNY, 0.69
13655E20I81, YYQHLAWALYLRNHVLADLWSWPQFKKRNY, 0.73
13655E21I96, YYQHLAWALYLRNHVLADPWSWPQFKKRNY, 0.74
13655E22I99, YYQHLAWALKLRNHVLADPWSWPQFKKRNY, 0.78
13655E23I104, YYQHLAWALKLRNHVLADPASWPQFKKRNY, 0.8
13655E24I107, YYQHLAWALKLRNHVLADPAAWPQFKKRNY, 0.84
13655E25I128, YYQHLAWALKLRNHVLADPAAWPEFKKRNY, 0.85
13655E26I150, WYQHLAWALKLRNHVLADPAAWPEFKKRNY, 0.86
13655E27I153, WYQHLAWALKLQNHVLADPAAWPEFKKRNY, 0.87
13655E28I189, WYQHLAWALKLQNHVTADPAAWPEFKKRNY, 0.88
13655E29I209, WYQHLAWALKLQNHVTADPAAWPEFKRRNY, 0.9
13655E30I231, WYQHLAWALKLQNHVTADPAAWPEFKRRRY, 0.91
13655E31I239, WYQHLAWALKLQNHVTADPAAWPAFKRRRY, 0.92
13655E32I240, WYWHLAWALKLQNHVTADPAAWPAFKRRRY, 0.93
13655E33I244, WYWHLAWALKLQNHVTAWPAAWPAFKRRRY, 0.94
13655E34I259, WYWHLAWALKLQTHVTAWPAAWPAFKRRRY, 0.96
