8367E0I0, FIKYLRHAWSAPKSTDRDYHLNDAPVESQS, 0.27
8367E1I1, PIKYLRHAWSAPKSTDRDYHLNDAPVESQS, 0.3
8367E2I2, PIKYLRHAYSAPKSTDRDYHLNDAPVESQS, 0.34
8367E3I3, PIKYLRHAYSAPKSTDRDYHLNDAAVESQS, 0.36
8367E4I4, PIKYLRHAYSAPASTDRDYHLNDAAVESQS, 0.38
8367E5I5, PIKYLRHAYSAPASTDRDYHLNDALVESQS, 0.39
8367E6I6, PIKYLRHAYSALASTDRDYHLNDALVESQS, 0.44
8367E7I7, PNKYLRHAYSALASTDRDYHLNDALVESQS, 0.48
8367E8I9, PNKYLRHAYSALASWDRDYHLNDALVESQS, 0.56
8367E9I13, PNKYLRHAYSALASWDRDYHLNYALVESQS, 0.58
8367E10I21, PNKYLRHAYSALASWDRRYHLNYALVESQS, 0.65
8367E11I26, PNKYLRHAYSALASWDRRYHLNYALAESQS, 0.68
8367E12I31, PNKYLRHNYSALASWDRRYHLNYALAESQS, 0.71
8367E13I34, PNKYLRHNYSALASWDRRYHLNYALAESDS, 0.72
8367E14I36, PNKYLRHNYPALASWDRRYHLNYALAESDS, 0.74
8367E15I37, PNKYLRHNYPALASWDRRYHLIYALAESDS, 0.75
8367E16I44, PNKYLRHNYPALASWDRFYHLIYALAESDS, 0.76
8367E17I46, PNKYLRHNYPALASWDRFRHLIYALAESDS, 0.79
8367E18I52, PNKYLRHNYPALASWDRFRHLIYALADSDS, 0.8
8367E19I60, PNKYLFHNYPALASWDRFRHLIYALADSDS, 0.81
8367E20I61, PNWYLFHNYPALASWDRFRHLIYALADSDS, 0.82
8367E21I89, PNWYLFHNYPALASWDRFRHLIYALADSDV, 0.83
8367E22I91, GNWYLFHNYPALASWDRFRHLIYALADSDV, 0.85
