1425E0I0, FTVPLFPKTIRVFLHTLISIRRRKQEKWTQ, 0.38
1425E1I1, FTVPLHPKTIRVFLHTLISIRRRKQEKWTQ, 0.47
1425E2I8, FTVPLHPKTIRVFLHTLISIRRRKQDKWTQ, 0.49
1425E3I10, FTVPLHPKTKRVFLHTLISIRRRKQDKWTQ, 0.56
1425E4I15, FTVPLHPKTKRVFLHTLISHRRRKQDKWTQ, 0.58
1425E5I16, FTVPLHPKTKRVFLHTLISHRRRKQDKWLQ, 0.62
1425E6I19, FTVPLHPKTKRVFLHTLISHRRRKQDRWLQ, 0.63
1425E7I20, FTVPLHPKTKRPFLHTLISHRRRKQDRWLQ, 0.64
1425E8I26, FTVPLHPKTKRPKLHTLISHRRRKQDRWLQ, 0.66
1425E9I28, FWVPLHPKTKRPKLHTLISHRRRKQDRWLQ, 0.69
1425E10I33, FWVPLHPKTKRPKLHTLISHRRRIQDRWLQ, 0.71
1425E11I43, FWVPLHPKTKRPKLHTLISHRRRIQDRWAQ, 0.73
1425E12I45, FWVPLHPKTKRPKLHTLISHWRRIQDRWAQ, 0.75
1425E13I59, FWVPLHPKTFRPKLHTLISHWRRIQDRWAQ, 0.76
1425E14I66, FWVPLHPKTFRPKLHTLISHWRRIQDSWAQ, 0.79
1425E15I90, FWVPLHPKTFRPKLHTLISHWFRIQDSWAQ, 0.8
1425E16I97, FWSPLHPKTFRPKLHTLISHWFRIQDSWAQ, 0.81
1425E17I153, FWSPLHPKTFRPKLHTLISSWFRIQDSWAQ, 0.84
1425E18I171, FWSPLHPKTFRPKLHTLISSWFRIADSWAQ, 0.86
1425E19I245, FWSPLHPKTFRPKLHTLISSWFRIADSWAV, 0.88
