3742E0I0, AWSKWRVYPFYASLISRIDQWIIIVKANFS, 0.5
3742E1I1, AWSKWRVYPFYASLISYIDQWIIIVKANFS, 0.55
3742E2I11, AWSKWRVYPFYASLISYIDQWIIIVKHNFS, 0.56
3742E3I12, AWSKWRVYPFYASLISYIDQWIEIVKHNFS, 0.58
3742E4I13, AWSKWRVYPFYASLISYIDPWIEIVKHNFS, 0.6
3742E5I16, AWSKWRVYPFYASLISYNDPWIEIVKHNFS, 0.61
3742E6I24, AWSKWRVYPFYASLISYNDPWIEIVKHNWS, 0.65
3742E7I43, AWSKWRVYPFYASLISYNGPWIEIVKHNWS, 0.66
3742E8I46, AWSKWRVYPFYASLISYNGYWIEIVKHNWS, 0.68
3742E9I50, AWSKWRPYPFYASLISYNGYWIEIVKHNWS, 0.69
3742E10I56, AWSKWPPYPFYASLISYNGYWIEIVKHNWS, 0.73
3742E11I57, AWSKWHPYPFYASLISYNGYWIEIVKHNWS, 0.76
3742E12I72, AWSKWHPYPFYASWISYNGYWIEIVKHNWS, 0.77
3742E13I85, AWSKWHPWPFYASWISYNGYWIEIVKHNWS, 0.79
3742E14I115, AWSKWHPWPFRASWISYNGYWIEIVKHNWS, 0.8
3742E15I136, AWSKWHPWPNRASWISYNGYWIEIVKHNWS, 0.82
3742E16I154, AWYKWHPWPNRASWISYNGYWIEIVKHNWS, 0.83
