5455E0I0, WEYLLEWGAVNGYARSPDPDYKQAWVIEKG, 0.44
5455E1I1, WEYLLEWGAVNGSARSPDPDYKQAWVIEKG, 0.48
5455E2I3, WEYLLEWGAVNGSAFSPDPDYKQAWVIEKG, 0.49
5455E3I4, WEYLLEWGAVNGSAFSPDPDYWQAWVIEKG, 0.56
5455E4I7, WEYLLSWGAVNGSAFSPDPDYWQAWVIEKG, 0.62
5455E5I11, WEYLLSWGSVNGSAFSPDPDYWQAWVIEKG, 0.64
5455E6I40, WEYLLSWGSVNGSAFSPDPDYWQAWVIVKG, 0.65
5455E7I42, WWYLLSWGSVNGSAFSPDPDYWQAWVIVKG, 0.66
5455E8I47, WWYLLSWGSVNGSAFSPDPDYWVAWVIVKG, 0.67
5455E9I52, WWYLLSWGSVAGSAFSPDPDYWVAWVIVKG, 0.69
5455E10I71, WWYLLSWGSVAGSAFSPDPDYWTAWVIVKG, 0.7
5455E11I76, WWYLLSWGSWAGSAFSPDPDYWTAWVIVKG, 0.72
5455E12I99, WWYLWSWGSWAGSAFSPDPDYWTAWVIVKG, 0.74
5455E13I100, WWYLWSWQSWAGSAFSPDPDYWTAWVIVKG, 0.75
5455E14I103, PWYLWSWQSWAGSAFSPDPDYWTAWVIVKG, 0.76
5455E15I108, PWYYWSWQSWAGSAFSPDPDYWTAWVIVKG, 0.8
5455E16I111, PIYYWSWQSWAGSAFSPDPDYWTAWVIVKG, 0.81
5455E17I125, PIYYWSWQSWAGSAWSPDPDYWTAWVIVKG, 0.82
5455E18I133, NIYYWSWQSWAGSAWSPDPDYWTAWVIVKG, 0.83
5455E19I151, NIYYWSWESWAGSAWSPDPDYWTAWVIVKG, 0.84
5455E20I165, NIYYWSWESWAGSAWSPAPDYWTAWVIVKG, 0.85
5455E21I186, NIYYWSWESWAGRAWSPAPDYWTAWVIVKG, 0.86
5455E22I188, NIYYWSYESWAGRAWSPAPDYWTAWVIVKG, 0.87
5455E23I190, NIYYWSYESWAGRAWSPAPPYWTAWVIVKG, 0.88
