16513E0I0, DALYRIDRLNNDENGGNISSRNYQWIIENT, 0.41
16513E1I2, DALYRIDRLNNDENGGNISSRNYQHIIENT, 0.42
16513E2I10, DAVYRIDRLNNDENGGNISSRNYQHIIENT, 0.44
16513E3I11, DAVYRIDRLNNDENGGNRSSRNYQHIIENT, 0.46
16513E4I21, DAVYRIDRLNNDENGPNRSSRNYQHIIENT, 0.49
16513E5I23, DAVYRIDRLWNDENGPNRSSRNYQHIIENT, 0.53
16513E6I29, DAVIRIDRLWNDENGPNRSSRNYQHIIENT, 0.55
16513E7I39, DRVIRIDRLWNDENGPNRSSRNYQHIIENT, 0.57
16513E8I50, DRAIRIDRLWNDENGPNRSSRNYQHIIENT, 0.59
16513E9I53, DRAIRIDRLWNDENGPNRSSRNYQHIIHNT, 0.62
16513E10I56, DRAIHIDRLWNDENGPNRSSRNYQHIIHNT, 0.7
16513E11I69, DRAGHIDRLWNDENGPNRSSRNYQHIIHNT, 0.71
16513E12I72, DRAGHIDRLWNDENGPNRSIRNYQHIIHNT, 0.72
16513E13I82, DRAGHIDRLWNDENGPNRSIRPYQHIIHNT, 0.75
16513E14I86, DRAGHIDRLWNHENGPNRSIRPYQHIIHNT, 0.77
16513E15I89, DRAGHIDRLWNHENGPNRSIIPYQHIIHNT, 0.78
16513E16I98, DRAGHIDRLWNHENGPNRSIIPYQHIYHNT, 0.79
16513E17I114, DRAGHIDRLWNHENGPNRSIIPYTHIYHNT, 0.8
16513E18I140, DRAGHIDRLWNHENGPNRSHIPYTHIYHNT, 0.83
16513E19I150, DRAGHIDRLWNHENGPNRSHIPLTHIYHNT, 0.85
16513E20I168, DRAGHIDRLWNHPNGPNRSHIPLTHIYHNT, 0.86
16513E21I173, DTAGHIDRLWNHPNGPNRSHIPLTHIYHNT, 0.87
16513E22I185, DTAGHIDRLWNHPNGPNRRHIPLTHIYHNT, 0.88
16513E23I197, WTAGHIDRLWNHPNGPNRRHIPLTHIYHNT, 0.89
16513E24I216, STAGHIDRLWNHPNGPNRRHIPLTHIYHNT, 0.92
16513E25I224, STAGHIDRPWNHPNGPNRRHIPLTHIYHNT, 0.93
16513E26I317, STAGHIDRPENHPNGPNRRHIPLTHIYHNT, 0.95
