16936E0I0, TRDYEDIFYGIWHIFIYRKILLISLKFQEV, 0.31
16936E1I2, TRFYEDIFYGIWHIFIYRKILLISLKFQEV, 0.32
16936E2I4, TRFYEDIFYGIWHIFIYRKILLISLQFQEV, 0.34
16936E3I9, TRFYEDIFYWIWHIFIYRKILLISLQFQEV, 0.46
16936E4I10, TLFYEDIFYWIWHIFIYRKILLISLQFQEV, 0.51
16936E5I15, TLFYEDIFYWIWHIFIYRKILLISLPFQEV, 0.53
16936E6I16, TLFYEDIFYWIWHIFIYRKIPLISLPFQEV, 0.54
16936E7I23, TLFYEDIFYWIWHIFIYRKDPLISLPFQEV, 0.55
16936E8I26, TLFYEDIVYWIWHIFIYRKDPLISLPFQEV, 0.57
16936E9I28, TLFYEDIVYWIWHIFIYRKDPSISLPFQEV, 0.58
16936E10I40, TLFYEDIVYWIEHIFIYRKDPSISLPFQEV, 0.61
16936E11I47, TLFGEDIVYWIEHIFIYRKDPSISLPFQEV, 0.64
16936E12I50, TLFGEDISYWIEHIFIYRKDPSISLPFQEV, 0.65
16936E13I55, TLFGEDISYWPEHIFIYRKDPSISLPFQEV, 0.69
16936E14I60, TLFGEHISYWPEHIFIYRKDPSISLPFQEV, 0.74
16936E15I88, TLFGEHISYWPEHIQIYRKDPSISLPFQEV, 0.77
16936E16I93, TLFGEHISYWPEHIQIYRKAPSISLPFQEV, 0.78
16936E17I116, TLFGEHISYWPEHIQIYRKAPSISLPWQEV, 0.79
16936E18I121, TLFGEHISYWPEHIQIYRKAESISLPWQEV, 0.8
16936E19I138, TLFGEHISYWPEHIQIYPKAESISLPWQEV, 0.83
16936E20I169, TLFGEHISYWPEHIQIIPKAESISLPWQEV, 0.84
16936E21I170, TLFGEHISYWPEHISIIPKAESISLPWQEV, 0.86
16936E22I212, TLFGEHISYWPEHISIIPKAESIYLPWQEV, 0.87
16936E23I222, RLFGEHISYWPEHISIIPKAESIYLPWQEV, 0.88
16936E24I245, RLFGEHISYWPEHISIIPKAESIYLPWQHV, 0.89
16936E25I292, RLFGEHISYWPEHISIIPKAESIYLPWFHV, 0.9
16936E26I303, RLFGEHISYWPEHISIIPKDESIYLPWFHV, 0.91
