11917E0I0, FNQGNWHNIIIIAWRRRALRAFKGGPPYFF, 0.59
11917E1I10, FNLGNWHNIIIIAWRRRALRAFKGGPPYFF, 0.6
11917E2I12, FNLGNWHNIIIYAWRRRALRAFKGGPPYFF, 0.62
11917E3I14, FNLGNWHNIIIYAWRRRALRAFKGGVPYFF, 0.64
11917E4I29, FNLGNWHNIIIHAWRRRALRAFKGGVPYFF, 0.65
11917E5I34, FNLGNWHNIIIHAWRRRAARAFKGGVPYFF, 0.68
11917E6I52, FKLGNWHNIIIHAWRRRAARAFKGGVPYFF, 0.72
11917E7I59, FKLGNWHNIIIHAWRRQAARAFKGGVPYFF, 0.73
11917E8I65, FKLGNWHNIIIHAWRHQAARAFKGGVPYFF, 0.76
11917E9I82, FKLGNWHNIIIHHWRHQAARAFKGGVPYFF, 0.78
11917E10I90, FKLGNWHNHIIHHWRHQAARAFKGGVPYFF, 0.79
11917E11I108, FKLGNWHNHIIHHWRHYAARAFKGGVPYFF, 0.8
11917E12I113, FKLGNWHNHIIHHWRHYAARAFKGGVPYPF, 0.82
11917E13I120, FKLGNWHNHIIHHWRHYAARAFGGGVPYPF, 0.83
11917E14I124, FKLGNWHNHIIHHWRHYAARAFGGVVPYPF, 0.84
11917E15I125, FKLGNWHNHIIHHWRHYAARAFGGVVPYWF, 0.85
11917E16I160, FKLGNWHNHIIHHWRHYAARAFGGIVPYWF, 0.87
11917E17I178, FKLGNWHNHIFHHWRHYAARAFGGIVPYWF, 0.88
11917E18I183, FKLGNWHNHIFHHWRHYADRAFGGIVPYWF, 0.9
11917E19I187, FKLGNWHNHIFHHWRHYADRAFYGIVPYWF, 0.91
11917E20I190, FKLGTWHNHIFHHWRHYADRAFYGIVPYWF, 0.93
