15542E0I0, PSGIVRHHNSTTHGHPFTIPHVFPVELNAP, 0.48
15542E1I2, PSGIVPHHNSTTHGHPFTIPHVFPVELNAP, 0.51
15542E2I5, PSGIVPHHNSTTHGHPFTIPHVFPVSLNAP, 0.53
15542E3I11, RSGIVPHHNSTTHGHPFTIPHVFPVSLNAP, 0.54
15542E4I12, RSGIVPHHNQTTHGHPFTIPHVFPVSLNAP, 0.56
15542E5I14, RSGIVPHHNQTTHGHPFTIPHVFSVSLNAP, 0.58
15542E6I16, RSGIVPHHNQQTHGHPFTIPHVFSVSLNAP, 0.61
15542E7I18, RSGIVPHHNQQTHGHPFTITHVFSVSLNAP, 0.63
15542E8I19, RSGIVPHHNQQTHGHPFHITHVFSVSLNAP, 0.65
15542E9I23, RSGIVPHHNQQTHGHPFHITHVFSVSLAAP, 0.76
15542E10I26, RSGIVPHHNQETHGHPFHITHVFSVSLAAP, 0.77
15542E11I27, RSGIVPHHNQETHGHPFHITHVHSVSLAAP, 0.79
15542E12I28, RSGIVPHHNQATHGHPFHITHVHSVSLAAP, 0.8
15542E13I36, RSGFVPHHNQATHGHPFHITHVHSVSLAAP, 0.81
15542E14I45, RSGFVPHHNQATHGHPFHIGHVHSVSLAAP, 0.86
15542E15I57, RSGFVPHHNQATHGHPFHIGHVHSVTLAAP, 0.89
15542E16I72, RSDFVPHHNQATHGHPFHIGHVHSVTLAAP, 0.9
15542E17I86, RSDFVPHHNQVTHGHPFHIGHVHSVTLAAP, 0.91
