7450E0I0, PIVAQRNHRPEWFHPNDSTIPPVSYSRYGT, 0.4
7450E1I4, PIVAQRNHRPEWFHPNHSTIPPVSYSRYGT, 0.43
7450E2I8, PIVAQRNHRPEWFHPNWSTIPPVSYSRYGT, 0.45
7450E3I10, PKVAQRNHRPEWFHPNWSTIPPVSYSRYGT, 0.46
7450E4I13, PKVAQRNHRPEWFHPNWSTIPPVEYSRYGT, 0.51
7450E5I15, PKVAQRNHDPEWFHPNWSTIPPVEYSRYGT, 0.53
7450E6I22, PKVAQRRHDPEWFHPNWSTIPPVEYSRYGT, 0.56
7450E7I23, PKVAVRRHDPEWFHPNWSTIPPVEYSRYGT, 0.58
7450E8I24, PKVAVRRHDPEWFHPNWSTIPPVEYSRYGH, 0.63
7450E9I25, PKVAVRRHDPEWFHPNWSTIPSVEYSRYGH, 0.68
7450E10I33, PKVAVRRHDPEWFHPNWSTIPSVHYSRYGH, 0.69
7450E11I35, PKVAVRRHDPEWFHPNWSTEPSVHYSRYGH, 0.7
7450E12I36, PKVKVRRHDPEWFHPNWSTEPSVHYSRYGH, 0.75
7450E13I57, TKVKVRRHDPEWFHPNWSTEPSVHYSRYGH, 0.77
7450E14I60, TKVKVRRHDPYWFHPNWSTEPSVHYSRYGH, 0.8
7450E15I97, TKVKVFRHDPYWFHPNWSTEPSVHYSRYGH, 0.81
7450E16I169, TKVKVFVHDPYWFHPNWSTEPSVHYSRYGH, 0.82
7450E17I229, TKVKVFVHDPYWFHPNWSTEYSVHYSRYGH, 0.84
7450E18I230, TKVKVFVHDPYWFHPNWSTFYSVHYSRYGH, 0.85
7450E19I260, TKVKVFVEDPYWFHPNWSTFYSVHYSRYGH, 0.88
7450E20I262, TKVKVFVEDPYWFHPNWSTHYSVHYSRYGH, 0.89
