18890E0I0, LNLNLVQIKAPKPPYIHPSPYLRRLHNTYP, 0.52
18890E1I6, LNLKLVQIKAPKPPYIHPSPYLRRLHNTYP, 0.54
18890E2I9, LNLKLVQIKAPKPPYIHPSPYLRRLHVTYP, 0.55
18890E3I11, PNLKLVQIKAPKPPYIHPSPYLRRLHVTYP, 0.6
18890E4I25, PNLKKVQIKAPKPPYIHPSPYLRRLHVTYP, 0.61
18890E5I31, PNLKKVQIKAPKPPYIHPSPYLRRLHVWYP, 0.64
18890E6I59, PNQKKVQIKAPKPPYIHPSPYLRRLHVWYP, 0.65
18890E7I68, PNQGKVQIKAPKPPYIHPSPYLRRLHVWYP, 0.69
18890E8I79, PNQGKVQIKAPKPFYIHPSPYLRRLHVWYP, 0.7
18890E9I83, PNQGKVQIKAPKPFYIHWSPYLRRLHVWYP, 0.71
18890E10I89, PNQGKVWIKAPKPFYIHWSPYLRRLHVWYP, 0.74
18890E11I104, PNQGKVWIKAPKPFYIHWSPYLRRAHVWYP, 0.75
18890E12I157, PNQGKHWIKAPKPFYIHWSPYLRRAHVWYP, 0.77
18890E13I168, PNYGKHWIKAPKPFYIHWSPYLRRAHVWYP, 0.78
18890E14I174, PNYGKHWIKHPKPFYIHWSPYLRRAHVWYP, 0.79
18890E15I182, PNYGGHWIKHPKPFYIHWSPYLRRAHVWYP, 0.83
18890E16I219, PNYGGHWIKHPKPFYIHWSPYLRRAHYWYP, 0.85
18890E17I222, PNYGGHWIKHPKPFYHHWSPYLRRAHYWYP, 0.88
18890E18I223, PNYGGHWIKHPKPFVHHWSPYLRRAHYWYP, 0.9
18890E19I246, PNYGGHWIKHQKPFVHHWSPYLRRAHYWYP, 0.91
18890E20I286, PNYGGHWIKHWKPFVHHWSPYLRRAHYWYP, 0.92
18890E21I312, PNYGGHWIQHWKPFVHHWSPYLRRAHYWYP, 0.93
18890E22I346, PNYGGHHIQHWKPFVHHWSPYLRRAHYWYP, 0.95
18890E23I394, PNYGGHHNQHWKPFVHHWSPYLRRAHYWYP, 0.96
