6570E0I0, KRWRNFHDQRTRSLVAQDFDLAQQFAIHQA, 0.41
6570E1I1, KWWRNFHDQRTRSLVAQDFDLAQQFAIHQA, 0.45
6570E2I2, KWWRNFHDQETRSLVAQDFDLAQQFAIHQA, 0.53
6570E3I4, KWWRFFHDQETRSLVAQDFDLAQQFAIHQA, 0.54
6570E4I12, KWWRFFHDQSTRSLVAQDFDLAQQFAIHQA, 0.55
6570E5I15, KWWRFFHDQSTRSLVAQDFDLAQRFAIHQA, 0.56
6570E6I19, KWWRFFHDQSYRSLVAQDFDLAQRFAIHQA, 0.58
6570E7I24, KWWRFFHDQSYRALVAQDFDLAQRFAIHQA, 0.61
6570E8I37, KWWRFFHDQSYRALVAQDFHLAQRFAIHQA, 0.63
6570E9I39, KWWRFFHDQSYRALYAQDFHLAQRFAIHQA, 0.65
6570E10I41, KWWRFFHHQSYRALYAQDFHLAQRFAIHQA, 0.67
6570E11I46, KWWRFFHHQSYRALYAQDFHLAQRFAAHQA, 0.68
6570E12I47, KWWRFFHHQSYRALYAQDFHLAQRFAAHTA, 0.72
6570E13I48, KWWRFFHHQSYRALYAHDFHLAQRFAAHTA, 0.73
6570E14I49, KWWRFFHHQSYRALYAHDFHLAQRFLAHTA, 0.76
6570E15I51, TWWRFFHHQSYRALYAHDFHLAQRFLAHTA, 0.77
6570E16I67, TWWRFFHHQSYRALYAHDFHLAARFLAHTA, 0.78
6570E17I69, TWWRFFHHQSYRALPAHDFHLAARFLAHTA, 0.79
6570E18I83, TWWRFFHHWSYRALPAHDFHLAARFLAHTA, 0.82
6570E19I84, TYWRFFHHWSYRALPAHDFHLAARFLAHTA, 0.83
6570E20I86, TYWRFFHHWSYRALPAHTFHLAARFLAHTA, 0.87
6570E21I88, TYWRFFKHWSYRALPAHTFHLAARFLAHTA, 0.89
6570E22I94, TYWRFFKHWSDRALPAHTFHLAARFLAHTA, 0.9
6570E23I110, TYWRFFKHWSDRAHPAHTFHLAARFLAHTA, 0.92
6570E24I131, TYWRFFKHNSDRAHPAHTFHLAARFLAHTA, 0.93
6570E25I172, TYWRFFKHNSDRQHPAHTFHLAARFLAHTA, 0.94
6570E26I175, TYWRFFKHNSDRQHPAHTFHLAADFLAHTA, 0.95
