16665E0I0, TIDSKTDKGYVYETELKNTYSWKSVKQGKV, 0.23
16665E1I3, TIDDKTDKGYVYETELKNTYSWKSVKQGKV, 0.24
16665E2I6, TIQDKTDKGYVYETELKNTYSWKSVKQGKV, 0.26
16665E3I7, TIQDKTDKGYVYGTELKNTYSWKSVKQGKV, 0.27
16665E4I11, TIQDKTDKGYVYGTELKNTHSWKSVKQGKV, 0.33
16665E5I13, TIQDKTDKGYAYGTELKNTHSWKSVKQGKV, 0.39
16665E6I16, TIRDKTDKGYAYGTELKNTHSWKSVKQGKV, 0.41
16665E7I22, TIRDKTDKTYAYGTELKNTHSWKSVKQGKV, 0.44
16665E8I24, TIRDKWDKTYAYGTELKNTHSWKSVKQGKV, 0.46
16665E9I27, TIRDKWDNTYAYGTELKNTHSWKSVKQGKV, 0.47
16665E10I28, TIRDKWNNTYAYGTELKNTHSWKSVKQGKV, 0.5
16665E11I36, EIRDKWNNTYAYGTELKNTHSWKSVKQGKV, 0.51
16665E12I40, EIRDKWNNTYAYGPELKNTHSWKSVKQGKV, 0.52
16665E13I45, EIRDKWNNTYAYGPELKNTHSWKSVKHGKV, 0.56
16665E14I60, EIRYKWNNTYAYGPELKNTHSWKSVKHGKV, 0.61
16665E15I61, EIRYKWNNTYAYGPELKNTHSWDSVKHGKV, 0.62
16665E16I62, EIRYKWNNTYAYGPELKNTHSWDSVLHGKV, 0.65
16665E17I69, EIRYKWNNTYAYGPELSNTHSWDSVLHGKV, 0.7
16665E18I96, EIPYKWNNTYAYGPELSNTHSWDSVLHGKV, 0.72
16665E19I189, EIPYKWNNTYAYGPEYSNTHSWDSVLHGKV, 0.73
16665E20I228, EIPYKWNNTYAYGPEYSNTHSEDSVLHGKV, 0.74
16665E21I231, EIPYKWNNTYAYGPEYSNTHSQDSVLHGKV, 0.75
16665E22I253, EIPYKWNNTWAYGPEYSNTHSQDSVLHGKV, 0.76
16665E23I278, EIPYKWHNTWAYGPEYSNTHSQDSVLHGKV, 0.78
16665E24I286, EHPYKWHNTWAYGPEYSNTHSQDSVLHGKV, 0.79
16665E25I288, EHPYIWHNTWAYGPEYSNTHSQDSVLHGKV, 0.8
16665E26I289, EHPYIWHNTWAYGPEYSNTHSQDSVQHGKV, 0.81
16665E27I294, EHPYIWHNTWAYGPEYSNTHSQHSVQHGKV, 0.82
16665E28I301, EHPYIWHNTWAYGPEYRNTHSQHSVQHGKV, 0.83
16665E29I309, EHPYIWHNTWYYGPEYRNTHSQHSVQHGKV, 0.84
16665E30I319, EHPYIWHNTWYYGPEYRNTHNQHSVQHGKV, 0.86
16665E31I322, EHPYIQHNTWYYGPEYRNTHNQHSVQHGKV, 0.87
16665E32I345, EHPYNQHNTWYYGPEYRNTHNQHSVQHGKV, 0.88
16665E33I353, EHPYNQHNTWYHGPEYRNTHNQHSVQHGKV, 0.89
16665E34I354, LHPYNQHNTWYHGPEYRNTHNQHSVQHGKV, 0.91
16665E35I355, LHPYNQHNTWYHGPEYPNTHNQHSVQHGKV, 0.92
16665E36I450, LHPPNQHNTWYHGPEYPNTHNQHSVQHGKV, 0.93
16665E37I475, LHHPNQHNTWYHGPEYPNTHNQHSVQHGKV, 0.94
