1237E0I0, DNIVQTAQDTKQWYSKQPKDRFLHWKWQHG, 0.51
1237E1I1, DNIVQTAQDTKQWYSKQPKDRFLHWWWQHG, 0.52
1237E2I7, DNIVQTAQDTKQWYSKQPKDRFAHWWWQHG, 0.55
1237E3I8, DNIVQTAQGTKQWYSKQPKDRFAHWWWQHG, 0.56
1237E4I11, FNIVQTAQGTKQWYSKQPKDRFAHWWWQHG, 0.58
1237E5I19, FLIVQTAQGTKQWYSKQPKDRFAHWWWQHG, 0.59
1237E6I21, FLIVQTAQETKQWYSKQPKDRFAHWWWQHG, 0.64
1237E7I25, FLIVQTAQETKQWYSKQAKDRFAHWWWQHG, 0.66
1237E8I35, FLIVQTAQETKQWYSKQASDRFAHWWWQHG, 0.73
1237E9I42, FLIVQTAQETKQWYSKQASDRFAHWWWQHY, 0.75
1237E10I57, FLAVQTAQETKQWYSKQASDRFAHWWWQHY, 0.76
1237E11I78, FLAVQTAQETKQWYSKQSSDRFAHWWWQHY, 0.78
1237E12I80, FLAVQTAQETKQWYSKQSSDRFAHWWWPHY, 0.82
1237E13I81, FLAVQTAQETKQWYPKQSSDRFAHWWWPHY, 0.83
1237E14I103, FLAVQTAQETKQWYPKQSSDRFAHWWAPHY, 0.84
1237E15I106, FLAVQTAQETKQWYPKQSSDRFAHWWAPHL, 0.85
1237E16I178, FLAVQTAQETKQWYWKQSSDRFAHWWAPHL, 0.89
1237E17I196, HLAVQTAQETKQWYWKQSSDRFAHWWAPHL, 0.9
1237E18I278, HLAAQTAQETKQWYWKQSSDRFAHWWAPHL, 0.91
