5643E0I0, SNSINSAIFPRVFYHQFDRGGKSHEVERNE, 0.24
5643E1I3, SNSINSYIFPRVFYHQFDRGGKSHEVERNE, 0.26
5643E2I5, SNSINSYIFARVFYHQFDRGGKSHEVERNE, 0.28
5643E3I6, SNSINSYIFARVFYHQFDRGGNSHEVERNE, 0.3
5643E4I7, SNSINSYIFARDFYHQFDRGGNSHEVERNE, 0.39
5643E5I8, SNSINSYIFARDFYHQFDRGGNSHLVERNE, 0.42
5643E6I11, SNSINSYIFARDFYHQFQRGGNSHLVERNE, 0.43
5643E7I16, SNSIPSYIFARDFYHQFQRGGNSHLVERNE, 0.5
5643E8I20, SNSQPSYIFARDFYHQFQRGGNSHLVERNE, 0.52
5643E9I22, SNSQPSYIFARDFYHQFQRGGNHHLVERNE, 0.53
5643E10I27, SNSQPSYIFARDFYHQFQRGGNHHLVSRNE, 0.54
5643E11I29, SNSDPSYIFARDFYHQFQRGGNHHLVSRNE, 0.55
5643E12I30, SNSDPSYIFARDFYHQFQRGGNHHLVSHNE, 0.58
5643E13I35, SNSDPSYIFARDFYHQFQRGGNHHLVRHNE, 0.62
5643E14I39, SNSDPSYIFARDFYHAFQRGGNHHLVRHNE, 0.64
5643E15I40, SNSDPSYIFARDFYHAFQRHGNHHLVRHNE, 0.7
5643E16I48, SNSDPSYIFARDFYHAFQRHGNHHLVRHNH, 0.75
5643E17I58, SNSDPSYIFARDFYHAFQFHGNHHLVRHNH, 0.79
5643E18I151, SNSDPSYIFARDFYRAFQFHGNHHLVRHNH, 0.8
5643E19I216, SNSDPSYIFARDFYRAFQFHGNHHLRRHNH, 0.81
5643E20I225, SNSDPSYIFARDFYRAFVFHGNHHLRRHNH, 0.85
5643E21I254, SNSDPSYIFARDFYRAFVFHGFHHLRRHNH, 0.86
5643E22I274, SNSDPSYIFARDFYRAFVHHGFHHLRRHNH, 0.87
5643E23I297, SNSDPSYIFARDFYRAFVHVGFHHLRRHNH, 0.88
5643E24I325, SNSDPSYIFARDFYRAFVHVGFHHLARHNH, 0.89
5643E25I335, SNSDPSYIFARDFYRAFVHVGFHHLATHNH, 0.9
