14462E0I0, NQRWWSEDLHVLNVDQFRLKSQLAYGSSAP, 0.39
14462E1I1, NQRWWSEDLHVLNVIQFRLKSQLAYGSSAP, 0.42
14462E2I5, NQRWWSEDLHVLNVIQFRLKSQLAYDSSAP, 0.44
14462E3I17, NQRWWSEDLHVENVIQFRLKSQLAYDSSAP, 0.5
14462E4I21, NQRWWSEDLHVENTIQFRLKSQLAYDSSAP, 0.51
14462E5I24, NQRWWSEDLHVENTIQHRLKSQLAYDSSAP, 0.52
14462E6I35, NQRWWSEDLHTENTIQHRLKSQLAYDSSAP, 0.54
14462E7I36, NQRWWSEDLHTENTIQHRLKSQLAYDSSAL, 0.55
14462E8I40, NQRWWSEDLHTENGIQHRLKSQLAYDSSAL, 0.61
14462E9I47, NQRWWSEDLHTENGIQHRLKSQLAYDSSPL, 0.64
14462E10I53, NQRWWSEDLHTENGIQHRLKSQIAYDSSPL, 0.66
14462E11I59, NQRWWSEDLHTENGIQHRLKSQIAYDSSPH, 0.67
14462E12I69, NQRWWSYDLHTENGIQHRLKSQIAYDSSPH, 0.68
14462E13I70, NQRWWSYDLHTENGIQHRLKSYIAYDSSPH, 0.69
14462E14I75, NQRWWSYDLHTHNGIQHRLKSYIAYDSSPH, 0.72
14462E15I77, NQRWWSYDLHTHNGIQHALKSYIAYDSSPH, 0.76
14462E16I84, NQQWWSYDLHTHNGIQHALKSYIAYDSSPH, 0.77
14462E17I91, NQQWWSYDLHTHNGIQHALKSYWAYDSSPH, 0.81
14462E18I95, NQWWWSYDLHTHNGIQHALKSYWAYDSSPH, 0.85
14462E19I118, NQWWWSYDLHTHNGIQHALKSYWAADSSPH, 0.86
14462E20I137, NQEWWSYDLHTHNGIQHALKSYWAADSSPH, 0.87
14462E21I182, NQEWWSYDLHTHNGIQHALKSYWAADESPH, 0.88
14462E22I234, NQEWWSYSLHTHNGIQHALKSYWAADESPH, 0.91
14462E23I239, NQEWWSYSLHTHYGIQHALKSYWAADESPH, 0.92
