10572E0I0, DKYLRQWQRIGEWDVTDTTWETEKRGHWEH, 0.42
10572E1I1, DKYLRQWQRIGEWDVTDTTWETEKWGHWEH, 0.44
10572E2I6, DSYLRQWQRIGEWDVTDTTWETEKWGHWEH, 0.45
10572E3I16, DSYLRQWQRIGEWDVTFTTWETEKWGHWEH, 0.53
10572E4I18, DSYLRQWQRIGEWDVTFTTWETEKWGHWAH, 0.55
10572E5I23, DSYLRQWQRIGEWDVTFKTWETEKWGHWAH, 0.57
10572E6I24, DSYLRQWQRIGEWDETFKTWETEKWGHWAH, 0.58
10572E7I30, DSYLRQWQRIGEWDETFKTWETPKWGHWAH, 0.59
10572E8I33, DSYLRQWQRIHEWDETFKTWETPKWGHWAH, 0.61
10572E9I36, DSYLAQWQRIHEWDETFKTWETPKWGHWAH, 0.63
10572E10I40, DEYLAQWQRIHEWDETFKTWETPKWGHWAH, 0.64
10572E11I41, DEYLAQWQRIHEVDETFKTWETPKWGHWAH, 0.65
10572E12I52, DEYLAQWQRIHEVDETFKTWETPKWWHWAH, 0.67
10572E13I53, DEYLAQWQRIHEVDETFLTWETPKWWHWAH, 0.74
10572E14I56, DEYLAQWRRIHEVDETFLTWETPKWWHWAH, 0.78
10572E15I60, DEYLAQWRRRHEVDETFLTWETPKWWHWAH, 0.8
10572E16I68, DEYKAQWRRRHEVDETFLTWETPKWWHWAH, 0.81
10572E17I82, DEYKAYWRRRHEVDETFLTWETPKWWHWAH, 0.85
10572E18I108, DEYKAYWRRRHNVDETFLTWETPKWWHWAH, 0.86
10572E19I123, DEYKAYWRRRHNVPETFLTWETPKWWHWAH, 0.87
10572E20I183, DEYKAYWRRRHNWPETFLTWETPKWWHWAH, 0.89
10572E21I198, DEYKAYWRRRHNWPETFLTWETPYWWHWAH, 0.91
10572E22I257, DFYKAYWRRRHNWPETFLTWETPYWWHWAH, 0.92
10572E23I317, DFYKAYWRRRHNWPETFLTWETAYWWHWAH, 0.93
10572E24I344, DFYRAYWRRRHNWPETFLTWETAYWWHWAH, 0.94
10572E25I385, DFPRAYWRRRHNWPETFLTWETAYWWHWAH, 0.95
10572E26I417, DFPRAYWRRYHNWPETFLTWETAYWWHWAH, 0.96
10572E27I516, DPPRAYWRRYHNWPETFLTWETAYWWHWAH, 0.97
