11650E0I0, WSSSFLIGHFRHPAPNNTFEHGFVDEPWIL, 0.52
11650E1I2, WSSSFLIGTFRHPAPNNTFEHGFVDEPWIL, 0.56
11650E2I5, WSSSFLIGTFLHPAPNNTFEHGFVDEPWIL, 0.63
11650E3I6, WSSSFLIGTFLHPAPNNTFQHGFVDEPWIL, 0.75
11650E4I20, WSSSFLIATFLHPAPNNTFQHGFVDEPWIL, 0.79
11650E5I44, WSSYFLIATFLHPAPNNTFQHGFVDEPWIL, 0.83
11650E6I45, WSSYFLIATFLHPAPNNTFQHGFVDEPNIL, 0.84
11650E7I71, WSSYFLIATFLHPAPNNTFQHGFVDEPHIL, 0.85
11650E8I89, WSSYFLIATFLHPAPNNTFQHGFVDEEHIL, 0.87
11650E9I147, WSSYFLIATFLHPAPNNTFQHYFVDEEHIL, 0.88
11650E10I180, WSSYFLIATFLHPAPNNTYQHYFVDEEHIL, 0.89
11650E11I184, WSSYFLIATFLHPAPNNYYQHYFVDEEHIL, 0.9
11650E12I194, WSSYFLIATFLHPAPNNRYQHYFVDEEHIL, 0.91
