4159E0I0, HDFDSHDHALYWSEYWNTAGIKDHVDLSDE, 0.52
4159E1I1, HDFDSHDHALYWSEYWNTAGIKAHVDLSDE, 0.53
4159E2I2, HDFDLHDHALYWSEYWNTAGIKAHVDLSDE, 0.56
4159E3I11, HDFDLHDHALYWSEYWNTAGIKLHVDLSDE, 0.59
4159E4I13, HDFFLHDHALYWSEYWNTAGIKLHVDLSDE, 0.62
4159E5I15, HDFFLHDHALYWSEYWNTAGIKLHHDLSDE, 0.66
4159E6I18, HDFFLHDHALYWSEYWSTAGIKLHHDLSDE, 0.69
4159E7I30, HDFFLHDHALYWSPYWSTAGIKLHHDLSDE, 0.72
4159E8I63, HDFFLHDYALYWSPYWSTAGIKLHHDLSDE, 0.74
4159E9I65, HDFFLHDYALYWSPYWSWAGIKLHHDLSDE, 0.76
4159E10I70, HDFFLHDYALYWSPYWSWAGFKLHHDLSDE, 0.78
4159E11I72, HDFFLHDRALYWSPYWSWAGFKLHHDLSDE, 0.79
4159E12I84, HDFFLHDRALYWSPYWSWADFKLHHDLSDE, 0.82
4159E13I93, HDFFLHDRALYWSPYWSWADFKLHHDRSDE, 0.83
4159E14I99, HDFFLHDRYLYWSPYWSWADFKLHHDRSDE, 0.84
4159E15I104, HDFFLHDRYLYWAPYWSWADFKLHHDRSDE, 0.85
4159E16I106, HDFFLHDRYAYWAPYWSWADFKLHHDRSDE, 0.86
4159E17I112, HRFFLHDRYAYWAPYWSWADFKLHHDRSDE, 0.87
4159E18I131, HRFFLHDRYAYWAPYWSWADFKLHHDRSPE, 0.88
4159E19I172, HRFFLHDRYAYWVPYWSWADFKLHHDRSPE, 0.89
4159E20I177, HRFFLHDRYAPWVPYWSWADFKLHHDRSPE, 0.91
4159E21I183, KRFFLHDRYAPWVPYWSWADFKLHHDRSPE, 0.92
