16507E0I0, WHISHAVVEVFSGKREVERYNTTDYQWWPT, 0.47
16507E1I1, WHISHAVVEVFSGVREVERYNTTDYQWWPT, 0.5
16507E2I17, WHISHAVVEVFSGVREVERYNTEDYQWWPT, 0.52
16507E3I20, WHISHAVVEVFSGVREVERYSTEDYQWWPT, 0.53
16507E4I22, WHISHHVVEVFSGVREVERYSTEDYQWWPT, 0.55
16507E5I30, WHISHHVVEVFSGVREVERYSTEWYQWWPT, 0.58
16507E6I38, WHISHHFVEVFSGVREVERYSTEWYQWWPT, 0.59
16507E7I42, WHISHHFVEVNSGVREVERYSTEWYQWWPT, 0.61
16507E8I43, WHITHHFVEVNSGVREVERYSTEWYQWWPT, 0.63
16507E9I44, WHITHHFVEPNSGVREVERYSTEWYQWWPT, 0.65
16507E10I46, WHITHHFVEPNSGVREVERYSTEWYQWAPT, 0.68
16507E11I52, WHITHHFVEPHSGVREVERYSTEWYQWAPT, 0.7
16507E12I53, WHITHHFVEPHAGVREVERYSTEWYQWAPT, 0.76
16507E13I54, WHITHHFVEPHADVREVERYSTEWYQWAPT, 0.8
16507E14I55, GHITHHFVEPHADVREVERYSTEWYQWAPT, 0.81
16507E15I101, GHITHHFVEFHADVREVERYSTEWYQWAPT, 0.82
16507E16I102, GHITHHFVEFHADVREVERYSTYWYQWAPT, 0.84
16507E17I105, GHITHHFVEFHADVLEVERYSTYWYQWAPT, 0.85
16507E18I106, GHITHWFVEFHADVLEVERYSTYWYQWAPT, 0.86
16507E19I111, GHITHWFVEFHADVLEVESYSTYWYQWAPT, 0.87
16507E20I134, GHITHWFVEFHAIVLEVESYSTYWYQWAPT, 0.88
16507E21I167, GHITHWFVEFHAIVLEVESYSTYWYQWADT, 0.89
16507E22I242, GHITHWFVEFHAIVLEVESYSTYWYQWADL, 0.91
16507E23I253, GHITHWFVEFHAIVLEVESWSTYWYQWADL, 0.92
16507E24I263, GHITHWFVEFHHIVLEVESWSTYWYQWADL, 0.95
16507E25I357, GHITHWFVEFHHIVLEVESWSTYWYQWADS, 0.96
