15350E0I0, AGPWVKKQRWQHDEVDATKTDFRNLLYYLL, 0.33
15350E1I1, AGPWVKKQRWQHDEVDATKTDFRWLLYYLL, 0.41
15350E2I3, AGPWVKKQRWQHDDVDATKTDFRWLLYYLL, 0.42
15350E3I4, AGPWVKKQRWQHDDVDATKTDFRWLLYFLL, 0.44
15350E4I6, AGIWVKKQRWQHDDVDATKTDFRWLLYFLL, 0.45
15350E5I8, AGIWVKKQRWQHDDVDATKTDFRWLLYFLH, 0.46
15350E6I9, AGIWVKKQRWQHDDVDATKDDFRWLLYFLH, 0.49
15350E7I10, AGIWVKKQRQQHDDVDATKDDFRWLLYFLH, 0.51
15350E8I15, AGIWVKKQRQQHDDVDATKYDFRWLLYFLH, 0.53
15350E9I16, AGIWVKKQRQQHVDVDATKYDFRWLLYFLH, 0.55
15350E10I19, AGIWVKKQRQQHVDVDATFYDFRWLLYFLH, 0.56
15350E11I20, AGIWVKKWRQQHVDVDATFYDFRWLLYFLH, 0.58
15350E12I26, AGIWVKKWRQQHVDVGATFYDFRWLLYFLH, 0.65
15350E13I34, AGIWVKKWRQQHVDVGATFYDFRFLLYFLH, 0.68
15350E14I38, AGIWVKKWRQQRVDVGATFYDFRFLLYFLH, 0.69
15350E15I46, AGIWVKKWRQQRVDTGATFYDFRFLLYFLH, 0.71
15350E16I63, AGIPVKKWRQQRVDTGATFYDFRFLLYFLH, 0.72
15350E17I77, AGIPVKKWRIQRVDTGATFYDFRFLLYFLH, 0.74
15350E18I90, AGIPVKKWRIQFVDTGATFYDFRFLLYFLH, 0.75
15350E19I101, AGIPVKKWRIQFVDTGATFKDFRFLLYFLH, 0.76
15350E20I104, AGIPVKKWRIAFVDTGATFKDFRFLLYFLH, 0.78
15350E21I110, TGIPVKKWRIAFVDTGATFKDFRFLLYFLH, 0.79
15350E22I116, TGIPVKKWRIAFVHTGATFKDFRFLLYFLH, 0.8
15350E23I133, TGIPVKKWRIAFGHTGATFKDFRFLLYFLH, 0.82
15350E24I164, TGIPGKKWRIAFGHTGATFKDFRFLLYFLH, 0.86
15350E25I168, TGITGKKWRIAFGHTGATFKDFRFLLYFLH, 0.87
15350E26I219, TGITGKKWRYAFGHTGATFKDFRFLLYFLH, 0.88
