11718E0I0, ERDWITPKAEYSAQQHHAPRFQESRNIFYF, 0.43
11718E1I2, ERDWITPKAEYSAQRHHAPRFQESRNIFYF, 0.44
11718E2I5, ERDWITPKAEYSAQRHHAPRFQESRNIAYF, 0.45
11718E3I6, ERDWITPKAEYSAQRHHAPRFQESRSIAYF, 0.48
11718E4I11, ERDWITPKAEYSAQRHHAPRFQEHRSIAYF, 0.49
11718E5I14, ERDWIHPKAEYSAQRHHAPRFQEHRSIAYF, 0.52
11718E6I17, ERDWIHPKAEYSAQRHHAPRFQEHDSIAYF, 0.53
11718E7I22, ERDWIHPKAEYSAQRHHAPAFQEHDSIAYF, 0.57
11718E8I23, NRDWIHPKAEYSAQRHHAPAFQEHDSIAYF, 0.58
11718E9I24, NRDWIHPKAEYSAQRHHAPAFQEHDSKAYF, 0.6
11718E10I30, NRHWIHPKAEYSAQRHHAPAFQEHDSKAYF, 0.79
11718E11I40, NRHWIHPKAEYSADRHHAPAFQEHDSKAYF, 0.84
11718E12I67, NRHWIHPKAEYSADRHHARAFQEHDSKAYF, 0.85
11718E13I72, NRHWIHPKAEYSADRHHNRAFQEHDSKAYF, 0.87
11718E14I79, NTHWIHPKAEYSADRHHNRAFQEHDSKAYF, 0.88
