5904E0I0, AGWATEHKTSVWLQFSGFYAIWVGNNERRI, 0.32
5904E1I3, AGDATEHKTSVWLQFSGFYAIWVGNNERRI, 0.33
5904E2I4, AGDATEHKTSVWLQFTGFYAIWVGNNERRI, 0.35
5904E3I5, AGDATEHKTSVWLQFTGFYAFWVGNNERRI, 0.38
5904E4I8, AGDATEHKTSVWLQFTGFYAFWVGENERRI, 0.44
5904E5I9, AGDATEHKTSVWLQFTGFYAFWVGEAERRI, 0.51
5904E6I25, AGDATEHKPSVWLQFTGFYAFWVGEAERRI, 0.53
5904E7I26, AGDATEFKPSVWLQFTGFYAFWVGEAERRI, 0.55
5904E8I28, AGDATEFKPSVWLQFYGFYAFWVGEAERRI, 0.56
5904E9I38, AGDATEFKWSVWLQFYGFYAFWVGEAERRI, 0.58
5904E10I43, AGDATEFKWSVWLQVYGFYAFWVGEAERRI, 0.59
5904E11I47, AGDATEFKWSVWLQVYGFYAFWVGFAERRI, 0.62
5904E12I49, AGDATEFKWSVWLQVYGFYAFWVGFAPRRI, 0.63
5904E13I57, AGDATEFKWSVWLQVYGFYATWVGFAPRRI, 0.66
5904E14I65, AGDATEFKWSVWLQVYGFYETWVGFAPRRI, 0.67
5904E15I67, AGDATHFKWSVWLQVYGFYETWVGFAPRRI, 0.71
5904E16I118, AGDATHFKWSVWLQVYGAYETWVGFAPRRI, 0.72
5904E17I152, AGDATHFKWKVWLQVYGAYETWVGFAPRRI, 0.74
5904E18I162, AGDLTHFKWKVWLQVYGAYETWVGFAPRRI, 0.75
5904E19I177, AGDLTHFKWIVWLQVYGAYETWVGFAPRRI, 0.76
