12577E0I0, YSQDYPSIFAQTPYRGYLQARSVAFEQTLS, 0.25
12577E1I2, YSQDYPSIFAQTPYRGWLQARSVAFEQTLS, 0.3
12577E2I5, YSQDYPSIFAQTPYRGWLQARSVAFEATLS, 0.37
12577E3I7, YSQDYPSIFAQTPYRGWLQARSVAFEATLR, 0.38
12577E4I9, YSQDYPSIFAQTPYRGWLQAHSVAFEATLR, 0.4
12577E5I10, YSQDYPSIFAPTPYRGWLQAHSVAFEATLR, 0.41
12577E6I11, YSQDYPSIFAPTPYRGWLQAHSKAFEATLR, 0.44
12577E7I17, YSQDYPSIFAPTPYRGWLAAHSKAFEATLR, 0.5
12577E8I21, YSQDYPSIFAPTPYRGWLAAHSKAFHATLR, 0.62
12577E9I28, YSQWYPSIFAPTPYRGWLAAHSKAFHATLR, 0.64
12577E10I36, YSQEYPSIFAPTPYRGWLAAHSKAFHATLR, 0.65
12577E11I39, YSQEYPSIFPPTPYRGWLAAHSKAFHATLR, 0.67
12577E12I46, YSQEYPSILPPTPYRGWLAAHSKAFHATLR, 0.7
12577E13I69, YSQEYPSILPPTPYRGWLLAHSKAFHATLR, 0.71
12577E14I71, YSQEYPSILPPYPYRGWLLAHSKAFHATLR, 0.72
12577E15I101, YSQEYPSILPWYPYRGWLLAHSKAFHATLR, 0.73
12577E16I102, YSQEVPSILPWYPYRGWLLAHSKAFHATLR, 0.75
12577E17I134, YSQEVPSILPWYPYRGWLLAHSKALHATLR, 0.79
