14106E0I0, KKSRTDEWRDIYKNWRRFGHKYQWSKINYD, 0.27
14106E1I3, KKSRTDEWRDIYKNWRRFGHKYQWSKENYD, 0.31
14106E2I6, KKVRTDEWRDIYKNWRRFGHKYQWSKENYD, 0.34
14106E3I8, KKVRTDEWRDIYKNWRRFGHKYQWSKENQD, 0.35
14106E4I11, KKVRYDEWRDIYKNWRRFGHKYQWSKENQD, 0.39
14106E5I12, KKVRYDEWRDIYKNWRRFGHKYQGSKENQD, 0.42
14106E6I13, KKVRYDYWRDIYKNWRRFGHKYQGSKENQD, 0.44
14106E7I15, KKVRYDYWRDIYKNWRRFGHKYQGNKENQD, 0.47
14106E8I24, KKVRYDYWRDIYKNWRRFGHSYQGNKENQD, 0.48
14106E9I26, KKLRYDYWRDIYKNWRRFGHSYQGNKENQD, 0.51
14106E10I29, KKLRYDYWRDIYKNWRRFGHSYQGNKVNQD, 0.53
14106E11I30, KKLRYDYWRDIYKEWRRFGHSYQGNKVNQD, 0.54
14106E12I31, KKLRYDYWRDIYKEWRRFGHSYQGNKVNQH, 0.56
14106E13I33, KKLRYDYWRDIFKEWRRFGHSYQGNKVNQH, 0.59
14106E14I38, KKLRYDYWRDIFKEWRRFGHSYQGNQVNQH, 0.61
14106E15I43, KKLRYDYWRDIFKEWRRFHHSYQGNQVNQH, 0.63
14106E16I51, KKLRYDYWRDIFKPWRRFHHSYQGNQVNQH, 0.66
14106E17I52, KKLRSDYWRDIFKPWRRFHHSYQGNQVNQH, 0.67
14106E18I61, KKLRSDYWRDDFKPWRRFHHSYQGNQVNQH, 0.7
14106E19I63, KKLRSDYWADDFKPWRRFHHSYQGNQVNQH, 0.76
14106E20I72, KKLRSDYWADDFKPWRRFHHSYQGNQVSQH, 0.77
14106E21I90, FKLRSDYWADDFKPWRRFHHSYQGNQVSQH, 0.78
14106E22I112, FKLRSDYWADDFKPNRRFHHSYQGNQVSQH, 0.79
14106E23I122, FKLRSDYWADDFKPNRRFHHSYRGNQVSQH, 0.8
14106E24I132, FKLRSDYWADDFKPNRRFHHSYRGNQVWQH, 0.81
14106E25I136, FKLRSDYWADPFKPNRRFHHSYRGNQVWQH, 0.82
14106E26I170, FKLRSDYWADPFKPNYRFHHSYRGNQVWQH, 0.83
14106E27I191, FKLWSDYWADPFKPNYRFHHSYRGNQVWQH, 0.84
14106E28I192, FKLKSDYWADPFKPNYRFHHSYRGNQVWQH, 0.86
14106E29I213, FKLKSDYWADPFKPNYRFHRSYRGNQVWQH, 0.87
