971E0I0, LVRGTLPEWEYDQNTAHGAKSWTREIRRQE, 0.42
971E1I1, LVRGTLPEWEYDQNTAHGAKSWWREIRRQE, 0.45
971E2I3, LVRGTLPEWEYDQNTAHGAKSWWREIARQE, 0.54
971E3I9, LVRGTLPEWEYDQNTAHGAKSWWRYIARQE, 0.55
971E4I17, LVRITLPEWEYDQNTAHGAKSWWRYIARQE, 0.56
971E5I25, LVRITLPEWEYAQNTAHGAKSWWRYIARQE, 0.62
971E6I26, LVRITLPEWEYAQNTAHGAKSWARYIARQE, 0.66
971E7I30, LVFITLPEWEYAQNTAHGAKSWARYIARQE, 0.67
971E8I39, LVFITLPEWEYAQNTAHGAKSWARYIARQH, 0.68
971E9I79, LVFITLPEWEYWQNTAHGAKSWARYIARQH, 0.71
971E10I86, LVFITLPEWEYWQNTAHGAHSWARYIARQH, 0.73
971E11I90, KVFITLPEWEYWQNTAHGAHSWARYIARQH, 0.76
971E12I91, KVFITLPEWEYWQNTAHYAHSWARYIARQH, 0.78
971E13I94, KVFLTLPEWEYWQNTAHYAHSWARYIARQH, 0.81
971E14I109, KAFLTLPEWEYWQNTAHYAHSWARYIARQH, 0.82
971E15I119, KAFLLLPEWEYWQNTAHYAHSWARYIARQH, 0.85
971E16I121, WAFLLLPEWEYWQNTAHYAHSWARYIARQH, 0.86
971E17I127, WAFLLLPEWEYWHNTAHYAHSWARYIARQH, 0.88
971E18I132, WAFLLLPEWEYWHNTFHYAHSWARYIARQH, 0.89
971E19I143, WAFLLLPEWEYWHNTFHYAHSWAHYIARQH, 0.9
971E20I170, WAFLLLPEWEYWHNTFHWAHSWAHYIARQH, 0.91
971E21I242, WAFLLLPEWEYWHNTFHWAHSWAHYIYRQH, 0.92
971E22I282, WAFLLLPEWEYWHNTFHWAASWAHYIYRQH, 0.93
971E23I308, WAFLLLPEWEYWHNTFHWAASWAHHIYRQH, 0.94
971E24I377, WAFLLLPEWEYWHNFFHWAASWAHHIYRQH, 0.95
971E25I472, WAFLLLAEWEYWHNFFHWAASWAHHIYRQH, 0.96
