12952E0I0, KHAERWQGESAESFNTDSFTGLRWFNDYDT, 0.31
12952E1I1, KHAERWTGESAESFNTDSFTGLRWFNDYDT, 0.35
12952E2I5, KHAERWTGESAESFNTDSFTGLRWENDYDT, 0.4
12952E3I12, KHHERWTGESAESFNTDSFTGLRWENDYDT, 0.41
12952E4I17, KHHERWTGESAESFNTDSFTGLRWENRYDT, 0.46
12952E5I21, KHTERWTGESAESFNTDSFTGLRWENRYDT, 0.48
12952E6I24, KHTERWTGESAESFNTLSFTGLRWENRYDT, 0.49
12952E7I28, KHTERWTGESAESFNTLSFYGLRWENRYDT, 0.51
12952E8I29, KHTERWTGESAESFNTLSFYGLSWENRYDT, 0.54
12952E9I38, KHTERWTGESAESFNTLSFHGLSWENRYDT, 0.55
12952E10I40, KHTERWTGESAESFNTLSHHGLSWENRYDT, 0.56
12952E11I42, KHTERWTGESAESFNTLSRHGLSWENRYDT, 0.59
12952E12I46, PHTERWTGESAESFNTLSRHGLSWENRYDT, 0.6
12952E13I47, PHTERWTGESAESFNTLLRHGLSWENRYDT, 0.61
12952E14I48, PHTERWTGESAESFNTLLRHGLSWENRYLT, 0.62
12952E15I49, VHTERWTGESAESFNTLLRHGLSWENRYLT, 0.63
12952E16I66, VHTERWTGESAERFNTLLRHGLSWENRYLT, 0.66
12952E17I75, VHTERVTGESAERFNTLLRHGLSWENRYLT, 0.67
12952E18I92, VHTERVTGESAERFNTLLRHLLSWENRYLT, 0.7
12952E19I111, THTERVTGESAERFNTLLRHLLSWENRYLT, 0.74
12952E20I146, THTERVTGEWAERFNTLLRHLLSWENRYLT, 0.77
12952E21I161, THTERHTGEWAERFNTLLRHLLSWENRYLT, 0.79
12952E22I197, THTERHTGEWADRFNTLLRHLLSWENRYLT, 0.8
12952E23I198, THTWRHTGEWADRFNTLLRHLLSWENRYLT, 0.81
12952E24I200, THTWRHTGEWADRFNTLLRHLLRWENRYLT, 0.83
12952E25I223, THTWRHTGEWADTFNTLLRHLLRWENRYLT, 0.85
12952E26I232, THTWRHTGYWADTFNTLLRHLLRWENRYLT, 0.86
12952E27I233, THTWQHTGYWADTFNTLLRHLLRWENRYLT, 0.87
12952E28I264, THTLQHTGYWADTFNTLLRHLLRWENRYLT, 0.88
