7493E0I0, EQYFWQWFEVHNAQLPLYIYPIQWVEEEQG, 0.29
7493E1I4, EQYRWQWFEVHNAQLPLYIYPIQWVEEEQG, 0.3
7493E2I7, EQYRWQWVEVHNAQLPLYIYPIQWVEEEQG, 0.35
7493E3I10, EHYRWQWVEVHNAQLPLYIYPIQWVEEEQG, 0.39
7493E4I13, EHYRWQDVEVHNAQLPLYIYPIQWVEEEQG, 0.41
7493E5I17, EHYIWQDVEVHNAQLPLYIYPIQWVEEEQG, 0.43
7493E6I19, EHYIWQDVEVHNAQAPLYIYPIQWVEEEQG, 0.44
7493E7I20, EHYIWQDVEVHNAQAPLYIKPIQWVEEEQG, 0.46
7493E8I25, EHYIWQDVEVHNAQAPLYIKPIQWVEEDQG, 0.48
7493E9I31, EHYIWQDVEPHNAQAPLYIKPIQWVEEDQG, 0.51
7493E10I43, EHYIWQDVEPHNSQAPLYIKPIQWVEEDQG, 0.54
7493E11I46, EHYIWQDVEPHNSQAPLYPKPIQWVEEDQG, 0.56
7493E12I49, EHYYWQDVEPHNSQAPLYPKPIQWVEEDQG, 0.6
7493E13I50, THYYWQDVEPHNSQAPLYPKPIQWVEEDQG, 0.61
7493E14I56, THYYWQDVEPHNSQAPAYPKPIQWVEEDQG, 0.62
7493E15I58, THDYWQDVEPHNSQAPAYPKPIQWVEEDQG, 0.63
7493E16I60, THDYWQVVEPHNSQAPAYPKPIQWVEEDQG, 0.66
7493E17I67, THAYWQVVEPHNSQAPAYPKPIQWVEEDQG, 0.68
7493E18I68, THAYWQVVEPHNSQAPAYPKPIHWVEEDQG, 0.69
7493E19I72, THAYWQVVEPHNSQAPAYPKAIHWVEEDQG, 0.73
7493E20I74, THAYWQVVEEHNSQAPAYPKAIHWVEEDQG, 0.74
7493E21I117, THAYWQVVEEHNSQAPAYPKAIHWPEEDQG, 0.75
7493E22I130, TKAYWQVVEEHNSQAPAYPKAIHWPEEDQG, 0.76
7493E23I139, TKAYWQVVEEHNSQAPAYPKAIHWPEEDQD, 0.78
7493E24I146, TKAYWQVVEEHNSQAPAYPKAIHWPEEDSD, 0.8
7493E25I163, TKAYWQVVEEHNYQAPAYPKAIHWPEEDSD, 0.81
7493E26I237, TKAYWQVVEEHNYQAPAYPFAIHWPEEDSD, 0.82
7493E27I250, TKAYWQVVEEHNYWAPAYPFAIHWPEEDSD, 0.86
7493E28I274, TKAYWQVWEEHNYWAPAYPFAIHWPEEDSD, 0.88
7493E29I275, TKAYWQVWEEHNQWAPAYPFAIHWPEEDSD, 0.9
7493E30I371, TKAYWIVWEEHNQWAPAYPFAIHWPEEDSD, 0.91
7493E31I393, TKAYWIYWEEHNQWAPAYPFAIHWPEEDSD, 0.92
7493E32I407, TKAYWIYWEEHNQWAPAYLFAIHWPEEDSD, 0.93
7493E33I457, TKAYWWYWEEHNQWAPAYLFAIHWPEEDSD, 0.94
