9125E0I0, NHWPDKNKFQQRVFWEWDNPDNDEPNAWTT, 0.35
9125E1I3, NHWPDKNKFQQRVFWEWDDPDNDEPNAWTT, 0.37
9125E2I5, NHWPDKNKFQQRVFWEWDDPDNDEPNAWTQ, 0.38
9125E3I7, NHWPDKNKFQQRVFWEWSDPDNDEPNAWTQ, 0.42
9125E4I13, NHWPDKNKFQQRVFWEWSDPDNDEPVAWTQ, 0.43
9125E5I14, NHWPDYNKFQQRVFWEWSDPDNDEPVAWTQ, 0.49
9125E6I16, NHWPDYNKFQQRVFWEWSDPDNDEWVAWTQ, 0.5
9125E7I17, NHWPDYNKFQQRWFWEWSDPDNDEWVAWTQ, 0.52
9125E8I34, NHWPDYNKFQGRWFWEWSDPDNDEWVAWTQ, 0.55
9125E9I35, NHWPDYNKLQGRWFWEWSDPDNDEWVAWTQ, 0.57
9125E10I43, NHWPDYNKLQGRWFWEWSDPDIDEWVAWTQ, 0.61
9125E11I48, NHWPDYNKLQGRWFWEWSDPDFDEWVAWTQ, 0.62
9125E12I55, NHWPDYNHLQGRWFWEWSDPDFDEWVAWTQ, 0.64
9125E13I56, NHWPDYNHLQGRWFWEWSDPHFDEWVAWTQ, 0.65
9125E14I62, NHWPDYNHLQGRWFWEWSDPHFDEPVAWTQ, 0.66
9125E15I65, NHWPDYQHLQGRWFWEWSDPHFDEPVAWTQ, 0.7
9125E16I68, NHWPDYQHLQGRWFWEWSDPHFDEFVAWTQ, 0.74
9125E17I74, NHWADYQHLQGRWFWEWSDPHFDEFVAWTQ, 0.75
9125E18I100, NHWAAYQHLQGRWFWEWSDPHFDEFVAWTQ, 0.8
9125E19I105, NHWAAYQHLQGRWFWEWFDPHFDEFVAWTQ, 0.82
9125E20I109, NHWAAYQHLQGRWFWEWFDPHFDEFPAWTQ, 0.83
9125E21I146, LHWAAYQHLQGRWFWEWFDPHFDEFPAWTQ, 0.84
9125E22I196, LHWAAWQHLQGRWFWEWFDPHFDEFPAWTQ, 0.91
9125E23I202, LHWAAWQHLFGRWFWEWFDPHFDEFPAWTQ, 0.92
9125E24I249, LHWAAWQHLFVRWFWEWFDPHFDEFPAWTQ, 0.93
9125E25I262, THWAAWQHLFVRWFWEWFDPHFDEFPAWTQ, 0.95
9125E26I281, THWAAWQHLFVRWFWEWFDPHFDEFPAWSQ, 0.96
9125E27I362, THWAAWQHLFVRWFWEWFDPHFDEWPAWSQ, 0.97
