8373E0I0, VLETDDPESWTPPYRDPGYKPKQWEEKSNW, 0.48
8373E1I6, VLETDDPESWTTPYRDPGYKPKQWEEKSNW, 0.49
8373E2I10, VLETDDPESWTTPYRDPGYIPKQWEEKSNW, 0.53
8373E3I15, VLETDDPESWTTPYRDPGYIPKNWEEKSNW, 0.55
8373E4I21, VLETDDPESWTTPYRDPGHIPKNWEEKSNW, 0.56
8373E5I29, VLETDDPESWTTPYRDPGHIPKYWEEKSNW, 0.58
8373E6I32, VLETDDPESWTTPYREPGHIPKYWEEKSNW, 0.61
8373E7I33, VLETDDPESWTTPYREPGHIPLYWEEKSNW, 0.63
8373E8I40, VLETDPPESWTTPYREPGHIPLYWEEKSNW, 0.64
8373E9I43, VLHTDPPESWTTPYREPGHIPLYWEEKSNW, 0.67
8373E10I54, VLHTDPPESWTTPYREPGHIILYWEEKSNW, 0.68
8373E11I56, FLHTDPPESWTTPYREPGHIILYWEEKSNW, 0.69
8373E12I94, FLHSDPPESWTTPYREPGHIILYWEEKSNW, 0.71
8373E13I107, FLHSDPPESWTTPYRHPGHIILYWEEKSNW, 0.75
8373E14I144, FLHSDPPESWPTPYRHPGHIILYWEEKSNW, 0.77
8373E15I147, FLHSDPPESWPTPYRHPGHIILYWEEKSPW, 0.8
8373E16I181, FLHSDPPESWPTPYRHPGHIILYWEEISPW, 0.81
8373E17I184, FLHSDPTESWPTPYRHPGHIILYWEEISPW, 0.84
8373E18I186, FLHSDPTESWPTPYRHPGHIILYWEESSPW, 0.85
8373E19I204, FLHSDPTESWPTPYRHPGHIILYWDESSPW, 0.87
8373E20I246, FLHSDPTESWPTPYRHPGHIILYWDESSYW, 0.88
8373E21I267, FLHSDPTESWPTPYRHPGHHILYWDESSYW, 0.9
8373E22I327, FLYSDPTESWPTPYRHPGHHILYWDESSYW, 0.91
