5284E0I0, QINAFKLSNNRSTEFHNGVGVDIVVFVEQQ, 0.36
5284E1I1, QINAFKLSNNRSTEFHNGVGVDIVSFVEQQ, 0.37
5284E2I2, QINAFKLSNNRSTEFHNGVGVAIVSFVEQQ, 0.38
5284E3I3, QINAFKLSNNRSTEFHNGVGVAIVSFVEFQ, 0.45
5284E4I5, QINAFKLSNNRSTYFHNGVGVAIVSFVEFQ, 0.46
5284E5I7, QINAFKLSNNRSTYFHNIVGVAIVSFVEFQ, 0.48
5284E6I9, QINAFKLSNNRSTYFHNIVGVAIVSFVEYQ, 0.52
5284E7I10, QINAFKLSNNRSTYFHNIVGRAIVSFVEYQ, 0.57
5284E8I14, QINAFKLSNNRSTYFHNIVGRAIVSFVTYQ, 0.58
5284E9I16, QINAFKLSNNRSTYFHNIVGRAHVSFVTYQ, 0.62
5284E10I17, QINAFKASNNRSTYFHNIVGRAHVSFVTYQ, 0.64
5284E11I24, QINAFKASNNRSTYFHNIVGRAHVSFVTYR, 0.65
5284E12I27, QINAFKASNNRSTYFHNIVGRAHGSFVTYR, 0.68
5284E13I28, QINAFKASNNRSTYFHNIVGSAHGSFVTYR, 0.7
5284E14I41, QIWAFKASNNRSTYFHNIVGSAHGSFVTYR, 0.72
5284E15I46, QIWAFKASQNRSTYFHNIVGSAHGSFVTYR, 0.79
5284E16I50, QHWAFKASQNRSTYFHNIVGSAHGSFVTYR, 0.84
5284E17I53, QHWAFKASQNRATYFHNIVGSAHGSFVTYR, 0.85
5284E18I68, QHWAFKASQNRATYFHNIVGSAHGSFVTYW, 0.87
5284E19I82, QHWAFKASQNRATYFHNIVGSAHGYFVTYW, 0.89
5284E20I92, QHWAFKASQNRATYFHNIVGSAHGHFVTYW, 0.9
5284E21I160, QHWAFKASQNRAIYFHNIVGSAHGHFVTYW, 0.91
5284E22I171, QHWAFKARQNRAIYFHNIVGSAHGHFVTYW, 0.92
5284E23I204, QHWAFKARQNRAIYFHNIVGHAHGHFVTYW, 0.93
5284E24I219, QHWAFKARQNRAIYFHNIVGHAHGWFVTYW, 0.94
