18112E0I0, LVEYNIKDKTQFAFVALWHVYEDFKYIIGV, 0.42
18112E1I7, LVEYNIKDKTQFAFVALWHVWEDFKYIIGV, 0.47
18112E2I11, LVEYNIKDKTQFAFVAYWHVWEDFKYIIGV, 0.57
18112E3I17, LVEYNIKDWTQFAFVAYWHVWEDFKYIIGV, 0.58
18112E4I20, LVEYNIKDWTAFAFVAYWHVWEDFKYIIGV, 0.64
18112E5I35, LVEYNIVDWTAFAFVAYWHVWEDFKYIIGV, 0.65
18112E6I36, LVEYNIVDWNAFAFVAYWHVWEDFKYIIGV, 0.66
18112E7I37, LVEYNIVDWNAFAFVAYWHVWEDFKYIIPV, 0.67
18112E8I45, LVQYNIVDWNAFAFVAYWHVWEDFKYIIPV, 0.68
18112E9I56, LVQYNIVDWNAFAFVAYWHVWEDFKYIIEV, 0.69
18112E10I71, LVQYNIVDWNAFAFVAYWHVWEDFKYITEV, 0.72
18112E11I86, LVQYNIVTWNAFAFVAYWHVWEDFKYITEV, 0.74
18112E12I94, LVQYNIVTWNAFAFVAYWHVWEDFKWITEV, 0.76
18112E13I101, LVQYNIVTWNAFAFVAYWHVWEDFKWITQV, 0.79
18112E14I154, LVQYNIVTWNAFAFVAYWHVWEDFKWITQY, 0.8
