17235E0I0, SYYHKWPDEGWRGKSYWTEFQEPLQRADLD, 0.44
17235E1I6, SYYHKWPDEGWRGKSYWTEFQEPLQRADLQ, 0.52
17235E2I8, SYYHKWPDEGWRGKSYWWEFQEPLQRADLQ, 0.53
17235E3I12, SYHHKWPDEGWRGKSYWWEFQEPLQRADLQ, 0.55
17235E4I19, SYHHKWPDEGWRGKSYWWEFTEPLQRADLQ, 0.6
17235E5I31, SYHHYWPDEGWRGKSYWWEFTEPLQRADLQ, 0.62
17235E6I32, SYHHYWPDETWRGKSYWWEFTEPLQRADLQ, 0.69
17235E7I37, SYHHYWPDETWRWKSYWWEFTEPLQRADLQ, 0.71
17235E8I39, SYHHYWPDETWRWKSYWWEFTEHLQRADLQ, 0.74
17235E9I45, SYHHYWPDETWRWKSYWSEFTEHLQRADLQ, 0.75
17235E10I49, SYHHYWPSETWRWKSYWSEFTEHLQRADLQ, 0.76
17235E11I87, SYHHYWPSETWRWKSYWSEFTEHLHRADLQ, 0.78
17235E12I102, SYHHYWPSETWRWKSYWSEFTEHWHRADLQ, 0.81
17235E13I124, SYHHYWPSEHWRWKSYWSEFTEHWHRADLQ, 0.83
17235E14I140, SYHHYWPSEHWRWKSYWSEFTPHWHRADLQ, 0.84
17235E15I141, SYHHYWPSEHWRWKSYWSEFTAHWHRADLQ, 0.86
17235E16I218, SYHHYWPSEHWRWYSYWSEFTAHWHRADLQ, 0.88
17235E17I229, SYHHYWPSEHWRWYSYWSEFTAHWHYADLQ, 0.9
