2070E0I0, SNWKKHAIAIFNYQLKIIHAHWLWPHYDHE, 0.41
2070E1I2, SNWKKHAHAIFNYQLKIIHAHWLWPHYDHE, 0.46
2070E2I3, SNWKKHAHAIFNYQLKIIHAHWEWPHYDHE, 0.48
2070E3I4, SNWKKHAHAIFNYQLKIIHAHWEWPHYDWE, 0.55
2070E4I6, SNWKKHAPAIFNYQLKIIHAHWEWPHYDWE, 0.56
2070E5I8, SNWKKHAPAIFNYQWKIIHAHWEWPHYDWE, 0.6
2070E6I21, SNWKKHAPAIFNYQWKIIHAHWEWPHYDLE, 0.61
2070E7I23, SNWKKHAPAIFNYQWKIIHAHWEWGHYDLE, 0.62
2070E8I28, SNWKKHAPAIFWYQWKIIHAHWEWGHYDLE, 0.65
2070E9I41, SNWKKHAPAIFWYQWSIIHAHWEWGHYDLE, 0.68
2070E10I42, SNWKHHAPAIFWYQWSIIHAHWEWGHYDLE, 0.72
2070E11I54, SNWKHHAPAIFWYQWSIIHAHWEWGHYDLQ, 0.75
2070E12I69, SNWKHHAPAIFHYQWSIIHAHWEWGHYDLQ, 0.76
2070E13I84, SNWKHHAPAIFHYQWSIIHAHWEWGHVDLQ, 0.8
2070E14I98, SNWKHHAPAIFHWQWSIIHAHWEWGHVDLQ, 0.81
2070E15I116, SNWKHHAPAIFHWQWSIRHAHWEWGHVDLQ, 0.83
