8993E0I0, INAWFEPSKVAFHYRFAILQHVEVRPGQWW, 0.39
8993E1I3, INAWFEPSKVAFHVRFAILQHVEVRPGQWW, 0.42
8993E2I4, INVWFEPSKVAFHVRFAILQHVEVRPGQWW, 0.43
8993E3I8, INVWFEPSKVAFHVRFAILQHVEVNPGQWW, 0.44
8993E4I11, INVWFEPSKVAFHVRFAILQHVEVNPWQWW, 0.48
8993E5I12, INVWFEPSKVAFHVRFAILQHVEVFPWQWW, 0.5
8993E6I15, INVWAEPSKVAFHVRFAILQHVEVFPWQWW, 0.58
8993E7I18, INVWAEPSKKAFHVRFAILQHVEVFPWQWW, 0.63
8993E8I21, INVWAEPSKKAFHVRFAILQHVEEFPWQWW, 0.64
8993E9I31, IPVWAEPSKKAFHVRFAILQHVEEFPWQWW, 0.69
8993E10I40, IPVWAEPSWKAFHVRFAILQHVEEFPWQWW, 0.7
8993E11I48, IPVWAEPSWHAFHVRFAILQHVEEFPWQWW, 0.71
8993E12I51, IPVWAEFSWHAFHVRFAILQHVEEFPWQWW, 0.72
8993E13I57, IPVWAEFSWHAFHLRFAILQHVEEFPWQWW, 0.73
8993E14I59, IPVWAEFSWHAFHLRFAVLQHVEEFPWQWW, 0.75
8993E15I63, IPVWAEFSWHAFHLRFAVLQHVEEFPWQTW, 0.76
8993E16I71, IPYWAEFSWHAFHLRFAVLQHVEEFPWQTW, 0.79
8993E17I72, IPYWAEFSWHAFHLRFAVLQHVEDFPWQTW, 0.81
8993E18I73, IPYWAEFSWHAFHLRFAVLQHVEDFPWATW, 0.84
8993E19I77, IPYWAEFWWHAFHLRFAVLQHVEDFPWATW, 0.86
8993E20I78, IPYWAEFWWHAFHLRFHVLQHVEDFPWATW, 0.87
8993E21I83, IPYWAEFWWHAFHLRFHVLQHVGDFPWATW, 0.89
8993E22I85, VPYWAEFWWHAFHLRFHVLQHVGDFPWATW, 0.91
8993E23I138, VPYWAEFWWHAFHLRFHVLQHVGDSPWATW, 0.92
8993E24I183, VPYWAEFWWHAFHLRFHVLQHVGDSPWAGW, 0.93
