12007E0I0, DGIFLNRNDHIRRDTQYDDDNFGRNSDWIF, 0.32
12007E1I3, DKIFLNRNDHIRRDTQYDDDNFGRNSDWIF, 0.34
12007E2I4, DKIFLNRNDHIRRDTQYDDDNFGRNSRWIF, 0.37
12007E3I6, DKIFLNRNDHIRRDTQYDDDNFGRHSRWIF, 0.38
12007E4I7, DKIFLFRNDHIRRDTQYDDDNFGRHSRWIF, 0.39
12007E5I12, DKIFLFRNDHIRRDYQYDDDNFGRHSRWIF, 0.4
12007E6I14, DKIFLFRYDHIRRDYQYDDDNFGRHSRWIF, 0.41
12007E7I16, DKIFLFRYDHIRRDYQYDDDRFGRHSRWIF, 0.42
12007E8I17, DKIFLFRYDHIYRDYQYDDDRFGRHSRWIF, 0.43
12007E9I21, DKIFLFRYDHIYRDYQYDDDRFHRHSRWIF, 0.52
12007E10I22, DKIFLFRYDHIYWDYQYDDDRFHRHSRWIF, 0.6
12007E11I23, DKLFLFRYDHIYWDYQYDDDRFHRHSRWIF, 0.62
12007E12I26, DKLFLFRYDHIYWDYQYDDDRFHRHSRWII, 0.66
12007E13I28, DKLFLFRYDHIYWEYQYDDDRFHRHSRWII, 0.67
12007E14I32, DKLFLFRYDHIYWEYQYDDFRFHRHSRWII, 0.68
12007E15I36, DKLFLFRYDGIYWEYQYDDFRFHRHSRWII, 0.69
12007E16I38, DKLFLFRYDGIYWYYQYDDFRFHRHSRWII, 0.7
12007E17I43, DKLFLFRYDGIYWYYQYEDFRFHRHSRWII, 0.73
12007E18I45, DKLFLFRYDGIYWYYQYFDFRFHRHSRWII, 0.74
12007E19I46, DKLFLFRYDGIYWYYQYFDFRFHRHSRWHI, 0.75
12007E20I49, DKLFLFRYDGIYWYYQYFDFRFHRHSWWHI, 0.78
12007E21I50, AKLFLFRYDGIYWYYQYFDFRFHRHSWWHI, 0.83
12007E22I52, AKLFLFRYDGIYWYYFYFDFRFHRHSWWHI, 0.85
12007E23I58, AKLFLFRYDGIYWYYFYFDFRFHRHSWHHI, 0.86
12007E24I59, AKLFLFRYDGIYWYYFLFDFRFHRHSWHHI, 0.88
12007E25I61, VKLFLFRYDGIYWYYFLFDFRFHRHSWHHI, 0.89
12007E26I85, VKLFLFRYDGIYWYYFLFDFRFHRHTWHHI, 0.9
12007E27I88, VKLFLFRYDGIYWYYFDFDFRFHRHTWHHI, 0.92
12007E28I107, VKLFLFRYDGIYWYYFDFDFRFLRHTWHHI, 0.95
12007E29I136, VKLFLFRYDGIYWYYFDFDFRFLRHIWHHI, 0.96
