15768E0I0, IPAVFTEVKYPEWIWTGPDNKKPQLVAHVK, 0.33
15768E1I3, IPAVFTEVKYPEWIPTGPDNKKPQLVAHVK, 0.36
15768E2I6, IPAVFTEVKYPEWIPTGPDNKSPQLVAHVK, 0.41
15768E3I7, IPAVFTEVKYPEWIPTYPDNKSPQLVAHVK, 0.45
15768E4I8, IHAVFTEVKYPEWIPTYPDNKSPQLVAHVK, 0.47
15768E5I10, IHAVFTEVKYPSWIPTYPDNKSPQLVAHVK, 0.49
15768E6I23, IHAVFTEVKYPSWIVTYPDNKSPQLVAHVK, 0.5
15768E7I25, IHAVFPEVKYPSWIVTYPDNKSPQLVAHVK, 0.52
15768E8I28, IHAVFPEVKYPSWIVTYPDEKSPQLVAHVK, 0.53
15768E9I31, IHAHFPEVKYPSWIVTYPDEKSPQLVAHVK, 0.55
15768E10I32, GHAHFPEVKYPSWIVTYPDEKSPQLVAHVK, 0.57
15768E11I33, GHAHFPEVKSPSWIVTYPDEKSPQLVAHVK, 0.61
15768E12I35, GHAHFPEVKSPSWIVTYPDEKSPQLVFHVK, 0.63
15768E13I39, GHAHFPEVKSPSWIVTYPLEKSPQLVFHVK, 0.64
15768E14I52, GHAHPPEVKSPSWIVTYPLEKSPQLVFHVK, 0.65
15768E15I63, GHAHPPEVKSPSWIVTYPLEKSPALVFHVK, 0.66
15768E16I70, GHAHPPEVKSPSWIVTYPLEKSPDLVFHVK, 0.67
15768E17I71, GHAHPPEVKSPSWIVTYPLEKSPDLVFHVD, 0.68
15768E18I86, GHAHPPEVKSPSWIVTYPLEKSPPLVFHVD, 0.69
15768E19I87, GHAHWPEVKSPSWIVTYPLEKSPPLVFHVD, 0.7
15768E20I99, GHAHWPEVKSPSWIVTYPQEKSPPLVFHVD, 0.71
15768E21I111, GHAHWAEVKSPSWIVTYPQEKSPPLVFHVD, 0.75
15768E22I135, GHAHWAEVKSPSWIVTYPQEKSPPLVFHVF, 0.76
15768E23I145, GHAHWAEVKSPSWFVTYPQEKSPPLVFHVF, 0.79
15768E24I152, GHAHWAEVKSPSWFVTYPYEKSPPLVFHVF, 0.8
15768E25I202, GHHHWAEVKSPSWFVTYPYEKSPPLVFHVF, 0.81
15768E26I295, GHHHWAEVKSPSWFVTYPYEKSPPLVFHVG, 0.82
15768E27I318, GHHHWAEVKSPSWFVTYPYEKSPPLVKHVG, 0.83
15768E28I339, GHHHWAEVKSPSWFVTYPYEKSPPLVGHVG, 0.85
15768E29I349, GHHHWAEVKSPSWFVTYPYEKSYPLVGHVG, 0.86
