16711E0I0, FLDTQYAPKSDKLFNHLRSAHAILQQDGYN, 0.39
16711E1I4, FLDTQYAPKSDKLFNHLHSAHAILQQDGYN, 0.41
16711E2I6, FLDTQYAPKSDKLHNHLHSAHAILQQDGYN, 0.47
16711E3I8, FLDTQYAPKSDKLHNWLHSAHAILQQDGYN, 0.51
16711E4I15, FLDTQYAPKSDKLHNWLHTAHAILQQDGYN, 0.57
16711E5I21, FLDRQYAPKSDKLHNWLHTAHAILQQDGYN, 0.59
16711E6I25, FLDRQYAPKSDKLHNWLHTAHAILQQDWYN, 0.61
16711E7I31, FDDRQYAPKSDKLHNWLHTAHAILQQDWYN, 0.63
16711E8I34, FDDRQYAPKSDKLHNWLHTAHNILQQDWYN, 0.66
16711E9I35, FDDRQYAPKSDKHHNWLHTAHNILQQDWYN, 0.68
16711E10I38, FDDRQYAPKSDKHHNWLHTAHNILQEDWYN, 0.71
16711E11I42, FDDRQYAPKSDKHHNWLHTAHNILQEDWYL, 0.72
16711E12I52, FDDRQYAPKSDKHHNWLHTAHNILQEDQYL, 0.74
16711E13I68, FDDRQYAPKSDKHHNWLHTAHNALQEDQYL, 0.75
16711E14I74, FDDRQYAPKSDKHHNYLHTAHNALQEDQYL, 0.77
16711E15I81, FDDRQYAPKSRKHHNYLHTAHNALQEDQYL, 0.81
16711E16I91, SDDRQYAPKSRKHHNYLHTAHNALQEDQYL, 0.83
16711E17I95, SDDRQYADKSRKHHNYLHTAHNALQEDQYL, 0.86
16711E18I103, SDDRQYADRSRKHHNYLHTAHNALQEDQYL, 0.87
16711E19I117, SDVRQYADRSRKHHNYLHTAHNALQEDQYL, 0.89
