17792E0I0, DKTKSSEYDDWKEPEHYFKRRALLTVSRVK, 0.39
17792E1I2, DKTKSAEYDDWKEPEHYFKRRALLTVSRVK, 0.45
17792E2I7, DFTKSAEYDDWKEPEHYFKRRALLTVSRVK, 0.46
17792E3I8, DFTKSAEYDDWKEPEHLFKRRALLTVSRVK, 0.49
17792E4I13, DFTKSAEYDDWKDPEHLFKRRALLTVSRVK, 0.55
17792E5I14, DFTKSAEYDDWKDPEHLFKRRALLTVSRLK, 0.57
17792E6I21, DFTKSAEYDDWKDPEHLFFRRALLTVSRLK, 0.6
17792E7I24, DFTKSAEYDRWKDPEHLFFRRALLTVSRLK, 0.61
17792E8I66, DFTKSAEYDRWKDPEHLFFRRALLTISRLK, 0.62
17792E9I72, DFTKSAEYDRWKDPEHLWFRRALLTISRLK, 0.63
17792E10I79, DFTKSAESDRWKDPEHLWFRRALLTISRLK, 0.65
17792E11I103, DFTKRAESDRWKDPEHLWFRRALLTISRLK, 0.66
17792E12I129, DFTKRAESDRWKDPEHLWFRRALLTISHLK, 0.68
17792E13I130, DFTKRAESDRWKDPEHLWFRRALLLISHLK, 0.69
17792E14I141, DFTKRAESDGWKDPEHLWFRRALLLISHLK, 0.7
17792E15I144, DFTKRAESDGWADPEHLWFRRALLLISHLK, 0.79
17792E16I179, DFTKRAESDRWADPEHLWFRRALLLISHLK, 0.8
17792E17I209, DFTKRAESDRWADPEHLWFRRALLLISHLL, 0.81
17792E18I227, DFTKRAESDLWADPEHLWFRRALLLISHLL, 0.82
17792E19I242, DFTKRAESDLWADPEHLWFRRALLLSSHLL, 0.84
17792E20I271, DFTWRAESDLWADPEHLWFRRALLLSSHLL, 0.85
17792E21I274, DFTWRAESDLWADPWHLWFRRALLLSSHLL, 0.86
17792E22I338, DFTWYAESDLWADPWHLWFRRALLLSSHLL, 0.87
17792E23I366, DFTWYAESHLWADPWHLWFRRALLLSSHLL, 0.89
17792E24I367, DFTWYAESHLWADPWHLWFRWALLLSSHLL, 0.9
17792E25I372, DFTWYAESHLWADPWHLWFRWAYLLSSHLL, 0.91
17792E26I387, DFTWYAESHLWADPWHLWERWAYLLSSHLL, 0.92
17792E27I389, DFTWYAENHLWADPWHLWERWAYLLSSHLL, 0.94
17792E28I417, DETWYAENHLWADPWHLWERWAYLLSSHLL, 0.95
17792E29I418, DETWYAENHLWADPWHLWEWWAYLLSSHLL, 0.96
