1586E0I0, TSNDHVEFQHGKQIAKNKFLSTIAPTRSWV, 0.3
1586E1I1, TLNDHVEFQHGKQIAKNKFLSTIAPTRSWV, 0.35
1586E2I2, TLNDHVEFQHGKQIAKNKFLNTIAPTRSWV, 0.36
1586E3I7, TLNDHVEFQHGKQIAKNWFLNTIAPTRSWV, 0.38
1586E4I11, TLNDHVEFQHAKQIAKNWFLNTIAPTRSWV, 0.43
1586E5I21, TLNDHVLFQHAKQIAKNWFLNTIAPTRSWV, 0.44
1586E6I24, TLNDHVLFQHAKQIAKNWWLNTIAPTRSWV, 0.45
1586E7I27, TLNDHVLFQHWKQIAKNWWLNTIAPTRSWV, 0.48
1586E8I28, TLNDHVLFQHWNQIAKNWWLNTIAPTRSWV, 0.49
1586E9I33, TLNDHVLFQHWNQIAKNWWLNTISPTRSWV, 0.51
1586E10I34, TLNDHVLFQHWNQIAKNWWLNTISPTRSWW, 0.52
1586E11I36, TLNDHVLLQHWNQIAKNWWLNTISPTRSWW, 0.53
1586E12I39, TLNRHVLLQHWNQIAKNWWLNTISPTRSWW, 0.55
1586E13I45, TLNRHVLLQHWNQHAKNWWLNTISPTRSWW, 0.56
1586E14I54, TLNRHVLLQHWAQHAKNWWLNTISPTRSWW, 0.58
1586E15I55, TLNRHVSLQHWAQHAKNWWLNTISPTRSWW, 0.59
1586E16I64, TLNRHVSLQHWAFHAKNWWLNTISPTRSWW, 0.65
1586E17I86, TLNRHVSLQHWAFHAKNWWLNTISPTWSWW, 0.66
1586E18I87, TLNRHVSLQHWAFHAKNWWLNTESPTWSWW, 0.67
1586E19I88, TLNRHVSLQHWAFHAHNWWLNTESPTWSWW, 0.68
1586E20I92, RLNRHVSLQHWAFHAHNWWLNTESPTWSWW, 0.7
1586E21I115, RLNRHVDLQHWAFHAHNWWLNTESPTWSWW, 0.71
1586E22I120, RLNRFVDLQHWAFHAHNWWLNTESPTWSWW, 0.73
1586E23I121, RLNRFVDLQHWAFHRHNWWLNTESPTWSWW, 0.74
1586E24I131, RLNRFVDLQHWAFHRHNFWLNTESPTWSWW, 0.77
1586E25I148, HLNRFVDLQHWAFHRHNFWLNTESPTWSWW, 0.79
1586E26I215, HLNRFVDLQHWAFHRHNFWLNTERPTWSWW, 0.81
1586E27I223, HLNRFVDLQHWAFHRHNFWLNQERPTWSWW, 0.82
1586E28I236, HLNRFVDLQHWAFHRHNFWLNQERPTWSYW, 0.83
1586E29I253, HLNRFVDLQHWAFHRHNFWLNQERPYWSYW, 0.85
1586E30I272, HLNRFVDLQHWAFHLHNFWLNQERPYWSYW, 0.87
1586E31I277, HLNRFVDLQHWAFHLHNFWLNQERYYWSYW, 0.88
1586E32I334, HLNRFVDLQHWAFHLHNFWLNQEIYYWSYW, 0.89
1586E33I427, HLNRFVKLQHWAFHLHNFWLNQEIYYWSYW, 0.9
1586E34I457, HLNRFVKLQHWAFHLHNFWLNQKIYYWSYW, 0.91
1586E35I473, HLNRFVHLQHWAFHLHNFWLNQKIYYWSYW, 0.92
