6799E0I0, NTSKQHFSKSAYYEWPFQVELENKEQAIDR, 0.3
6799E1I2, NTSKQHFSKSAYYEWPFQVELFNKEQAIDR, 0.32
6799E2I4, NTSKQHFSKSAYYEWPFQVESFNKEQAIDR, 0.37
6799E3I5, NISKQHFSKSAYYEWPFQVESFNKEQAIDR, 0.41
6799E4I10, NISKQHFSKSAYYEWPFQVESFNKEQYIDR, 0.42
6799E5I18, NISKQHFSKSARYEWPFQVESFNKEQYIDR, 0.46
6799E6I19, NISKQHFSKSARYEWPFQVESFNKEGYIDR, 0.49
6799E7I21, NISKQHFSKSARYEWPFQVESFNKEGQIDR, 0.51
6799E8I29, NISKFHFSKSARYEWPFQVESFNKEGQIDR, 0.53
6799E9I36, NISKFHFSKSARYEWPYQVESFNKEGQIDR, 0.54
6799E10I37, NISKFHFSKSARYEWPYQVESFNKEIQIDR, 0.55
6799E11I38, NISKGHFSKSARYEWPYQVESFNKEIQIDR, 0.61
6799E12I41, NISKGHFSKSARYEHPYQVESFNKEIQIDR, 0.62
6799E13I51, NISKGHFSKSARYPHPYQVESFNKEIQIDR, 0.64
6799E14I78, NISKGHFSKSARYPHPYQVESFNKEIQEDR, 0.68
6799E15I90, NISKGHFSKSARYPHPYQVESFDKEIQEDR, 0.7
6799E16I122, NISKGHFSKSADYPHPYQVESFDKEIQEDR, 0.71
6799E17I128, NISKGHFSKSADYPHPYQTESFDKEIQEDR, 0.72
6799E18I160, NISKGHFSKLADYPHPYQTESFDKEIQEDR, 0.74
6799E19I184, NISKGHFSKLADYPHPSQTESFDKEIQEDR, 0.75
6799E20I188, NISKGHFSKLADIPHPSQTESFDKEIQEDR, 0.77
6799E21I217, NISKGEFSKLADIPHPSQTESFDKEIQEDR, 0.78
6799E22I224, NISKGEFSKLADIPHPSQTESFDKEVQEDR, 0.79
6799E23I258, NISKGEFSKLADIPHPSDTESFDKEVQEDR, 0.8
6799E24I267, NISKGEFSKLADIPHPSDDESFDKEVQEDR, 0.81
6799E25I292, NISKGEFSKLADIPHPSDDESFDKEVPEDR, 0.82
6799E26I352, NISKGEFSKLADIPHPSDQESFDKEVPEDR, 0.83
