18714E0I0, YWINWEFNYKDQGANWLQRNYRGDETSTAR, 0.39
18714E1I1, YWINWEFNYKDIGANWLQRNYRGDETSTAR, 0.41
18714E2I3, YWINWEFNYKDVGANWLQRNYRGDETSTAR, 0.43
18714E3I6, YWISWEFNYKDVGANWLQRNYRGDETSTAR, 0.49
18714E4I7, YWISWEFNYKDVGADWLQRNYRGDETSTAR, 0.53
18714E5I9, YWISWEFNYKDVGADWLQRNYRGDETFTAR, 0.54
18714E6I10, YWISWEFNYDDVGADWLQRNYRGDETFTAR, 0.56
18714E7I14, YWISWEFNYDDVGADWLNRNYRGDETFTAR, 0.58
18714E8I15, YWISWEFNYDDVGARWLNRNYRGDETFTAR, 0.59
18714E9I23, YWISWEFNYDDVGARWLNRNYRGDETVTAR, 0.6
18714E10I29, YWISWEFNYDDVGARWLNRNYRGDETDTAR, 0.61
18714E11I30, YWISWEFNYDDVGARWLNRNYRGDETDTAW, 0.62
18714E12I31, YWISWEFNYDDVGARWLNRNYRGDEEDTAW, 0.66
18714E13I48, YWISWEFNYDDVGARWLNRSYRGDEEDTAW, 0.67
18714E14I51, YWISWEFNYDIVGARWLNRSYRGDEEDTAW, 0.68
18714E15I52, YWISWEFDYDIVGARWLNRSYRGDEEDTAW, 0.7
18714E16I60, YWISWEFDYDIVPARWLNRSYRGDEEDTAW, 0.71
18714E17I75, YWISWEFDYDIVPARWLNRAYRGDEEDTAW, 0.72
18714E18I128, YWISWEFDYDIVPARWLARAYRGDEEDTAW, 0.76
18714E19I143, YWISWEFDYDIVPARWLARAYRGDEFDTAW, 0.79
18714E20I162, YWISWEFDYDIVPARFLARAYRGDEFDTAW, 0.81
18714E21I168, YWISWEFDYDIVPARFLARAYRGWEFDTAW, 0.82
18714E22I199, YWISWEFDYDIVPARFLAAAYRGWEFDTAW, 0.84
18714E23I208, YWISWEFDYDIVPARFLAAAERGWEFDTAW, 0.85
18714E24I281, YWISWEFDYWIVPARFLAAAERGWEFDTAW, 0.87
18714E25I283, YWISWWFDYWIVPARFLAAAERGWEFDTAW, 0.88
18714E26I306, YWISWWFDYWQVPARFLAAAERGWEFDTAW, 0.89
18714E27I340, YWISWWFDYWQVPARFLAAAERGWEFDTAA, 0.9
