12991E0I0, NRLINVERQGYGVPTDESFGEYFAYTQFHF, 0.45
12991E1I6, NRLINVERQNYGVPTDESFGEYFAYTQFHF, 0.5
12991E2I7, NRLINVERQNYGVPTDGSFGEYFAYTQFHF, 0.51
12991E3I11, NRLINVERQNYGVPTDGSFGEYFAYTQTHF, 0.54
12991E4I17, NRLINVERQNYGVPTPGSFGEYFAYTQTHF, 0.58
12991E5I19, NRLINVERQNYGVPTWGSFGEYFAYTQTHF, 0.59
12991E6I21, NRLINVERQNYGVPTWGSFGEYFAYTETHF, 0.6
12991E7I28, NRLINVERQAYGVPTWGSFGEYFAYTETHF, 0.61
12991E8I30, NRLINVERQAYGWPTWGSFGEYFAYTETHF, 0.62
12991E9I36, NRLSNVERQAYGWPTWGSFGEYFAYTETHF, 0.68
12991E10I58, NRLSNVWRQAYGWPTWGSFGEYFAYTETHF, 0.69
12991E11I63, NRLSNVWRQAYGWPTWGSFGEYFAYSETHF, 0.76
12991E12I90, NRLSQVWRQAYGWPTWGSFGEYFAYSETHF, 0.8
12991E13I100, NRESQVWRQAYGWPTWGSFGEYFAYSETHF, 0.82
12991E14I131, NRESQVWRQAYGWPTWGSFGEYFAYSPTHF, 0.84
12991E15I186, NREIQVWRQAYGWPTWGSFGEYFAYSPTHF, 0.85
12991E16I187, NREIQVWRQAYWWPTWGSFGEYFAYSPTHF, 0.86
12991E17I230, NREIQVWRQAYWWPTWGSFGEYFAYSPTHI, 0.88
12991E18I321, NRNIQVWRQAYWWPTWGSFGEYFAYSPTHI, 0.89
