18933E0I0, PGHYNEHPYRRIEPNPISIQWRIILANVDL, 0.32
18933E1I1, PGHYNEHPYRRIEPNPISILWRIILANVDL, 0.38
18933E2I2, PGHYNEHPYRRIETNPISILWRIILANVDL, 0.4
18933E3I3, PGHYNEHPYRRIETNPISILWRIILANTDL, 0.45
18933E4I5, PGHYNEHPYRRIETNPISILWRIILAITDL, 0.46
18933E5I6, VGHYNEHPYRRIETNPISILWRIILAITDL, 0.47
18933E6I11, VGHPNEHPYRRIETNPISILWRIILAITDL, 0.48
18933E7I12, VGHPNEHPLRRIETNPISILWRIILAITDL, 0.49
18933E8I16, VGHPNEHPLSRIETNPISILWRIILAITDL, 0.51
18933E9I19, VGHPNEHLLSRIETNPISILWRIILAITDL, 0.53
18933E10I20, VGHPNEHLLSRIERNPISILWRIILAITDL, 0.55
18933E11I22, VGHPAEHLLSRIERNPISILWRIILAITDL, 0.58
18933E12I23, VGHPAEHHLSRIERNPISILWRIILAITDL, 0.61
18933E13I27, VGHPAEHHLSRIERNPISILWRIILAIGDL, 0.65
18933E14I33, VGHPAEHHLSRIERNWISILWRIILAIGDL, 0.7
18933E15I35, VGHPAEHHLSRIERNKISILWRIILAIGDL, 0.71
18933E16I37, VGHPAEHHLSRIERNKISILWEIILAIGDL, 0.72
18933E17I42, VGHPAEHHLHRIERNKISILWEIILAIGDL, 0.73
18933E18I44, VGHPAEHHLHRIWRNKISILWEIILAIGDL, 0.74
18933E19I47, VGHPAEHHLERIWRNKISILWEIILAIGDL, 0.75
18933E20I49, VGHPAEHHLERQWRNKISILWEIILAIGDL, 0.76
18933E21I52, VGHPAEHHLERHWRNKISILWEIILAIGDL, 0.79
18933E22I83, VGHPAEHHLERHWRNKISILWESILAIGDL, 0.81
18933E23I117, VGHPAEHHLERHWRNKISILWHSILAIGDL, 0.82
18933E24I138, VGHPARHHLERHWRNKISILWHSILAIGDL, 0.83
18933E25I144, VRHPARHHLERHWRNKISILWHSILAIGDL, 0.85
18933E26I145, VRHPARHHLERHWRLKISILWHSILAIGDL, 0.86
18933E27I147, VHHPARHHLERHWRLKISILWHSILAIGDL, 0.88
18933E28I157, VHHPARHHLERHWRLKISILWHSILADGDL, 0.89
