4165E0I0, EKWDDNWWGRQKPNHEQADWRIDRFGARSK, 0.25
4165E1I1, EKWDSNWWGRQKPNHEQADWRIDRFGARSK, 0.3
4165E2I2, EKWDSNWWGHQKPNHEQADWRIDRFGARSK, 0.33
4165E3I6, EPWDSNWWGHQKPNHEQADWRIDRFGARSK, 0.39
4165E4I7, EPWDSNWWGHQKPNHEQADWRIDRGGARSK, 0.41
4165E5I12, EPWDSNWWGHQKPNTEQADWRIDRGGARSK, 0.47
4165E6I23, EPWDSNYWGHQKPNTEQADWRIDRGGARSK, 0.52
4165E7I25, EPWDSNYWGHQKPNTEQATWRIDRGGARSK, 0.54
4165E8I27, EPWDSNYWGHQKPNTEQATWRIDRGGARSR, 0.55
4165E9I28, EPWDSNYWGHQDPNTEQATWRIDRGGARSR, 0.6
4165E10I34, EPWDSNYWGHQDPNTEKATWRIDRGGARSR, 0.64
4165E11I35, EPWDSNYWGHQDPNTPKATWRIDRGGARSR, 0.68
4165E12I40, EPWDSNYWGHQDPNTPKATWRIDRGPARSR, 0.69
4165E13I52, EPWYSNYWGHQDPNTPKATWRIDRGPARSR, 0.7
4165E14I64, EPWYQNYWGHQDPNTPKATWRIDRGPARSR, 0.73
4165E15I82, EPWYQNYWGHADPNTPKATWRIDRGPARSR, 0.74
4165E16I83, EPWYQNYWPHADPNTPKATWRIDRGPARSR, 0.75
4165E17I84, EPWYQNYWPHADPNTPGATWRIDRGPARSR, 0.76
4165E18I94, EPWYQNYWPHADPNTPGATWPIDRGPARSR, 0.77
4165E19I101, EPWYQNYWPHADPNTPGATWPIDRGPARST, 0.79
4165E20I117, EPWYQNYWPHADPNTHGATWPIDRGPARST, 0.8
4165E21I143, EPWYQNYWPHADPNTHGATWPIDRGPAAST, 0.83
4165E22I156, EPWYQNYWPHADPNTHGATWPIARGPAAST, 0.85
4165E23I160, EPWYQNYWPHADPNTHGATWPIARGPAAET, 0.87
4165E24I167, EPWYQNYWPHADPNTHGATWPIARGPAAEE, 0.88
4165E25I208, EPWYQNYWPHADPNTHGATWPIARGHAAEE, 0.89
4165E26I249, EWWYQNYWPHADPNTHGATWPIARGHAAEE, 0.9
4165E27I311, SWWYQNYWPHADPNTHGATWPIARGHAAEE, 0.91
