19581E0I0, FFYGIFEAQLTVKFGLQQSDWQLRFNEGSV, 0.19
19581E1I1, FFYGIFEAQLTVKFGLQQSDWNLRFNEGSV, 0.21
19581E2I2, FFYGILEAQLTVKFGLQQSDWNLRFNEGSV, 0.27
19581E3I3, FFYGILEAQLTVKFGWQQSDWNLRFNEGSV, 0.28
19581E4I4, FFYGILKAQLTVKFGWQQSDWNLRFNEGSV, 0.32
19581E5I5, FFYGILKAQLTWKFGWQQSDWNLRFNEGSV, 0.33
19581E6I6, FFYGILKAQLTWKFGWQQSDWNLRFREGSV, 0.38
19581E7I15, FHYGILKAQLTWKFGWQQSDWNLRFREGSV, 0.42
19581E8I19, FHYGILKAQFTWKFGWQQSDWNLRFREGSV, 0.44
19581E9I22, FHYGILKAKFTWKFGWQQSDWNLRFREGSV, 0.5
19581E10I34, FHYGILKAKFTWKFGWQQSDWNLRFAEGSV, 0.51
19581E11I41, FHYGILKAKFTWKFGWQSSDWNLRFAEGSV, 0.55
19581E12I44, FHYLILKAKFTWKFGWQSSDWNLRFAEGSV, 0.56
19581E13I64, FHYLIYKAKFTWKFGWQSSDWNLRFAEGSV, 0.58
19581E14I76, FHYLIYKAKFTWKFGWQSSDWNLRFAEGSE, 0.59
19581E15I82, FHYLIYKAKFTWKFGWLSSDWNLRFAEGSE, 0.6
19581E16I84, FHYLIYKALFTWKFGWLSSDWNLRFAEGSE, 0.62
19581E17I106, FHYLIYKALFTWKFGWLSSDQNLRFAEGSE, 0.64
19581E18I114, FHYLIYKALFKWKFGWLSSDQNLRFAEGSE, 0.67
19581E19I118, FHYLIYKALFKWKFGWLSSDQNLRFAFGSE, 0.72
19581E20I137, FHYLIYKALFKWKFGWLSSDQNLAFAFGSE, 0.74
19581E21I146, FHYLIYKALFKWAFGWLSSDQNLAFAFGSE, 0.76
19581E22I154, FHYLIYKAEFKWAFGWLSSDQNLAFAFGSE, 0.79
19581E23I171, FHYLIYKAEFKWAFGWLSDDQNLAFAFGSE, 0.8
19581E24I193, FHYLIYKAEFKWAFGWLSDDPNLAFAFGSE, 0.81
19581E25I202, FHYLIYKAEFKWAFGWLSDDPNLAFAPGSE, 0.82
19581E26I222, FHYLIYKAEFKWAFHWLSDDPNLAFAPGSE, 0.83
19581E27I243, FHYLIYKAEFKWAFHWLSDDPNLAFAFGSE, 0.84
19581E28I282, FHYLIYKAEFKWAFHWLSDDENLAFAFGSE, 0.86
