1380E0I0, HWLSQSKYQVQQYPNPDSLLNTWDNKYIVS, 0.37
1380E1I4, HWLSQSKYQVSQYPNPDSLLNTWDNKYIVS, 0.42
1380E2I7, HWLSQSKYQVSQYPNPDSLLNTHDNKYIVS, 0.44
1380E3I9, HWLSQSKYQVSYYPNPDSLLNTHDNKYIVS, 0.45
1380E4I11, HWLSQSKYQVSYPPNPDSLLNTHDNKYIVS, 0.46
1380E5I26, HWVSQSKYQVSYPPNPDSLLNTHDNKYIVS, 0.48
1380E6I27, HWVSQSKYQVSYPPNPDSLLNTHDNKWIVS, 0.49
1380E7I28, HWVSQSKYQVSYPPNPDSLLNTHDFKWIVS, 0.54
1380E8I37, HWVSQSKYKVSYPPNPDSLLNTHDFKWIVS, 0.55
1380E9I38, HWVSQSKYKVSYPPNPDSYLNTHDFKWIVS, 0.58
1380E10I51, HWVSQSKYKVSYPPNPDEYLNTHDFKWIVS, 0.59
1380E11I53, HWVSQSKSKVSYPPNPDEYLNTHDFKWIVS, 0.62
1380E12I74, HWVSKSKSKVSYPPNPDEYLNTHDFKWIVS, 0.65
1380E13I84, HWVSKSKSKVSYPPNPDEYLNTHAFKWIVS, 0.66
1380E14I86, HWVSKSKSKVWYPPNPDEYLNTHAFKWIVS, 0.68
1380E15I94, HWVSKSKSKVWYPPNPDEYENTHAFKWIVS, 0.76
1380E16I98, HWVSKSKSKVWYPPNPDEPENTHAFKWIVS, 0.77
1380E17I106, HWVSKSKSKVWYPPNPAEPENTHAFKWIVS, 0.79
1380E18I107, HWVSKSKSKVWYPPNWAEPENTHAFKWIVS, 0.81
1380E19I122, HWVSKSKSKVWYPPNWADPENTHAFKWIVS, 0.83
1380E20I125, HWVSKSKSKVWHPPNWADPENTHAFKWIVS, 0.84
1380E21I147, HWVSKSKSKVWHPPNWADPENTHAFWWIVS, 0.85
1380E22I166, HWVSKSKSKVWHPPNWADPENTHAFWSIVS, 0.86
1380E23I253, HWVSKSKSKVPHPPNWADPENTHAFWSIVS, 0.88
1380E24I254, HWVSKSKSKVPHPPNWADPENTHRFWSIVS, 0.89
1380E25I346, HWVSKSKSKVPHPPNWADPENTHRPWSIVS, 0.9
1380E26I384, HWVSKSKSKVPHPPNWADPEHTHRPWSIVS, 0.91
1380E27I424, HWVSKSKSKVPHPPNWADPEHTHRPKSIVS, 0.92
