15783E0I0, AIWLWTEFNTEDTDLHGIYGVQFGILKHNE, 0.35
15783E1I2, AIWLWTEFNTEDTELHGIYGVQFGILKHNE, 0.36
15783E2I3, AIWLWTEFNTEDTELHGIYGVQFWILKHNE, 0.39
15783E3I6, AIWLWTEFNTEDTELHGPYGVQFWILKHNE, 0.42
15783E4I7, AIWLWTEFWTEDTELHGPYGVQFWILKHNE, 0.46
15783E5I8, AIWLWTYFWTEDTELHGPYGVQFWILKHNE, 0.47
15783E6I12, AIWLWTYFWTEDTELHGPYGVRFWILKHNE, 0.48
15783E7I20, AIWLWTYFPTEDTELHGPYGVRFWILKHNE, 0.49
15783E8I21, AIWLWTYFKTEDTELHGPYGVRFWILKHNE, 0.5
15783E9I22, AIWLWTYFKTEDTELHGPYGVRFSILKHNE, 0.53
15783E10I23, AIWLWTYFKTEDTELHGPYGVFFSILKHNE, 0.55
15783E11I29, AIWLWTYFKTEDTELHGPYGVFFSILAHNE, 0.6
15783E12I37, AIWLWTYFKTADTELHGPYGVFFSILAHNE, 0.62
15783E13I38, AIWLWTYFKTADTELHGPYGVFFSIFAHNE, 0.63
15783E14I44, AIWLWTYFKTADTELHGPYGVFFSIFAHNK, 0.64
15783E15I46, AIWLWTYFKTAVTELHGPYGVFFSIFAHNK, 0.66
15783E16I51, AIWIWTYFKTAVTELHGPYGVFFSIFAHNK, 0.67
15783E17I56, AIWIWTYFKTAVTELHGPYGVFFSIFAHNW, 0.69
15783E18I63, AIWILTYFKTAVTELHGPYGVFFSIFAHNW, 0.72
15783E19I98, AIWILTYFKTAVTELHGIYGVFFSIFAHNW, 0.73
15783E20I128, AIWVLTYFKTAVTELHGIYGVFFSIFAHNW, 0.75
15783E21I146, AIWALTYFKTAVTELHGIYGVFFSIFAHNW, 0.79
