17547E0I0, RIVRIRILNPWNKWGFSQYTKIPHYFWGHL, 0.39
17547E1I1, RIVRIRILNPHNKWGFSQYTKIPHYFWGHL, 0.41
17547E2I3, RIVRIRILNPHNKWGGSQYTKIPHYFWGHL, 0.45
17547E3I9, RIVRILILNPHNKWGGSQYTKIPHYFWGHL, 0.5
17547E4I13, RIVRILILNPHNKWGGSQYTKIQHYFWGHL, 0.51
17547E5I14, RRVRILILNPHNKWGGSQYTKIQHYFWGHL, 0.52
17547E6I17, RRVRILILNPHNKWGGSQYTKIQHYHWGHL, 0.53
17547E7I22, RRVRILILNPHNKWGHSQYTKIQHYHWGHL, 0.55
17547E8I24, RRVRILILRPHNKWGHSQYTKIQHYHWGHL, 0.63
17547E9I27, RRVGILILRPHNKWGHSQYTKIQHYHWGHL, 0.67
17547E10I34, RRVGILILRPHNKWGHSQQTKIQHYHWGHL, 0.69
17547E11I46, RRVGILILAPHNKWGHSQQTKIQHYHWGHL, 0.71
17547E12I49, WRVGILILAPHNKWGHSQQTKIQHYHWGHL, 0.72
17547E13I50, WRVWILILAPHNKWGHSQQTKIQHYHWGHL, 0.73
17547E14I51, WRVWILILAPHNIWGHSQQTKIQHYHWGHL, 0.75
17547E15I76, WRVWILILAPHNIWGHSQDTKIQHYHWGHL, 0.79
17547E16I83, WRPWILILAPHNIWGHSQDTKIQHYHWGHL, 0.83
17547E17I137, WRPWILILAPHNIWGHHQDTKIQHYHWGHL, 0.84
17547E18I140, WRPWILILAPHNIWGHHQETKIQHYHWGHL, 0.85
17547E19I168, WRPWILILAPHNIWGHHPETKIQHYHWGHL, 0.87
17547E20I237, WRPWILILAPHNIWGHHPETAIQHYHWGHL, 0.88
17547E21I254, WRPWILILAPHNWWGHHPETAIQHYHWGHL, 0.9
17547E22I293, WRPWILILAFHNWWGHHPETAIQHYHWGHL, 0.93
17547E23I356, WRPWILILAFHNWWGHHPETAIQHGHWGHL, 0.94
17547E24I399, WRPWILILAFHNWWGHHPETAIQHNHWGHL, 0.96
