18853E0I0, HHYYTKKRFYVVRWHVISQHSASVFTVSRR, 0.32
18853E1I3, HHYYTKKRFYVVRWHVISHHSASVFTVSRR, 0.33
18853E2I6, HHYYTKKRFYVHRWHVISHHSASVFTVSRR, 0.35
18853E3I8, HHYYTKKRFYVHRWHVISHHSASWFTVSRR, 0.37
18853E4I12, HHYYTKKRFYRHRWHVISHHSASWFTVSRR, 0.41
18853E5I14, HHYYTKKRFYRHRWHVISHHSWSWFTVSRR, 0.42
18853E6I15, HHYYTKKRFYRHRWHVISGHSWSWFTVSRR, 0.46
18853E7I17, HHYYTKKRFYRHRWHVISGHSWSWFTRSRR, 0.51
18853E8I35, HHYYTKKRFYRHRWHVISGHSWSWATRSRR, 0.56
18853E9I38, HHYYTKKRFYRHRWHVHSGHSWSWATRSRR, 0.62
18853E10I46, HHYYWKKRFYRHRWHVHSGHSWSWATRSRR, 0.73
18853E11I57, HHYYWKKRFYRHRWHVWSGHSWSWATRSRR, 0.75
18853E12I67, HHYYWKKRFYRHRWHVWSGHWWSWATRSRR, 0.76
18853E13I70, HHYYWKHRFYRHRWHVWSGHWWSWATRSRR, 0.79
18853E14I71, HHYYWKFRFYRHRWHVWSGHWWSWATRSRR, 0.84
18853E15I75, HHYYWKFRFYRHRWHVWSGHWWSWATRLRR, 0.85
18853E16I76, HHSYWKFRFYRHRWHVWSGHWWSWATRLRR, 0.86
18853E17I93, HHSYWHFRFYRHRWHVWSGHWWSWATRLRR, 0.87
18853E18I94, HHSYWHFRFYRHQWHVWSGHWWSWATRLRR, 0.88
18853E19I143, HHSYWHHRFYRHQWHVWSGHWWSWATRLRR, 0.9
18853E20I185, HHSYWHHRFYRYQWHVWSGHWWSWATRLRR, 0.91
18853E21I232, HHSYWHHRFYRYQWHVWVGHWWSWATRLRR, 0.93
