6389E0I0, QAKLIYFEWVHGPYFVHEFAFHVFWFNYPI, 0.42
6389E1I4, QAKLIYFEWVHGPYFVHEFAFHEFWFNYPI, 0.44
6389E2I6, QAKLIYFEWWHGPYFVHEFAFHEFWFNYPI, 0.46
6389E3I7, QAKLIYQEWWHGPYFVHEFAFHEFWFNYPI, 0.67
6389E4I9, QAKLIYQEWWHGPGFVHEFAFHEFWFNYPI, 0.68
6389E5I11, QAKLTYQEWWHGPGFVHEFAFHEFWFNYPI, 0.73
6389E6I14, QAKLTYQEWAHGPGFVHEFAFHEFWFNYPI, 0.74
6389E7I18, QAKLTYQEWAHTPGFVHEFAFHEFWFNYPI, 0.75
6389E8I51, QAKLTYQEWAHTPGFVHEFAFHEFWWNYPI, 0.77
6389E9I77, QAKLTYQEWAHTPGFVHEFAFHEFWWNYPT, 0.79
6389E10I84, QAKLTYQEWAHTPGFVHEFAFHEFWWNYPL, 0.8
6389E11I86, QAKLTYQEWAHTPGFVHEFAFHEFWWWYPL, 0.81
6389E12I100, QAKLTYQEWAPTPGFVHEFAFHEFWWWYPL, 0.82
6389E13I124, QAKLTYQEWAPTPGFVHEFAFHEHWWWYPL, 0.83
6389E14I142, QAKLTYQEWAPTYGFVHEFAFHEHWWWYPL, 0.86
6389E15I151, QAKLTYQEWSPTYGFVHEFAFHEHWWWYPL, 0.87
6389E16I183, QAKLTYQEWSPTYGFVHEFAFHWHWWWYPL, 0.88
