14099E0I0, DAEQSFWRSFVNRKKVEQYEIWSRNVHGVH, 0.25
14099E1I1, DAEQSFKRSFVNRKKVEQYEIWSRNVHGVH, 0.27
14099E2I2, DAEQSFKRSFVNRKKAEQYEIWSRNVHGVH, 0.34
14099E3I5, DAEQSFKRSFVNRKKAEQYEEWSRNVHGVH, 0.36
14099E4I6, GAEQSFKRSFVNRKKAEQYEEWSRNVHGVH, 0.37
14099E5I8, GAEQSFKRSFVNRKKAEQYEEWSRNVHDVH, 0.39
14099E6I15, GAEYSFKRSFVNRKKAEQYEEWSRNVHDVH, 0.41
14099E7I16, GAEYSFKRSFVNRKKAEQYEEWSRNVHDVV, 0.43
14099E8I18, GAEYDFKRSFVNRKKAEQYEEWSRNVHDVV, 0.45
14099E9I22, GAEYDFKASFVNRKKAEQYEEWSRNVHDVV, 0.49
14099E10I24, FAEYDFKASFVNRKKAEQYEEWSRNVHDVV, 0.51
14099E11I38, FAEYDFKASFVNRKKAEQYEEWSRHVHDVV, 0.57
14099E12I41, FAEYDFKASFVNRKKAPQYEEWSRHVHDVV, 0.66
14099E13I50, FAEYDFKASFVNRKKAPQYEEWARHVHDVV, 0.68
14099E14I53, FAEYDFKASFVNRKKADQYEEWARHVHDVV, 0.69
14099E15I56, FAEYDFKASFVNRKKADQYEEWPRHVHDVV, 0.71
14099E16I114, KAEYDFKASFVNRKKADQYEEWPRHVHDVV, 0.72
14099E17I131, KAEYDFKASFVNRKKADRYEEWPRHVHDVV, 0.75
14099E18I150, KAEYDFKASFVNRKKADRYEYWPRHVHDVV, 0.76
14099E19I168, KAEYDFKASFVNRKKADRYWYWPRHVHDVV, 0.8
14099E20I176, KAEYDFKASWVNRKKADRYWYWPRHVHDVV, 0.81
14099E21I190, KAEYDFKASWVNRKKADRYWYWPTHVHDVV, 0.82
14099E22I206, KAEYDFKAWWVNRKKADRYWYWPTHVHDVV, 0.83
14099E23I211, KAEYDFKAWWVNRKKADRYWYWPTHVHDVR, 0.87
14099E24I235, KAWYDFKAWWVNRKKADRYWYWPTHVHDVR, 0.89
14099E25I323, KAWYDFKAWWVNRKKADRYWEWPTHVHDVR, 0.9
14099E26I355, KAWYDFKAWEVNRKKADRYWEWPTHVHDVR, 0.93
