6404E0I0, FSEKLPIGHSHSGGVIDGPYDAYGNEPRVV, 0.32
6404E1I1, FSEKLPIGHSHSGGVIDGPEDAYGNEPRVV, 0.35
6404E2I3, FSEKLWIGHSHSGGVIDGPEDAYGNEPRVV, 0.38
6404E3I5, FSEKLWIGHNHSGGVIDGPEDAYGNEPRVV, 0.4
6404E4I7, FSEKLWIGHNHSGGVTDGPEDAYGNEPRVV, 0.43
6404E5I11, FSEKSWIGHNHSGGVTDGPEDAYGNEPRVV, 0.46
6404E6I14, FSEKSWIGHNHSGGVTDGPEDAYGNLPRVV, 0.5
6404E7I24, FSEKSWIGHNHSGGVTGGPEDAYGNLPRVV, 0.53
6404E8I28, FSEKSWIGHNHSGGVTGGPEDAFGNLPRVV, 0.54
6404E9I29, FSEKSWIGHNHSGIVTGGPEDAFGNLPRVV, 0.59
6404E10I32, FSEKSWIGHNHAGIVTGGPEDAFGNLPRVV, 0.6
6404E11I37, FSEKSWIGHNHAGIVTGGPEDAFGHLPRVV, 0.64
6404E12I44, FSEKSWTGHNHAGIVTGGPEDAFGHLPRVV, 0.67
6404E13I48, FSEKSWTGHNHAGIVTGGPEDAFGHLPRVK, 0.7
6404E14I49, FSEKSWTGHNHAGIVTGAPEDAFGHLPRVK, 0.72
6404E15I52, FSEKSWAGHNHAGIVTGAPEDAFGHLPRVK, 0.73
6404E16I79, FSEKSWAGHNHWGIVTGAPEDAFGHLPRVK, 0.75
6404E17I82, FSEKSWAGHNHWGIVTGYPEDAFGHLPRVK, 0.76
6404E18I95, FSEKSWAGHNHWGIVTGYPEIAFGHLPRVK, 0.77
6404E19I117, FSEKSWAGHNHWGIVTGYPEIAFGHLLRVK, 0.79
6404E20I140, ASEKSWAGHNHWGIVTGYPEIAFGHLLRVK, 0.8
6404E21I160, ASEKSWAGHNHWQIVTGYPEIAFGHLLRVK, 0.81
6404E22I171, ASEKSWAGHNHWQIVTEYPEIAFGHLLRVK, 0.83
6404E23I174, ASQKSWAGHNHWQIVTEYPEIAFGHLLRVK, 0.84
6404E24I208, ASQKSWAGHNHWQIVTFYPEIAFGHLLRVK, 0.86
6404E25I213, RSQKSWAGHNHWQIVTFYPEIAFGHLLRVK, 0.89
6404E26I219, RSQESWAGHNHWQIVTFYPEIAFGHLLRVK, 0.92
6404E27I246, RSQESWAGHNHLQIVTFYPEIAFGHLLRVK, 0.93
