11678E0I0, DSWWWAFRLLGQYADQHFIVGWTHEDGWPL, 0.57
11678E1I2, DSWWWAFRLLGQYADRHFIVGWTHEDGWPL, 0.6
11678E2I15, DSWWWADRLLGQYADRHFIVGWTHEDGWPL, 0.62
11678E3I17, DSWWWADRLLGDYADRHFIVGWTHEDGWPL, 0.63
11678E4I26, DSWWWADRLQGDYADRHFIVGWTHEDGWPL, 0.69
11678E5I29, DSWWWADRLQGDYADRHWIVGWTHEDGWPL, 0.72
11678E6I42, DSWWWADRLQGDYADRHWIVGWTAEDGWPL, 0.75
11678E7I46, DSYWWADRLQGDYADRHWIVGWTAEDGWPL, 0.76
11678E8I51, DSYWWADRLQGAYADRHWIVGWTAEDGWPL, 0.77
11678E9I56, DFYWWADRLQGAYADRHWIVGWTAEDGWPL, 0.79
11678E10I57, DFYWWADRLRGAYADRHWIVGWTAEDGWPL, 0.8
11678E11I74, DFYWRADRLRGAYADRHWIVGWTAEDGWPL, 0.81
11678E12I80, DFYWRADRLRGAYADRHWIVGWTAEDGWYL, 0.82
11678E13I147, DFYWRADRLRGAYADRHWIVGWTAEDRWYL, 0.83
11678E14I174, DFYWRADRNRGAYADRHWIVGWTAEDRWYL, 0.85
11678E15I176, DFYWRADRNRGAYADRHWIVGWTAEDRWYP, 0.86
11678E16I201, DFYWRADRNRGAYADRHWIVGWAAEDRWYP, 0.88
11678E17I208, DFYWHADRNRGAYADRHWIVGWAAEDRWYP, 0.89
11678E18I228, DFYWHADRNRGAYADRHWIVGWAAEDRHYP, 0.9
11678E19I236, DFYWHADRNRGAYADRHWIVHWAAEDRHYP, 0.92
11678E20I293, DFYWHADRNRGAHADRHWIVHWAAEDRHYP, 0.93
11678E21I333, DFYWHADRNRGAHADRHWIRHWAAEDRHYP, 0.95
11678E22I365, DFYWHADRNRGAHADRHWIRHWAAEDRAYP, 0.96
