9092E0I0, ITQRTPQPSSNRQVRREWAGFKQTYYGDTK, 0.47
9092E1I1, ITQRTPQPSSNRHVRREWAGFKQTYYGDTK, 0.49
9092E2I3, ITQRTWQPSSNRHVRREWAGFKQTYYGDTK, 0.52
9092E3I6, ITQRTWQPSHNRHVRREWAGFKQTYYGDTK, 0.54
9092E4I14, ITQRTWQPSHNRHVRRHWAGFKQTYYGDTK, 0.58
9092E5I15, ITQRTWQPSHNRHVRRHWAWFKQTYYGDTK, 0.59
9092E6I19, ITQRTWQWSHNRHVRRHWAWFKQTYYGDTK, 0.65
9092E7I31, ITQRTWQWSHNRHVLRHWAWFKQTYYGDTK, 0.66
9092E8I33, ITQRTWQWSHNRHVLRHWAWFKQTYWGDTK, 0.67
9092E9I35, ITQRTWQWSPNRHVLRHWAWFKQTYWGDTK, 0.69
9092E10I37, ITQRTWQWSPNRHVLRHWAWFKWTYWGDTK, 0.72
9092E11I38, ITQRTWQWRPNRHVLRHWAWFKWTYWGDTK, 0.73
9092E12I45, ITQRRWQWRPNRHVLRHWAWFKWTYWGDTK, 0.77
9092E13I47, ITPRRWQWRPNRHVLRHWAWFKWTYWGDTK, 0.78
9092E14I50, DTPRRWQWRPNRHVLRHWAWFKWTYWGDTK, 0.79
9092E15I64, DTPRRWQWRPNRHVWRHWAWFKWTYWGDTK, 0.8
9092E16I75, DTPRRWQWRPNRHVWRHWAWFKWTYWFDTK, 0.81
9092E17I85, DTPRAWQWRPNRHVWRHWAWFKWTYWFDTK, 0.84
9092E18I86, DTPRAWQWRENRHVWRHWAWFKWTYWFDTK, 0.86
9092E19I89, DTPRAWQWRENRHVWYHWAWFKWTYWFDTK, 0.87
9092E20I102, PTPRAWQWRENRHVWYHWAWFKWTYWFDTK, 0.88
9092E21I177, PTPRAWQWRENRHVWYHWAWFKWTYWFDTY, 0.89
9092E22I241, PTPRAWQWRENRHVWYHWAWFKWTYWSDTY, 0.9
9092E23I247, PRPRAWQWRENRHVWYHWAWFKWTYWSDTY, 0.91
9092E24I250, PRPRAWQWRENRHPWYHWAWFKWTYWSDTY, 0.92
9092E25I301, PRPRAWQWRENRHPWYHWAWFYWTYWSDTY, 0.93
