5723E0I0, SWFTPVRLKINHAHLEKEFAQFADFALDGN, 0.41
5723E1I5, SWFTPVRLKINHAHLEKEFAQFADFAGDGN, 0.49
5723E2I6, SWFTPLRLKINHAHLEKEFAQFADFAGDGN, 0.5
5723E3I7, SWFTPLRLQINHAHLEKEFAQFADFAGDGN, 0.53
5723E4I8, SWFTPLRLQINHAHLEKEFAQFADFAGDGD, 0.57
5723E5I11, SWGTPLRLQINHAHLEKEFAQFADFAGDGD, 0.58
5723E6I17, SWGTPLHLQINHAHLEKEFAQFADFAGDGD, 0.61
5723E7I19, SWGTPLHLQINHAHLEKEFAQFADFKGDGD, 0.62
5723E8I20, SWGTPLHLQINHAHLETEFAQFADFKGDGD, 0.68
5723E9I23, SWGTPLHLQIFHAHLETEFAQFADFKGDGD, 0.71
5723E10I48, SWGHPLHLQIFHAHLETEFAQFADFKGDGD, 0.73
5723E11I52, SWGHPLHLQIFHAHLETEFAQFAIFKGDGD, 0.74
5723E12I54, SWGHPLHLQILHAHLETEFAQFAIFKGDGD, 0.76
5723E13I94, SWGHPLHLQILHAHLETAFAQFAIFKGDGD, 0.78
5723E14I97, SWGHPLHLQILHAHLETAFAQFHIFKGDGD, 0.79
5723E15I105, SWGHPLHLQILHAHLETAFAQFWIFKGDGD, 0.8
5723E16I114, SWGHPLHLQIHHAHLETAFAQFWIFKGDGD, 0.81
5723E17I122, SWGHPLHLQIHHAHLETAFAQNWIFKGDGD, 0.82
5723E18I130, SWGHPLHLQIHHAHLETAFAQNWIVKGDGD, 0.85
5723E19I132, SWGHPLHLQIHHIHLETAFAQNWIVKGDGD, 0.86
5723E20I149, SWGHPLHLQIHHIHLQTAFAQNWIVKGDGD, 0.87
5723E21I220, SWRHPLHLQIHHIHLQTAFAQNWIVKGDGD, 0.88
5723E22I229, SWRHPLHLQIHHIHLQWAFAQNWIVKGDGD, 0.9
5723E23I261, SWRHPLHLQIHHIHLQWAFAQNWVVKGDGD, 0.91
5723E24I267, SWRHPLHLQIHHIHLTWAFAQNWVVKGDGD, 0.92
5723E25I289, YWRHPLHLQIHHIHLTWAFAQNWVVKGDGD, 0.93
