15393E0I0, HYYIDEVDRGALYIQKRFNYQLYNEDDRHT, 0.37
15393E1I3, HYYIDEVDRGALYIQKRFNYQNYNEDDRHT, 0.43
15393E2I4, HYYIDEVDRGALYIQKRFNYQNYNEDTRHT, 0.44
15393E3I6, HYYIDEVDRGALYIQKRFNYHNYNEDTRHT, 0.47
15393E4I8, HYYIDEVDRGALQIQKRFNYHNYNEDTRHT, 0.52
15393E5I12, HYYIDEVDRGALQIQKRFNYHNYREDTRHT, 0.54
15393E6I14, HYYIDEVDRGALQIQKRFNYHNYRNDTRHT, 0.58
15393E7I20, HYYIDEVDRGALQIQIRFNYHNYRNDTRHT, 0.6
15393E8I22, HYYIDEVDRGALQIQIRFNYHNYQNDTRHT, 0.62
15393E9I24, HYYIDEVDRGALQIQIRFNYHNYQNDRRHT, 0.65
15393E10I27, HYYIDEVDRGAYQIQIRFNYHNYQNDRRHT, 0.68
15393E11I31, HYYSDEVDRGAYQIQIRFNYHNYQNDRRHT, 0.7
15393E12I33, HYYSDEVDRGAAQIQIRFNYHNYQNDRRHT, 0.71
15393E13I39, HYHSDEVDRGAAQIQIRFNYHNYQNDRRHT, 0.72
15393E14I40, HYHSDEVDRGAAQIQIRFNYHNYQNRRRHT, 0.74
15393E15I43, HYHSDEVDRGAAQIQIRFNYHNYQNRRRLT, 0.75
15393E16I45, HYHSDEVDRGAAQIQIRFNYHNYQNRRFLT, 0.79
15393E17I63, HTHSDEVDRGAAQIQIRFNYHNYQNRRFLT, 0.8
15393E18I67, HTHSDEVDRGAAQIQIRFNYHNYQWRRFLT, 0.81
15393E19I98, HTHVDEVDRGAAQIQIRFNYHNYQWRRFLT, 0.83
