18847E0I0, EAKTQLWPHKSFALTVVKARSNHGSLYTQG, 0.36
18847E1I4, EAKTQLWPHKSFALTVVKAKSNHGSLYTQG, 0.39
18847E2I5, EAKTTLWPHKSFALTVVKAKSNHGSLYTQG, 0.45
18847E3I8, EAKTTLWPHKSFALTVVKAKSNHGSLSTQG, 0.49
18847E4I21, EAKTTLWPHKSFALTVVKAKSWHGSLSTQG, 0.55
18847E5I22, EAKTVLWPHKSFALTVVKAKSWHGSLSTQG, 0.56
18847E6I37, EAKTVLWPHKKFALTVVKAKSWHGSLSTQG, 0.58
18847E7I38, EAKTVLWPHKKFALTVVKAKSWHGSLSTVG, 0.6
18847E8I44, EAKFVLWPHKKFALTVVKAKSWHGSLSTVG, 0.62
18847E9I63, HAKFVLWPHKKFALTVVKAKSWHGSLSTVG, 0.63
18847E10I81, HAKFVLWPHKKFALTVVKAKSWHGSSSTVG, 0.64
18847E11I85, HAKFVLWPHKKFALSVVKAKSWHGSSSTVG, 0.67
18847E12I99, HAKFVLWPHKKFALSQVKAKSWHGSSSTVG, 0.7
18847E13I108, HAKFVHWPHKKFALSQVKAKSWHGSSSTVG, 0.71
18847E14I118, HAKFVHWPHKKFALSQVKAKHWHGSSSTVG, 0.74
18847E15I132, HAKFVHWPHKKFALSQVKAKHWHRSSSTVG, 0.77
18847E16I174, HAKFVHWPHTKFALSQVKAKHWHRSSSTVG, 0.8
18847E17I198, HAKFVHWPHTKFALSQVKAHHWHRSSSTVG, 0.82
18847E18I200, HAKFVHWPHTKFALSQVKAHHWHRSSSVVG, 0.85
18847E19I202, WAKFVHWPHTKFALSQVKAHHWHRSSSVVG, 0.86
18847E20I237, WAKFVHWPHTKFALSQVKAHHWHRSSSVHG, 0.87
