6772E0I0, SRSHGHDNRDDRWGQHANQYTGNVIQWTSE, 0.28
6772E1I2, SRSHGHDNRDDRWGQHANQYTGNVRQWTSE, 0.32
6772E2I5, SRSHGHPNRDDRWGQHANQYTGNVRQWTSE, 0.38
6772E3I6, SRSHGHPNRDDRWGQHANQYTGNVRKWTSE, 0.42
6772E4I10, SDSHGHPNRDDRWGQHANQYTGNVRKWTSE, 0.45
6772E5I22, SDSGGHPNRDDRWGQHANQYTGNVRKWTSE, 0.46
6772E6I26, SDSGGHPNRDYRWGQHANQYTGNVRKWTSE, 0.47
6772E7I42, SDSGGHPNRDYRWGQHANQYGGNVRKWTSE, 0.49
6772E8I53, SDSGLHPNRDYRWGQHANQYGGNVRKWTSE, 0.5
6772E9I54, SDSGLHPNRDYRWGQHWNQYGGNVRKWTSE, 0.54
6772E10I73, SDSGLHPNADYRWGQHWNQYGGNVRKWTSE, 0.57
6772E11I77, SDSGLHPNADYRWGQHWAQYGGNVRKWTSE, 0.59
6772E12I79, SDSGLHPNADYRWGQYWAQYGGNVRKWTSE, 0.62
6772E13I82, SDSGLHPNADYRWGQYWAQYGGNVRKWTSN, 0.63
6772E14I86, SDSGLHPWADYRWGQYWAQYGGNVRKWTSN, 0.65
6772E15I96, SDSGGHPWADYRWGQYWAQYGGNVRKWTSN, 0.67
6772E16I109, SDSHGHPWADYRWGQYWAQYGGNVRKWTSN, 0.68
6772E17I116, SDSHGHNWADYRWGQYWAQYGGNVRKWTSN, 0.72
6772E18I123, SDSHGHNWADYRWGQYWAQYGGNVRKWYSN, 0.75
6772E19I134, SDSHGHNWADYRWGQYWAQDGGNVRKWYSN, 0.76
6772E20I136, SDFHGHNWADYRWGQYWAQDGGNVRKWYSN, 0.79
6772E21I138, SDFHGHNWADYRWGQYWAQDGGNVRKWYSY, 0.81
