16881E0I0, QDVQYAIQHRWRWALSNPHSRGTFDRKRQP, 0.49
16881E1I3, ADVQYAIQHRWRWALSNPHSRGTFDRKRQP, 0.52
16881E2I5, ADVQYAIQHWWRWALSNPHSRGTFDRKRQP, 0.57
16881E3I7, ADVQYAIQHWWRWALSNPHSRGTFDRKRQE, 0.61
16881E4I8, ADVQYAIQHWWRWADSNPHSRGTFDRKRQE, 0.65
16881E5I12, ADVQYAIQHWWQWADSNPHSRGTFDRKRQE, 0.66
16881E6I30, ADVQYAIQHWWQWADSRPHSRGTFDRKRQE, 0.7
16881E7I35, ADVGYAIQHWWQWADSRPHSRGTFDRKRQE, 0.74
16881E8I41, ADVGYATQHWWQWADSRPHSRGTFDRKRQE, 0.75
16881E9I43, ADVGYATQHWWQWADSRPHTRGTFDRKRQE, 0.76
16881E10I44, ADVGYATQHWWQWADSRPHTRGTFDRKRQW, 0.77
16881E11I47, ADVGYATQHWWHWADSRPHTRGTFDRKRQW, 0.78
16881E12I63, ADVGYATFHWWHWADSRPHTRGTFDRKRQW, 0.79
16881E13I64, ADVGYATWHWWHWADSRPHTRGTFDRKRQW, 0.8
16881E14I80, ADVGYATWHSWHWADSRPHTRGTFDRKRQW, 0.81
16881E15I86, ADVGYATWHSWHWADSRPHTRGTFDRRRQW, 0.82
16881E16I104, AFVGYATWHSWHWADSRPHTRGTFDRRRQW, 0.84
16881E17I131, AFVGYATWHPWHWADSRPHTRGTFDRRRQW, 0.85
16881E18I150, AFVGYATWHPWHWADSRPHTRPTFDRRRQW, 0.87
16881E19I190, AFVGYATWHPWHWADSDPHTRPTFDRRRQW, 0.89
16881E20I197, AFVGYATWHPWHWADSDPHLRPTFDRRRQW, 0.9
16881E21I230, AFVGYATWHPWHWADSSPHLRPTFDRRRQW, 0.91
