636E0I0, ARPFALFRTVHWIKQFHNAFAFVYEAEILL, 0.44
636E1I2, ARKFALFRTVHWIKQFHNAFAFVYEAEILL, 0.45
636E2I3, ARFFALFRTVHWIKQFHNAFAFVYEAEILL, 0.46
636E3I6, ARFFALFRTVHWIKNFHNAFAFVYEAEILL, 0.51
636E4I8, ARFFALFATVHWIKNFHNAFAFVYEAEILL, 0.56
636E5I16, ARFFVLFATVHWIKNFHNAFAFVYEAEILL, 0.59
636E6I28, ARFFVEFATVHWIKNFHNAFAFVYEAEILL, 0.6
636E7I32, ARFFVEFATVHWIKNFHPAFAFVYEAEILL, 0.61
636E8I34, ARFFVEFATVHWIKNFHPAFAFVQEAEILL, 0.62
636E9I35, ARFFVEFATVHWIRNFHPAFAFVQEAEILL, 0.63
636E10I37, ARFFVEFATVHWIRHFHPAFAFVQEAEILL, 0.65
636E11I39, ARFFVEFPTVHWIRHFHPAFAFVQEAEILL, 0.66
636E12I45, ARFFVEFPTVHWIRHFHPAFAFVQHAEILL, 0.73
636E13I46, ARFFVEFPTVHWWRHFHPAFAFVQHAEILL, 0.78
636E14I47, RRFFVEFPTVHWWRHFHPAFAFVQHAEILL, 0.8
636E15I81, RRFFVEFPTVHWWRHFHPAFAFVQHAEISL, 0.82
636E16I93, RRFFVEDPTVHWWRHFHPAFAFVQHAEISL, 0.83
636E17I143, RRFFVEDPTQHWWRHFHPAFAFVQHAEISL, 0.86
636E18I150, RRFFVEDPTQHWYRHFHPAFAFVQHAEISL, 0.87
636E19I184, RRYFVEDPTQHWYRHFHPAFAFVQHAEISL, 0.88
636E20I189, RRYFVEDPAQHWYRHFHPAFAFVQHAEISL, 0.89
636E21I192, RRYFVEDPAQHWYRHFHPAFAFVQHAEYSL, 0.9
636E22I197, RRYFVGDPAQHWYRHFHPAFAFVQHAEYSL, 0.92
636E23I237, RRYFVGDPAQHWYRHFHPAFAFVQHAEYSY, 0.93
636E24I271, RRYFVGDPAQHWYRHFHPAFAFVQHAEYWY, 0.94
636E25I347, RRYFVGDPAQHWYIHFHPAFAFVQHAEYWY, 0.95
636E26I391, RRYFVGDPAQHWHIHFHPAFAFVQHAEYWY, 0.96
636E27I440, RAYFVGDPAQHWHIHFHPAFAFVQHAEYWY, 0.97
636E28I464, RAYFVGDPAYHWHIHFHPAFAFVQHAEYWY, 0.98
