13053E0I0, EHYQEPEEPRNWHQGREQGKYSWDIVDHDG, 0.39
13053E1I3, EHYQEPEEPRNWHQGIEQGKYSWDIVDHDG, 0.41
13053E2I4, EHYQEPEEPRNWHQGVEQGKYSWDIVDHDG, 0.44
13053E3I8, EHYQEPEEPRNWHQGVEQGKDSWDIVDHDG, 0.45
13053E4I16, EHYQEPEEPRNWHQGVEQGKDSWDIVDVDG, 0.51
13053E5I18, EHYQEPEEPRNWHQGVPQGKDSWDIVDVDG, 0.57
13053E6I23, EHYQEPEEPRNWHQGVPQGKDSWDIVDPDG, 0.61
13053E7I24, EHYQEPEEPRNWTQGVPQGKDSWDIVDPDG, 0.62
13053E8I33, EHYQEPEEPRNWTQGVPQGKDSWDIVDPYG, 0.63
13053E9I49, EHYQEPEEPRNWTQHVPQGKDSWDIVDPYG, 0.67
13053E10I77, EHYQEPEEPRNWTQHNPQGKDSWDIVDPYG, 0.68
13053E11I106, EHIQEPEEPRNWTQHNPQGKDSWDIVDPYG, 0.69
13053E12I130, EHIQEPEEPRNWTQHNYQGKDSWDIVDPYG, 0.74
13053E13I179, EHIQEPEEPRNWSQHNYQGKDSWDIVDPYG, 0.77
13053E14I204, EHIQEPEEPRNWSQHNYWGKDSWDIVDPYG, 0.78
13053E15I250, EHIQEPEEPRNWSQHIYWGKDSWDIVDPYG, 0.81
13053E16I253, IHIQEPEEPRNWSQHIYWGKDSWDIVDPYG, 0.83
13053E17I265, IHIQEWEEPRNWSQHIYWGKDSWDIVDPYG, 0.84
13053E18I302, IHIQEWEEPRNWSQHIYWGKDSWQIVDPYG, 0.85
13053E19I328, IHIQEWEEPRNWSQHIYWGHDSWQIVDPYG, 0.88
13053E20I357, IHIQEWEEPRNWSQHIYWGHLSWQIVDPYG, 0.89
13053E21I363, QHIQEWEEPRNWSQHIYWGHLSWQIVDPYG, 0.93
13053E22I404, QHIQEWEEPRYWSQHIYWGHLSWQIVDPYG, 0.94
13053E23I469, QHIQEWEEPRYWSQHIYWGHWSWQIVDPYG, 0.95
13053E24I556, QHIQEWEEPRYWSQHIHWGHWSWQIVDPYG, 0.96
13053E25I590, QHIQEWEEPRYWSQHIHWFHWSWQIVDPYG, 0.97
