12832E0I0, DVSNNNVDENVPSKNGFEQSKYINGWISQN, 0.32
12832E1I3, DVSNYNVDENVPSKNGFEQSKYINGWISQN, 0.34
12832E2I7, DVSNYNVDENVPSKNGQEQSKYINGWISQN, 0.37
12832E3I27, DVSNYNVDENVPSKNGQEQSKYIPGWISQN, 0.38
12832E4I30, DVSNYNVDENVPSKNGQDQSKYIPGWISQN, 0.41
12832E5I33, DVSNYNVDENVPSKNTQDQSKYIPGWISQN, 0.47
12832E6I36, DVSNYNVDENVPSKNTQDQSKRIPGWISQN, 0.48
12832E7I45, DVSNYNVDENVPSKNTQDQSKRIPTWISQN, 0.49
12832E8I46, DVSNYNVDENHPSKNTQDQSKRIPTWISQN, 0.51
12832E9I51, DVSNHNVDENHPSKNTQDQSKRIPTWISQN, 0.54
12832E10I52, DKSNHNVDENHPSKNTQDQSKRIPTWISQN, 0.61
12832E11I55, DKSNHNVDENHPSKNTQDISKRIPTWISQN, 0.62
12832E12I62, DKSNHNVDENHPSYNTQDISKRIPTWISQN, 0.64
12832E13I76, DKSNHNVDERHPSYNTQDISKRIPTWISQN, 0.65
12832E14I83, DKSNHNVDERHPSYNTQDISKRIPTWISPN, 0.66
12832E15I101, DKSNHNVDERHPSYNTQDLSKRIPTWISPN, 0.69
12832E16I111, DKSNHNDDERHPSYNTQDLSKRIPTWISPN, 0.71
12832E17I133, DKSNHNTDERHPSYNTQDLSKRIPTWISPN, 0.72
12832E18I140, DKSNHNTYERHPSYNTQDLSKRIPTWISPN, 0.75
12832E19I238, DKSNHNTYSRHPSYNTQDLSKRIPTWISPN, 0.76
12832E20I287, DKSKHNTYSRHPSYNTQDLSKRIPTWISPN, 0.81
12832E21I365, DKSKHNTYSLHPSYNTQDLSKRIPTWISPN, 0.82
12832E22I374, DKSKHNTYSLHPSYNTEDLSKRIPTWISPN, 0.83
12832E23I385, DKSKHNTYSLHPSWNTEDLSKRIPTWISPN, 0.85
