17802E0I0, YFPSYGQEFNSNKEAESRYGNLPDAKSQKY, 0.27
17802E1I1, YFPSYGQEFNSNKEAVSRYGNLPDAKSQKY, 0.29
17802E2I3, YFPSYHQEFNSNKEAVSRYGNLPDAKSQKY, 0.32
17802E3I6, YFPSYHQEFNSNKEAVSRYGNLPDAKDQKY, 0.33
17802E4I9, YFPSYHQEFNSNKEAVSRYGNLPDAKDQDY, 0.34
17802E5I10, YFPSYHQEFNSNKEAVSRYGNLPDTKDQDY, 0.42
17802E6I16, FFPSYHQEFNSNKEAVSRYGNLPDTKDQDY, 0.45
17802E7I19, FFPSYHQEFNSNKEAVSRYGNLPDTKDEDY, 0.46
17802E8I25, FFPSYHTEFNSNKEAVSRYGNLPDTKDEDY, 0.48
17802E9I28, FFPSYHTEFNNNKEAVSRYGNLPDTKDEDY, 0.49
17802E10I33, FFPSYHTEFNNNKEAVSRYGVLPDTKDEDY, 0.51
17802E11I35, FFPSYHTEFNNNKEAVSRYGVLPDTKDEDS, 0.53
17802E12I37, FFPSYHTEFNNNKEAISRYGVLPDTKDEDS, 0.55
17802E13I39, FFPSYHTESNNNKEAISRYGVLPDTKDEDS, 0.57
17802E14I45, FFPSYHTESNNNQEAISRYGVLPDTKDEDS, 0.58
17802E15I52, FFPSYHTNSNNNQEAISRYGVLPDTKDEDS, 0.59
17802E16I70, FFPSYHTNSNNNQEAISRYGVVPDTKDEDS, 0.6
17802E17I85, FFPSYHTNSNNNQEAISRYGVVPDTKDEDF, 0.62
17802E18I88, FFPSYHVNSNNNQEAISRYGVVPDTKDEDF, 0.64
17802E19I102, FFPSYWVNSNNNQEAISRYGVVPDTKDEDF, 0.67
17802E20I103, FFPSYWVNSNNNQEAISRYGVVPDTKDKDF, 0.7
17802E21I145, FFPSYWVNSVNNQEAISRYGVVPDTKDKDF, 0.71
17802E22I163, FFPSYWHNSVNNQEAISRYGVVPDTKDKDF, 0.72
17802E23I170, FFPSYWHNSVNNQEAISRYGVVPDTFDKDF, 0.73
17802E24I187, FFPSYWHNSVNNQWAISRYGVVPDTFDKDF, 0.78
17802E25I200, FFPSYWHNWVNNQWAISRYGVVPDTFDKDF, 0.81
17802E26I254, FFPSYWHNWVNNYWAISRYGVVPDTFDKDF, 0.82
17802E27I316, FFPSYWHNWVNNYWAISRYGVVPLTFDKDF, 0.84
17802E28I364, FFPSYWHNWVNNWWAISRYGVVPLTFDKDF, 0.85
17802E29I461, FFDSYWHNWVNNWWAISRYGVVPLTFDKDF, 0.87
