15973E0I0, GFTFHREPLNERSEIYDDDRWKIEFEVSNW, 0.27
15973E1I1, GFTFHREPLNERSEIYDDDIWKIEFEVSNW, 0.28
15973E2I7, GFTFHLEPLNERSEIYDDDIWKIEFEVSNW, 0.32
15973E3I8, GFTFHLNPLNERSEIYDDDIWKIEFEVSNW, 0.33
15973E4I12, GFTFHLNPLNERSEIYDDDIWQIEFEVSNW, 0.34
15973E5I14, GFTFHLNPLRERSEIYDDDIWQIEFEVSNW, 0.36
15973E6I17, GFTFHLNLLRERSEIYDDDIWQIEFEVSNW, 0.37
15973E7I18, GFTFHLNLLRERSEIYDDDIWQIEFEVSRW, 0.39
15973E8I21, GFTFHLNLLRERSEIYDDDIWQIESEVSRW, 0.45
15973E9I25, GFTFHLNLLRHRSEIYDDDIWQIESEVSRW, 0.46
15973E10I26, GFTFHLNLLRHRSEIIDDDIWQIESEVSRW, 0.49
15973E11I30, GFTFHLNLLRHRSRIIDDDIWQIESEVSRW, 0.5
15973E12I36, GFTFHLNLLRHRSRIIDDDIAQIESEVSRW, 0.52
15973E13I39, GFTFHLNLLRHRSRIIDDDIVQIESEVSRW, 0.54
15973E14I40, GFTFHLNLLRHRSRIIDADIVQIESEVSRW, 0.56
15973E15I55, GFTFHLNLLRHRSRIIDADIVQIEDEVSRW, 0.58
15973E16I57, GFTFHLNLLRHRSRIIDADIVQWEDEVSRW, 0.59
15973E17I61, GFTFHLNLLRHRSRIIDADIVQWEDFVSRW, 0.62
15973E18I65, GFTFHLNLLRHRSRIIDADIVPWEDFVSRW, 0.64
15973E19I71, TFTFHLNLLRHRSRIIDADIVPWEDFVSRW, 0.65
15973E20I78, TFTFHLNLLRHRSRIIDADIVPWRDFVSRW, 0.67
15973E21I87, TFTFHLNLLRHRSRIIHADIVPWRDFVSRW, 0.7
15973E22I90, YFTFHLNLLRHRSRIIHADIVPWRDFVSRW, 0.71
15973E23I95, YFTFHLNLLRHRSRIIHADIVPWRHFVSRW, 0.72
15973E24I98, YFTFHLNLLRHRSRIIHADIVPWRHFVSPW, 0.73
15973E25I110, YFTFHLKLLRHRSRIIHADIVPWRHFVSPW, 0.76
15973E26I111, YFTFHLKLLRHRDRIIHADIVPWRHFVSPW, 0.77
15973E27I118, YFGFHLKLLRHRDRIIHADIVPWRHFVSPW, 0.78
15973E28I137, YFGFHLKLLRHRDRIIHADIVPLRHFVSPW, 0.81
15973E29I154, YFGFHLKLLRHRDRHIHADIVPLRHFVSPW, 0.82
15973E30I162, YFGFHLHLLRHRDRHIHADIVPLRHFVSPW, 0.83
15973E31I164, YFGFHLHLLRHRFRHIHADIVPLRHFVSPW, 0.86
15973E32I168, YFGFHLHLLRHRFRHLHADIVPLRHFVSPW, 0.87
15973E33I174, YFGGHLHLLRHRFRHLHADIVPLRHFVSPW, 0.88
15973E34I204, YPGGHLHLLRHRFRHLHADIVPLRHFVSPW, 0.89
15973E35I210, YPGAHLHLLRHRFRHLHADIVPLRHFVSPW, 0.9
15973E36I223, VPGAHLHLLRHRFRHLHADIVPLRHFVSPW, 0.91
15973E37I233, VPGAHLHLLRHRFRHLHADIVPLFHFVSPW, 0.92
