7861E0I0, GFEQVTNWDQAFGEIQPIEIQKVIIPGLQS, 0.26
7861E1I1, GFEQVTNWDQAFGEIQPIEIQKVIIKGLQS, 0.28
7861E2I4, GFEQVTNWDQAFGEIQPIEIHKVIIKGLQS, 0.32
7861E3I5, GFEQVTNWDQAFGEIQPITIHKVIIKGLQS, 0.35
7861E4I7, GFEQVTNWDQAFGEIIPITIHKVIIKGLQS, 0.36
7861E5I8, GFEQVTNWDQAFGEIIPITIKKVIIKGLQS, 0.4
7861E6I9, GFEDVTNWDQAFGEIIPITIKKVIIKGLQS, 0.51
7861E7I13, GFEDVTNWDSAFGEIIPITIKKVIIKGLQS, 0.53
7861E8I21, GHEDVTNWDSAFGEIIPITIKKVIIKGLQS, 0.59
7861E9I29, GHEDVTYWDSAFGEIIPITIKKVIIKGLQS, 0.61
7861E10I30, GHHDVTYWDSAFGEIIPITIKKVIIKGLQS, 0.62
7861E11I35, GHHDVTYWDSAFGEIIPITIKKVIIKGLIS, 0.65
7861E12I40, GHHVVTYWDSAFGEIIPITIKKVIIKGLIS, 0.67
7861E13I57, GHHVVTYWDSAFGKIIPITIKKVIIKGLIS, 0.72
7861E14I97, GHHVVTYWYSAFGKIIPITIKKVIIKGLIS, 0.73
7861E15I181, GHHVVTYWYSAFGKIIKITIKKVIIKGLIS, 0.74
7861E16I206, GHHVVTYWYSAFGKIIKITIKKWIIKGLIS, 0.75
7861E17I220, GHHVVTYWYSAFGKIIKITIFKWIIKGLIS, 0.76
7861E18I243, GHHVVTYWYSAFGKITKITIFKWIIKGLIS, 0.8
7861E19I314, GHHVVTYWYYAFGKITKITIFKWIIKGLIS, 0.81
