1974E0I0, SQVAFTIWKSNKGWPTKSRRDDDKWGWIDT, 0.37
1974E1I1, SQVAFTIWKSNFGWPTKSRRDDDKWGWIDT, 0.41
1974E2I6, SQVAFTIWKSNFGWPTHSRRDDDKWGWIDT, 0.44
1974E3I12, SQVWFTIWKSNFGWPTHSRRDDDKWGWIDT, 0.49
1974E4I15, SQVWFTIWKSNFGWPTHSRRDDDKWFWIDT, 0.5
1974E5I19, SQVWFTIWKSNFGWPTHSRRDDDKWFWIDD, 0.51
1974E6I21, SQVWFTIWKNNFGWPTHSRRDDDKWFWIDD, 0.54
1974E7I24, SQVWFTIWKNNFVWPTHSRRDDDKWFWIDD, 0.55
1974E8I33, SQVWFTIWKNNFVWPTHSRRDDDKWFWIAD, 0.6
1974E9I38, SQVWFYIWKNNFVWPTHSRRDDDKWFWIAD, 0.63
1974E10I52, SQTWFYIWKNNFVWPTHSRRDDDKWFWIAD, 0.67
1974E11I68, SQTWFYIWKNNFVWPTHSRRDDDKWFWTAD, 0.68
1974E12I86, SQTWFYIWKNNFVWPTHSRRDDDKWFPTAD, 0.7
1974E13I87, SQTWFYWWKNNFVWPTHSRRDDDKWFPTAD, 0.74
1974E14I131, SHTWFYWWKNNFVWPTHSRRDDDKWFPTAD, 0.77
1974E15I153, SHTWFYWWKNNFVWPTHNRRDDDKWFPTAD, 0.8
1974E16I219, SHTWFYWWKNNFVWPTHNRRDPDKWFPTAD, 0.81
1974E17I259, SHTWFYWWKNNFVWPTHNRRDPLKWFPTAD, 0.82
1974E18I287, SHTWFYWWKNNFVWPTHNRRHPLKWFPTAD, 0.84
1974E19I303, SHTWFYWWKNWFVWPTHNRRHPLKWFPTAD, 0.87
1974E20I346, SHTWFYWWKAWFVWPTHNRRHPLKWFPTAD, 0.88
1974E21I373, SHTWFYWWKAWFVWPTHNRHHPLKWFPTAD, 0.89
1974E22I396, SHTWFYWWKAWFVWPTHNRHHPLKWFPTAW, 0.9
1974E23I405, SHTWFYWWKAWFVWQTHNRHHPLKWFPTAW, 0.91
1974E24I409, SHTWFYWWKAWFVWQTHNRHHPSKWFPTAW, 0.92
1974E25I438, SHTWSYWWKAWFVWQTHNRHHPSKWFPTAW, 0.93
1974E26I451, SHTWSYWWKAWAVWQTHNRHHPSKWFPTAW, 0.95
