10189E0I0, SIPDHNEGWVKIRQGNHTYTIHRAQLHSYF, 0.4
10189E1I3, SIPDHNEGWVKIRQGNHTYTIHRAQGHSYF, 0.45
10189E2I4, SIPDHNEGWVKIREGNHTYTIHRAQGHSYF, 0.46
10189E3I9, SIPDHNEGWVKIREGNHTYTHHRAQGHSYF, 0.54
10189E4I15, SIPDHNEGWVKIREGNHTYTHHRAQTHSYF, 0.56
10189E5I17, SIPDHNEGWVKIREGNHTYTHHRAQTHSYW, 0.6
10189E6I26, SLPDHNEGWVKIREGNHTYTHHRAQTHSYW, 0.62
10189E7I30, SLPTHNEGWVKIREGNHTYTHHRAQTHSYW, 0.63
10189E8I35, SFPTHNEGWVKIREGNHTYTHHRAQTHSYW, 0.65
10189E9I38, SFPTHNEGWVKIREGNHTYAHHRAQTHSYW, 0.69
10189E10I41, SFPTHNQGWVKIREGNHTYAHHRAQTHSYW, 0.73
10189E11I63, SFPTHNQGWVKIREGNHTYAHHRAQTHWYW, 0.74
10189E12I67, SFPTHNQGWVKIRFGNHTYAHHRAQTHWYW, 0.77
10189E13I88, SFPTHNQGWVKIRFGWHTYAHHRAQTHWYW, 0.78
10189E14I89, SFPTHNQFWVKIRFGWHTYAHHRAQTHWYW, 0.79
10189E15I90, SFPTHNQFWVKIPFGWHTYAHHRAQTHWYW, 0.82
10189E16I137, SFPTHNQFWVKIPFGWHTFAHHRAQTHWYW, 0.83
10189E17I169, SFPTHNQNWVKIPFGWHTFAHHRAQTHWYW, 0.84
10189E18I185, SFHTHNQNWVKIPFGWHTFAHHRAQTHWYW, 0.85
10189E19I196, SFHTHNQNWVKIPFGWHTFAHHRAITHWYW, 0.87
10189E20I203, SFHTHNQNWVKIPFGWHTFAHHRAHTHWYW, 0.88
10189E21I261, SFHTHNQNWVKIPFGWHTFAHHRAHTHIYW, 0.89
10189E22I280, SFHTHNQNWVKIPFGWLTFAHHRAHTHIYW, 0.9
10189E23I310, SFHTHNQNWVKIPFGWLTFAHWRAHTHIYW, 0.91
10189E24I337, SFHTHNQNWAKIPFGWLTFAHWRAHTHIYW, 0.92
10189E25I364, SFHTHNQNWAKIYFGWLTFAHWRAHTHIYW, 0.93
10189E26I410, SFHTHNQNWAKIYFHWLTFAHWRAHTHIYW, 0.94
10189E27I458, TFHTHNQNWAKIYFHWLTFAHWRAHTHIYW, 0.95
