811E0I0, FGPWRWAGSIQINTWIHNYDRHHVPYTARK, 0.57
811E1I6, WGPWRWAGSIQINTWIHNYDRHHVPYTARK, 0.58
811E2I8, WGPWRWAGSIQINTWIHNYTRHHVPYTARK, 0.59
811E3I24, WGPGRWAGSIQINTWIHNYTRHHVPYTARK, 0.61
811E4I25, WGPGRWAGSIQIETWIHNYTRHHVPYTARK, 0.64
811E5I26, WAPGRWAGSIQIETWIHNYTRHHVPYTARK, 0.66
811E6I27, WAPGRWAGSIQIETHIHNYTRHHVPYTARK, 0.68
811E7I46, WAPGRWAGSIQIETHIHNYTRHHVPYGARK, 0.69
811E8I51, WAPGRWAGSIQIETHIHNYTRHHVPYGAIK, 0.7
811E9I53, WAPGRWAGSIQIETHIHNYTRHIVPYGAIK, 0.76
811E10I61, YAPGRWAGSIQIETHIHNYTRHIVPYGAIK, 0.77
811E11I84, YAPDRWAGSIQIETHIHNYTRHIVPYGAIK, 0.78
811E12I100, YAPDRWAGSIQIETHIHNYERHIVPYGAIK, 0.81
811E13I106, YAPDRWAGSIQIETHIHNYERHIVPYGAQK, 0.83
811E14I121, YAPWRWAGSIQIETHIHNYERHIVPYGAQK, 0.85
811E15I144, YAPWRWAGSIQIETHIHNYERHIVPYGAFK, 0.86
811E16I156, YAPWRWAGSIQAETHIHNYERHIVPYGAFK, 0.87
811E17I168, YAPWRWAGSIQAETHIHNYERHIVPYGAFL, 0.88
811E18I198, YAPWRWAGSIQAETHIHNQERHIVPYGAFL, 0.89
811E19I239, YAPWRWAGSIQEETHIHNQERHIVPYGAFL, 0.92
811E20I246, YAPWRWAGSTQEETHIHNQERHIVPYGAFL, 0.93
811E21I265, YAPWRWAGSTQEETHIHNQERHIVPYGAFS, 0.94
811E22I286, YAPWRWAGSTQEETHIHNQERHIVPYGAFA, 0.95
811E23I341, YAPWRWAGSYQEETHIHNQERHIVPYGAFA, 0.96
811E24I374, YAHWRWAGSYQEETHIHNQERHIVPYGAFA, 0.97
811E25I407, YWHWRWAGSYQEETHIHNQERHIVPYGAFA, 0.98
