1579E0I0, YGQHEIFVATIWTFAHQWHLTLKGAAWGKS, 0.41
1579E1I2, YGQHFIFVATIWTFAHQWHLTLKGAAWGKS, 0.43
1579E2I3, YGQHFIFVATIWTFAHQWKLTLKGAAWGKS, 0.44
1579E3I9, YGQHFIFVATIITFAHQWKLTLKGAAWGKS, 0.47
1579E4I12, YGQHFIFVATKITFAHQWKLTLKGAAWGKS, 0.5
1579E5I18, YGQHFIFVATKITFAHGWKLTLKGAAWGKS, 0.53
1579E6I22, YGQHFHFVATKITFAHGWKLTLKGAAWGKS, 0.55
1579E7I27, YGQHFHFVATKITFAHGWKLTLKGGAWGKS, 0.56
1579E8I36, YGQHFHFVATKITFAHGWKLTLKGGAYGKS, 0.59
1579E9I40, YGQHFHFVATKATFAHGWKLTLKGGAYGKS, 0.6
1579E10I41, YGQHFHFVATKATFAHGWKLTAKGGAYGKS, 0.61
1579E11I47, YGQHFHFVATKATFAHGWKLTAKGGWYGKS, 0.65
1579E12I71, YGNHFHFVATKATFAHGWKLTAKGGWYGKS, 0.66
1579E13I81, YGNHFHFVATKATFAHGWKLTAKHGWYGKS, 0.67
1579E14I96, YGNHFHFVATKATFAHGWPLTAKHGWYGKS, 0.68
1579E15I102, YGNHFHFVATWATFAHGWPLTAKHGWYGKS, 0.69
1579E16I108, YGNHFHFVATWATFAHGWPLTAKHGWYGSS, 0.76
1579E17I112, YGNHFHFVATWATFAHGWPLTAYHGWYGSS, 0.77
1579E18I114, YGNHFHFVATWATFAHGWHLTAYHGWYGSS, 0.78
1579E19I115, YGNHFHFVATWATFAHGWHLTAYHGWYGRS, 0.81
1579E20I119, YGNHFHFVATWATFKHGWHLTAYHGWYGRS, 0.83
1579E21I138, YGWHFHFVATWATFKHGWHLTAYHGWYGRS, 0.86
1579E22I154, YGWHFHFVATWATFKHPWHLTAYHGWYGRS, 0.88
1579E23I253, YGWHFHFVATWATFKHPWHLTAYHWWYGRS, 0.9
1579E24I309, YGWHFHFVATWATFKHPWHLTAYHWWYGRI, 0.91
1579E25I317, YGWHFTFVATWATFKHPWHLTAYHWWYGRI, 0.92
1579E26I343, YGHHFTFVATWATFKHPWHLTAYHWWYGRI, 0.95
