2662E0I0, LQIGPFGSIDGYTFYAGHAWTWQWSNWNID, 0.46
2662E1I4, LQIGPTGSIDGYTFYAGHAWTWQWSNWNID, 0.48
2662E2I5, LQGGPTGSIDGYTFYAGHAWTWQWSNWNID, 0.51
2662E3I7, LQGGPTGSIDGYTFTAGHAWTWQWSNWNID, 0.52
2662E4I19, LQGGHTGSIDGYTFTAGHAWTWQWSNWNID, 0.6
2662E5I20, LQGGHTGSIDGYTFTAGHAWTWQWQNWNID, 0.61
2662E6I37, LQGGHTGSIDGYTFTAGHAWHWQWQNWNID, 0.63
2662E7I44, SQGGHTGSIDGYTFTAGHAWHWQWQNWNID, 0.64
2662E8I48, SQGGHTGSIDGYTFTTGHAWHWQWQNWNID, 0.65
2662E9I49, SQVGHTGSIDGYTFTTGHAWHWQWQNWNID, 0.66
2662E10I52, SQVGHTGSIDGYTFTTGHAWHWQWQNWNIH, 0.67
2662E11I55, SQVGHTGSIDGYTFTTGHAWHWQWQNWHIH, 0.72
2662E12I60, SRVGHTGSIDGYTFTTGHAWHWQWQNWHIH, 0.73
2662E13I96, SRVGHTGSIKGYTFTTGHAWHWQWQNWHIH, 0.75
2662E14I104, SRVGHTGSIKIYTFTTGHAWHWQWQNWHIH, 0.79
2662E15I127, SRVGHTGSIKIYTFTTGHIWHWQWQNWHIH, 0.83
2662E16I128, SRVGHTGSIKIYTFTTGHIWHWQTQNWHIH, 0.84
2662E17I135, SRFGHTGSIKIYTFTTGHIWHWQTQNWHIH, 0.85
2662E18I176, SRFGHTGSIKIYTFTTGHIWHWQTQNTHIH, 0.87
2662E19I192, SRFGHTGSIKIYTFTTGHIWHWQTQNTHIQ, 0.88
2662E20I204, SRFGHTGSIKIYTFTYGHIWHWQTQNTHIQ, 0.89
2662E21I241, SRFGHTGSIKIYTFTYGHIQHWQTQNTHIQ, 0.9
2662E22I334, SRFGHTGSIKIVTFTYGHIQHWQTQNTHIQ, 0.91
2662E23I356, SRFGHPGSIKIVTFTYGHIQHWQTQNTHIQ, 0.92
2662E24I436, SRFGHPGSIKIVTFTHGHIQHWQTQNTHIQ, 0.93
