8950E0I0, QEELANIHRRHAVGRFWYQNTLNRWRDSLE, 0.33
8950E1I2, QPELANIHRRHAVGRFWYQNTLNRWRDSLE, 0.34
8950E2I4, QPELANIHRRHAVGRFWYQNTLNRQRDSLE, 0.37
8950E3I8, QPELANIHRRHAVGRFWYFNTLNRQRDSLE, 0.38
8950E4I14, QPELANIHRRHAVARFWYFNTLNRQRDSLE, 0.41
8950E5I22, QPELAHIHRRHAVARFWYFNTLNRQRDSLE, 0.44
8950E6I30, QPELAHIHRRHAVARFWYFNTLNRQVDSLE, 0.48
8950E7I33, QPELAHIHRRHAVARFWYFNTLSRQVDSLE, 0.49
8950E8I34, QPELAHIHRRHAVARNWYFNTLSRQVDSLE, 0.51
8950E9I37, QPELAHIHRRHAVARNWYFNTFSRQVDSLE, 0.58
8950E10I40, QPELAHIHRRHAVARNWYFNTFVRQVDSLE, 0.62
8950E11I42, QPELAHIHRRHAVARNWYFNTFVRQVDSLA, 0.64
8950E12I44, QPSLAHIHRRHAVARNWYFNTFVRQVDSLA, 0.66
8950E13I53, QPSLAHIHRRHAVARNWYHNTFVRQVDSLA, 0.73
8950E14I63, QPSLAHIRRRHAVARNWYHNTFVRQVDSLA, 0.74
8950E15I74, QPSLAHIRRFHAVARNWYHNTFVRQVDSLA, 0.75
8950E16I80, QPSLAHIRRFHAQARNWYHNTFVRQVDSLA, 0.76
8950E17I81, SPSLAHIRRFHAQARNWYHNTFVRQVDSLA, 0.78
8950E18I82, SPSLAHIRRFHAQARNWYHNTFVVQVDSLA, 0.8
8950E19I101, SPSLAHIRRFHAQWRNWYHNTFVVQVDSLA, 0.81
8950E20I111, SPSLAHIRRFHWQWRNWYHNTFVVQVDSLA, 0.83
8950E21I119, SPSLAHIRRFHWQWRNWTHNTFVVQVDSLA, 0.84
8950E22I134, SPSLAHIRRFHWQHRNWTHNTFVVQVDSLA, 0.85
8950E23I187, SPSLAHIRRFHWQHRNWTHNTAVVQVDSLA, 0.87
8950E24I193, SPSLAHIRRFHWQHPNWTHNTAVVQVDSLA, 0.88
8950E25I292, SPSLAHIRRFHWQHPNWTHNTAVVQVQSLA, 0.89
8950E26I309, SPSLAHIVRFHWQHPNWTHNTAVVQVQSLA, 0.9
8950E27I330, SPSLAHIVRHHWQHPNWTHNTAVVQVQSLA, 0.91
