2931E0I0, DQPTGASTDTQRRVQWGWGIFRPLFYHKRY, 0.25
2931E1I1, DQPTGASTDTQRRVQWGWGLFRPLFYHKRY, 0.31
2931E2I2, DQPTGASTDTQRRVQWGWGLFRDLFYHKRY, 0.37
2931E3I4, DQPTGASTDTQRRVQWGWGLFRDLFDHKRY, 0.38
2931E4I6, DQPTGASGDTQRRVQWGWGLFRDLFDHKRY, 0.41
2931E5I8, DQPTGASGDTQRRVQWGWGLFRDLFDHKRQ, 0.43
2931E6I10, DAPTGASGDTQRRVQWGWGLFRDLFDHKRQ, 0.47
2931E7I19, DAPTGASGDTQRRVQWFWGLFRDLFDHKRQ, 0.48
2931E8I20, DAPTGASFDTQRRVQWFWGLFRDLFDHKRQ, 0.55
2931E9I21, DAPTGASFDTQDRVQWFWGLFRDLFDHKRQ, 0.58
2931E10I25, RAPTGASFDTQDRVQWFWGLFRDLFDHKRQ, 0.6
2931E11I36, RAPTGASFDTQDRVQWFWGLFRKLFDHKRQ, 0.61
2931E12I39, RAPTGASFDTQDRVQWFWGLFAKLFDHKRQ, 0.64
2931E13I43, RAPTGASFDTQDRVHWFWGLFAKLFDHKRQ, 0.65
2931E14I44, GAPTGASFDTQDRVHWFWGLFAKLFDHKRQ, 0.67
2931E15I49, GAPTGASFDTQDRVHWFWGLFAKLFDHGRQ, 0.7
2931E16I55, GAPTGASFDTQDRVHWFWGLFAHLFDHGRQ, 0.74
2931E17I59, GAPTGASFDTQDRGHWFWGLFAHLFDHGRQ, 0.76
2931E18I93, GLPTGASFDTQDRGHWFWGLFAHLFDHGRQ, 0.77
2931E19I170, GLPTGASFDTQERGHWFWGLFAHLFDHGRQ, 0.79
2931E20I231, GLHTGASFDTQERGHWFWGLFAHLFDHGRQ, 0.83
2931E21I265, GLHTGASFDVQERGHWFWGLFAHLFDHGRQ, 0.85
2931E22I289, GLHTGASFDVQERGHWFWGLFAHLFDHGRW, 0.86
2931E23I361, GLHTGASFDVQERGHWYWGLFAHLFDHGRW, 0.87
2931E24I379, GLHTGASFDVQERGHWYWGLFAHLFDRGRW, 0.88
2931E25I447, GLHTGASFDVQEDGHWYWGLFAHLFDRGRW, 0.9
