3024E0I0, VIQTFEVPWQWPNYWTDFGKTSHPDIPAAD, 0.39
3024E1I1, VIQTFEVPWQWPNYWTDFGKTSHPDIPKAD, 0.41
3024E2I4, VIQTFEVPWQWPNYWTDFGFTSHPDIPKAD, 0.45
3024E3I6, VIQTFFVPWQWPNYWTDFGFTSHPDIPKAD, 0.55
3024E4I7, VIQTFFVWWQWPNYWTDFGFTSHPDIPKAD, 0.56
3024E5I9, VIQTFFVWWQWPNYWTDFGFDSHPDIPKAD, 0.6
3024E6I12, VIQTFFVWSQWPNYWTDFGFDSHPDIPKAD, 0.61
3024E7I16, VIQTFHVWSQWPNYWTDFGFDSHPDIPKAD, 0.64
3024E8I29, VIQTFHVWSQWPNYWTDFGFDSHSDIPKAD, 0.66
3024E9I35, PIQTFHVWSQWPNYWTDFGFDSHSDIPKAD, 0.68
3024E10I40, PIQTFHVWSQWPNYWTDFGFDSHSDIPAAD, 0.69
3024E11I43, PIQTFHVWSQWPNYWTDFGFDSHSDIPWAD, 0.7
3024E12I44, PIQTFHLWSQWPNYWTDFGFDSHSDIPWAD, 0.72
3024E13I54, PTQTFHLWSQWPNYWTDFGFDSHSDIPWAD, 0.73
3024E14I55, PTQTFHLWSQWPNYWFDFGFDSHSDIPWAD, 0.83
3024E15I73, PTQHFHLWSQWPNYWFDFGFDSHSDIPWAD, 0.85
3024E16I76, PTFHFHLWSQWPNYWFDFGFDSHSDIPWAD, 0.87
3024E17I135, LTFHFHLWSQWPNYWFDFGFDSHSDIPWAD, 0.88
3024E18I218, LTFHFHLWSQWPNYWFDFGFDSSSDIPWAD, 0.9
3024E19I314, LTFHFHLWRQWPNYWFDFGFDSSSDIPWAD, 0.91
3024E20I360, LTFHFHLWRQWPNYWFDFGFDSSSHIPWAD, 0.92
3024E21I437, LTFHFHLWRQDPNYWFDFGFDSSSHIPWAD, 0.93
3024E22I506, LTFHFHLWRQDPNYWFDFGFDSSPHIPWAD, 0.94
