8213E0I0, HRQDFQKDPPSADAEYKVGAEWSQVPGTSN, 0.39
8213E1I4, HRQDFQKDPPSADAEYKVGAEWSQVPGPSN, 0.48
8213E2I5, HRQDFQKDPPSADAEYKVGAEWSQVPHPSN, 0.51
8213E3I9, HNQDFQKDPPSADAEYKVGAEWSQVPHPSN, 0.55
8213E4I10, HNQDFQKDPPSADKEYKVGAEWSQVPHPSN, 0.59
8213E5I11, HNQDFYKDPPSADKEYKVGAEWSQVPHPSN, 0.65
8213E6I22, HNQDFYKDPPSADKEYKVGAEHSQVPHPSN, 0.67
8213E7I24, HNQDFYGDPPSADKEYKVGAEHSQVPHPSN, 0.7
8213E8I29, HNQDFYGDPPSADKEYKSGAEHSQVPHPSN, 0.71
8213E9I40, HNQDFYGDPFSADKEYKSGAEHSQVPHPSN, 0.72
8213E10I51, HNQDFYGDPFSADKEYKSGAEHHQVPHPSN, 0.74
8213E11I53, HNQDFYGDPFSADKEYKIGAEHHQVPHPSN, 0.77
8213E12I62, HNQDFYGDPFSADKEYKIGAEHHQVPHPEN, 0.78
8213E13I94, HNHDFYGDPFSADKEYKIGAEHHQVPHPEN, 0.79
8213E14I118, HNHDFYFDPFSADKEYKIGAEHHQVPHPEN, 0.81
8213E15I122, HNHDFYFDPFSADKEYRIGAEHHQVPHPEN, 0.82
8213E16I143, HNHWFYFDPFSADKEYRIGAEHHQVPHPEN, 0.83
8213E17I175, HNHWFYFDPFRADKEYRIGAEHHQVPHPEN, 0.84
8213E18I223, HNHWFYFDPFRADKEYRIGAEHHQVPHPEH, 0.86
8213E19I296, HNHWFYFDPFRADKEERIGAEHHQVPHPEH, 0.87
8213E20I304, HNHWFYFDPARADKEERIGAEHHQVPHPEH, 0.89
