3408E0I0, FIYGVSIADRPVIIVPTGSDAEVYVKWNPW, 0.4
3408E1I2, FIYGVSIADRPVIIVPTGSWAEVYVKWNPW, 0.5
3408E2I5, FITGVSIADRPVIIVPTGSWAEVYVKWNPW, 0.51
3408E3I8, FITGVSIADRPVIIVPTGSWAEVYVKWNAW, 0.54
3408E4I10, FITGVSIADRPVIIVPTGSWAEVYVKWNAL, 0.56
3408E5I11, FITGVSIADRPVIIVPTGSWAEVYVKWNAI, 0.58
3408E6I14, FITGVSIADRPVIIVPTGSWAEVHVKWNAI, 0.67
3408E7I22, FITGVSIADRPVWIVPTGSWAEVHVKWNAI, 0.7
3408E8I25, FITGVSIADRPVWIVPTGSWAEFHVKWNAI, 0.72
3408E9I34, AITGVSIADRPVWIVPTGSWAEFHVKWNAI, 0.73
3408E10I71, AITGVSIADHPVWIVPTGSWAEFHVKWNAI, 0.75
3408E11I119, AITGVSIADHPVWIVPTWSWAEFHVKWNAI, 0.76
3408E12I151, AITGVSIADHPVWIVPTWSWAEFHVKWNAD, 0.77
3408E13I191, AITGVSTADHPVWIVPTWSWAEFHVKWNAD, 0.78
3408E14I255, AITQVSTADHPVWIVPTWSWAEFHVKWNAD, 0.79
3408E15I291, AILQVSTADHPVWIVPTWSWAEFHVKWNAD, 0.8
3408E16I347, AILQVSTADHPVWIVPTWSWAEFHVKWRAD, 0.82
3408E17I370, AILQVSTADHPEWIVPTWSWAEFHVKWRAD, 0.83
3408E18I389, AHLQVSTADHPEWIVPTWSWAEFHVKWRAD, 0.86
3408E19I400, QHLQVSTADHPEWIVPTWSWAEFHVKWRAD, 0.87
3408E20I417, QHLQVSTADHPEWIVPTWSWAEFHVKWTAD, 0.88
3408E21I437, QHLQVSTADHPEWIVPTWSWAEFHVKLTAD, 0.9
3408E22I452, QHLQVSTAIHPEWIVPTWSWAEFHVKLTAD, 0.92
