5247E0I0, SSGYLVPWPWHSSNSWTFTFVQVQVLHDDD, 0.55
5247E1I7, SSGYAVPWPWHSSNSWTFTFVQVQVLHDDD, 0.58
5247E2I8, SSGNAVPWPWHSSNSWTFTFVQVQVLHDDD, 0.59
5247E3I9, SSGNAVPWPWHSSNSDTFTFVQVQVLHDDD, 0.65
5247E4I25, SYGNAVPWPWHSSNSDTFTFVQVQVLHDDD, 0.67
5247E5I27, SYGNAVTWPWHSSNSDTFTFVQVQVLHDDD, 0.68
5247E6I31, SYGNAVTWPWHSSNSDTFTFVQHQVLHDDD, 0.69
5247E7I34, SYGNAVTWPWHSSNSDTFTFVQHFVLHDDD, 0.72
5247E8I49, EYGNAVTWPWHSSNSDTFTFVQHFVLHDDD, 0.74
5247E9I71, EYGNAVTWPWHSSDSDTFTFVQHFVLHDDD, 0.76
5247E10I87, EYGNAVTWPWHSSDSDTFTFVQHFVLHSDD, 0.77
5247E11I96, EYGNAVTWPWHSQDSDTFTFVQHFVLHSDD, 0.78
5247E12I173, EYGNAVTFPWHSQDSDTFTFVQHFVLHSDD, 0.79
5247E13I224, EYGNAVTFKWHSQDSDTFTFVQHFVLHSDD, 0.8
5247E14I247, EYGNAVTFKWHSQDSDTWTFVQHFVLHSDD, 0.81
5247E15I276, EYGNAVTFKWHSQDSDTWTFVQHFVLHSDL, 0.84
5247E16I368, AYGNAVTFKWHSQDSDTWTFVQHFVLHSDL, 0.85
5247E17I369, AYGNAVTFKWISQDSDTWTFVQHFVLHSDL, 0.86
