3232E0I0, RFQHDHISSPKIHPIVNRSWSSVRLVSNPD, 0.49
3232E1I1, RFQHDHISSPKIHPIVNRSWSSVRLPSNPD, 0.53
3232E2I4, RFQHDHISSPKIHPIVNRSWSSVDLPSNPD, 0.56
3232E3I10, RFQHDHISSPKIHPIVNRSWSSVDLPWNPD, 0.58
3232E4I21, RFQHDHISSPKFHPIVNRSWSSVDLPWNPD, 0.59
3232E5I26, RFQHDHISSPKFHPIVNRSWSSVDLPWGPD, 0.64
3232E6I37, RFQHDHISSPKFHPIVNRSWSSVHLPWGPD, 0.69
3232E7I54, RFQHDHISSPKFHPIVNRSWSSVHLPWGVD, 0.7
3232E8I59, RFQHDHISSPKFHPIVNRSWYSVHLPWGVD, 0.72
3232E9I63, RFQHTHISSPKFHPIVNRSWYSVHLPWGVD, 0.74
3232E10I64, TFQHTHISSPKFHPIVNRSWYSVHLPWGVD, 0.75
3232E11I67, TFQHYHISSPKFHPIVNRSWYSVHLPWGVD, 0.76
3232E12I69, TFQHAHISSPKFHPIVNRSWYSVHLPWGVD, 0.77
3232E13I107, TFQHAHISSPKFHHIVNRSWYSVHLPWGVD, 0.8
3232E14I130, TFQHAHISSPKFHHIVNRSWYSVHLTWGVD, 0.82
3232E15I135, TFQHAHISSWKFHHIVNRSWYSVHLTWGVD, 0.83
3232E16I141, TFVHAHISSWKFHHIVNRSWYSVHLTWGVD, 0.84
3232E17I165, TFVHAHISSWKFHHIVNRSWYQVHLTWGVD, 0.85
3232E18I172, TFVHAHISSWKFHHIVSRSWYQVHLTWGVD, 0.86
3232E19I216, TFVHAHISSWKFHHIVSRSWAQVHLTWGVD, 0.87
3232E20I254, TFVHPHISSWKFHHIVSRSWAQVHLTWGVD, 0.88
3232E21I287, TFVHPHISSWKFHHIVSRSWAQAHLTWGVD, 0.89
3232E22I289, TFVHPHISSWKFHHIVSRFWAQAHLTWGVD, 0.9
