5079E0I0, RYVHKNHADNSEWSYSDYDEITETDAVVHD, 0.23
5079E1I5, RYVHKNHADNSEWSYSVYDEITETDAVVHD, 0.24
5079E2I8, RYVHKNHADPSEWSYSVYDEITETDAVVHD, 0.31
5079E3I10, RYVHKNHADPSEWSYWVYDEITETDAVVHD, 0.37
5079E4I11, RLVHKNHADPSEWSYWVYDEITETDAVVHD, 0.39
5079E5I12, RLVHKNHADPSEWSYWVYDEITETDAVRHD, 0.4
5079E6I15, RLVHKNHADPSEWSYWVYDEITETDAVRHA, 0.41
5079E7I18, RLVHKNHADPSEWSYWVYDEITEFDAVRHA, 0.44
5079E8I19, RKVHKNHADPSEWSYWVYDEITEFDAVRHA, 0.46
5079E9I22, RKVHKNHADPSEASYWVYDEITEFDAVRHA, 0.47
5079E10I25, RKVHKNHADPSEASYWVYREITEFDAVRHA, 0.49
5079E11I26, RKVHKNHADPSEASYWVYRWITEFDAVRHA, 0.53
5079E12I29, RKVHKNHADPSEASYWVYRWITEFWAVRHA, 0.66
5079E13I30, RKVHKNHADPSEASYWVYRWIQEFWAVRHA, 0.67
5079E14I39, RKVHKIHADPSEASYWVYRWIQEFWAVRHA, 0.68
5079E15I40, RKVHKIHADPSWASYWVYRWIQEFWAVRHA, 0.7
5079E16I44, RKVHKIHADPSWASYWGYRWIQEFWAVRHA, 0.71
5079E17I47, RKVHDIHADPSWASYWGYRWIQEFWAVRHA, 0.74
5079E18I49, RKVHDIHADPSWAEYWGYRWIQEFWAVRHA, 0.76
5079E19I60, RKVHDIHADPSWAEYWNYRWIQEFWAVRHA, 0.79
5079E20I70, RKVHDPHADPSWAEYWNYRWIQEFWAVRHA, 0.82
5079E21I72, RKVHDPHADPSWAHYWNYRWIQEFWAVRHA, 0.83
5079E22I91, RKVHYPHADPSWAHYWNYRWIQEFWAVRHA, 0.84
5079E23I96, RKVHYPHADPSWAHYWNYRWAQEFWAVRHA, 0.85
5079E24I101, RKVHYPHADPSWAHYWSYRWAQEFWAVRHA, 0.86
5079E25I112, RKVHYGHADPSWAHYWSYRWAQEFWAVRHA, 0.87
5079E26I116, RKVHVGHADPSWAHYWSYRWAQEFWAVRHA, 0.88
5079E27I129, RHVHVGHADPSWAHYWSYRWAQEFWAVRHA, 0.89
5079E28I130, RHNHVGHADPSWAHYWSYRWAQEFWAVRHA, 0.92
5079E29I136, RHNHVGHADPSWAHYWSYRWAQEFWAVGHA, 0.94
5079E30I137, RHNHVGHADPSWAHYWSYWWAQEFWAVGHA, 0.96
5079E31I158, RHNHVGHADESWAHYWSYWWAQEFWAVGHA, 0.97
5079E32I204, RHNHVKHADESWAHYWSYWWAQEFWAVGHA, 0.98
