1394E0I0, RYLKVQSGWHRYIFEEHRFFIETRFWRIGL, 0.3
1394E1I1, RYLKVQSGWHRYIFEEHRFFIETQFWRIGL, 0.36
1394E2I8, RYLKVQSGWHRYIFREHRFFIETQFWRIGL, 0.43
1394E3I12, RYLKVQTGWHRYIFREHRFFIETQFWRIGL, 0.48
1394E4I15, RYLKVQTGWHRYIFREHRFFIETQFWFIGL, 0.49
1394E5I16, RYLKVQTGWHRYIFREHRFFIETQFWFVGL, 0.5
1394E6I20, RYLKVQTGWHRYIFREHRFFIHTQFWFVGL, 0.51
1394E7I21, RYLKVQTGGHRYIFREHRFFIHTQFWFVGL, 0.53
1394E8I23, RYLKVQTGGSRYIFREHRFFIHTQFWFVGL, 0.57
1394E9I24, RYLKVQTGGSRYIFREHRFFIHTQFWFVGR, 0.58
1394E10I28, RYLKVETGGSRYIFREHRFFIHTQFWFVGR, 0.63
1394E11I37, RYWKVETGGSRYIFREHRFFIHTQFWFVGR, 0.69
1394E12I42, RYWKVETGGSRYIFREHRFPIHTQFWFVGR, 0.7
1394E13I47, RYWKVETGGSRYIFREHRFPAHTQFWFVGR, 0.72
1394E14I48, RYWKVETGGSRYIFPEHRFPAHTQFWFVGR, 0.75
1394E15I73, RYWKVETGGSRYKFPEHRFPAHTQFWFVGR, 0.76
1394E16I96, RYWKVETGGSRYKFPEHRFPAHTQTWFVGR, 0.78
1394E17I99, RYWKVETGGSRYKFPEHRHPAHTQTWFVGR, 0.81
1394E18I102, RYWKVETGGSRYKFPEHNHPAHTQTWFVGR, 0.83
1394E19I105, RYWKVETGGSRYFFPEHNHPAHTQTWFVGR, 0.85
1394E20I122, RYWKVETYGSRYFFPEHNHPAHTQTWFVGR, 0.87
1394E21I124, RYWKVETYGSRHFFPEHNHPAHTQTWFVGR, 0.88
1394E22I138, RYWKVETYGSRHFFPEHNHPAHTHTWFVGR, 0.89
1394E23I154, RYWKVETYGSRHFFPNHNHPAHTHTWFVGR, 0.9
1394E24I162, RYWFVETYGSRHFFPNHNHPAHTHTWFVGR, 0.91
1394E25I243, RYWFVETYGSRHFFPNHNHPAHTHTWFVER, 0.92
1394E26I253, RYWFVETYGSRHWFPNHNHPAHTHTWFVER, 0.93
1394E27I280, RYWFVETYYSRHWFPNHNHPAHTHTWFVER, 0.94
1394E28I301, RYWFVETYYSRHWAPNHNHPAHTHTWFVER, 0.95
1394E29I338, RYWFVETYYSRHWAPNHNHPAHTHTWFVPR, 0.96
