12775E0I0, TFRSEGWHVWTIVTDAIQWDASELPVGNVV, 0.36
12775E1I1, TFRSEGWHVWTIVTDAIQWQASELPVGNVV, 0.38
12775E2I3, TFRSEGWHVWTIVTDAIQWQASELPVGNVA, 0.39
12775E3I5, TFRSEGWHVWTIVTDAIQWQASELPFGNVA, 0.4
12775E4I10, TFRSEGWHVWTIVTDAIQWQATELPFGNVA, 0.41
12775E5I16, TFRSEGWHVWTIVTDAIQWQATELPFGKVA, 0.45
12775E6I18, TFRSEGWHVWTIVTDAIQWQATELPLGKVA, 0.46
12775E7I19, TFRSEGWFVWTIVTDAIQWQATELPLGKVA, 0.48
12775E8I26, TFRSEGWFVWTIVTDAIRWQATELPLGKVA, 0.49
12775E9I27, TFRSEGWFVWTIVTDEIRWQATELPLGKVA, 0.5
12775E10I34, TFVSEGWFVWTIVTDEIRWQATELPLGKVA, 0.51
12775E11I36, TFVSEGWFVWHIVTDEIRWQATELPLGKVA, 0.59
12775E12I37, TFVSEGWFVWHIVTDEIRWHATELPLGKVA, 0.6
12775E13I40, TFVSEGWFVWHIVTDEIRWHATELPLGKWA, 0.62
12775E14I51, TFVSEGWFVWHIVFDEIRWHATELPLGKWA, 0.65
12775E15I57, TFVSEGWFVWHIVFDEIRQHATELPLGKWA, 0.68
12775E16I58, TFVSEGWFVWHIVFDEIRQHATELPLGTWA, 0.69
12775E17I62, TFVSEGWFVWHIGFDEIRQHATELPLGTWA, 0.7
12775E18I79, TFVSEGWFVWHIGFDEIVQHATELPLGTWA, 0.71
12775E19I92, TFVSEGWFVWHIGFDEIVRHATELPLGTWA, 0.72
12775E20I116, TFVSRGWFVWHIGFDEIVRHATELPLGTWA, 0.73
12775E21I123, TFVHRGWFVWHIGFDEIVRHATELPLGTWA, 0.74
12775E22I138, TFVHRGWFVWHIGFDEIVRHATELPLGTWI, 0.75
12775E23I157, TFVHRGWFVWHIGFDEIVHHATELPLGTWI, 0.76
12775E24I199, TFVHRHWFVWHIGFDEIVHHATELPLGTWI, 0.77
12775E25I202, TFVHRHTFVWHIGFDEIVHHATELPLGTWI, 0.78
12775E26I226, TFVPRHTFVWHIGFDEIVHHATELPLGTWI, 0.79
