178E0I0, RNSFFERPWQLWVTNLEQASLEPDKYYTFE, 0.18
178E1I2, RNSEFERPWQLWVTNLEQASLEPDKYYTFE, 0.19
178E2I3, RNSEFERHWQLWVTNLEQASLEPDKYYTFE, 0.26
178E3I4, RNSEFERHWQLWVTNLEQASLERDKYYTFE, 0.3
178E4I5, RNSEFERHWQLWVTNLENASLERDKYYTFE, 0.34
178E5I6, RNSEFERHWQLWVTNLEIASLERDKYYTFE, 0.37
178E6I8, RNSEFERHWQLWVTNLEIASRERDKYYTFE, 0.38
178E7I10, RNSEFERHWQLWVTNLEIASRFRDKYYTFE, 0.4
178E8I23, RNSEFERHWQLWVTNLEIASRFRDKYQTFE, 0.42
178E9I26, RNSEFERHWQLWVTNLEIASRFRDKDQTFE, 0.43
178E10I32, RNSEFERHWQLWVTNLEIASRVRDKDQTFE, 0.44
178E11I45, RNSEFERHWQYWVTNLEIASRVRDKDQTFE, 0.49
178E12I50, RNSEFVRHWQYWVTNLEIASRVRDKDQTFE, 0.5
178E13I60, RNSEFVRHWQYWVTNLEIATRVRDKDQTFE, 0.52
178E14I74, RNSEFVRHWQYWVTNLEIATRVRDKDQTFQ, 0.56
178E15I81, RNSEFVRHWQYWVTNLEIATRWRDKDQTFQ, 0.61
178E16I92, RNSEFVRHWQYWVTNLLIATRWRDKDQTFQ, 0.62
178E17I93, ENSEFVRHWQYWVTNLLIATRWRDKDQTFQ, 0.63
178E18I96, ENSEFVRHWQYWVTNLLIATRWRDKDQTFW, 0.64
178E19I99, ENSEFVRHWQYWVTNLLIATRWGDKDQTFW, 0.65
178E20I107, ENSEFVRHWQYWVTNLLIATRWGDPDQTFW, 0.71
178E21I112, ENSEFVRHWQYWVTNLLIATRWGDPDQTFV, 0.73
178E22I123, ENSEFVRHWQYWVTNLLIATRWGDPNQTFV, 0.77
178E23I128, ENSEFVRHWQYWVTNLLIATRWVDPNQTFV, 0.78
178E24I155, ENSEFVRHWQYWATNLLIATRWVDPNQTFV, 0.79
178E25I157, ENQEFVRHWQYWATNLLIATRWVDPNQTFV, 0.81
178E26I163, ENQEFVRHWQYWATNLLIAVRWVDPNQTFV, 0.82
178E27I178, ENQEFVRHWSYWATNLLIAVRWVDPNQTFV, 0.83
178E28I181, ENQEFWRHWSYWATNLLIAVRWVDPNQTFV, 0.85
178E29I187, HNQEFWRHWSYWATNLLIAVRWVDPNQTFV, 0.86
178E30I204, HNQEFWRHWSYWATNLLIAVRWVDPWQTFV, 0.88
178E31I268, HNQEFWRHWSYWATNLGIAVRWVDPWQTFV, 0.91
