13721E0I0, VITRQPIVSYIHRVHHYVAHDYPVVKTWIF, 0.32
13721E1I1, VITRQPIVSYIHRVHHYVAHDYPVVLTWIF, 0.34
13721E2I2, VITRQPIISYIHRVHHYVAHDYPVVLTWIF, 0.36
13721E3I3, VITRQIIISYIHRVHHYVAHDYPVVLTWIF, 0.43
13721E4I5, VITRQIIISYWHRVHHYVAHDYPVVLTWIF, 0.49
13721E5I9, VISRQIIISYWHRVHHYVAHDYPVVLTWIF, 0.51
13721E6I10, VISRQIIISYWHRVHHVVAHDYPVVLTWIF, 0.54
13721E7I17, DISRQIIISYWHRVHHVVAHDYPVVLTWIF, 0.57
13721E8I20, DILRQIIISYWHRVHHVVAHDYPVVLTWIF, 0.59
13721E9I22, DILRQIIISYWHRVHHVVAHDYAVVLTWIF, 0.6
13721E10I23, DILRQIIISYWHRVHHVVPHDYAVVLTWIF, 0.62
13721E11I25, DILRQIIISYWHIVHHVVPHDYAVVLTWIF, 0.69
13721E12I28, DILRQIIISYWHIVHHVVPHQYAVVLTWIF, 0.7
13721E13I31, DILRQISISYWHIVHHVVPHQYAVVLTWIF, 0.71
13721E14I34, DILRQISWSYWHIVHHVVPHQYAVVLTWIF, 0.75
13721E15I35, DILRQISWSYWHIVHHQVPHQYAVVLTWIF, 0.76
13721E16I44, DILRQISWSYWHIVHHIVPHQYAVVLTWIF, 0.83
13721E17I50, DILRQISWSYWHIVHHIVPHQYFVVLTWIF, 0.84
13721E18I54, DILRQISWSYWHILHHIVPHQYFVVLTWIF, 0.88
13721E19I102, DILAQISWSYWHILHHIVPHQYFVVLTWIF, 0.89
13721E20I118, DILAQISWSYWHILHHIVPHQYFVVLTHIF, 0.9
13721E21I159, DILAQISWSYWHILHHIVPHQYFVVHTHIF, 0.91
13721E22I178, DILAQYSWSYWHILHHIVPHQYFVVHTHIF, 0.92
13721E23I222, DILAQYYWSYWHILHHIVPHQYFVVHTHIF, 0.93
13721E24I293, DILAQYYWSYWHILHHIVPHQYWVVHTHIF, 0.94
13721E25I327, DILAQYYFSYWHILHHIVPHQYWVVHTHIF, 0.95
