9131E0I0, RVVTQTYGWPIVVIVKQVENKFFLAFYKQK, 0.43
9131E1I3, RVVTQTYGWPIFVIVKQVENKFFLAFYKQK, 0.45
9131E2I4, RVVTQTYGWPIFVIVKQVENKDFLAFYKQK, 0.46
9131E3I8, RVVTQTYGHPIFVIVKQVENKDFLAFYKQK, 0.49
9131E4I10, RVVTQTYGHPIFVIVKQVENKDFLAFYKQI, 0.5
9131E5I14, RVVTQTYGHPIFVIVKQVENKDTLAFYKQI, 0.51
9131E6I16, RQVTQTYGHPIFVIVKQVENKDTLAFYKQI, 0.52
9131E7I17, RQVTQTYGHPLFVIVKQVENKDTLAFYKQI, 0.53
9131E8I18, RQVTQTYGHPLFVIVKQVEDKDTLAFYKQI, 0.55
9131E9I22, VQVTQTYGHPLFVIVKQVEDKDTLAFYKQI, 0.56
9131E10I24, VQVTHTYGHPLFVIVKQVEDKDTLAFYKQI, 0.58
9131E11I26, VQVHHTYGHPLFVIVKQVEDKDTLAFYKQI, 0.59
9131E12I29, VQVHHIYGHPLFVIVKQVEDKDTLAFYKQI, 0.61
9131E13I32, VQVHHIYGHPLFVIVKQVEDKDTLAFYNQI, 0.62
9131E14I37, VQVHHIYGHPLFVIVKQVEDKDTLAFYLQI, 0.65
9131E15I39, VQVHHIYGHPLFVIVKQVEDKDTLHFYLQI, 0.67
9131E16I40, VQVHHIYGHPLFVIVKQVEDKDTLHNYLQI, 0.7
9131E17I55, VQAHHIYGHPLFVIVKQVEDKDTLHNYLQI, 0.71
9131E18I58, VQAHHIYGHPLFVIVKDVEDKDTLHNYLQI, 0.75
9131E19I70, VQAHHIYGHPLFVIVKDVWDKDTLHNYLQI, 0.76
9131E20I82, VQAHHIYGHPLFVIVKDVWFKDTLHNYLQI, 0.77
9131E21I84, VQAHHIYGHPLFHIVKDVWFKDTLHNYLQI, 0.81
9131E22I86, VQAHHIYGHPLFHIVKDVWFKDTPHNYLQI, 0.84
9131E23I158, VQAHHIYGHPLQHIVKDVWFKDTPHNYLQI, 0.86
9131E24I207, VQAHHIYGHPLQHIVKDVWFKDTPHNYLQE, 0.87
9131E25I235, VQAHHIYHHPLQHIVKDVWFKDTPHNYLQE, 0.88
9131E26I315, VQAHHIYHHPLQHIVKDVWFKDTPHNYIQE, 0.89
9131E27I328, VQAHHIYHHPLQHIVKDVWFKDPPHNYIQE, 0.91
9131E28I374, VQAHHIYHHPLQHIVKDVWFKDSPHNYIQE, 0.92
