622E0I0, KNFNRWTAHTAANQGYRSHETRNAEGEYNP, 0.35
622E1I2, KNFNRWTAHTKANQGYRSHETRNAEGEYNP, 0.38
622E2I5, KNFNRWTAHTKANQGYRSHETFNAEGEYNP, 0.43
622E3I11, KNFNRWTAHTKANQGYLSHETFNAEGEYNP, 0.44
622E4I14, KNFNNWTAHTKANQGYLSHETFNAEGEYNP, 0.47
622E5I20, KNFNNWTAHTKANQGYLSHETFNAEHEYNP, 0.49
622E6I25, KNFNNWTAHTKANQGYASHETFNAEHEYNP, 0.52
622E7I31, KNFNNWTAHTKANQGYASHETFNAEHEYNA, 0.54
622E8I34, KNFNNWTAHTKANQGYASWETFNAEHEYNA, 0.56
622E9I35, KNFNNWTAHTKANQYYASWETFNAEHEYNA, 0.59
622E10I38, KNFNNWTAHTKANQYGASWETFNAEHEYNA, 0.6
622E11I43, KAFNNWTAHTKANQYGASWETFNAEHEYNA, 0.65
622E12I56, KAFVNWTAHTKANQYGASWETFNAEHEYNA, 0.67
622E13I60, KAFVNWTAHWKANQYGASWETFNAEHEYNA, 0.68
622E14I85, KAFVNWTAHWKANQYGESWETFNAEHEYNA, 0.69
622E15I91, KAFVVWTAHWKANQYGESWETFNAEHEYNA, 0.75
