18502E0I0, FVIERDAQTGGHLTNLAEIIFVLKVSIFED, 0.44
18502E1I10, FVIERDAQTGGHLTNLAEIIFVLKVSIFWD, 0.52
18502E2I11, FVIERDAQTGGHLHNLAEIIFVLKVSIFWD, 0.55
18502E3I16, FVIERDAQTGGHLHNLAEIIFVLKVSIFWT, 0.56
18502E4I19, FVIERDAQTGGHLHNLAEIIFVLKVSIFWP, 0.58
18502E5I25, FVIERDAQTGGHLHNLAEIIFVLRVSIFWP, 0.61
18502E6I27, FVIERDAQTGGHLHNLAEEIFVLRVSIFWP, 0.63
18502E7I30, FVIEDDAQTGGHLHNLAEEIFVLRVSIFWP, 0.64
18502E8I48, FVIEDDAQTGGHLHNWAEEIFVLRVSIFWP, 0.66
18502E9I52, FVIWDDAQTGGHLHNWAEEIFVLRVSIFWP, 0.67
18502E10I53, FVIADDAQTGGHLHNWAEEIFVLRVSIFWP, 0.69
18502E11I55, FVFADDAQTGGHLHNWAEEIFVLRVSIFWP, 0.7
18502E12I61, FVFADDAQTGGHLHNWAEEIFVLRRSIFWP, 0.71
18502E13I63, FVFADDAQVGGHLHNWAEEIFVLRRSIFWP, 0.72
18502E14I70, FVFADDAQVGGHLHNWAEEIFVLRRSIYWP, 0.75
18502E15I79, FVFADDRQVGGHLHNWAEEIFVLRRSIYWP, 0.76
18502E16I84, FVFAFDRQVGGHLHNWAEEIFVLRRSIYWP, 0.77
18502E17I87, IVFAFDRQVGGHLHNWAEEIFVLRRSIYWP, 0.78
18502E18I95, IVFAFDRQVGGHLHNWAEETFVLRRSIYWP, 0.81
18502E19I100, IVFAFYRQVGGHLHNWAEETFVLRRSIYWP, 0.82
18502E20I106, IVFAFYAQVGGHLHNWAEETFVLRRSIYWP, 0.83
18502E21I109, IVFAFYAQVGGHLHNWAEETFVLRRSLYWP, 0.84
18502E22I121, IVFHFYAQVGGHLHNWAEETFVLRRSLYWP, 0.85
18502E23I148, ITFHFYAQVGGHLHNWAEETFVLRRSLYWP, 0.86
18502E24I156, ITFHWYAQVGGHLHNWAEETFVLRRSLYWP, 0.88
18502E25I164, LTFHWYAQVGGHLHNWAEETFVLRRSLYWP, 0.89
18502E26I197, LTFHWYAQVGGHLHNWAEETFVLRRSRYWP, 0.91
18502E27I200, LTFHWYAQVGGHLHNWAEETFVLLRSRYWP, 0.92
18502E28I203, LTFHWYAQVGGHLHTWAEETFVLLRSRYWP, 0.93
