11888E0I0, VETSTRTDDYSSDYIYVGLTWNYTASPHIW, 0.3
11888E1I1, VETSTRTDDYSSDYIYVGLTWNYTKSPHIW, 0.32
11888E2I5, VETSTRTDDYSSDYIYVGLTWNYTKSPHHW, 0.35
11888E3I6, VETSTRTDLYSSDYIYVGLTWNYTKSPHHW, 0.37
11888E4I7, VETSTRTYLYSSDYIYVGLTWNYTKSPHHW, 0.41
11888E5I10, VETSTRTYLYSSDYIFVGLTWNYTKSPHHW, 0.45
11888E6I21, VETSTRTYLHSSDYIFVGLTWNYTKSPHHW, 0.46
11888E7I22, VETDTRTYLHSSDYIFVGLTWNYTKSPHHW, 0.56
11888E8I23, VEVDTRTYLHSSDYIFVGLTWNYTKSPHHW, 0.58
11888E9I27, VEVDTRTYLHSSDYFFVGLTWNYTKSPHHW, 0.6
11888E10I31, VEVDTRTYLHSSDYFFVGDTWNYTKSPHHW, 0.63
11888E11I33, VEVDTRTALHSSDYFFVGDTWNYTKSPHHW, 0.65
11888E12I42, VEVDSRTALHSSDYFFVGDTWNYTKSPHHW, 0.68
11888E13I45, VEVDSHTALHSSDYFFVGDTWNYTKSPHHW, 0.74
11888E14I46, VEVDSHTALHSSDYFFVGDTWNYTLSPHHW, 0.76
11888E15I51, VEVDSHAALHSSDYFFVGDTWNYTLSPHHW, 0.77
11888E16I85, VEVDSHAALHSSDYFFVGDTWNYSLSPHHW, 0.78
11888E17I93, VEVDSHAALHSSDYFFVGDTWNYSRSPHHW, 0.8
11888E18I112, DEVDSHAALHSSDYFFVGDTWNYSRSPHHW, 0.82
11888E19I127, DEVDSHAALHSSDYFFVGDTWNYSRHPHHW, 0.83
11888E20I129, DEVDSHAALHSSDYFFVGDTWNYSQHPHHW, 0.85
11888E21I156, DEVDSHAAPHSSDYFFVGDTWNYSQHPHHW, 0.86
11888E22I173, DEVDSHAAPHSSDYFFVGDTWRYSQHPHHW, 0.89
11888E23I175, DEVDSHAAPHSSDYFFVGDTWAYSQHPHHW, 0.9
11888E24I183, DEVDSHAAPHSSDYFFVGDTWAYSPHPHHW, 0.91
11888E25I215, DEVDSHAAPHSSSYFFVGDTWAYSPHPHHW, 0.93
11888E26I249, DEVDSHAAPHSSSYFFVGDTWAYSPHPTHW, 0.94
