18099E0I0, HAHKTGKQYNPKLPKTGIPHGWLNLEHATT, 0.36
18099E1I3, HAHKTGKQYNPKLPKTGIPHGWLNLSHATT, 0.38
18099E2I5, HAHKTGKQYNHKLPKTGIPHGWLNLSHATT, 0.41
18099E3I8, HAHKTGKQYNHKLPKTGFPHGWLNLSHATT, 0.43
18099E4I17, HAHKTGKQRNHKLPKTGFPHGWLNLSHATT, 0.45
18099E5I19, HAHKTGKQRNHKLPKTGFPHGWLNTSHATT, 0.47
18099E6I20, HAHKTGKQRNHKLPKTGFWHGWLNTSHATT, 0.48
18099E7I38, HAHKFGKQRNHKLPKTGFWHGWLNTSHATT, 0.49
18099E8I40, HAHKFGKQRNHKLPKTGFWHGWLNTRHATT, 0.51
18099E9I47, HAHKFGKQRNHKLHKTGFWHGWLNTRHATT, 0.53
18099E10I50, HAHIFGKQRNHKLHKTGFWHGWLNTRHATT, 0.55
18099E11I62, HAHIFGKRRNHKLHKTGFWHGWLNTRHATT, 0.56
18099E12I64, HAHIFGKRRNHILHKTGFWHGWLNTRHATT, 0.58
18099E13I68, HAHIFGKRRNHILHETGFWHGWLNTRHATT, 0.63
18099E14I70, WAHIFGKRRNHILHETGFWHGWLNTRHATT, 0.66
18099E15I71, WAHIYGKRRNHILHETGFWHGWLNTRHATT, 0.68
18099E16I72, WAHIYGKRRNHILHVTGFWHGWLNTRHATT, 0.69
18099E17I73, WAHIYGKRRNHILHVTGFWHGWLNTRHNTT, 0.7
18099E18I75, WAHIYGKRRNHILHVTGFWHVWLNTRHNTT, 0.72
18099E19I78, WAHIYGKRRNHIAHVTGFWHVWLNTRHNTT, 0.73
18099E20I80, WAHIYGKRRNHIAHVTWFWHVWLNTRHNTT, 0.74
18099E21I81, WAHIYGKWRNHIAHVTWFWHVWLNTRHNTT, 0.77
18099E22I96, WAHIYGKWRNHIAHVTWFWHVWLNTRHNTA, 0.78
18099E23I105, WAHIYGKWRNHIAHVTWFWHIWLNTRHNTA, 0.81
18099E24I107, WAHIYGKWRNHIAHNTWFWHIWLNTRHNTA, 0.82
18099E25I112, WAHIYGKWRNHIAHNTWFWHIWLNHRHNTA, 0.83
18099E26I116, WAHIYGKWRNHIAHNTWFWHIWLYHRHNTA, 0.87
18099E27I131, WAHIYGKWRNHIQHNTWFWHIWLYHRHNTA, 0.89
18099E28I135, WAHIYGKWRNHIQHNTWFWHIWLWHRHNTA, 0.91
18099E29I176, WAHIYGKWRNHIQHNTWFWHIWLHHRHNTA, 0.92
18099E30I208, WAHIYGKWRNHIQHNTWFWHIWLHHRHLTA, 0.93
18099E31I211, WAHIYGKWRNHIQHNTWFWHIWLHHTHLTA, 0.94
18099E32I216, WAHIYGKWRNHIQHNTWFWHISLHHTHLTA, 0.95
18099E33I238, WAHIYGKWRNHIQHNTTFWHISLHHTHLTA, 0.96
