15032E0I0, ITNQAPWFAPEWYVGWAWYYGDDSWDYLGF, 0.5
15032E1I2, ITNQAPWFAPEWYQGWAWYYGDDSWDYLGF, 0.53
15032E2I4, ITNQAPWFAPEWYQGWAWYYGDDSWRYLGF, 0.54
15032E3I5, ITNQAPWFAPEWYQGWAWYYGDDQWRYLGF, 0.55
15032E4I17, ITNQAPWFAPEWYQGWAWYYGDDQWRYLAF, 0.59
15032E5I18, ITNQAPWFAPEWYQGWAWYYGDDQWRYRAF, 0.61
15032E6I21, ITNQAPWFAPAWYQGWAWYYGDDQWRYRAF, 0.69
15032E7I26, ITNQAPKFAPAWYQGWAWYYGDDQWRYRAF, 0.7
15032E8I29, ITNQAPKFAPAWYWGWAWYYGDDQWRYRAF, 0.72
15032E9I30, IQNQAPKFAPAWYWGWAWYYGDDQWRYRAF, 0.76
15032E10I31, IQNQAPKFAPAWYWGWAWYYGDDQWRYWAF, 0.8
15032E11I33, TQNQAPKFAPAWYWGWAWYYGDDQWRYWAF, 0.81
15032E12I37, TQNQAPKFAPAWYWGWAWYYFDDQWRYWAF, 0.83
15032E13I42, TQNQNPKFAPAWYWGWAWYYFDDQWRYWAF, 0.84
15032E14I74, TQNQIPKFAPAWYWGWAWYYFDDQWRYWAF, 0.87
15032E15I84, TQNQIPKFAPAWYWGWAWYYDDDQWRYWAF, 0.88
15032E16I103, TQNQIPKFAPAWYWGWAWYYDDDQERYWAF, 0.89
15032E17I144, TQNQIPAFAPAWYWGWAWYYDDDQERYWAF, 0.91
15032E18I156, TQNQIPAFAPAWYWSWAWYYDDDQERYWAF, 0.93
15032E19I157, TQNQIPAFAPAWYWSWAWYYDDDRERYWAF, 0.94
