17221E0I0, PANQDHRSTNVFQWYSYLTLVLYQWSRNEA, 0.19
17221E1I2, PANQDHRSTNVFQWYSYLTLVLYGWSRNEA, 0.24
17221E2I4, PANQDHRSTNVFQWYSYLTLTLYGWSRNEA, 0.34
17221E3I7, PANQDHRSTNVFTWYSYLTLTLYGWSRNEA, 0.38
17221E4I9, PANQDHRSTNVFTWYSYLTLTLYGWSRYEA, 0.45
17221E5I12, PANQDHRLTNVFTWYSYLTLTLYGWSRYEA, 0.49
17221E6I17, PANQDHRLTEVFTWYSYLTLTLYGWSRYEA, 0.54
17221E7I20, PANQDHILTEVFTWYSYLTLTLYGWSRYEA, 0.55
17221E8I27, PANQDRILTEVFTWYSYLTLTLYGWSRYEA, 0.57
17221E9I30, PAIQDRILTEVFTWYSYLTLTLYGWSRYEA, 0.6
17221E10I32, PAIQDRILTEVFTWYSLLTLTLYGWSRYEA, 0.61
17221E11I35, RAIQDRILTEVFTWYSLLTLTLYGWSRYEA, 0.62
17221E12I47, RAIQDRILTEVFTWYSLLTLTLLGWSRYEA, 0.63
17221E13I56, RAIQDRILTEVFTWYSLLTLTLTGWSRYEA, 0.64
17221E14I57, RAIQDRILTEVFTWYSLLTLTLTGWSRYEW, 0.68
17221E15I58, RAIQDRILTEVWTWYSLLTLTLTGWSRYEW, 0.73
17221E16I62, RAIQERILTEVWTWYSLLTLTLTGWSRYEW, 0.75
17221E17I67, RATQERILTEVWTWYSLLTLTLTGWSRYEW, 0.78
17221E18I71, RATQERILTEVWHWYSLLTLTLTGWSRYEW, 0.84
17221E19I72, RATQEYILTEVWHWYSLLTLTLTGWSRYEW, 0.85
17221E20I86, RATQEYILTEVWHWYSLLTLTLTGWSRYLW, 0.86
17221E21I104, RATQEYILTEVWHWYWLLTLTLTGWSRYLW, 0.89
17221E22I119, RATQEYILTEVWHWYWLLTLTLTGWSRYTW, 0.91
