10566E0I0, FTWIKHGSISDWIAEFRTFWNYGDFPWINV, 0.36
10566E1I1, FHWIKHGSISDWIAEFRTFWNYGDFPWINV, 0.39
10566E2I2, FHWIKHGSISDWQAEFRTFWNYGDFPWINV, 0.41
10566E3I3, FHWAKHGSISDWQAEFRTFWNYGDFPWINV, 0.44
10566E4I5, FHWAKHGSISDWQAEFRTFWNYGDFPWINW, 0.48
10566E5I9, FHWAKHGSISDWQAEFQTFWNYGDFPWINW, 0.51
10566E6I10, FHWAKHGSISDWQWEFQTFWNYGDFPWINW, 0.52
10566E7I11, FHWAKHGSISDWQWEFQTFWNYGDVPWINW, 0.54
10566E8I12, FHWAKHGSISLWQWEFQTFWNYGDVPWINW, 0.59
10566E9I16, FHWAKHGSISLKQWEFQTFWNYGDVPWINW, 0.6
10566E10I17, FHWAYHGSISLKQWEFQTFWNYGDVPWINW, 0.63
10566E11I18, FHWAYHGSISLKQWYFQTFWNYGDVPWINW, 0.65
10566E12I29, FHWAYHGSILLKQWYFQTFWNYGDVPWINW, 0.67
10566E13I33, FHWAYHGSILLKQWYFQTFWNYGDVPWPNW, 0.7
10566E14I57, FHWAYHGSILLKQWYFQTFWRYGDVPWPNW, 0.71
10566E15I60, FHWAYHWSILLKQWYFQTFWRYGDVPWPNW, 0.73
10566E16I62, FHWAYHWSILQKQWYFQTFWRYGDVPWPNW, 0.74
10566E17I67, FHWAYHWSILQTQWYFQTFWRYGDVPWPNW, 0.76
10566E18I77, FHWAYHWSILQTQWYFQTFWRYGGVPWPNW, 0.78
10566E19I104, GHWAYHWSILQTQWYFQTFWRYGGVPWPNW, 0.79
10566E20I112, GHWAYHWSILQHQWYFQTFWRYGGVPWPNW, 0.8
10566E21I118, GHWAYHWSILQHPWYFQTFWRYGGVPWPNW, 0.83
10566E22I123, GHWAYHWSILQHPWYFPTFWRYGGVPWPNW, 0.84
10566E23I131, GHWAYHWSISQHPWYFPTFWRYGGVPWPNW, 0.85
10566E24I134, GHWAYHWSISQHPWYDPTFWRYGGVPWPNW, 0.86
10566E25I158, GHWAYHWSISQHPWYDPTWWRYGGVPWPNW, 0.87
10566E26I170, GHWAYHWSISQHPWYDPTWWRYGGVPWHNW, 0.89
10566E27I186, GHWAYHWSISQHPWYDPTWWRYGFVPWHNW, 0.9
10566E28I194, GHWAYHWSISQHPWSDPTWWRYGFVPWHNW, 0.92
10566E29I199, FHWAYHWSISQHPWSDPTWWRYGFVPWHNW, 0.93
