5864E0I0, FVGFYPPSQLDGNTHGIQLPGLTNRVSNTL, 0.41
5864E1I6, FVGFDPPSQLDGNTHGIQLPGLTNRVSNTL, 0.42
5864E2I7, FVGFDPPSQLDGNTHGIQLPHLTNRVSNTL, 0.43
5864E3I13, FVGFDPPSQKDGNTHGIQLPHLTNRVSNTL, 0.45
5864E4I19, FVGFDPPSQKDGNTHGIQLPHLTNRQSNTL, 0.48
5864E5I20, FVGFDPPSQKDSNTHGIQLPHLTNRQSNTL, 0.5
5864E6I22, FVGFDPPSQVDSNTHGIQLPHLTNRQSNTL, 0.53
5864E7I23, FVGFDPPSQVDSNTHGIQLPHLKNRQSNTL, 0.54
5864E8I24, FVGFDPPSQVDSNTHGIQAPHLKNRQSNTL, 0.59
5864E9I32, FVGFDPPSQVDSNTHGIAAPHLKNRQSNTL, 0.6
5864E10I35, FVGFDPPSQVDSNTHGSAAPHLKNRQSNTL, 0.66
5864E11I44, FVGFDPPSQVDSNTHGKAAPHLKNRQSNTL, 0.67
5864E12I61, FVGFDPPSQVHSNTHGKAAPHLKNRQSNTL, 0.69
5864E13I73, FVGFDPPSQVHSNTHGKAAPHLKNRQSNTW, 0.7
5864E14I115, FVGFDPPSQVHSNTHGKAAPHLPNRQSNTW, 0.74
5864E15I126, FVGFDPPSQVHSFTHGKAAPHLPNRQSNTW, 0.75
5864E16I213, FVGHDPPSQVHSFTHGKAAPHLPNRQSNTW, 0.76
5864E17I233, FVGHDPHSQVHSFTHGKAAPHLPNRQSNTW, 0.78
5864E18I257, FVGHDPHSQVHWFTHGKAAPHLPNRQSNTW, 0.8
5864E19I293, FVGHDPHSQVHWFTHGKAAPHGPNRQSNTW, 0.81
5864E20I334, FVGHDPHSQVHWHTHGKAAPHGPNRQSNTW, 0.83
5864E21I349, FVGHDPHSQVHWHTHGKAALHGPNRQSNTW, 0.84
5864E22I368, FVGHDPHSQVHWHTHGKAALHGPNRQNNTW, 0.85
5864E23I377, FVGHDPHSQVHWHTHGKAALHGPNRQVNTW, 0.87
5864E24I440, FVGHDPHSSVHWHTHGKAALHGPNRQVNTW, 0.88
5864E25I443, FVGHDPHSSVLWHTHGKAALHGPNRQVNTW, 0.89
5864E26I482, FVGHGPHSSVLWHTHGKAALHGPNRQVNTW, 0.9
