18106E0I0, PKKDQIFEGYIQLPPKLLWQHVAETFWFVH, 0.36
18106E1I1, PKKDQIFEVYIQLPPKLLWQHVAETFWFVH, 0.4
18106E2I3, PKKDQIFEVYIQLPPKLLWQHVAETFKFVH, 0.43
18106E3I4, PKKDQIFEVYIQLVPKLLWQHVAETFKFVH, 0.45
18106E4I5, PKKDQIFEAYIQLVPKLLWQHVAETFKFVH, 0.46
18106E5I10, PKADQIFEAYIQLVPKLLWQHVAETFKFVH, 0.5
18106E6I15, PKADQIFEAYIQLVPKLLWQIVAETFKFVH, 0.51
18106E7I27, YKADQIFEAYIQLVPKLLWQIVAETFKFVH, 0.52
18106E8I30, YKADQIFPAYIQLVPKLLWQIVAETFKFVH, 0.62
18106E9I37, YKADQIFPAYIQLVPFLLWQIVAETFKFVH, 0.64
18106E10I49, YKADKIFPAYIQLVPFLLWQIVAETFKFVH, 0.65
18106E11I57, YKADKIFPAYIQLVPFLTWQIVAETFKFVH, 0.66
18106E12I61, YKADKIFKAYIQLVPFLTWQIVAETFKFVH, 0.69
18106E13I67, YKADKIFKAYIQLVPHLTWQIVAETFKFVH, 0.71
18106E14I89, YKADKIFKAYIQLVPHLTWQIVAETFHFVH, 0.72
18106E15I101, YKADKIFKAYILLVPHLTWQIVAETFHFVH, 0.73
18106E16I103, YKADKIFKAYPLLVPHLTWQIVAETFHFVH, 0.74
18106E17I107, YKADKIFKAYPLLVPHLTWQIRAETFHFVH, 0.75
18106E18I120, YKADKLFKAYPLLVPHLTWQIRAETFHFVH, 0.77
18106E19I191, YKADKLFKAYHLLVPHLTWQIRAETFHFVH, 0.8
18106E20I230, YKADKLFKAYHLLVPHLHWQIRAETFHFVH, 0.82
18106E21I254, YKAAKLFKAYHLLVPHLHWQIRAETFHFVH, 0.86
18106E22I265, YKAAKAFKAYHLLVPHLHWQIRAETFHFVH, 0.87
18106E23I342, YKAAKAFKAYHLLLPHLHWQIRAETFHFVH, 0.88
18106E24I400, YKAAKAFKAYHLLLPHLHWQIRPETFHFVH, 0.89
18106E25I401, VKAAKAFKAYHLLLPHLHWQIRPETFHFVH, 0.9
18106E26I427, VKAAKAFKAYHLLLPHLHWQIRPETFHFHH, 0.91
18106E27I471, VKAAKAFKAYHLLLPHLHWQIRPETFHHHH, 0.92
18106E28I472, VKAAKAFKAYHLHLPHLHWQIRPETFHHHH, 0.93
18106E29I485, VKAAKAFKAYHLHLPHLHWQDRPETFHHHH, 0.94
18106E30I490, VKAAFAFKAYHLHLPHLHWQDRPETFHHHH, 0.95
