7685E0I0, YTVPDSASWDLRWPHRRVWRSEAHGWPRVG, 0.45
7685E1I7, YTVPDSASWDLRWPHRRVWRVEAHGWPRVG, 0.47
7685E2I9, YTVPDSASWDLRWSHRRVWRVEAHGWPRVG, 0.49
7685E3I13, YTVPDSASWDLRWGHRRVWRVEAHGWPRVG, 0.5
7685E4I16, YTVPDSASWDLRWGHRRVWRVHAHGWPRVG, 0.53
7685E5I19, YTVPDSASWDLRWGHRRKWRVHAHGWPRVG, 0.54
7685E6I27, YTVPDSASWDLRWGHRRKWRVHAHGWPHVG, 0.55
7685E7I28, YTVPDSASWDLRWGHRRKWRQHAHGWPHVG, 0.59
7685E8I31, STVPDSASWDLRWGHRRKWRQHAHGWPHVG, 0.61
7685E9I36, STVPDSASWDLRWGHRRKWRQHNHGWPHVG, 0.66
7685E10I41, STVPDSASWDLRWGHRRKWRQHNHGWFHVG, 0.67
7685E11I43, STVPDSASWALRWGHRRKWRQHNHGWFHVG, 0.7
7685E12I46, STVWDSASWALRWGHRRKWRQHNHGWFHVG, 0.71
7685E13I47, STVWDTASWALRWGHRRKWRQHNHGWFHVG, 0.72
7685E14I60, STVWDTASWALRWGHRRKWRQHNHYWFHVG, 0.78
7685E15I90, QTVWDTASWALRWGHRRKWRQHNHYWFHVG, 0.79
7685E16I113, QTVWDKASWALRWGHRRKWRQHNHYWFHVG, 0.81
7685E17I137, QTVWDKASWALRWAHRRKWRQHNHYWFHVG, 0.82
7685E18I153, QTVWDKVSWALRWAHRRKWRQHNHYWFHVG, 0.84
7685E19I156, QTVWDKVSWAERWAHRRKWRQHNHYWFHVG, 0.86
7685E20I173, QTVWDKVSWAERWAHNRKWRQHNHYWFHVG, 0.89
7685E21I246, QTVGDKVSWAERWAHNRKWRQHNHYWFHVG, 0.91
