3385E0I0, KTTDTNPQSEHWGYFINGPANAHINNPWRA, 0.35
3385E1I4, KTTDTDPQSEHWGYFINGPANAHINNPWRA, 0.36
3385E2I6, STTDTDPQSEHWGYFINGPANAHINNPWRA, 0.44
3385E3I12, STTDTDPQSEHWGYFINGPANAHINNPWRQ, 0.49
3385E4I26, STFDTDPQSEHWGYFINGPANAHINNPWRQ, 0.51
3385E5I30, STFNTDPQSEHWGYFINGPANAHINNPWRQ, 0.52
3385E6I33, STFNTDPQSEHWGYFINGHANAHINNPWRQ, 0.54
3385E7I34, STFNTDPRSEHWGYFINGHANAHINNPWRQ, 0.56
3385E8I36, STFNTDPRKEHWGYFINGHANAHINNPWRQ, 0.58
3385E9I37, STFNTDPRKEHWGYFIDGHANAHINNPWRQ, 0.59
3385E10I48, STFNTDPRKEHWGSFIDGHANAHINNPWRQ, 0.62
3385E11I61, STFNTEPRKEHWGSFIDGHANAHINNPWRQ, 0.64
3385E12I63, STFNTEPRKEHWGSFSDGHANAHINNPWRQ, 0.65
3385E13I66, STFNTEPRKEHWGSFSDGHANAHINNSWRQ, 0.68
3385E14I80, STFNTEPRKEHWGSFSDGHVNAHINNSWRQ, 0.73
3385E15I121, STFNTEPREEHWGSFSDGHVNAHINNSWRQ, 0.75
3385E16I130, STFNTEPREEHWGSFSPGHVNAHINNSWRQ, 0.76
3385E17I133, STFNTEPREEHWGSFSPGHVNAHIHNSWRQ, 0.79
3385E18I154, STFNTFPREEHWGSFSPGHVNAHIHNSWRQ, 0.81
3385E19I157, STFNTFPREEHWGSFSDGHVNAHIHNSWRQ, 0.82
3385E20I169, STFNTFPREEHWGSFSDGHVNAHNHNSWRQ, 0.85
3385E21I170, STFHTFPREEHWGSFSDGHVNAHNHNSWRQ, 0.9
3385E22I204, STFHTFPREEHWGSDSDGHVNAHNHNSWRQ, 0.91
3385E23I260, STFHTFPREEHWGSYSDGHVNAHNHNSWRQ, 0.92
