15230E0I0, YIQYQQTHWENRQKWWNWFSLWSSVAFEQF, 0.38
15230E1I2, YIQYQQTHWENRQKWWNWFSWWSSVAFEQF, 0.41
15230E2I12, YIQYQQTHWENRQKWWNWLSWWSSVAFEQF, 0.43
15230E3I13, YIQYQQTHWENRQKWWQWLSWWSSVAFEQF, 0.44
15230E4I16, YIQYQQTHWENRQKWWQHLSWWSSVAFEQF, 0.48
15230E5I19, YIQYQQTHWENRQKWWQHLSWWSSVAEEQF, 0.57
15230E6I29, YIQYQQTHWENRQEWWQHLSWWSSVAEEQF, 0.58
15230E7I48, YIQYQQTHWENRQEWWQHLSWWSSVAEESF, 0.67
15230E8I49, YIQYQQTHWENRQEWAQHLSWWSSVAEESF, 0.7
15230E9I52, YIQYQQTHWENRQEWAQHLSWWSSTAEESF, 0.71
15230E10I63, YIQYQQTHWENRQEWAQHLSWWSDTAEESF, 0.73
15230E11I65, YIHYQQTHWENRQEWAQHLSWWSDTAEESF, 0.74
15230E12I75, YIHQQQTHWENRQEWAQHLSWWSDTAEESF, 0.77
15230E13I83, YIHQQQTHWENRQEWAQHLSWWSDTAEETF, 0.78
15230E14I112, YIHWQQTHWENRQEWAQHLSWWSDTAEETF, 0.79
15230E15I117, YIHWQQHHWENRQEWAQHLSWWSDTAEETF, 0.8
15230E16I123, YIHWQQHHWENRQEWAQHQSWWSDTAEETF, 0.83
15230E17I204, YHHWQQHHWENRQEWAQHQSWWSDTAEETF, 0.85
15230E18I212, YWHWQQHHWENRQEWAQHQSWWSDTAEETF, 0.86
15230E19I217, YWHWQQHHWENRQEWAQHQSWWSDTAHETF, 0.88
15230E20I223, YWHWQQHHWENRQEWAQHQSWWSDTADETF, 0.89
15230E21I271, YWHIQQHHWENRQEWAQHQSWWSDTADETF, 0.9
15230E22I291, YWHIQQHHWENRQEWAQHPSWWSDTADETF, 0.92
15230E23I361, YWHIQQHHWENRQEWAHHPSWWSDTADETF, 0.93
