12946E0I0, QDLWGHWQFDQIFRDEAHDEKENSGNYESY, 0.38
12946E1I3, QDLWGHWQFDQIFRDLAHDEKENSGNYESY, 0.45
12946E2I6, QFLWGHWQFDQIFRDLAHDEKENSGNYESY, 0.48
12946E3I7, QFLWGHWQFDQYFRDLAHDEKENSGNYESY, 0.5
12946E4I9, QFLWGHWQFDQYFRDLAHDEKENSGNYSSY, 0.52
12946E5I12, QFLWGHWQFDQYFRDLAHDEKEESGNYSSY, 0.54
12946E6I13, QFLWGHWQFDQYFRDLAHDEKEESGNYSRY, 0.55
12946E7I20, QFLWGHLQFDQYFRDLAHDEKEESGNYSRY, 0.58
12946E8I21, QFLPGHLQFDQYFRDLAHDEKEESGNYSRY, 0.64
12946E9I40, QFLPGHLQFDQYFRDLAHDTKEESGNYSRY, 0.67
12946E10I66, QFLPGHLQFDQYFRDLAHNTKEESGNYSRY, 0.68
12946E11I139, QFLPGHLQFDQYFRDLAHNTKPESGNYSRY, 0.71
12946E12I149, QYLPGHLQFDQYFRDLAHNTKPESGNYSRY, 0.73
12946E13I168, QYLPGHLQFDQYLRDLAHNTKPESGNYSRY, 0.74
12946E14I172, QYLPGHLAFDQYLRDLAHNTKPESGNYSRY, 0.76
12946E15I175, QYLPGHLAFDQYLRDLHHNTKPESGNYSRY, 0.78
12946E16I211, QYLPGHLAFWQYLRDLHHNTKPESGNYSRY, 0.79
12946E17I230, QYLPGHLAFWQYLRDLHHNDKPESGNYSRY, 0.82
12946E18I246, QYLPGHLAFWQYLRDLHHNDKPETGNYSRY, 0.86
12946E19I262, QHLPGHLAFWQYLRDLHHNDKPETGNYSRY, 0.87
12946E20I282, QHLPGHLAFWQYLRDLHHNQKPETGNYSRY, 0.89
12946E21I319, QHLPGHLAFWQVLRDLHHNQKPETGNYSRY, 0.91
12946E22I407, QHLPGHLAFWQVLRDLHHNQKPETGNYWRY, 0.92
12946E23I409, QHLPWHLAFWQVLRDLHHNQKPETGNYWRY, 0.93
12946E24I484, QHLPWHLAFWQVLRDLHHNQKPETGWYWRY, 0.94
12946E25I495, QHLPWHLAFWQVLRDLHHNQKPETGWYWRF, 0.96
12946E26I591, QHLPWHLAFWQVLRHLHHNQKPETGWYWRF, 0.97
12946E27I673, QHLPWHLAFWQVLRHLHHNQKPETYWYWRF, 0.98
