3150E0I0, ANHEYGGDPLRRLPKYNKYFIWFNHWFHPI, 0.48
3150E1I1, ANGEYGGDPLRRLPKYNKYFIWFNHWFHPI, 0.5
3150E2I8, ANGEYGGDPLRRLPKYNKYFIKFNHWFHPI, 0.53
3150E3I11, ANGEYGHDPLRRLPKYNKYFIKFNHWFHPI, 0.54
3150E4I14, ANGEYGHDPLRRLPTYNKYFIKFNHWFHPI, 0.55
3150E5I17, ANGAYGHDPLRRLPTYNKYFIKFNHWFHPI, 0.56
3150E6I24, ANGAYGHDPLRRLPTYNKDFIKFNHWFHPI, 0.58
3150E7I29, ANGAYAHDPLRRLPTYNKDFIKFNHWFHPI, 0.61
3150E8I31, ANGAYAHDPLRRLPTYKKDFIKFNHWFHPI, 0.62
3150E9I32, ANGAYAHDPLRRLPTYKKDFIKFNHWFHPE, 0.63
3150E10I44, ANGAYAHDPLRRLPTYKKDFIFFNHWFHPE, 0.65
3150E11I49, ANGAYAHDPLRRLPTYKKDFIFFNHWFHPA, 0.66
3150E12I66, AYGAYAHDPLRRLPTYKKDFIFFNHWFHPA, 0.69
3150E13I69, AYGAYAHNPLRRLPTYKKDFIFFNHWFHPA, 0.7
3150E14I72, AYGAYAHNPLRRLPTYKKDFWFFNHWFHPA, 0.75
3150E15I76, AYGAYAHNPLRRLPTYKKDFWFFHHWFHPA, 0.76
3150E16I77, AYGAYAHNPLRRLPTYKKDFWFFHHWHHPA, 0.77
3150E17I84, AYGAYAHNPLRRLPTYKPDFWFFHHWHHPA, 0.78
3150E18I98, AYGAYAHNPNRRLPTYKPDFWFFHHWHHPA, 0.81
3150E19I105, AYGAYAHNPNRRLPTYKPDFWFFHHWHHPG, 0.82
3150E20I113, AYGAYAHNPNRRLPTYKPDFWFFHHWHHPP, 0.83
3150E21I125, AYGAYAHNYNRRLPTYKPDFWFFHHWHHPP, 0.85
3150E22I135, AYWAYAHNYNRRLPTYKPDFWFFHHWHHPP, 0.86
3150E23I151, AYWFYAHNYNRRLPTYKPDFWFFHHWHHPP, 0.87
3150E24I166, AYWFYAHNYWRRLPTYKPDFWFFHHWHHPP, 0.88
3150E25I194, AYWFYAHNYWRRAPTYKPDFWFFHHWHHPP, 0.89
3150E26I195, AYWFYAHNYWRRAPTYLPDFWFFHHWHHPP, 0.9
3150E27I200, AYWFYQHNYWRRAPTYLPDFWFFHHWHHPP, 0.91
3150E28I210, AYWFYQHNYWRRAPEYLPDFWFFHHWHHPP, 0.93
3150E29I214, AYWFYQHNYWRRAPEYPPDFWFFHHWHHPP, 0.94
3150E30I218, AYWAYQHNYWRRAPEYPPDFWFFHHWHHPP, 0.95
3150E31I240, AYWAYQHNYWRRAPEYPEDFWFFHHWHHPP, 0.96
