9496E0I0, IQQVGNADPIWIPPERVYDVAHNLNRIGVN, 0.43
9496E1I5, IQQVGNADPIWIPPERVYDVAHNVNRIGVN, 0.45
9496E2I6, IQQVGNADPIWIPPERVYDVEHNVNRIGVN, 0.46
9496E3I9, IQQVGNADPIWIPPERVYDVEHNQNRIGVN, 0.5
9496E4I11, IQQVGNADPIWIPPERVYDVEHNQNRIGVK, 0.52
9496E5I12, IQQVGNADLIWIPPERVYDVEHNQNRIGVK, 0.54
9496E6I13, IQQVGNADLIWIPPERVGDVEHNQNRIGVK, 0.55
9496E7I14, IQQVGNADLIWIPPERVGQVEHNQNRIGVK, 0.57
9496E8I21, IQQVGNADLIWIPPERVGQVEHNQNRIFVK, 0.59
9496E9I22, IQQQGNADLIWIPPERVGQVEHNQNRIFVK, 0.6
9496E10I23, IQQQGFADLIWIPPERVGQVEHNQNRIFVK, 0.7
9496E11I28, VQQQGFADLIWIPPERVGQVEHNQNRIFVK, 0.71
9496E12I30, VQQQGFADLIWIPPWRVGQVEHNQNRIFVK, 0.73
9496E13I31, VQQQGFADLIWIPPWRVGQVEHNQNRHFVK, 0.75
9496E14I33, VQQQGFADLIWIPPWRVGQVEHNQNRYFVK, 0.76
