1223E0I0, NYHQDKFAFFESTAKTRPYPHLRWLHDLVN, 0.46
1223E1I3, RYHQDKFAFFESTAKTRPYPHLRWLHDLVN, 0.47
1223E2I15, RYHQDKFAFFESTAKTRPYPHLHWLHDLVN, 0.5
1223E3I17, RYHQPKFAFFESTAKTRPYPHLHWLHDLVN, 0.51
1223E4I22, RYHQPKFAFFISTAKTRPYPHLHWLHDLVN, 0.54
1223E5I23, RYHQPKFAFFISTAKTDPYPHLHWLHDLVN, 0.56
1223E6I30, RYHYPKFAFFISTAKTDPYPHLHWLHDLVN, 0.58
1223E7I32, RYHYPKFAFFISTAKTDPAPHLHWLHDLVN, 0.59
1223E8I34, RYHYPKRAFFISTAKTDPAPHLHWLHDLVN, 0.6
1223E9I38, RYHYPKRAFFFSTAKTDPAPHLHWLHDLVN, 0.62
1223E10I39, RYHYPKRAFFFSTAKTDPAHHLHWLHDLVN, 0.64
1223E11I49, RYHYPKRAFFWSTAKTDPAHHLHWLHDLVN, 0.68
1223E12I58, RYHYPKRAFFWSPAKTDPAHHLHWLHDLVN, 0.69
1223E13I63, RYHYPKRAFFWSPAKTEPAHHLHWLHDLVN, 0.72
1223E14I67, RYHYPKRAFFWSPAKTEPAHHLHWLHDDVN, 0.74
1223E15I75, RYHYPKRAFFWSPAKTEPAHHLHWLHADVN, 0.78
1223E16I77, RYHYPKRAFFWSPAKTEPAHHLHWAHADVN, 0.8
1223E17I80, RYHYPKRAFFWSPAKTEPAHHLHWAHADVE, 0.81
1223E18I106, RYHYPKRAFFWSPAVTEPAHHLHWAHADVE, 0.82
1223E19I112, RYWYPKRAFFWSPAVTEPAHHLHWAHADVE, 0.85
1223E20I123, RYWYPKRAFFWSPAVTEPAHHLHWAHHDVE, 0.86
1223E21I139, RYWYPKRAFFWSPAVTEPAHHLHWAHHVVE, 0.87
1223E22I143, RYWYPKRAFFWSPAVTEPAHHLHWAHHWVE, 0.88
1223E23I146, RYWYPKRAFFWSPAVTEPAHHLHWAHHWTE, 0.89
1223E24I149, RYWYPWRAFFWSPAVTEPAHHLHWAHHWTE, 0.91
1223E25I150, RYWYPWRAFFWHPAVTEPAHHLHWAHHWTE, 0.92
1223E26I170, RYWSPWRAFFWHPAVTEPAHHLHWAHHWTE, 0.93
1223E27I182, RYWSPWRAFFWHPAVTFPAHHLHWAHHWTE, 0.95
1223E28I258, RYWSPWRAFFWHPAVTFPAHHLHWALHWTE, 0.97
