2104E0I0, SQWWIRDARHVHTSPPEEYTAVIRPGLPES, 0.39
2104E1I1, SQWWIRDARHVHTSPPEEYTALIRPGLPES, 0.43
2104E2I2, SQWWIRDARHVHVSPPEEYTALIRPGLPES, 0.52
2104E3I4, SQWWIRDAQHVHVSPPEEYTALIRPGLPES, 0.55
2104E4I8, SQWWIRDAQHVHVSPPEEYTALYRPGLPES, 0.59
2104E5I9, NQWWIRDAQHVHVSPPEEYTALYRPGLPES, 0.6
2104E6I11, NQWWIRDAQHVHVSPPEEYTALWRPGLPES, 0.62
2104E7I22, NQIWIRDAQHVHVSPPEEYTALWRPGLPES, 0.65
2104E8I23, NQIWIRDAQHVHVSPPEEYFALWRPGLPES, 0.67
2104E9I37, NQIWIRLAQHVHVSPPEEYFALWRPGLPES, 0.7
2104E10I45, NQIWIRLAQHWHVSPPEEYFALWRPGLPES, 0.75
2104E11I50, NQIWIRLAQHWHVPPPEEYFALWRPGLPES, 0.76
2104E12I56, NQIWIRYAQHWHVPPPEEYFALWRPGLPES, 0.77
2104E13I60, NQIWIRYAQHWHVPPPEEYFALWAPGLPES, 0.78
2104E14I66, NQIWRRYAQHWHVPPPEEYFALWAPGLPES, 0.81
2104E15I93, NQIVRRYAQHWHVPPPEEYFALWAPGLPES, 0.84
2104E16I100, NQIVRRYAQHWHVPPPEEYWALWAPGLPES, 0.86
2104E17I105, NQIVRRYAQHWHVPHPEEYWALWAPGLPES, 0.87
2104E18I117, NQIVRRYAHHWHVPHPEEYWALWAPGLPES, 0.88
2104E19I122, NQIVRRYAHHWHVGHPEEYWALWAPGLPES, 0.91
2104E20I148, NQIVRRYAHHWHVGHPEEYWAHWAPGLPES, 0.93
2104E21I158, NQIVRRYAHHWHVGHPEEYWAHWAPGAPES, 0.94
2104E22I172, NQIVRRYWHHWHVGHPEEYWAHWAPGAPES, 0.95
