4993E0I0, NGKIVKNFSLDSYFFLSITETLSAGSTFAP, 0.39
4993E1I6, NGKPVKNFSLDSYFFLSITETLSAGSTFAP, 0.44
4993E2I7, NGKPVKNFSLDSYFFLSIKETLSAGSTFAP, 0.46
4993E3I8, NGKPVKNFSLDSSFFLSIKETLSAGSTFAP, 0.49
4993E4I18, NGKPVKNFSLDSSFFLLIKETLSAGSTFAP, 0.5
4993E5I24, NGKPVHNFSLDSSFFLLIKETLSAGSTFAP, 0.55
4993E6I27, NGKPLHNFSLDSSFFLLIKETLSAGSTFAP, 0.56
4993E7I29, NGHPLHNFSLDSSFFLLIKETLSAGSTFAP, 0.59
4993E8I31, VGHPLHNFSLDSSFFLLIKETLSAGSTFAP, 0.6
4993E9I39, VGHPLHNFSLDRSFFLLIKETLSAGSTFAP, 0.61
4993E10I41, VGHPLHNFSLDRSFFLLIVETLSAGSTFAP, 0.62
4993E11I42, VGHPLHNFSLDRSFFLLIVETLSAASTFAP, 0.63
4993E12I46, VGHPLHNFSLDRSFFLLIVETLSAAPTFAP, 0.65
4993E13I58, VGHPLHNFSLDRSFFLLIVETDSAAPTFAP, 0.66
4993E14I69, VGHPLHNFSLDRSFFLLIVETDSAAPTFPP, 0.68
4993E15I72, VGHPLHNFSLDRSAFLLIVETDSAAPTFPP, 0.71
4993E16I78, VGHPLHNFSLDRSWFLLIVETDSAAPTFPP, 0.72
4993E17I82, VGHPLHNSSLDRSWFLLIVETDSAAPTFPP, 0.74
4993E18I85, VGHPLHNSSVDRSWFLLIVETDSAAPTFPP, 0.77
4993E19I88, VGHPLHNSSVDRSWFLLIVETDLAAPTFPP, 0.79
4993E20I110, VGHPLHNSSVDRSWFLLIVETDLAAPTFRP, 0.83
4993E21I111, VGHPLHNSSVDRSWFLLIVETFLAAPTFRP, 0.86
4993E22I112, VGHPLHNSSVDRYWFLLIVETFLAAPTFRP, 0.87
4993E23I161, VGHPLHNSSVDRYWFLLIVETFLAAPTFRI, 0.88
