14660E0I0, HYDVKKSGFKLGSGGIRQSYTVEDFEIFQW, 0.22
14660E1I1, HYDVKKSGFKLGSGGIRQSYTVEHFEIFQW, 0.25
14660E2I3, HYDVKKSGFKLGSGGIRQSYTVEHAEIFQW, 0.33
14660E3I4, HYDVKKSGFKLGSGGIRQSYTVEWAEIFQW, 0.34
14660E4I8, HYDVKKSGFKLGSGGIRQSYTVEWAEGFQW, 0.35
14660E5I9, HYDVKKSGFKLGSGGIRQSYTVEWADGFQW, 0.36
14660E6I13, HYDVKKSWFKLGSGGIRQSYTVEWADGFQW, 0.4
14660E7I17, HYDVKKSWFKLGSGGIRQSYTVEWADGFQY, 0.41
14660E8I23, HYDVKKSWFKLGSGGIRQHYTVEWADGFQY, 0.45
14660E9I24, HYDVKKSWFKLGSGGIRQHYTAEWADGFQY, 0.56
14660E10I28, HYDVKKSWFKLGSGGIRQHLTAEWADGFQY, 0.6
14660E11I31, HYDVKKSWFKLGSGGIRQHLTAEWADGFFY, 0.65
14660E12I36, HYDLKKSWFKLGSGGIRQHLTAEWADGFFY, 0.67
14660E13I38, HYDLKISWFKLGSGGIRQHLTAEWADGFFY, 0.69
14660E14I51, HYDLKISWFKLKSGGIRQHLTAEWADGFFY, 0.7
14660E15I55, HYSLKISWFKLKSGGIRQHLTAEWADGFFY, 0.72
14660E16I56, HYSLKISWFKLKSGGIRHHLTAEWADGFFY, 0.74
14660E17I92, HYSLKISWFKLKSSGIRHHLTAEWADGFFY, 0.75
14660E18I123, HYSLKISWFKLKSIGIRHHLTAEWADGFFY, 0.76
14660E19I124, HYSLKISWFKLKSIAIRHHLTAEWADGFFY, 0.79
14660E20I137, HYFLKISWFKLKSIAIRHHLTAEWADGFFY, 0.8
14660E21I139, HYFLKISWFKLKSKAIRHHLTAEWADGFFY, 0.81
14660E22I173, HYFLIISWFKLKSKAIRHHLTAEWADGFFY, 0.83
14660E23I226, HYFLIISWFKLKSKAIRHHLTAEWADDFFY, 0.84
14660E24I264, HLFLIISWFKLKSKAIRHHLTAEWADDFFY, 0.86
14660E25I280, HLFLIISWFKLKSKAIVHHLTAEWADDFFY, 0.87
14660E26I311, HLFLIISWFKLKSKAIVHHLTAEWADDFNY, 0.88
14660E27I404, HLFLIISWFKLKSKAIVHHLTAEWADDFNQ, 0.89
14660E28I442, HLFLQISWFKLKSKAIVHHLTAEWADDFNQ, 0.9
