9051E0I0, KTRIRISWRIRPALWVARVLWYRDVPTGVK, 0.27
9051E1I3, KTRPRISWRIRPALWVARVLWYRDVPTGVK, 0.28
9051E2I6, KTRPRISWRIRPALWVARILWYRDVPTGVK, 0.32
9051E3I7, KTRPRISWRIRQALWVARILWYRDVPTGVK, 0.34
9051E4I10, QTRPRISWRIRQALWVARILWYRDVPTGVK, 0.38
9051E5I14, QTRPRISWQIRQALWVARILWYRDVPTGVK, 0.41
9051E6I17, QTRPRISWQERQALWVARILWYRDVPTGVK, 0.42
9051E7I18, QTRPRISWQERQALWVYRILWYRDVPTGVK, 0.43
9051E8I19, QTRPRISWQERQALWHYRILWYRDVPTGVK, 0.44
9051E9I28, QTRPRISWQERQALWHYRILWYRDVPTGVQ, 0.45
9051E10I30, QTRPRISWAERQALWHYRILWYRDVPTGVQ, 0.47
9051E11I33, QTRPRISWAERQALWHYRILWYRDVPTGTQ, 0.48
9051E12I37, QTRPWISWAERQALWHYRILWYRDVPTGTQ, 0.5
9051E13I39, QTRPWISWAERQALWHYRILWYPDVPTGTQ, 0.51
9051E14I40, QTRPWISWAERQALWHYRILWYPDVPTGRQ, 0.52
9051E15I41, QTVPWISWAERQALWHYRILWYPDVPTGRQ, 0.55
9051E16I44, QTVPWISWAERWALWHYRILWYPDVPTGRQ, 0.62
9051E17I48, QTVPWISWAERWALWHYRILWYPDVPTGRE, 0.63
9051E18I51, QTVPWISWAERWALWHYEILWYPDVPTGRE, 0.67
9051E19I60, QTVPWGSWAERWALWHYEILWYPDVPTGRE, 0.68
9051E20I68, QTVPWGYWAERWALWHYEILWYPDVPTGRE, 0.69
9051E21I71, QTVPWGYWAERWALWHYEILWYPWVPTGRE, 0.72
9051E22I73, QTAPWGYWAERWALWHYEILWYPWVPTGRE, 0.74
9051E23I87, QTAPWGYWAERWALWHLEILWYPWVPTGRE, 0.76
9051E24I90, QTAPWGYWAERWALWHLEILWYWWVPTGRE, 0.78
9051E25I113, QTAPWGYWAERWALWHAEILWYWWVPTGRE, 0.8
9051E26I117, QTAPWEYWAERWALWHAEILWYWWVPTGRE, 0.81
9051E27I127, QTAPWEYWAERWALWHAEISWYWWVPTGRE, 0.82
9051E28I142, QTAPWEYWAERWALWHAESSWYWWVPTGRE, 0.86
9051E29I144, QTAPWEYWAERWAYWHAESSWYWWVPTGRE, 0.88
9051E30I153, QTAPWEYWAERLAYWHAESSWYWWVPTGRE, 0.9
9051E31I161, QTAPWEYWAERLAYWHAESSWYWHVPTGRE, 0.92
9051E32I185, QTAPWEYWAERLAYWHAESSWYWHVPTGDE, 0.94
9051E33I269, QTAPWEYWAERLAYWHAEWSWYWHVPTGDE, 0.95
9051E34I345, QTAPWEYWAERLAYQHAEWSWYWHVPTGDE, 0.96
9051E35I349, QTAPWEYWAERLAHQHAEWSWYWHVPTGDE, 0.97
