12365E0I0, YVQESNGGWTQNDFIEPGAWQTIFTIIETP, 0.36
12365E1I1, YVQESNGGWTQNDFIEPGAWQTIFTITETP, 0.37
12365E2I2, YVQNSNGGWTQNDFIEPGAWQTIFTITETP, 0.38
12365E3I3, YVQNSNGGWTQNDFIEPGAWQTIFTITEYP, 0.4
12365E4I5, YVQNSNGGWTQNDFIEPGAWQTLFTITEYP, 0.45
12365E5I6, KVQNSNGGWTQNDFIEPGAWQTLFTITEYP, 0.48
12365E6I17, KVQNSNGGWTQNDFIEPGAWTTLFTITEYP, 0.5
12365E7I19, FVQNSNGGWTQNDFIEPGAWTTLFTITEYP, 0.52
12365E8I23, FVQNSNGGWTQNDFIEPGAWTTLFTITEFP, 0.53
12365E9I24, FVQNSNGGWTQNDFIEPPAWTTLFTITEFP, 0.57
12365E10I26, FVQNSNGGWTGNDFIEPPAWTTLFTITEFP, 0.58
12365E11I31, FVQNSNGGWTGNDFAEPPAWTTLFTITEFP, 0.6
12365E12I32, FVQNSNGGWTGNDFAEPPAWTTLITITEFP, 0.61
12365E13I37, FVQNSNGGWTGNDFAEPFAWTTLITITEFP, 0.63
12365E14I47, FVQNSNGGWTGNDFARPFAWTTLITITEFP, 0.64
12365E15I50, FVQNSNGGWTGNDFARPFAWTTLITITRFP, 0.65
12365E16I56, FVQNSNGGWTGNDFARPFAWTTLITITRYP, 0.68
12365E17I61, FVQNSNGGWTGNDFAWPFAWTTLITITRYP, 0.71
12365E18I65, FVQNSNGGWTGNKFAWPFAWTTLITITRYP, 0.73
12365E19I110, FVHNSNGGWTGNKFAWPFAWTTLITITRYP, 0.77
12365E20I115, FVHNRNGGWTGNKFAWPFAWTTLITITRYP, 0.79
12365E21I157, FVHNRNGHWTGNKFAWPFAWTTLITITRYP, 0.8
12365E22I162, FVHNRNGHWTGNKFAWPFAWTTAITITRYP, 0.82
12365E23I169, FVHNRNGHWTGNQFAWPFAWTTAITITRYP, 0.84
12365E24I175, FVHNRNGHWTGNQFAWPFAWITAITITRYP, 0.85
12365E25I228, FVHNRNGHWSGNQFAWPFAWITAITITRYP, 0.87
12365E26I306, FVHNRNGHWSGNSFAWPFAWITAITITRYP, 0.9
12365E27I318, FVHNRNGHWSGNSFAWPFAWITAITITRYW, 0.91
