11863E0I0, SVAEGDQFPTWSAWYWEQLTPKTTPPRSPH, 0.42
11863E1I1, SVAEGGQFPTWSAWYWEQLTPKTTPPRSPH, 0.47
11863E2I2, SVAEGGQFPTWSAWYWEILTPKTTPPRSPH, 0.49
11863E3I6, SPAEGGQFPTWSAWYWEILTPKTTPPRSPH, 0.57
11863E4I9, SPAEIGQFPTWSAWYWEILTPKTTPPRSPH, 0.59
11863E5I11, SPAEIGQFPTWSPWYWEILTPKTTPPRSPH, 0.6
11863E6I15, SPAEIGQFPTWSPWYWEILTPVTTPPRSPH, 0.66
11863E7I18, SPAEIGQIPTWSPWYWEILTPVTTPPRSPH, 0.67
11863E8I23, SPAEIGQIPTWSPWYWEILTPVTKPPRSPH, 0.69
11863E9I38, SPAEIGQIPTWSPWYWEILTPVTKPPRDPH, 0.72
11863E10I50, SPAEIGQIPTWSPWYWEILTPVTKPPRDPY, 0.75
11863E11I54, SPAEIGQIPTWSPWYWEILTPVTWPPRDPY, 0.77
11863E12I67, SPAEIGQIPTWSPWYWEILTPWTWPPRDPY, 0.78
11863E13I78, SPAEIGQIPTWSSWYWEILTPWTWPPRDPY, 0.79
11863E14I104, SPAEIGQIPTWSSQYWEILTPWTWPPRDPY, 0.8
11863E15I116, SPAEIGQIPTWSSQYWEILTPWFWPPRDPY, 0.81
11863E16I129, SPAEIGQIPTWSSHYWEILTPWFWPPRDPY, 0.83
11863E17I164, SPAEIGQIPTWSSSYWEILTPWFWPPRDPY, 0.84
11863E18I176, SPAEIGQIPTWSSSYWEILLPWFWPPRDPY, 0.86
