187E0I0, RNGWANLDYNSNDADEAEYPLYNELFDYPE, 0.24
187E1I2, RNGWRNLDYNSNDADEAEYPLYNELFDYPE, 0.25
187E2I3, RNGWRNLDYNSNYADEAEYPLYNELFDYPE, 0.29
187E3I4, RNGWRNLDYNSNYADEAEYPLYAELFDYPE, 0.35
187E4I11, RNGWRNLDYWSNYADEAEYPLYAELFDYPE, 0.43
187E5I16, RNGWRPLDYWSNYADEAEYPLYAELFDYPE, 0.49
187E6I17, RNGWRPLHYWSNYADEAEYPLYAELFDYPE, 0.57
187E7I19, RNGWRPLHYWSNYADEAEYPLYAVLFDYPE, 0.62
187E8I20, RHGWRPLHYWSNYADEAEYPLYAVLFDYPE, 0.66
187E9I22, RHFWRPLHYWSNYADEAEYPLYAVLFDYPE, 0.67
187E10I33, RHFWRPLHYWSNYADEAEYPAYAVLFDYPE, 0.69
187E11I35, RHFWRPLHYWSNYADEAEYPAYAPLFDYPE, 0.71
187E12I50, NHFWRPLHYWSNYADEAEYPAYAPLFDYPE, 0.72
187E13I55, NHFWRPLHYWSNRADEAEYPAYAPLFDYPE, 0.74
187E14I74, NHFWRPLHYWSNRADEAYYPAYAPLFDYPE, 0.75
187E15I91, NHFWRPLHYWENRADEAYYPAYAPLFDYPE, 0.76
187E16I119, NHFWRPLHYWENRADEAWYPAYAPLFDYPE, 0.77
187E17I130, EHFWRPLHYWENRADEAWYPAYAPLFDYPE, 0.79
187E18I146, EHLWRPLHYWENRADEAWYPAYAPLFDYPE, 0.82
187E19I200, EHLWRPLHYWENRADEAWPPAYAPLFDYPE, 0.84
187E20I248, EHLWRPLHYWENRADEAWPPAYAPLFFYPE, 0.85
187E21I347, EHLWRPLHYWENRADTAWPPAYAPLFFYPE, 0.86
187E22I378, EHLWRPLHYWEPRADTAWPPAYAPLFFYPE, 0.87
187E23I427, EHLWRPLHYWEPRAWTAWPPAYAPLFFYPE, 0.9
