9333E0I0, FNYTQAVYSNFLYGPRRLINHRLQEEDDKD, 0.32
9333E1I1, FNYTQAFYSNFLYGPRRLINHRLQEEDDKD, 0.34
9333E2I2, FNYTKAFYSNFLYGPRRLINHRLQEEDDKD, 0.36
9333E3I3, FNYTKAFYSNFLYGPRRLINHRLQEEDDPD, 0.45
9333E4I10, FNYTKAFYSNFLYGPRRLIEHRLQEEDDPD, 0.51
9333E5I18, FNYTKAFYSEFLYGPRRLIEHRLQEEDDPD, 0.53
9333E6I21, FNYTKAFYSEFLYGARRLIEHRLQEEDDPD, 0.55
9333E7I24, FNYTKAFYSEFLYGARRLILHRLQEEDDPD, 0.58
9333E8I27, FNYTKAFKSEFLYGARRLILHRLQEEDDPD, 0.61
9333E9I32, FNYTKAFKSEFLYGARRLILHRLQEEDDPA, 0.65
9333E10I33, FNYTKAFKSEFLYGADRLILHRLQEEDDPA, 0.68
9333E11I37, FNYTKAFKSEFLYGADRLPLHRLQEEDDPA, 0.69
9333E12I52, FNYTWAFKSEFLYGADRLPLHRLQEEDDPA, 0.74
9333E13I56, FNYTWAFKSEFLYGADRLFLHRLQEEDDPA, 0.76
9333E14I58, FNYTWAFKHEFLYGADRLFLHRLQEEDDPA, 0.79
9333E15I75, FNQTWAFKHEFLYGADRLFLHRLQEEDDPA, 0.81
9333E16I80, FNQTWAFKHLFLYGADRLFLHRLQEEDDPA, 0.83
9333E17I103, FNQYWAFKHLFLYGADRLFLHRLQEEDDPA, 0.85
9333E18I147, FNQYWAFKHLFLYGADRLFLHRLQEEDSPA, 0.86
9333E19I196, FNQYWAFKHLFLYGADRLFLHRLPEEDSPA, 0.87
9333E20I245, FNQYWAFKHLFLYGADRLFLHRLPEEDWPA, 0.88
9333E21I256, FNQYWAFKHLFLYGADRLFLHRYPEEDWPA, 0.89
9333E22I304, FNQYWAFKHLFLYGADRLFLHRYWEEDWPA, 0.9
9333E23I358, FNQYWAFKHLFLYGADRLFLHTYWEEDWPA, 0.91
9333E24I421, FNQYWAFKHLFLYGADRLFLHTYWEETWPA, 0.92
9333E25I452, FWQYWAFKHLFLYGADRLFLHTYWEETWPA, 0.93
9333E26I551, FWIYWAFKHLFLYGADRLFLHTYWEETWPA, 0.94
9333E27I633, FWIYWAFKHLFLYGADRLFLHWYWEETWPA, 0.95
9333E28I643, FWIYWAFKHLFWYGADRLFLHWYWEETWPA, 0.96
