4213E0I0, NPSENQWTENWSSHPQYYSAAIPENFWNVW, 0.47
4213E1I8, NPSENQWTENWSSHPQYYSAAIPNNFWNVW, 0.48
4213E2I9, NPSENWWTENWSSHPQYYSAAIPNNFWNVW, 0.49
4213E3I14, NPSENWWTENWSSHPQYYSAAIPPNFWNVW, 0.5
4213E4I15, NPSENWWTENWSSHPQYYSWAIPPNFWNVW, 0.53
4213E5I16, NPSENWWTENWSSHPQYYSWAIPPNFWNVG, 0.54
4213E6I21, NPSENWWTENWSSHPAYYSWAIPPNFWNVG, 0.57
4213E7I22, NPSENWWRENWSSHPAYYSWAIPPNFWNVG, 0.58
4213E8I28, NPSENWWRENWSSHPAYYSWAIPPEFWNVG, 0.6
4213E9I30, EPSENWWRENWSSHPAYYSWAIPPEFWNVG, 0.62
4213E10I33, EPSENWWRENWSYHPAYYSWAIPPEFWNVG, 0.65
4213E11I36, EPSENWWREYWSYHPAYYSWAIPPEFWNVG, 0.67
4213E12I39, EPSENSWREYWSYHPAYYSWAIPPEFWNVG, 0.68
4213E13I52, EPSENSWREYWSYHPAYYSWAIVPEFWNVG, 0.7
4213E14I54, EPSENSWREYWSYHPAYYSWAIVPEFWNYG, 0.74
4213E15I57, EPSENSWRPYWSYHPAYYSWAIVPEFWNYG, 0.76
4213E16I59, EPSENSWRPYWSYHPAYYSWAIVPEFHNYG, 0.82
4213E17I86, EPSENSWRPYWSYHPAYYAWAIVPEFHNYG, 0.86
4213E18I93, EPSYNSWRPYWSYHPAYYAWAIVPEFHNYG, 0.88
4213E19I104, EPSYNSWRPYWSYHPNYYAWAIVPEFHNYG, 0.89
4213E20I132, EPIYNSWRPYWSYHPNYYAWAIVPEFHNYG, 0.9
