17625E0I0, QNPLPVRYQQIADYGYDLLQQQIIKAWHSQ, 0.41
17625E1I3, QNPLPVRYQQIADYGYDLLQQQIIKAWHPQ, 0.42
17625E2I8, QNPLPSRYQQIADYGYDLLQQQIIKAWHPQ, 0.49
17625E3I10, QNPLPSRYQQIADYGYDLLQQQIIKAWHIQ, 0.5
17625E4I11, QNPLPSRYQQIADYGYDLLQIQIIKAWHIQ, 0.51
17625E5I24, QNPLPSRYQQIADYWYDLLQIQIIKAWHIQ, 0.58
17625E6I34, QNPLPSRYQQIADYWYDLLQIQIIKAWHIP, 0.59
17625E7I36, QNPLPSRYQQHADYWYDLLQIQIIKAWHIP, 0.62
17625E8I38, QNPLPSRYQQHADYWYDLLQIQIWKAWHIP, 0.63
17625E9I42, QNPLPPRYQQHADYWYDLLQIQIWKAWHIP, 0.65
17625E10I44, QNPLPPRYNQHADYWYDLLQIQIWKAWHIP, 0.66
17625E11I47, QNPLPPRYNQHADYWYDLLQHQIWKAWHIP, 0.71
17625E12I61, QWPLPPRYNQHADYWYDLLQHQIWKAWHIP, 0.76
17625E13I66, QVPLPPRYNQHADYWYDLLQHQIWKAWHIP, 0.78
17625E14I67, QVPLPPRYNQHADYWYDLLQHQIYKAWHIP, 0.79
17625E15I76, QVPLPPRYNQHADYWYDLLQHQIYWAWHIP, 0.8
17625E16I83, QVPLHPRYNQHADYWYDLLQHQIYWAWHIP, 0.84
17625E17I87, QVPNHPRYNQHADYWYDLLQHQIYWAWHIP, 0.85
17625E18I99, QVPNHPRYNQHADYWYDLLQHQIYWAAHIP, 0.87
17625E19I124, QVPNHPRYNQHADYWYDLLQNQIYWAAHIP, 0.88
17625E20I154, QVPNHPRPNQHADYWYDLLQNQIYWAAHIP, 0.89
17625E21I181, QVPNHPRPNQHADYWGDLLQNQIYWAAHIP, 0.91
17625E22I207, QVPKHPRPNQHADYWGDLLQNQIYWAAHIP, 0.92
