4171E0I0, NWLVWAETWQLTGYKNVFNDPRRHSSTATI, 0.36
4171E1I1, NWLVWAETWQLTEYKNVFNDPRRHSSTATI, 0.43
4171E2I6, NWLVWAETWQNTEYKNVFNDPRRHSSTATI, 0.46
4171E3I8, NWLVWAETWQNTEYKNVFNDPRRHSSTHTI, 0.49
4171E4I11, NWLVWAETWQNTEYKIVFNDPRRHSSTHTI, 0.54
4171E5I14, NWLVWAETWQNTEYKIVFNKPRRHSSTHTI, 0.55
4171E6I17, NWLVWAETWQNTEYKIVFNKPRRHSSTHTG, 0.6
4171E7I24, NWLVWAETWQNTEYKIVFNKLRRHSSTHTG, 0.63
4171E8I25, NWSVWAETWQNTEYKIVFNKLRRHSSTHTG, 0.66
4171E9I27, NWSVWAETWQNTAYKIVFNKLRRHSSTHTG, 0.67
4171E10I28, NWSVWAETWQNTAYKIVFNKLRRHWSTHTG, 0.71
4171E11I30, NWSVWAETWQNTAYNIVFNKLRRHWSTHTG, 0.72
4171E12I41, NWSVWAETWQNTAYNIVFNKLRRHWSTHWG, 0.73
4171E13I43, NWSVWAETWQNTAWNIVFNKLRRHWSTHWG, 0.74
4171E14I46, NWAVWAETWQNTAWNIVFNKLRRHWSTHWG, 0.75
4171E15I48, NWAVWAETWQNTAWNIVFNKLRRHWSTHWW, 0.76
4171E16I50, NWAVWAETWQNTAWNIVFNTLRRHWSTHWW, 0.8
4171E17I90, NWAVWAETWQNTAWNIVFNTLRRHWHTHWW, 0.81
4171E18I122, NWAVWAVTWQNTAWNIVFNTLRRHWHTHWW, 0.82
4171E19I123, NWAVWAWTWQNTAWNIVFNTLRRHWHTHWW, 0.86
4171E20I136, NWAVWAWWWQNTAWNIVFNTLRRHWHTHWW, 0.87
4171E21I146, NWSVWAWWWQNTAWNIVFNTLRRHWHTHWW, 0.88
4171E22I166, NWSTWAWWWQNTAWNIVFNTLRRHWHTHWW, 0.89
