9079E0I0, SLLKLHAPEEVIGTHDVGEQLPVPGAFHRD, 0.41
9079E1I2, SLLKLHAPEEVIGTHDVGEWLPVPGAFHRD, 0.54
9079E2I3, SLLKLHAPEEVIGTHDVGEWLPVKGAFHRD, 0.55
9079E3I4, SLLKLHAPEEVIKTHDVGEWLPVKGAFHRD, 0.58
9079E4I11, SLLKLHAPEEVIKTHDVGEWLPVKGAFHRW, 0.59
9079E5I12, SLLKLHAPEEVIKTHDVGAWLPVKGAFHRW, 0.62
9079E6I18, SLLKLHAPEEVIKHHDVGAWLPVKGAFHRW, 0.64
9079E7I21, SLLKLHAPEEVIKHHHVGAWLPVKGAFHRW, 0.66
9079E8I25, SLLKLHAPEEIIKHHHVGAWLPVKGAFHRW, 0.69
9079E9I29, SLLKLHAPEEIQKHHHVGAWLPVKGAFHRW, 0.7
9079E10I44, SLLKLHAPEENQKHHHVGAWLPVKGAFHRW, 0.72
9079E11I85, SLLKLHAPEENQKHNHVGAWLPVKGAFHRW, 0.73
9079E12I97, SLLKLHVPEENQKHNHVGAWLPVKGAFHRW, 0.76
9079E13I176, SLLKLHVPEENQKHNHVGAWIPVKGAFHRW, 0.77
9079E14I182, SLLKLHVPEENQKHNHVGAWIHVKGAFHRW, 0.81
9079E15I201, SLLKLHVPEENQKHFHVGAWIHVKGAFHRW, 0.82
9079E16I206, SLLKLHVPEENQSHFHVGAWIHVKGAFHRW, 0.83
