10823E0I0, PIIWWWKENGHFRIGGSHNNPPHRSRELGA, 0.4
10823E1I3, PIIWWWKENGHFRIGGSHNNPEHRSRELGA, 0.42
10823E2I4, PIIWWWKENGHFIIGGSHNNPEHRSRELGA, 0.45
10823E3I5, PITWWWKENGHFIIGGSHNNPEHRSRELGA, 0.47
10823E4I18, PITWWWKENGHFIIRGSHNNPEHRSRELGA, 0.53
10823E5I21, PITWWWKENGHFIIRSSHNNPEHRSRELGA, 0.59
10823E6I27, PITWWWKENGHFIIRSSHNNPEHRSAELGA, 0.61
10823E7I33, PITWWWKENGHYIIRSSHNNPEHRSAELGA, 0.62
10823E8I45, PITWWWKENGHYIIRSSHNHPEHRSAELGA, 0.66
10823E9I57, PITWWWKENGHAIIRSSHNHPEHRSAELGA, 0.69
10823E10I67, PITWWWKENGHAIIRSSHNHPEHDSAELGA, 0.7
10823E11I69, PITWWWKENGHAIIRSSHNHPEHDSAEFGA, 0.73
10823E12I70, PITWWWKENGHAIIRSSHNHPEHDSAEFPA, 0.75
10823E13I73, PITWWWKENGHAIIRSSHNHPFHDSAEFPA, 0.76
10823E14I75, PITWWWKENGHAIIRSSHNHPFHDSAEFPP, 0.77
10823E15I83, PITWWWKENGHAIIRSSHNHPFHDSPEFPP, 0.79
10823E16I86, PITWWWKENGHAIIRSSHNHPFHDSPEFYP, 0.8
10823E17I114, PITWWWKENGHAIIRSSHNHPFHDSPRFYP, 0.81
10823E18I182, PITWWWKENGHAIIRSSHNHPFVDSPRFYP, 0.82
10823E19I195, PITWWWSENGHAIIRSSHNHPFVDSPRFYP, 0.83
10823E20I196, PITWWWDENGHAIIRSSHNHPFVDSPRFYP, 0.85
10823E21I236, DITWWWDENGHAIIRSSHNHPFVDSPRFYP, 0.87
