150E0I0, IRDAQLSLHVQEFAGQPHQEGGQPETSFDV, 0.31
150E1I1, IRDAQLSLHVQEFAGQIHQEGGQPETSFDV, 0.38
150E2I2, IRDAQLSLFVQEFAGQIHQEGGQPETSFDV, 0.41
150E3I7, IRDAQLSLFVQEFAGQIHQEGGQPETQFDV, 0.47
150E4I8, IRDAQLSLFHQEFAGQIHQEGGQPETQFDV, 0.49
150E5I9, HRDAQLSLFHQEFAGQIHQEGGQPETQFDV, 0.5
150E6I11, HRDAQLSLFHQEFAVQIHQEGGQPETQFDV, 0.52
150E7I15, HRDAQLSLFHQEFAVQIHQEGGQPETFFDV, 0.56
150E8I16, HRDAQRSLFHQEFAVQIHQEGGQPETFFDV, 0.59
150E9I26, HRDAQRSLFHQEFAVQIHQEGGRPETFFDV, 0.61
150E10I31, HRSAQRSLFHQEFAVQIHQEGGRPETFFDV, 0.66
150E11I52, HRSAQRALFHQEFAVQIHQEGGRPETFFDV, 0.67
150E12I59, HRSAQRALFHQEFAVQIHQEGGDPETFFDV, 0.7
150E13I60, HRSAQRALFHQEFAVQIHQEGGDPETFHDV, 0.71
150E14I64, HNSAQRALFHQEFAVQIHQEGGDPETFHDV, 0.72
150E15I102, HNSAQRALFHQEFAVQIHQEHGDPETFHDV, 0.73
150E16I107, HNSAQRAAFHQEFAVQIHQEHGDPETFHDV, 0.76
150E17I122, HASAQRAAFHQEFAVQIHQEHGDPETFHDV, 0.78
150E18I159, HASAQRAAFHQEFAVQIHQEHGDPETFHDF, 0.79
150E19I161, HYSAQRAAFHQEFAVQIHQEHGDPETFHDF, 0.8
150E20I201, HYSAQRAAFHQEFAVQIHQEHGDPETWHDF, 0.81
150E21I220, HYSAQRAAFHQEFAVQIHQEHGSPETWHDF, 0.83
150E22I280, HYSAQRAAFHQEFAVQIHQEHGSPETGHDF, 0.85
150E23I294, SYSAQRAAFHQEFAVQIHQEHGSPETGHDF, 0.86
150E24I309, SYSAQRAAFHQEFAVQIHQEHGSEETGHDF, 0.87
