16103E0I0, VTRGWVRFEWNHIEDDNIPNSFATAFLSPS, 0.33
16103E1I6, VTRGWVRFEWNHIEDDNIPFSFATAFLSPS, 0.36
16103E2I9, VPRGWVRFEWNHIEDDNIPFSFATAFLSPS, 0.4
16103E3I11, VPRGWVDFEWNHIEDDNIPFSFATAFLSPS, 0.43
16103E4I15, VPRGWVDFEWNHIEDDNTPFSFATAFLSPS, 0.44
16103E5I20, VPRGWVDFEWAHIEDDNTPFSFATAFLSPS, 0.51
16103E6I21, VPRGWVDFKWAHIEDDNTPFSFATAFLSPS, 0.66
16103E7I22, VPRGWVDFKWAHIEDDNTPFSFATAFLHPS, 0.72
16103E8I31, VPRGWVDFKWAHIEDDNTPFSFNTAFLHPS, 0.74
16103E9I53, VPRGWVDFKWAHIEDDNTFFSFNTAFLHPS, 0.77
16103E10I58, VPRGWVDFKWAHIEDTNTFFSFNTAFLHPS, 0.82
16103E11I67, VPRGWVDFKWAHWEDTNTFFSFNTAFLHPS, 0.84
16103E12I99, VPRGWVDFKWAHWEDTNTFFPFNTAFLHPS, 0.85
16103E13I106, VPRGWVDFKWAHWEDTNTFFPFNTAFLHPL, 0.86
