3622E0I0, ATWQHIHVHVVRRFRKIIRWSVKPFYNDWN, 0.47
3622E1I1, ATWQHIHVHVVRRFRKIHRWSVKPFYNDWN, 0.51
3622E2I2, ATWQHIHVHVVRRFRKIHRWSVKPAYNDWN, 0.54
3622E3I3, ATWQHIHVHVLRRFRKIHRWSVKPAYNDWN, 0.56
3622E4I10, ATWQHIHVHVLRRFRKIHRWSVKPAYNFWN, 0.63
3622E5I12, ATWQHIHVHVLRRFRKIHRWSVKPAHNFWN, 0.65
3622E6I19, ATWQHIHVHVLSRFRKIHRWSVKPAHNFWN, 0.66
3622E7I24, ATWQHIHVHVLSRFRKIHRWSVKPAHNHWN, 0.75
3622E8I34, ATWQHIHVHVLSRFRKIHRWSVKPAHNHWI, 0.76
3622E9I37, ATWQHIHVHVKSRFRKIHRWSVKPAHNHWI, 0.78
3622E10I39, ATWQHIHVHVKSLFRKIHRWSVKPAHNHWI, 0.8
3622E11I43, ATWQHIHGHVKSLFRKIHRWSVKPAHNHWI, 0.85
3622E12I46, ATWQHIHGHVKVLFRKIHRWSVKPAHNHWI, 0.86
3622E13I77, ATWQHIHGHVKVLFRKIHHWSVKPAHNHWI, 0.87
3622E14I148, ATWQHIHGHVKVLFRKIHHWSVKPAHFHWI, 0.9
