1790E0I0, LWVLYAIYYDEHILSVQFPIKRQRASTNTR, 0.42
1790E1I1, LWVLYAIYYDEHILSVQFPIVRQRASTNTR, 0.44
1790E2I3, LWVLYAIYYDEHIFSVQFPIVRQRASTNTR, 0.45
1790E3I13, LWVLYAIYYDEHIFSVQFPIVRQRASENTR, 0.5
1790E4I18, HWVLYAIYYDEHIFSVQFPIVRQRASENTR, 0.57
1790E5I21, HWVLYAIYYDEHIFSVQFPIVRHRASENTR, 0.59
1790E6I24, HWVLYAIYYDEHIFSVQFPIVRHIASENTR, 0.65
1790E7I26, HWVLYAIYYDEHIFSVQFPIVTHIASENTR, 0.66
1790E8I28, HWVLYAIYYDEHIFFVQFPIVTHIASENTR, 0.67
1790E9I35, HWVLYAIYYDLHIFFVQFPIVTHIASENTR, 0.7
1790E10I42, HWVLYAIYYDLHIFFVHFPIVTHIASENTR, 0.72
1790E11I48, HWVLHAIYYDLHIFFVHFPIVTHIASENTR, 0.78
1790E12I53, HWVLHAIYYDLHIFFVHFPIVTHIASENTL, 0.8
1790E13I63, HWVLHAIYYWLHIFFVHFPIVTHIASENTL, 0.85
1790E14I157, HWVLHAIYYWLHIFFVHLPIVTHIASENTL, 0.86
1790E15I185, HWVLHAIYYWLHIFFVHLPIVTHIASPNTL, 0.87
1790E16I187, HWVLHAIYYWLHIFFVHLPIVTHIPSPNTL, 0.88
1790E17I193, HWVLHAIYYWLHIFFVHLPFVTHIPSPNTL, 0.89
1790E18I225, HIVLHAIYYWLHIFFVHLPFVTHIPSPNTL, 0.9
1790E19I243, HIPLHAIYYWLHIFFVHLPFVTHIPSPNTL, 0.91
1790E20I260, HIPLHAIYYWLHIFFVHLPFVFHIPSPNTL, 0.92
1790E21I335, HIPLHAIYYWLHIFFVHFPFVFHIPSPNTL, 0.93
