1784E0I0, IVINGKDDHPFHIFEEGTRLIQLDQTITFL, 0.35
1784E1I7, IVINGKDQHPFHIFEEGTRLIQLDQTITFL, 0.36
1784E2I10, IVINGKDQHPFHIFPEGTRLIQLDQTITFL, 0.41
1784E3I12, IVINGKDQHPFHIFPEGTRIIQLDQTITFL, 0.46
1784E4I16, IVINGKDQHPFHIFPEGTRIIQLKQTITFL, 0.52
1784E5I18, IVINGKDQHPFHIFPEGGRIIQLKQTITFL, 0.57
1784E6I27, IVHNGKDQHPFHIFPEGGRIIQLKQTITFL, 0.64
1784E7I29, IVHNGGDQHPFHIFPEGGRIIQLKQTITFL, 0.65
1784E8I35, IVHNGGDQHPFHIFPEGGRIIQLKQTNTFL, 0.7
1784E9I42, IVHNGGDQHPFHIFPEGGRRIQLKQTNTFL, 0.72
1784E10I57, IVHNGGDQHPFHIFPEGGRRIQLKQTWTFL, 0.74
1784E11I62, IVHNGGDQHPFHIFPTGGRRIQLKQTWTFL, 0.76
1784E12I65, IVHNGGDQHPFHIFPTAGRRIQLKQTWTFL, 0.77
1784E13I150, IVHNGGDQHPFHIFPTAGRRIQLKQHWTFL, 0.79
1784E14I170, IVHNGGDQHPFHIFPTAGRRIQTKQHWTFL, 0.82
1784E15I175, IQHNGGDQHPFHIFPTAGRRIQTKQHWTFL, 0.84
1784E16I182, IQHNGGDQHPFHIFPTAGRHIQTKQHWTFL, 0.86
1784E17I189, LQHNGGDQHPFHIFPTAGRHIQTKQHWTFL, 0.87
1784E18I225, LQHNGGDQHPFHIFPTAGRHIQTWQHWTFL, 0.88
1784E19I256, LQHNGGDQHPFHIFPTAGRHIQTWWHWTFL, 0.89
1784E20I266, LQHNGGDQHPFHIFPTAERHIQTWWHWTFL, 0.9
1784E21I305, LQHNGGDQHPFHIFPTAERHIQTWWHWTFA, 0.91
1784E22I316, LQHNGGDQHPFHIFPTAERHIQTWWHWIFA, 0.92
1784E23I331, LQHNGGTQHPFHIFPTAERHIQTWWHWIFA, 0.93
