7732E0I0, GPIHDAFNSAWSNVPIPKKVSQWYSQAEKL, 0.35
7732E1I2, GPIHDAFNSAWSNVPIPKKVSTWYSQAEKL, 0.37
7732E2I3, GPIHDAFNSAWSNVPIPKKVSTWYSQSEKL, 0.38
7732E3I4, GPIHDAFNSAWSNVPIPKKVSTWYSSSEKL, 0.4
7732E4I6, GPPHDAFNSAWSNVPIPKKVSTWYSSSEKL, 0.42
7732E5I7, GPPHDAGNSAWSNVPIPKKVSTWYSSSEKL, 0.44
7732E6I8, GPPHWAGNSAWSNVPIPKKVSTWYSSSEKL, 0.57
7732E7I12, GPPHWAGNSAWSNVPIWKKVSTWYSSSEKL, 0.59
7732E8I20, GPPHWAGNSAWSNVPIWKKVWTWYSSSEKL, 0.6
7732E9I31, GPPHWHGNSAWSNVPIWKKVWTWYSSSEKL, 0.62
7732E10I35, GPPHWHGNSAWSNVPIWKKHWTWYSSSEKL, 0.63
7732E11I40, GPPHWHGNHAWSNVPIWKKHWTWYSSSEKL, 0.64
7732E12I50, NPPHWHGNHAWSNVPIWKKHWTWYSSSEKL, 0.66
7732E13I51, NPPHWTGNHAWSNVPIWKKHWTWYSSSEKL, 0.67
7732E14I81, NPPHWTGNHAWSNVPIWKWHWTWYSSSEKL, 0.71
