8171E0I0, SEHSDRYNSDYLRHPLGRIKGGQIYYIITE, 0.42
8171E1I2, SEHSDRYNSDYLRHPLGGIKGGQIYYIITE, 0.45
8171E2I4, SEHSDRYNSDYLRHPLGGITGGQIYYIITE, 0.55
8171E3I5, SEHSDRYWSDYLRHPLGGITGGQIYYIITE, 0.61
8171E4I13, SDHSDRYWSDYLRHPLGGITGGQIYYIITE, 0.64
8171E5I14, SDHSDRYWSDYLRHPLGPITGGQIYYIITE, 0.66
8171E6I17, GDHSDRYWSDYLRHPLGPITGGQIYYIITE, 0.67
8171E7I33, GDHSDRYWSDYLRHPLPPITGGQIYYIITE, 0.69
8171E8I36, GDHSDRYWSDYLRHPLPPITGGQIYQIITE, 0.7
8171E9I37, GDHSDRYWSDYLRHPLPPITGGQIYQIITY, 0.71
8171E10I40, GDHSDRYWSDYLRHPYPPITGGQIYQIITY, 0.75
8171E11I68, GDHSDRYWSDRLRHPYPPITGGQIYQIITY, 0.77
8171E12I106, GDPSDRYWSDRLRHPYPPITGGQIYQIITY, 0.8
8171E13I121, GDPSDRYWSDRLRHPYPYITGGQIYQIITY, 0.82
8171E14I122, GDPADRYWSDRLRHPYPYITGGQIYQIITY, 0.83
8171E15I135, GDPADRYWSDRLRHPYPYITGGQIYQIITW, 0.85
8171E16I182, VDPADRYWSDRLRHPYPYITGGQIYQIITW, 0.86
