4561E0I0, GFQHPGVWAVIWDADPSQLAAFGKEPQQIP, 0.35
4561E1I2, GFQHPGVWAVIWDADPSQLAAFGPEPQQIP, 0.4
4561E2I4, GFQHPGVWAVIWDADPSQLAAFGPLPQQIP, 0.44
4561E3I7, GFQHPGVWAVIWDADPSQLAAFGPLPWQIP, 0.46
4561E4I9, AFQHPGVWAVIWDADPSQLAAFGPLPWQIP, 0.48
4561E5I16, AFQHPGVWAVIWDADPSQLAAFGPLPWQDP, 0.5
4561E6I17, AFQHPGRWAVIWDADPSQLAAFGPLPWQDP, 0.54
4561E7I24, AFQHPGRWIVIWDADPSQLAAFGPLPWQDP, 0.55
4561E8I26, AFQHPGRWIVIWRADPSQLAAFGPLPWQDP, 0.59
4561E9I28, AFQHPGRWIVIWRADPSQLAAFGILPWQDP, 0.63
4561E10I29, AFQHPGRWIVLWRADPSQLAAFGILPWQDP, 0.66
4561E11I32, AFQHPGRWIVLWRADPSQLATFGILPWQDP, 0.68
4561E12I35, ARQHPGRWIVLWRADPSQLATFGILPWQDP, 0.69
4561E13I38, ARQHPGHWIVLWRADPSQLATFGILPWQDP, 0.74
4561E14I45, ADQHPGHWIVLWRADPSQLATFGILPWQDP, 0.75
4561E15I53, ADQHPGHWIVLWAADPSQLATFGILPWQDP, 0.77
4561E16I62, ADQHPGHWIVLWAADSSQLATFGILPWQDP, 0.78
4561E17I65, ADQHPGHWIVLWAADSSQSATFGILPWQDP, 0.82
4561E18I83, ADQHPGHWIVLWAAKSSQSATFGILPWQDP, 0.83
4561E19I89, ADQHPGHWIVLWAAKSSQSPTFGILPWQDP, 0.84
4561E20I90, ADQHPGHWIVLWAVKSSQSPTFGILPWQDP, 0.85
4561E21I104, ADQHPGHWIVLWAVKSSQSPTFGHLPWQDP, 0.87
4561E22I144, ADQHPGHWIVLWAVKSSRSPTFGHLPWQDP, 0.88
4561E23I172, ADQHPGHWIVHWAVKSSRSPTFGHLPWQDP, 0.89
4561E24I176, AHQHPGHWIVHWAVKSSRSPTFGHLPWQDP, 0.9
4561E25I178, AHQHPGHWIVHWAVKSSRSPTFGHLQWQDP, 0.91
4561E26I194, AHQHPGHWIVHWAVKFSRSPTFGHLQWQDP, 0.92
