19967E0I0, WHLEFFIGRTTQNGWFQPNTRYIHWKHWKS, 0.54
19967E1I4, WHLEFFIGRTTQNGWFQPNTRYIHWKHWDS, 0.55
19967E2I7, WHLEFFIGRTTQNGWGQPNTRYIHWKHWDS, 0.56
19967E3I11, WHLEFFIGRTTQNGWGQPNTRQIHWKHWDS, 0.6
19967E4I16, WHLEFFIGRTTQNGWGEPNTRQIHWKHWDS, 0.64
19967E5I22, VHLEFFIGRTTQNGWGEPNTRQIHWKHWDS, 0.65
19967E6I45, VHLTFFIGRTTQNGWGEPNTRQIHWKHWDS, 0.66
19967E7I51, VHLTFFRGRTTQNGWGEPNTRQIHWKHWDS, 0.67
19967E8I73, VHLTFFRGRTTQNGWGEPNTRQIHWQHWDS, 0.68
19967E9I102, VHLTFFRGRPTQNGWGEPNTRQIHWQHWDS, 0.7
19967E10I109, VHLTFFRGRPTQNGWGEPNTRQIHLQHWDS, 0.72
19967E11I114, VHLTFFHGRPTQNGWGEPNTRQIHLQHWDS, 0.74
19967E12I116, VHLTFFHYRPTQNGWGEPNTRQIHLQHWDS, 0.76
19967E13I127, VHLTFFHYRPTQNGWGEPNTRHIHLQHWDS, 0.77
19967E14I150, VHLTFFHYRPTQNGGGEPNTRHIHLQHWDS, 0.79
19967E15I159, RHLTFFHYRPTQNGGGEPNTRHIHLQHWDS, 0.81
19967E16I162, RHLTFFHYRPTQNGGGDPNTRHIHLQHWDS, 0.83
19967E17I174, RHLTFFHYRPTQNGGGDPNTRHIHWQHWDS, 0.84
19967E18I179, RHLTFFHYRPTQNGGGDPNTRHIHWQHWYS, 0.86
19967E19I184, RHLTFFHYRATQNGGGDPNTRHIHWQHWYS, 0.87
19967E20I194, RHLTFFHYRATQNGGGDPNTNHIHWQHWYS, 0.88
19967E21I280, RHLTFFHYRATQNGGGDPNHNHIHWQHWYS, 0.89
19967E22I298, RHLTFFHRRATQNGGGDPNHNHIHWQHWYS, 0.9
19967E23I327, RHLTFFHRRATQNGGGDPNHNHIYWQHWYS, 0.91
19967E24I382, RHLTFFHRRATQNGGGDPNHIHIYWQHWYS, 0.92
19967E25I389, RHLTFFHRRATQNFGGDPNHIHIYWQHWYS, 0.93
19967E26I406, RHLTFFHRRATQNFGGDPNHHHIYWQHWYS, 0.95
19967E27I492, RHLTFFHRRATQNFGGDPNHHHIYWQHWYW, 0.96
19967E28I537, RHLTFFHRRATQNFGGDPNYHHIYWQHWYW, 0.97
19967E29I572, RHLTFFHRRLTQNFGGDPNYHHIYWQHWYW, 0.98
