7040E0I0, FHKQVPWDHRNPAERWKNQQKQIVRTPRFS, 0.31
7040E1I1, FHKQVPWDHRNRAERWKNQQKQIVRTPRFS, 0.33
7040E2I3, FHKQVPWDHRNRAERWKNQQKQIVFTPRFS, 0.35
7040E3I6, FHKQVPHDHRNRAERWKNQQKQIVFTPRFS, 0.37
7040E4I7, FHKWVPHDHRNRAERWKNQQKQIVFTPRFS, 0.39
7040E5I12, FHKWVPHDHRNRAERWKQQQKQIVFTPRFS, 0.41
7040E6I13, FHKWVPHDHHNRAERWKQQQKQIVFTPRFS, 0.46
7040E7I14, FHSWVPHDHHNRAERWKQQQKQIVFTPRFS, 0.48
7040E8I19, FHSWVPHDHHNRAERWKQQQKQIVFIPRFS, 0.51
7040E9I21, FHSWVPHDHHNRAERWKQQQHQIVFIPRFS, 0.54
7040E10I28, FHSWVPHDHHNRAEVWKQQQHQIVFIPRFS, 0.56
7040E11I36, FHSWVPHDHHNRAEVWKQWQHQIVFIPRFS, 0.58
7040E12I38, FHSWVPHDHHNRAEVWKQWQHWIVFIPRFS, 0.64
7040E13I51, FHSWVFHDHHNRAEVWKQWQHWIVFIPRFS, 0.65
7040E14I53, FHSWVFHDTHNRAEVWKQWQHWIVFIPRFS, 0.66
7040E15I55, FHSWVFHDTHNRAEVWKQWQHWIVFLPRFS, 0.7
7040E16I68, FHSWVFADTHNRAEVWKQWQHWIVFLPRFS, 0.73
7040E17I72, FHSWVFADTHNRAEVWKQWQHHIVFLPRFS, 0.75
7040E18I79, FHSWVFADRHNRAEVWKQWQHHIVFLPRFS, 0.76
7040E19I88, FHSWVFADRHNRAEVWKQWQHHIVFLARFS, 0.77
7040E20I92, FHSWVFADRHNRAEVWHQWQHHIVFLARFS, 0.8
7040E21I139, FHSWVFADRHNRAEVWHQWQHHIVFKARFS, 0.82
7040E22I152, FHSWVFADRHNRAEVWHHWQHHIVFKARFS, 0.87
7040E23I240, FHSWVKADRHNRAEVWHHWQHHIVFKARFS, 0.89
7040E24I267, FHSWVKADRHNRAEVWHHWQHHIVFKARFY, 0.9
7040E25I293, FHSWVKADRHNRAEVWHYWQHHIVFKARFY, 0.91
7040E26I345, FHSWVKADRHNRAHVWHYWQHHIVFKARFY, 0.92
7040E27I393, FHSWVKADRHNRAHWWHYWQHHIVFKARFY, 0.94
7040E28I466, FHPWVKADRHNRAHWWHYWQHHIVFKARFY, 0.95
7040E29I492, FHPWVKADRHNRAHWWSYWQHHIVFKARFY, 0.96
7040E30I503, FHPWVKADRHNRAHWWSYWQHHIVFKAYFY, 0.97
7040E31I546, FHPWFKADRHNRAHWWSYWQHHIVFKAYFY, 0.98
7040E32I626, FHPWFKADRHNWAHWWSYWQHHIVFKAYFY, 0.99
