14884E0I0, ETAADSVPLSQLDYFNDALQDHQYKNSRPH, 0.27
14884E1I2, ETAADSVPLSQLDYFNDALQDHQYHNSRPH, 0.4
14884E2I4, ETAADSVPLSQLDYFNDALQDHQYHNSRKH, 0.41
14884E3I5, ETAADSVPLSWLDYFNDALQDHQYHNSRKH, 0.49
14884E4I7, ETAADSVPLSWLDYFNNALQDHQYHNSRKH, 0.51
14884E5I15, ETAADSVPLSWLDYFNNILQDHQYHNSRKH, 0.52
14884E6I19, ETAADSVPLSWLDYFNNIVQDHQYHNSRKH, 0.53
14884E7I36, ETAADSVPLSWLDYFNNIVQDHHYHNSRKH, 0.56
14884E8I40, ETAADSVPLSWLDYFNNIVQDHHYHNKRKH, 0.58
14884E9I50, ETAADSVPISWLDYFNNIVQDHHYHNKRKH, 0.6
14884E10I51, ETAADSVPISWLDYFGNIVQDHHYHNKRKH, 0.64
14884E11I59, ETAADSVPISWLDYFGNIVQDHHYHWKRKH, 0.66
14884E12I68, ETAADSVPISWLDYFGNIVQDTHYHWKRKH, 0.67
14884E13I69, ETAADSVPISWRDYFGNIVQDTHYHWKRKH, 0.71
14884E14I100, ETAADSVPISWRIYFGNIVQDTHYHWKRKH, 0.73
14884E15I102, ETAADSVPISWRIYFGNIVQDTWYHWKRKH, 0.74
14884E16I124, ETAADSVPISWRIYFHNIVQDTWYHWKRKH, 0.79
14884E17I157, ETAADSVPISWPIYFHNIVQDTWYHWKRKH, 0.8
14884E18I162, ETAADSVPISWPIYGHNIVQDTWYHWKRKH, 0.83
14884E19I226, ETAADSVPISWPIYGHNIVQDTWYHWKRPH, 0.84
14884E20I242, ETAADSVPISWPIYGHNIVQDTWYHWKRPA, 0.85
14884E21I261, ETAADSVPISWPIYGHNIVQDTWYHWRRPA, 0.87
14884E22I276, ETAADSVPISWPIYPHNIVQDTWYHWRRPA, 0.88
14884E23I290, ETAADSVPISWPIYHHNIVQDTWYHWRRPA, 0.89
14884E24I321, ETAADSVPISWPIYHHNIVQDTWQHWRRPA, 0.9
14884E25I389, ETAADSVPISHPIYHHNIVQDTWQHWRRPA, 0.91
14884E26I425, ETAADSVPISHPIYHHNIVQDTWQHWRHPA, 0.92
14884E27I523, ETAADSVPISHPIYWHNIVQDTWQHWRHPA, 0.93
14884E28I543, ETAADSVPISHPEYWHNIVQDTWQHWRHPA, 0.94
14884E29I553, ETAADSVPISHPEYWHNFVQDTWQHWRHPA, 0.95
14884E30I623, ETAADSVPISHPEYWHTFVQDTWQHWRHPA, 0.97
