3226E0I0, PGSLYGRHIVITSWIPYFEVAHWQTVRGVW, 0.33
3226E1I2, PGSLYGRHIVITSWIPYFEVAYWQTVRGVW, 0.37
3226E2I3, PGSLYGRHIVITSWYPYFEVAYWQTVRGVW, 0.39
3226E3I5, PGSLPGRHIVITSWYPYFEVAYWQTVRGVW, 0.41
3226E4I7, PGSLPGRLIVITSWYPYFEVAYWQTVRGVW, 0.43
3226E5I12, PGSLPGRLIVITSWYPYFNVAYWQTVRGVW, 0.46
3226E6I16, PVSLPGRLIVITSWYPYFNVAYWQTVRGVW, 0.47
3226E7I18, PVSLPGFLIVITSWYPYFNVAYWQTVRGVW, 0.52
3226E8I20, QVSLPGFLIVITSWYPYFNVAYWQTVRGVW, 0.53
3226E9I22, HVSLPGFLIVITSWYPYFNVAYWQTVRGVW, 0.54
3226E10I29, HVSLPGFLIVITSWYPDFNVAYWQTVRGVW, 0.55
3226E11I46, HVSLPGFLIVIYSWYPDFNVAYWQTVRGVW, 0.58
3226E12I48, HVSLPGFLIVIYSWYPDFNVAYWQTVDGVW, 0.59
3226E13I49, HVSLPGFLIVIYSWYPDFNVAYWQTPDGVW, 0.65
3226E14I56, HVSLPGFLIVIYSWYPDFYVAYWQTPDGVW, 0.68
3226E15I68, HVSLPGFLIVIVSWYPDFYVAYWQTPDGVW, 0.69
3226E16I74, HVSLPGFLIVIVSWEPDFYVAYWQTPDGVW, 0.71
3226E17I101, HVSLPGFLIIIVSWEPDFYVAYWQTPDGVW, 0.72
3226E18I105, HVSLPGFLIIIVSWWPDFYVAYWQTPDGVW, 0.74
3226E19I111, HVSLPNFLIIIVSWWPDFYVAYWQTPDGVW, 0.75
3226E20I139, HVSLPNFLIIIVSSWPDFYVAYWQTPDGVW, 0.76
3226E21I172, HVSLPNFLIHIVSSWPDFYVAYWQTPDGVW, 0.78
3226E22I231, HVSLPNFHIHIVSSWPDFYVAYWQTPDGVW, 0.79
3226E23I260, HVSLPNFHIHIVSSWPDFYVAYWQEPDGVW, 0.8
3226E24I263, HISLPNFHIHIVSSWPDFYVAYWQEPDGVW, 0.84
3226E25I269, HISLPNFHIHIVSSWPDFYIAYWQEPDGVW, 0.88
3226E26I307, HISLPNFHIHIASSWPDFYIAYWQEPDGVW, 0.89
3226E27I342, HISLPNFHIHIASSWPDPYIAYWQEPDGVW, 0.9
