1633E0I0, QLDLSFLKGAHERPIANVGIYALNVLLVEN, 0.23
1633E1I1, QLDRSFLKGAHERPIANVGIYALNVLLVEN, 0.27
1633E2I3, QLDRSFLKGAHERPIANVGIYALEVLLVEN, 0.3
1633E3I4, QLDRSFLKGAHEEPIANVGIYALEVLLVEN, 0.31
1633E4I8, QLDRSFLKGAHEEPIANVGIRALEVLLVEN, 0.34
1633E5I9, QLDRSFLKGAHPEPIANVGIRALEVLLVEN, 0.35
1633E6I10, QLDRSFLKGAHPEPPANVGIRALEVLLVEN, 0.36
1633E7I11, QLDRSFLKGAHPEPPAPVGIRALEVLLVEN, 0.42
1633E8I20, QLDRSFLKGAHPEPGAPVGIRALEVLLVEN, 0.44
1633E9I22, QLDRSFLKGAHPEPGAPVGIRALSVLLVEN, 0.45
1633E10I23, QLDRSFLKGAHDEPGAPVGIRALSVLLVEN, 0.46
1633E11I30, QLDRSFLKGAHDEPGAPVGIRALHVLLVEN, 0.47
1633E12I35, SLDRSFLKGAHDEPGAPVGIRALHVLLVEN, 0.5
1633E13I36, SLDRSFLKGATDEPGAPVGIRALHVLLVEN, 0.51
1633E14I37, SLDRSFLKGATDEPGAPVGIRALHHLLVEN, 0.52
1633E15I39, SDDRSFLKGATDEPGAPVGIRALHHLLVEN, 0.57
1633E16I40, SDDRSFLKGATDEPGAPVGIRALHHLAVEN, 0.61
1633E17I44, SDDRSFLKHATDEPGAPVGIRALHHLAVEN, 0.65
1633E18I71, SDDRSHLKHATDEPGAPVGIRALHHLAVEN, 0.67
1633E19I79, SDDRSHLKHATDEPGAPVGIRALHHLADEN, 0.68
1633E20I103, SDDRSHLKHAHDEPGAPVGIRALHHLADEN, 0.69
1633E21I104, SDDRSHLKHAHDSPGAPVGIRALHHLADEN, 0.7
1633E22I110, SDDRWHLKHAHDSPGAPVGIRALHHLADEN, 0.72
1633E23I112, SDDRAHLKHAHDSPGAPVGIRALHHLADEN, 0.75
1633E24I122, SDDRAHLKHAHDSPGAPVGIRALHHLADEI, 0.76
1633E25I131, SDDRAHLKHAHDSPGAVVGIRALHHLADEI, 0.78
1633E26I139, WDDRAHLKHAHDSPGAVVGIRALHHLADEI, 0.8
1633E27I140, WDDRAHLKHAHDSPGAVVPIRALHHLADEI, 0.81
1633E28I160, WDDRAHLKHAHDSPGAVHPIRALHHLADEI, 0.82
1633E29I174, WDDRAHLKHAHDSPGAVHPIRHLHHLADEI, 0.86
1633E30I221, WQDRAHLKHAHDSPGAVHPIRHLHHLADEI, 0.88
1633E31I226, HQDRAHLKHAHDSPGAVHPIRHLHHLADEI, 0.9
1633E32I254, HQDRAHLKHAHDSPRAVHPIRHLHHLADEI, 0.91
1633E33I284, HQDRNHLKHAHDSPRAVHPIRHLHHLADEI, 0.92
1633E34I369, HQDRNHLKHAHDSPRHVHPIRHLHHLADEI, 0.94
1633E35I439, HQDRNHLKHAHDSPRHVHSIRHLHHLADEI, 0.95
1633E36I441, HQDRNHLKHAHDSPRHVHSIRHLHHLADER, 0.96
1633E37I480, HQDRNHLKHAHDSPRHVHHIRHLHHLADER, 0.97
1633E38I528, HQDRNHLKHAHYSPRHVHHIRHLHHLADER, 0.98
