13899E0I0, EAVVALRGHTFPWAATVEVKVNPSPTWAYH, 0.56
13899E1I5, EAVVTLRGHTFPWAATVEVKVNPSPTWAYH, 0.62
13899E2I8, TAVVTLRGHTFPWAATVEVKVNPSPTWAYH, 0.69
13899E3I12, TAVVVLRGHTFPWAATVEVKVNPSPTWAYH, 0.7
13899E4I13, TAVVVLRGHTFPWAHTVEVKVNPSPTWAYH, 0.71
13899E5I15, TAVVVLRGHTFPWAHTVEVKVRPSPTWAYH, 0.75
13899E6I26, TAVEVLRGHTFPWAHTVEVKVRPSPTWAYH, 0.78
13899E7I51, TAVEVLRGHTFPWAHTVEVKVRISPTWAYH, 0.79
13899E8I55, TAVEVLRGHTFPWAHTVEYKVRISPTWAYH, 0.8
13899E9I66, TAVEVLRGHTFPWAHTVEYKVRISPTWAYA, 0.81
13899E10I68, TAVEVLRGHTFHWAHTVEYKVRISPTWAYA, 0.84
13899E11I109, TAVEVLTGHTFHWAHTVEYKVRISPTWAYA, 0.85
13899E12I174, TAVEVETGHTFHWAHTVEYKVRISPTWAYA, 0.87
13899E13I177, TAVEVEPGHTFHWAHTVEYKVRISPTWAYA, 0.88
