1753E0I0, WLFPNKPYNGEHVEHKPQEKQTVLGLLHQD, 0.34
1753E1I1, WLFPNKPYNDEHVEHKPQEKQTVLGLLHQD, 0.38
1753E2I4, WLFPNKPYNDEHVEHKPQEKQTVLGLLHPD, 0.42
1753E3I8, WPFPNKPYNDEHVEHKPQEKQTVLGLLHPD, 0.45
1753E4I9, WPFPNKPYNDEHVEHKPQEKQTVLGLLHPG, 0.46
1753E5I11, WPFPNKPYNDEHVEHVPQEKQTVLGLLHPG, 0.52
1753E6I13, WPFPNKPYNDEHVEHVRQEKQTVLGLLHPG, 0.54
1753E7I20, WPFPNKPYNDEHVEHVRQEKQTVLSLLHPG, 0.56
1753E8I22, WPFPNKPYNDEHVFHVRQEKQTVLSLLHPG, 0.58
1753E9I23, WPFPNKPYNDEHVFHVRQEKVTVLSLLHPG, 0.61
1753E10I31, WLFPNKPYNDEHVFHVRQEKVTVLSLLHPG, 0.62
1753E11I33, WLFPPKPYNDEHVFHVRQEKVTVLSLLHPG, 0.64
1753E12I41, WLFPGKPYNDEHVFHVRQEKVTVLSLLHPG, 0.67
1753E13I49, WLFPGKPYNDEHVFHVRQEKVTVLSLLHPP, 0.68
1753E14I65, WLFPGKPYNDEHVFHVRQEKATVLSLLHPP, 0.69
1753E15I89, WLFPGKAYNDEHVFHVRQEKATVLSLLHPP, 0.7
1753E16I94, WLFHGKAYNDEHVFHVRQEKATVLSLLHPP, 0.74
1753E17I100, WLFHGKAYNDEFVFHVRQEKATVLSLLHPP, 0.76
1753E18I123, WLFHGKAYNDEFVFHWRQEKATVLSLLHPP, 0.77
1753E19I138, WLFHGKAYNDEFAFHWRQEKATVLSLLHPP, 0.79
1753E20I155, WLFHGKAYNDEFAFHWRQIKATVLSLLHPP, 0.8
1753E21I192, WLFHGKAYNDEFAFHWRQIKATFLSLLHPP, 0.81
1753E22I201, WLFHGKAYNDEFRFHWRQIKATFLSLLHPP, 0.82
1753E23I242, WLFHGKAYADEFRFHWRQIKATFLSLLHPP, 0.85
1753E24I269, WLFHGKAYADEFRFHWRQIKATFLSLLHPN, 0.86
1753E25I301, WLFHGKAYADEFGFHWRQIKATFLSLLHPN, 0.87
