2879E0I0, RHINEGRKEQPWKRGQLLWQTNLLEAGWKI, 0.3
2879E1I2, RHINEGRKEQPWKRGQLLWQTNLLEAGWSI, 0.31
2879E2I6, RHINEGRDEQPWKRGQLLWQTNLLEAGWSI, 0.35
2879E3I12, RHINEGRDEQFWKRGQLLWQTNLLEAGWSI, 0.37
2879E4I13, RHINPGRDEQFWKRGQLLWQTNLLEAGWSI, 0.41
2879E5I17, RHINPGRDEQFWKRGQLLWQTNLLEAAWSI, 0.45
2879E6I20, RHINPGRDEQAWKRGQLLWQTNLLEAAWSI, 0.48
2879E7I36, RHINPGRDEQAWNRGQLLWQTNLLEAAWSI, 0.52
2879E8I57, RHINPGRDEQAWNRGQLLWQTHLLEAAWSI, 0.57
2879E9I62, RHINPGRDEDAWNRGQLLWQTHLLEAAWSI, 0.59
2879E10I66, RHIYPGRDEDAWNRGQLLWQTHLLEAAWSI, 0.6
2879E11I68, RHIYPGRDEDAWNRGQLLWQTHLLPAAWSI, 0.66
2879E12I70, RHIYPGRDETAWNRGQLLWQTHLLPAAWSI, 0.68
2879E13I82, RHIYPGRDETAWNRVQLLWQTHLLPAAWSI, 0.7
2879E14I93, RHIYPGRDEFAWNRVQLLWQTHLLPAAWSI, 0.71
2879E15I98, RHIYPGRDEFAWNRVQLKWQTHLLPAAWSI, 0.72
2879E16I127, RHIYPGRDEFAWYRVQLKWQTHLLPAAWSI, 0.76
2879E17I135, RWIYPGRDEFAWYRVQLKWQTHLLPAAWSI, 0.77
2879E18I147, RWIYPGRDEWAWYRVQLKWQTHLLPAAWSI, 0.8
2879E19I180, RWIYPGRDEWAWYRRQLKWQTHLLPAAWSI, 0.81
2879E20I192, RWIYPGRDEWAWYRRQLKWATHLLPAAWSI, 0.84
2879E21I199, RWDYPGRDEWAWYRRQLKWATHLLPAAWSI, 0.86
2879E22I271, RWDYPGRAEWAWYRRQLKWATHLLPAAWSI, 0.88
