15797E0I0, EATDHVIYFFWDKARFLEVNLYTWIDGDDD, 0.32
15797E1I3, EATDHVIYFFWDNARFLEVNLYTWIDGDDD, 0.33
15797E2I4, EATDHVIYFFWDNARFLEVNVYTWIDGDDD, 0.34
15797E3I6, EATDHVIYFFWDNARFDEVNVYTWIDGDDD, 0.37
15797E4I11, EATDHVIFFFWDNARFDEVNVYTWIDGDDD, 0.38
15797E5I13, EATDHVIFFFWDNARFDEVNVYTWILGDDD, 0.4
15797E6I14, EATDHVIFFFWHNARFDEVNVYTWILGDDD, 0.47
15797E7I16, EATDHVIFFFWHNARFDEVNQYTWILGDDD, 0.51
15797E8I20, EATDHVIFFFWHNARFDEVNQYTWILFDDD, 0.55
15797E9I36, EATDHVIFFFWHNARFDEVNQYTWILFDRD, 0.56
15797E10I48, EATDHVIFFFWHNARFDEVNQYTWIHFDRD, 0.58
15797E11I49, EATDHVIRFFWHNARFDEVNQYTWIHFDRD, 0.59
15797E12I55, EATDHVIRFFWHNARFDEVNQYTWIHFDRE, 0.63
15797E13I59, EATDHVIRFFHHNARFDEVNQYTWIHFDRE, 0.68
15797E14I63, EATDHVIRFFHHNARFDEVNAYTWIHFDRE, 0.69
15797E15I73, EATDHVIRFFHHNGRFDEVNAYTWIHFDRE, 0.71
15797E16I79, EATAHVIRFFHHNGRFDEVNAYTWIHFDRE, 0.76
15797E17I110, EATAHVIRFFHHNGRFDEVNAYTWGHFDRE, 0.78
15797E18I116, EATAHVIRFFHHNGRFDEVNAYYWGHFDRE, 0.82
15797E19I120, EATAHVIRFFHHNGRFDEVNAYYWGWFDRE, 0.83
15797E20I121, WATAHVIRFFHHNGRFDEVNAYYWGWFDRE, 0.86
15797E21I219, WATAHVIRFFHHNGRFDFVNAYYWGWFDRE, 0.87
15797E22I241, WATAHVIRFFHHNGRFDFVNAYYWPWFDRE, 0.88
15797E23I268, WAYAHVIRFFHHNGRFDFVNAYYWPWFDRE, 0.89
15797E24I347, WAYHHVIRFFHHNGRFDFVNAYYWPWFDRE, 0.9
15797E25I359, WAYHHVIRFFHHNGRFDPVNAYYWPWFDRE, 0.91
15797E26I388, WAYHHVIRFFHHNGRFDPVNAYYWPWFDRH, 0.92
15797E27I412, WAYHHVIRFFHHNGRFDPVNAYWWPWFDRH, 0.93
