13090E0I0, IQPWLDAHNSVFVVVELLRSFIAVYTIFQN, 0.26
13090E1I2, IQQWLDAHNSVFVVVELLRSFIAVYTIFQN, 0.27
13090E2I5, IQQWLDHHNSVFVVVELLRSFIAVYTIFQN, 0.3
13090E3I6, IQQWLDHLNSVFVVVELLRSFIAVYTIFQN, 0.32
13090E4I7, IQQWLLHLNSVFVVVELLRSFIAVYTIFQN, 0.37
13090E5I8, IQQWLLHLNSVFVVVEILRSFIAVYTIFQN, 0.38
13090E6I9, IQQWLLHLNSVFHVVEILRSFIAVYTIFQN, 0.43
13090E7I16, IQQWLLHLNSVFHVVEILRDFIAVYTIFQN, 0.48
13090E8I32, ITQWLLHLNSVFHVVEILRDFIAVYTIFQN, 0.51
13090E9I37, ITQWLLHLNSVFHVVPILRDFIAVYTIFQN, 0.52
13090E10I40, ITQWLRHLNSVFHVVPILRDFIAVYTIFQN, 0.56
13090E11I41, ITQWLRHLNSVFHVVPILRDFIAGYTIFQN, 0.6
13090E12I69, ITQWLRHLNSVFHVVPILRDFIHGYTIFQN, 0.62
13090E13I94, ITQWLRHLESVFHVVPILRDFIHGYTIFQN, 0.63
13090E14I95, ITQWLRHLESVFHVVPILRDFSHGYTIFQN, 0.64
13090E15I113, ITQWLRHLESYFHVVPILRDFSHGYTIFQN, 0.67
13090E16I151, ITQWLRHLLSYFHVVPILRDFSHGYTIFQN, 0.69
13090E17I180, ITQWLRHLLSYFHVVPILRDFSHGYTISQN, 0.7
13090E18I201, ITQWLRHLLSYFHVVPILRDFSHGYQISQN, 0.71
13090E19I215, ETQWLRHLLSYFHVVPILRDFSHGYQISQN, 0.75
13090E20I218, ETQWLRHLLSYFHVVPILRDFSHTYQISQN, 0.76
13090E21I272, ETQWLRHLLSYFHVVPILRDFSHTYQDSQN, 0.77
13090E22I305, ETQWLRHLLAYFHVVPILRDFSHTYQDSQN, 0.78
13090E23I309, ETQWLRHLTAYFHVVPILRDFSHTYQDSQN, 0.79
13090E24I332, ETQWLRHLTAYFHVSPILRDFSHTYQDSQN, 0.8
13090E25I342, ETQWLRHLWAYFHVSPILRDFSHTYQDSQN, 0.81
13090E26I343, ETQWLRHLWAYFHVSPHLRDFSHTYQDSQN, 0.86
13090E27I353, ETQWLRHLWAYFHVSPHLRDFSHTWQDSQN, 0.88
13090E28I369, ETQWLRHLWAYFHVSPHLRDFSHTWQNSQN, 0.89
13090E29I374, ETQHLRHLWAYFHVSPHLRDFSHTWQNSQN, 0.9
13090E30I375, ETQHLRHLWAYFHVSPHLRDFVHTWQNSQN, 0.91
13090E31I387, ETQHLRHLWAYFHVSPHLRDFVHTWQNSQH, 0.92
13090E32I428, ETQHLRHLWAYFHVSRHLRDFVHTWQNSQH, 0.93
