14728E0I0, YDYYSDSVFKVLWDKQFLKDHVLKNDAYGV, 0.26
14728E1I1, YDYYSDSVFKVLWDKQFLKLHVLKNDAYGV, 0.32
14728E2I6, YDYYSDSVFKVLWDKQRLKLHVLKNDAYGV, 0.36
14728E3I7, YDYYSDSVFKVLWDKQRLKLHVLKFDAYGV, 0.46
14728E4I10, YDYYSDSVFKVLWDKQRLKYHVLKFDAYGV, 0.48
14728E5I15, YDYYSDSVFKVFWDKQRLKYHVLKFDAYGV, 0.49
14728E6I17, YWYYSDSVFKVFWDKQRLKYHVLKFDAYGV, 0.53
14728E7I18, YWYYSDSVFKVFWDKQRLKYHVHKFDAYGV, 0.55
14728E8I19, YWYYSDSVFKVFWDKQRLKYHVHYFDAYGV, 0.59
14728E9I21, YWYYSDSDFKVFWDKQRLKYHVHYFDAYGV, 0.6
14728E10I22, YWYYSDSDFKVFWDVQRLKYHVHYFDAYGV, 0.61
14728E11I23, YWYYSDSDFKVFWDVQRLKYHVHYFDSYGV, 0.62
14728E12I32, YWYYSDSDFKVFWDVQRLKSHVHYFDSYGV, 0.65
14728E13I40, YWYYSDSDFKVFWIVQRLKSHVHYFDSYGV, 0.7
14728E14I46, YWYYSDSDFKVFWIVQRLKSHVHYFDSYGF, 0.75
14728E15I63, YWYYSWSDFKVFWIVQRLKSHVHYFDSYGF, 0.76
14728E16I65, YWYYSWSDFKVFWIVQRLKSHVHYADSYGF, 0.77
14728E17I66, YWYYSWSDFKVFWILQRLKSHVHYADSYGF, 0.79
14728E18I67, YWYYSWSDFKVFWILQRLKSHVHYADSYGW, 0.8
