12371E0I0, PDQSRHQDSVSHLNRDFNSNDSNIPINYEA, 0.39
12371E1I4, GDQSRHQDSVSHLNRDFNSNDSNIPINYEA, 0.41
12371E2I6, GDQSRHQDSVSHLNRDFNSNDSNIPINYYA, 0.46
12371E3I8, GDQSRHQDSVSHLNRDFNSNDSNIPANYYA, 0.48
12371E4I21, GDQSRHQDSVSHLNRDFNSNDYNIPANYYA, 0.49
12371E5I26, GDQSRHQDSVSHLNRDFNSNDYNIPAPYYA, 0.5
12371E6I27, GDQSRHQLSVSHLNRDFNSNDYNIPAPYYA, 0.53
12371E7I30, GHQSRHQLSVSHLNRDFNSNDYNIPAPYYA, 0.56
12371E8I37, GHQSRHQLSVSHLHRDFNSNDYNIPAPYYA, 0.61
12371E9I44, GHQSRHQLSVSHLHRDFNSNDYNIPAEYYA, 0.62
12371E10I64, GHQSRHQLSVSHLHRDFNSNDYNIPAEEYA, 0.63
12371E11I86, GHQSRHQLSVSHLHRDFNSNDYNWPAEEYA, 0.65
12371E12I90, GHQSRHQLSVSHLHRDFNSNDYNWPAEEPA, 0.69
12371E13I93, GHQSRHQLSVSHLHRDFNSNHYNWPAEEPA, 0.72
12371E14I98, GHQSRHQLSVSHLHRDFNSNHLNWPAEEPA, 0.76
12371E15I102, GHYSRHQLSVSHLHRDFNSNHLNWPAEEPA, 0.77
12371E16I103, GHYSRHQLSVSHLHRDFNQNHLNWPAEEPA, 0.78
12371E17I118, GHYSRHQLSVSHLHRDFNQNHLGWPAEEPA, 0.79
12371E18I122, GHYSRHQLSVSHLHRDFNQNHLGWPAAEPA, 0.8
12371E19I125, GHYSRHQESVSHLHRDFNQNHLGWPAAEPA, 0.82
12371E20I158, GHYSRHQESVSHLHRDFNQNHLGAPAAEPA, 0.83
12371E21I162, GHYSRHQESVSHLHRDFNQNHLGAPAAEWA, 0.84
12371E22I168, GHYSRHQESVSHLHREFNQNHLGAPAAEWA, 0.86
12371E23I175, GHYSRHQESVSHLHRYFNQNHLGAPAAEWA, 0.87
12371E24I184, GHYSRHTESVSHLHRYFNQNHLGAPAAEWA, 0.89
12371E25I190, GHYSRHTESVVHLHRYFNQNHLGAPAAEWA, 0.9
12371E26I197, GHYSRHTWSVVHLHRYFNQNHLGAPAAEWA, 0.91
12371E27I244, RHYSRHTWSVVHLHRYFNQNHLGAPAAEWA, 0.92
