19185E0I0, GVAWDKHRANRNGPWAVNNAHAAGIHEAIY, 0.33
19185E1I2, GVAWDKHRANRNGPTAVNNAHAAGIHEAIY, 0.34
19185E2I5, GVAWDKHNANRNGPTAVNNAHAAGIHEAIY, 0.41
19185E3I8, GVAWDKHNAVRNGPTAVNNAHAAGIHEAIY, 0.43
19185E4I9, GVAWDKHNAVRNGPTAVNNAHAAGIHPAIY, 0.47
19185E5I10, GVAWDKHNAVRNGPTAVNNAHAAGPHPAIY, 0.48
19185E6I15, GVAWDLHNAVRNGPTAVNNAHAAGPHPAIY, 0.49
19185E7I19, GVAWDLHNAVRNGPTAVNNAHFAGPHPAIY, 0.5
19185E8I21, GVAWDLHNAVRNGPTYVNNAHFAGPHPAIY, 0.51
19185E9I22, GVAWDLHNFVRNGPTYVNNAHFAGPHPAIY, 0.54
19185E10I23, GVTWDLHNFVRNGPTYVNNAHFAGPHPAIY, 0.57
19185E11I30, GVTWDLHNFVRNGPTYVNNARFAGPHPAIY, 0.58
19185E12I31, GVTWDLHNFVRNGPTYVNNARFAGPHPAIT, 0.59
19185E13I37, AVTWDLHNFVRNGPTYVNNARFAGPHPAIT, 0.6
19185E14I46, AVTWDLHNFVRNGPTHVNNARFAGPHPAIT, 0.66
19185E15I47, AVTWDLHNFVRNGPTHVNNNRFAGPHPAIT, 0.67
19185E16I53, AVTWRLHNFVRNGPTHVNNNRFAGPHPAIT, 0.72
19185E17I55, AVTWRLHNFVRNGPTHVNHNRFAGPHPAIT, 0.75
19185E18I56, AVTWRLHNFVRNGPTHVNHNRFAGEHPAIT, 0.76
19185E19I72, AVTWRQHNFVRNGPTHVNHNRFAGEHPAIT, 0.79
19185E20I91, AVTWRQHNFVRNGPTHWNHNRFAGEHPAIT, 0.8
19185E21I95, FVTWRQHNFVRNGPTHWNHNRFAGEHPAIT, 0.81
19185E22I110, FVTWRQHNFVRNGPTHWNHNRFIGEHPAIT, 0.83
19185E23I163, FVTWRQHNFVRNGPTHWNHNRFPGEHPAIT, 0.84
19185E24I174, FVTWRQHNFVRNGPTHWNHNRFPWEHPAIT, 0.85
19185E25I183, FVTWRQHNFVRNGPTHWNHNRFPWNHPAIT, 0.86
19185E26I224, FVTWRQHNFVRNGHTHWNHNRFPWNHPAIT, 0.88
19185E27I228, IVTWRQHNFVRNGHTHWNHNRFPWNHPAIT, 0.89
