19350E0I0, ARPIVFEQVGGSFRWEGPWIEFITSNYSIY, 0.21
19350E1I2, ARPIVFEQVGGHFRWEGPWIEFITSNYSIY, 0.26
19350E2I4, ARPIVNEQVGGHFRWEGPWIEFITSNYSIY, 0.3
19350E3I9, ARPIVNEQVGGHFRWEGPWIEFITSNYAIY, 0.32
19350E4I15, ARPIVNEQVAGHFRWEGPWIEFITSNYAIY, 0.34
19350E5I19, ARPIVNEQVAGHFNWEGPWIEFITSNYAIY, 0.35
19350E6I21, ARPIVNHQVAGHFNWEGPWIEFITSNYAIY, 0.48
19350E7I31, ARPIVTHQVAGHFNWEGPWIEFITSNYAIY, 0.49
19350E8I33, ARPIVTHQVQGHFNWEGPWIEFITSNYAIY, 0.53
19350E9I36, ARPIVTHQVQGHFNWEDPWIEFITSNYAIY, 0.56
19350E10I41, ARPIVTHQHQGHFNWEDPWIEFITSNYAIY, 0.58
19350E11I48, ARPIVTHQHQGHFNWEDPWIEFVTSNYAIY, 0.62
19350E12I50, ARPIVTHQHFGHFNWEDPWIEFVTSNYAIY, 0.66
19350E13I56, ARPIVTHQHFGHFNWEDPWIEFVVSNYAIY, 0.67
19350E14I64, ARPFVTHQHFGHFNWEDPWIEFVVSNYAIY, 0.69
19350E15I67, ARPFVTHQHFRHFNWEDPWIEFVVSNYAIY, 0.7
19350E16I71, DRPFVTHQHFRHFNWEDPWIEFVVSNYAIY, 0.71
19350E17I74, DRPFVTHQHFRHFNWEDPWIEFVVSNYPIY, 0.73
19350E18I79, DRPFVTHQHFRHFHWEDPWIEFVVSNYPIY, 0.74
19350E19I87, DRPFVTHQHFRHFHWEDPSIEFVVSNYPIY, 0.75
19350E20I96, DRPFVTHQHFRHFHWEDPSIEFVVNNYPIY, 0.76
19350E21I101, DRPFVTHFHFRHFHWEDPSIEFVVNNYPIY, 0.77
19350E22I106, DRPFVTHFHFRHFHWEDPSIHFVVNNYPIY, 0.8
19350E23I107, DRPFVGHFHFRHFHWEDPSIHFVVNNYPIY, 0.82
19350E24I118, DRPFVGHFHFRHFHWEDPSIHVVVNNYPIY, 0.83
19350E25I134, DRPFVGHFHHRHFHWEDPSIHVVVNNYPIY, 0.84
19350E26I147, DRPFVGHFHHRHFHWEDPSIHVVVENYPIY, 0.85
19350E27I179, DRPFVGHFHNRHFHWEDPSIHVVVENYPIY, 0.86
19350E28I265, DRPFVGHFHNRHFHWEDPSIHVVHENYPIY, 0.87
