17816E0I0, RQTEKNHFKPSDHEKVPHKWAYRIELYIWR, 0.37
17816E1I1, RQTEKNHFKPSDHEKVPHKWAYRIEIYIWR, 0.42
17816E2I8, RQTEKNHFKPSDHEKVPHSWAYRIEIYIWR, 0.47
17816E3I12, RQTEFNHFKPSDHEKVPHSWAYRIEIYIWR, 0.5
17816E4I18, RQTAFNHFKPSDHEKVPHSWAYRIEIYIWR, 0.53
17816E5I23, RQTAFNHFKPSDHEKVPHSWAARIEIYIWR, 0.56
17816E6I26, RQTAFNHFKPSDHEKVPHSWAARIEIYPWR, 0.59
17816E7I35, RQTAFNHFKPSDHDKVPHSWAARIEIYPWR, 0.66
17816E8I44, RQTAFNHFKPSDHDKVPHSWAARIEIYFWR, 0.67
17816E9I88, RQTAFNHFKPSDHDKVPHSWAARIEIYFWT, 0.68
17816E10I141, RQTAFNHFKPSDKDKVPHSWAARIEIYFWT, 0.69
17816E11I162, RQTAFNHFKKSDKDKVPHSWAARIEIYFWT, 0.7
17816E12I177, RQTAFNHFKKSDKWKVPHSWAARIEIYFWT, 0.74
17816E13I197, RQTAFNHFKKSDKWKVGHSWAARIEIYFWT, 0.76
17816E14I200, RQTAFNHFKKSDKWKVGHSWAARIQIYFWT, 0.77
17816E15I226, RLTAFNHFKKSDKWKVGHSWAARIQIYFWT, 0.78
17816E16I228, RLTAENHFKKSDKWKVGHSWAARIQIYFWT, 0.8
17816E17I241, RLTAENHFKKSDKWKVGHSWAARIQIYFWK, 0.82
17816E18I297, DLTAENHFKKSDKWKVGHSWAARIQIYFWK, 0.83
17816E19I355, FLTAENHFKKSDKWKVGHSWAARIQIYFWK, 0.84
17816E20I365, FLTAENWFKKSDKWKVGHSWAARIQIYFWK, 0.87
17816E21I378, FLTAENWFKKSDKWKVGHSWAAYIQIYFWK, 0.88
17816E22I453, FLTAENWFKKSDKWKVGHSWAAYIQWYFWK, 0.89
17816E23I455, FLTAENWFKKSDKWKVGHSWAAYIQWAFWK, 0.91
