8777E0I0, TQWRDEGKEFGTLPDLNSEWGNNEKIAKFL, 0.36
8777E1I3, TQWRDEGKEFGTLPDLNSEWGNNEKIAKYL, 0.4
8777E2I7, TQWRDEGKEFGTLPDLNSEWGNNEKKAKYL, 0.42
8777E3I8, TQWRDEGKEFGTLPDLNSEWGNFEKKAKYL, 0.43
8777E4I10, TQWRDEIKEFGTLPDLNSEWGNFEKKAKYL, 0.44
8777E5I17, TQWRDEIKEFGTLPHLNSEWGNFEKKAKYL, 0.47
8777E6I20, TQWRDEIKEFGTLPHLNSEEGNFEKKAKYL, 0.48
8777E7I23, TQWRDEIGEFGTLPHLNSEEGNFEKKAKYL, 0.49
8777E8I24, TQWRDEIGEFGTLPHLNSEEGNFEKKAKAL, 0.51
8777E9I27, TQWRDEIGAFGTLPHLNSEEGNFEKKAKAL, 0.52
8777E10I30, TQWRDEIGAFGTLPHLNSEEGNFAKKAKAL, 0.65
8777E11I32, TQWRDEIGAFGTLHHLNSEEGNFAKKAKAL, 0.68
8777E12I41, TQWRDEIGAFGTLHPLNSEEGNFAKKAKAL, 0.7
8777E13I49, TQWRDEIGAFGTLHPHNSEEGNFAKKAKAL, 0.71
8777E14I50, TQWRHEIGAFGTLHPHNSEEGNFAKKAKAL, 0.73
8777E15I62, TQWRHEIGAFGTLHPHNSEEYNFAKKAKAL, 0.74
8777E16I90, TQWTHEIGAFGTLHPHNSEEYNFAKKAKAL, 0.75
8777E17I97, TQWTHEIGAFGTLHPHNSEEYNFAKKAKAY, 0.77
8777E18I104, TQWTHEIGAFGTLHPHNSEEYNFAKKAKAH, 0.78
8777E19I106, TQWTHEIGAFLTLHPHNSEEYNFAKKAKAH, 0.82
8777E20I131, TQWTHPIGAFLTLHPHNSEEYNFAKKAKAH, 0.83
8777E21I150, TTWTHPIGAFLTLHPHNSEEYNFAKKAKAH, 0.85
8777E22I152, TWWTHPIGAFLTLHPHNSEEYNFAKKAKAH, 0.86
8777E23I233, TWWTHPIGAFLTLHTHNSEEYNFAKKAKAH, 0.87
8777E24I284, TWWTHPIGAFLTLHTHNSEEYTFAKKAKAH, 0.89
