2138E0I0, QRGQIEIKPQIRSQKYYNRGHQYNAGINLH, 0.32
2138E1I2, QRGQIEIKGQIRSQKYYNRGHQYNAGINLH, 0.33
2138E2I5, QRGQIEIKGQIRSQKYYNRGHQYNAEINLH, 0.34
2138E3I6, DRGQIEIKGQIRSQKYYNRGHQYNAEINLH, 0.35
2138E4I7, DRGQIEIKGQIRVQKYYNRGHQYNAEINLH, 0.37
2138E5I18, DRGQIEIKGQIRVQKYPNRGHQYNAEINLH, 0.4
2138E6I22, DRGQIEIHGQIRVQKYPNRGHQYNAEINLH, 0.45
2138E7I27, DRGQIEIHGQIRVQKYPNRGHQGNAEINLH, 0.49
2138E8I29, DRGQIEIHGQIRVQKYPNRRHQGNAEINLH, 0.5
2138E9I33, DRGQIEIHGQIGVQKYPNRRHQGNAEINLH, 0.51
2138E10I35, DRGQIEIHGQIGVQPYPNRRHQGNAEINLH, 0.52
2138E11I40, DRGQIEIHGQIGVQPYPNRRHQGNAEINLT, 0.53
2138E12I42, DRGQIEIHGQIGVQPYPNRRHQGNAEINDT, 0.58
2138E13I104, DRGQIEIHGQIGVWPYPNRRHQGNAEINDT, 0.64
2138E14I130, DRGQIEIHGQIGVWPYPNRRHQGNAEIRDT, 0.66
2138E15I156, DRGQIEIHGQIGVWPYPNRRHGGNAEIRDT, 0.67
2138E16I171, DRGQIEIHGQIGVWPYPYRRHGGNAEIRDT, 0.68
2138E17I190, DRGQIEIHGQIGVWEYPYRRHGGNAEIRDT, 0.7
