16705E0I0, LNENHLDVTEGHGHAIPQEDHRLAWVEAYY, 0.39
16705E1I2, LNENHLDVTEGHGHAIPQEYHRLAWVEAYY, 0.43
16705E2I4, LNENHLHVTEGHGHAIPQEYHRLAWVEAYY, 0.44
16705E3I5, HNENHLHVTEGHGHAIPQEYHRLAWVEAYY, 0.57
16705E4I17, HNYNHLHVTEGHGHAIPQEYHRLAWVEAYY, 0.58
16705E5I24, HNYNHLHVTEGHGHAIPQEYHRLAWPEAYY, 0.62
16705E6I25, HNYNHLHVTEGHGHAIPQEYHRLAWPLAYY, 0.75
16705E7I28, HNYNHLHVTEGHGHAIPQEYHRLAWPLARY, 0.76
16705E8I30, HNYNHLHWTEGHGHAIPQEYHRLAWPLARY, 0.8
16705E9I31, HNYNHLHWREGHGHAIPQEYHRLAWPLARY, 0.82
16705E10I49, HNYNHLHWRYGHGHAIPQEYHRLAWPLARY, 0.83
16705E11I53, HNYWHLHWRYGHGHAIPQEYHRLAWPLARY, 0.86
16705E12I73, HNYWHLHWRYGHGHAIPQFYHRLAWPLARY, 0.87
16705E13I74, HNYWHLHWRYGHGHAIPQFKHRLAWPLARY, 0.88
16705E14I148, HNYWHLHWRYGHGHAIPRFKHRLAWPLARY, 0.89
16705E15I172, HNYWHLHWRYGYGHAIPRFKHRLAWPLARY, 0.9
