6558E0I0, HWRNVPENTNHPFLLVWSWKQSNYFYTVTP, 0.49
6558E1I2, HWRNVPENTNHPFLLVWSWKQSNYFKTVTP, 0.53
6558E2I6, HWRNVPENTNHPFLLVWSWKQSNYFKTNTP, 0.54
6558E3I13, HWRNVPENTNHPFLLVWSWKQSNYFKYNTP, 0.58
6558E4I18, HWRNVPENTNHPFLLFWSWKQSNYFKYNTP, 0.63
6558E5I27, HWRNVPENTNHPFLLFWSWKQSNYGKYNTP, 0.65
6558E6I29, HWRNVPENTNHPFLLFWSWDQSNYGKYNTP, 0.67
6558E7I33, HWRNVPENTNHPFLLFWSWDQNNYGKYNTP, 0.69
6558E8I39, HWRNVPENTNHPFLLFGSWDQNNYGKYNTP, 0.7
6558E9I59, HWRNVPENTFHPFLLFGSWDQNNYGKYNTP, 0.75
6558E10I79, HWRNVPENTFHPFLLFGSWDQNNYGKHNTP, 0.76
6558E11I91, HWRHVPENTFHPFLLFGSWDQNNYGKHNTP, 0.77
6558E12I99, HWRHVPENTFHPFLLFGSWDQNNYGRHNTP, 0.82
6558E13I104, HHRHVPENTFHPFLLFGSWDQNNYGRHNTP, 0.83
6558E14I127, GHRHVPENTFHPFLLFGSWDQNNYGRHNTP, 0.84
6558E15I150, GHRHVPENTFHPFLLFGSWDQNNYGRHNTW, 0.86
6558E16I172, GHRHVPENTFHPFLLFGSWSQNNYGRHNTW, 0.89
