2E0I0, EHVRRYDAWWLFKAHNDYFLFAPIYRHDSF, 0.59
2E1I1, EHVRRYDFWWLFKAHNDYFLFAPIYRHDSF, 0.68
2E2I2, EHVRRYDFWWLFKATNDYFLFAPIYRHDSF, 0.69
2E3I7, EHVRRYDFWWLFKATNDYFLFAPIYRHDSK, 0.72
2E4I8, EHVRRYDFWWLFKATHDYFLFAPIYRHDSK, 0.74
2E5I31, EHVRAYDFWWLFKATHDYFLFAPIYRHDSK, 0.75
2E6I42, EHVRAYDFWWLFKATHDYFLFAPIYRHDSQ, 0.76
2E7I47, EHVHAYDFWWLFKATHDYFLFAPIYRHDSQ, 0.77
2E8I51, EHVHAYDFWWLFWATHDYFLFAPIYRHDSQ, 0.8
2E9I52, EHVHAYDFWWLFWATHDYYLFAPIYRHDSQ, 0.81
2E10I73, EHVHAYDFWWLFWATHDYYLFAPIYRHDSP, 0.82
2E11I122, EHVHAYWFWWLFWATHDYYLFAPIYRHDSP, 0.83
2E12I125, EHVHAYWFHWLFWATHDYYLFAPIYRHDSP, 0.86
2E13I126, EHVHAYWYHWLFWATHDYYLFAPIYRHDSP, 0.87
2E14I172, EHVHAYWYHWLFWATHDYYLFAPFYRHDSP, 0.88
2E15I226, EHVHAYWYHWLFWATHDYYLFAPFYRHWSP, 0.89
2E16I232, EHVHAYWYHWLFWATADYYLFAPFYRHWSP, 0.9
2E17I245, EHIHAYWYHWLFWATADYYLFAPFYRHWSP, 0.91
2E18I249, EHIHAYWYHALFWATADYYLFAPFYRHWSP, 0.93
2E19I301, FHIHAYWYHALFWATADYYLFAPFYRHWSP, 0.94
