3540E0I0, HRSNAYHYAQINRHWIHRIPHKWYDLFERT, 0.35
3540E1I1, HRSNAYHYAQWNRHWIHRIPHKWYDLFERT, 0.36
3540E2I2, HRSNAYHYAQWNRHWIHRIPHKWYDLFGRT, 0.44
3540E3I3, HRSNAYHYAQWNRHWIHRIVHKWYDLFGRT, 0.45
3540E4I4, HRSNAYHYAQWNRHWIHRIVHKWYDLQGRT, 0.46
3540E5I10, HRSNAYHYAQWNRHWIHEIVHKWYDLQGRT, 0.47
3540E6I13, HRSNAYHYAQWNRHWIHEIVHKWYLLQGRT, 0.49
3540E7I17, HRSNAYHYAQWNRHWIHEIVHKWYLLQART, 0.5
3540E8I24, HRSNAYHYAQWNRHWIHDIVHKWYLLQART, 0.51
3540E9I25, HRSNAYHYAQWNRHWIHVIVHKWYLLQART, 0.54
3540E10I34, HRSNAYHYAQWNRHWIHPIVHKWYLLQART, 0.55
3540E11I40, HRSNAYHGAQWNRHWIHPIVHKWYLLQART, 0.6
3540E12I58, HRSNAYHGAQWNRHWIHPIVHKWYLLQAHT, 0.64
3540E13I62, HRSNAYHGHQWNRHWIHPIVHKWYLLQAHT, 0.68
3540E14I68, HRSNAYHGHQWNRHWIHPIVHGWYLLQAHT, 0.7
3540E15I71, HRSNAYHGHQWPRHWIHPIVHGWYLLQAHT, 0.75
3540E16I75, HRSTAYHGHQWPRHWIHPIVHGWYLLQAHT, 0.78
3540E17I76, HRSTAYHGHQWPRHWQHPIVHGWYLLQAHT, 0.79
3540E18I77, HRSTAYHGHQWPRHWQHPIVHGWYLLQGHT, 0.82
3540E19I94, HRSTAYHGHQWPRHWQHPIHHGWYLLQGHT, 0.84
3540E20I105, HRSTAYHGHQWPRHWQHPIHHGWYLLQGHY, 0.85
3540E21I155, HRSTAYHGHQWPRHWQHPIHHTWYLLQGHY, 0.86
3540E22I193, HRSTAYHGHQWPRHWQHPIHHTWYLLQGHG, 0.87
3540E23I289, HRSTAYHGHWWPRHWQHPIHHTWYLLQGHG, 0.91
3540E24I299, HRSTAYHGHWWPGHWQHPIHHTWYLLQGHG, 0.92
