9657E0I0, VIQQTNVLKWYHTAIIYYFPSPKGVVYGFV, 0.47
9657E1I1, VIQQTDVLKWYHTAIIYYFPSPKGVVYGFV, 0.53
9657E2I2, VNQQTDVLKWYHTAIIYYFPSPKGVVYGFV, 0.54
9657E3I5, VNQDTDVLKWYHTAIIYYFPSPKGVVYGFV, 0.58
9657E4I6, VNQDPDVLKWYHTAIIYYFPSPKGVVYGFV, 0.64
9657E5I8, VNQDPDVLKWEHTAIIYYFPSPKGVVYGFV, 0.65
9657E6I29, VNQDPDVLKWEHTARIYYFPSPKGVVYGFV, 0.67
9657E7I38, VNQDPDVLKWEHTARIYYFPSPKGVWYGFV, 0.68
9657E8I69, VNQDPDVLKWTHTARIYYFPSPKGVWYGFV, 0.7
9657E9I78, VNQDPDVLKWTHTARIYYFPSPKGHWYGFV, 0.73
9657E10I84, VNQDPAVLKWTHTARIYYFPSPKGHWYGFV, 0.74
9657E11I88, VNQDPAVLKWTHTARIYYFPSPKGHWYFFV, 0.76
9657E12I100, VNQDPAVLKWTHTARIYYFPSPKIHWYFFV, 0.78
9657E13I124, VNQDPAVLKWTHTARIYYYPSPKIHWYFFV, 0.79
9657E14I145, VNQDPAVLKWTHTARIYYYPSPKIHWAFFV, 0.81
9657E15I179, VNQDPAVLHWTHTARIYYYPSPKIHWAFFV, 0.82
9657E16I194, VNQDPAVLHWTHTARIYYYPSPKIYWAFFV, 0.83
9657E17I202, VNQDPAVLHWTHTARIYWYPSPKIYWAFFV, 0.84
9657E18I212, VSQDPAVLHWTHTARIYWYPSPKIYWAFFV, 0.85
9657E19I236, VSQDPAVLHWTHTARIYWYPSWKIYWAFFV, 0.86
9657E20I243, VSQFPAVLHWTHTARIYWYPSWKIYWAFFV, 0.87
9657E21I295, VSQFPAVLHWTHTARIYWYPSWKIYWAQFV, 0.88
9657E22I305, VSQFPAVLHWTHTARIYWYPSWAIYWAQFV, 0.89
9657E23I315, VSQFPAVLHLTHTARIYWYPSWAIYWAQFV, 0.91
9657E24I359, VSQFPAVLHLTHTARIYWYPSWAIYWWQFV, 0.92
9657E25I392, ESQFPAVLHLTHTARIYWYPSWAIYWWQFV, 0.93
9657E26I415, ESQFPAVLHLTHTARIYWYPSWAWYWWQFV, 0.94
