4987E0I0, QTRGSTIVSETWDQFDFTPQHYHIESFTPT, 0.41
4987E1I3, QDRGSTIVSETWDQFDFTPQHYHIESFTPT, 0.45
4987E2I5, QDRGSTIVSETWDQFDFTYQHYHIESFTPT, 0.46
4987E3I12, QDRGSTDVSETWDQFDFTYQHYHIESFTPT, 0.49
4987E4I15, QDRGSFDVSETWDQFDFTYQHYHIESFTPT, 0.6
4987E5I17, QDRGSFDVSETWDQFDFTYQHYHIERFTPT, 0.62
4987E6I20, QDRGSFDVSETWDQFDFTYQHYHIPRFTPT, 0.63
4987E7I24, QDRGSFDVSETWDQFDFTYQHYHIPRFTAT, 0.64
4987E8I25, QDRNSFDVSETWDQFDFTYQHYHIPRFTAT, 0.66
4987E9I27, QDRNSFDVSETWRQFDFTYQHYHIPRFTAT, 0.68
4987E10I32, QDRHSFDVSETWRQFDFTYQHYHIPRFTAT, 0.71
4987E11I34, QDRHSFDVSETWRQFDETYQHYHIPRFTAT, 0.73
4987E12I41, QDRYSFDVSETWRQFDETYQHYHIPRFTAT, 0.75
4987E13I43, QDRYSFDVSETWRQFDETYQHYHIVRFTAT, 0.76
4987E14I137, QDRYSFDVSETWLQFDETYQHYHIVRFTAT, 0.79
4987E15I164, QDRYSFDVSETWLQFDETYQHIHIVRFTAT, 0.8
4987E16I171, QDRYSFDVSETWLQFDETYQHIHIVRFTAY, 0.81
4987E17I174, QDRYSFDISETWLQFDETYQHIHIVRFTAY, 0.83
4987E18I186, QDRYSFDISETWLTFDETYQHIHIVRFTAY, 0.85
4987E19I192, QDRYSFDRSETWLTFDETYQHIHIVRFTAY, 0.87
4987E20I196, QDRYSFDRSETWLTFDEYYQHIHIVRFTAY, 0.88
4987E21I197, QNRYSFDRSETWLTFDEYYQHIHIVRFTAY, 0.89
4987E22I208, QNRYAFDRSETWLTFDEYYQHIHIVRFTAY, 0.9
4987E23I233, QNRYAFDRSETWLTFDEYYQHIHIVTFTAY, 0.92
4987E24I243, QNRYAFDRSETWLTFDEYSQHIHIVTFTAY, 0.93
