11042E0I0, ARHYFRHFFPWHRTFWHPVSFPNLFLNEYG, 0.39
11042E1I1, ARHYFRHFFPWHRTFWDPVSFPNLFLNEYG, 0.4
11042E2I5, ARHYFRHFFPWHRTFWDPVSFPNLFLLEYG, 0.48
11042E3I8, HRHYFRHFFPWHRTFWDPVSFPNLFLLEYG, 0.5
11042E4I10, HGHYFRHFFPWHRTFWDPVSFPNLFLLEYG, 0.55
11042E5I13, HGHYFRHFFPWHRTFWDPVSFPWLFLLEYG, 0.56
11042E6I22, HGHYFRHFFPWHRTFKDPVSFPWLFLLEYG, 0.58
11042E7I26, HGHYFRHFFPWHRTFKDPVRFPWLFLLEYG, 0.6
11042E8I39, HGHYFRHFFKWHRTFKDPVRFPWLFLLEYG, 0.65
11042E9I49, HGHYFRHWFKWHRTFKDPVRFPWLFLLEYG, 0.7
11042E10I55, HGHYFRHWFKWHRTFKDPVRFPWTFLLEYG, 0.75
11042E11I63, HGHYFRHWFKWHLTFKDPVRFPWTFLLEYG, 0.76
11042E12I66, HGHYFRHWFYWHLTFKDPVRFPWTFLLEYG, 0.77
11042E13I76, HGHYFRHWFYWHLTFKDPKRFPWTFLLEYG, 0.79
11042E14I87, HGHYFRHWFYWHLTFKDPKRFWWTFLLEYG, 0.8
11042E15I93, HGHYFRHWFYWHLTFKDPKRFWWTFLLHYG, 0.82
11042E16I101, HGHYFRHWFYWHLTFKDPLRFWWTFLLHYG, 0.84
11042E17I109, HGHYFRHWFYWHLTFKDPLRFWWTFLWHYG, 0.85
11042E18I123, HGHYFRHWWYWHLTFKDPLRFWWTFLWHYG, 0.86
11042E19I128, HGHYFRHWWYWHLTFKDPLRFWWTFLWSYG, 0.87
11042E20I136, HGHYFRHWWYWHLTFKDPPRFWWTFLWSYG, 0.88
11042E21I137, HGHYFRHWWYWHLTFKDPWRFWWTFLWSYG, 0.89
11042E22I153, HGHYFRHWWYWHLTFKDPWRFSWTFLWSYG, 0.91
11042E23I171, HGHYFRHWAYWHLTFKDPWRFSWTFLWSYG, 0.93
11042E24I229, HGHYARHWAYWHLTFKDPWRFSWTFLWSYG, 0.94
