10176E0I0, VWTHYDEAIGKELQDWPPLQPWNWPQVSEI, 0.27
10176E1I1, VWTHYDEGIGKELQDWPPLQPWNWPQVSEI, 0.32
10176E2I2, VWTHYDEGIGKEPQDWPPLQPWNWPQVSEI, 0.33
10176E3I3, VWTHYDEGIGDEPQDWPPLQPWNWPQVSEI, 0.39
10176E4I4, VWTHYDEGIGDEPQDWPPLQQWNWPQVSEI, 0.46
10176E5I6, VWTHYDELIGDEPQDWPPLQQWNWPQVSEI, 0.47
10176E6I7, VWTHYRELIGDEPQDWPPLQQWNWPQVSEI, 0.48
10176E7I10, VWTHYRELIGDEPQDWPPLQQWNWPQVEEI, 0.5
10176E8I11, VWTHYRELIGDEPQDWPPNQQWNWPQVEEI, 0.54
10176E9I28, VWTHYRELIGDEPQDEPPNQQWNWPQVEEI, 0.57
10176E10I49, VWTHYRELIGDEPQDEPPNQQYNWPQVEEI, 0.58
10176E11I54, VWTHYRELIGDEPQDEPPNQQYNWPQVQEI, 0.61
10176E12I59, VWTHYPELIGDEPQDEPPNQQYNWPQVQEI, 0.62
10176E13I60, VWTHYPEWIGDEPQDEPPNQQYNWPQVQEI, 0.64
10176E14I61, VWTHYPEWIGDEPQDEPPNQQYNWPHVQEI, 0.65
10176E15I67, VWTHYPEWIGDEPNDEPPNQQYNWPHVQEI, 0.68
10176E16I78, VWTHYPEWIGDEPNDEPPNVQYNWPHVQEI, 0.69
10176E17I87, VWTHYPEWIGDEPNDEPPNVQYYWPHVQEI, 0.7
10176E18I89, VWTHYPEWIGDEPNDEPPNVQYAWPHVQEI, 0.71
10176E19I110, VWTHYPEWIGDEPNDEPPNVQYAWPHWQEI, 0.72
10176E20I111, HWTHYPEWIGDEPNDEPPNVQYAWPHWQEI, 0.73
10176E21I113, HWTHYPEWIGDEPNDEPPKVQYAWPHWQEI, 0.75
10176E22I116, HWTHYPEWIGDEPNDEPPKVQYYWPHWQEI, 0.77
10176E23I122, HWTHPPEWIGDEPNDEPPKVQYYWPHWQEI, 0.81
10176E24I129, HWTHPPEWIGDEPNDEPPKVQYYWPHWAEI, 0.84
10176E25I167, HWTHPPEWIGDEPNDEEPKVQYYWPHWAEI, 0.85
10176E26I234, HWQHPPEWIGDEPNDEEPKVQYYWPHWAEI, 0.86
10176E27I236, HWQHPPEWPGDEPNDEEPKVQYYWPHWAEI, 0.87
10176E28I275, HWQHPPEWPGDEPGDEEPKVQYYWPHWAEI, 0.88
10176E29I315, HWQHPPEWPGDPPGDEEPKVQYYWPHWAEI, 0.89
10176E30I324, HWQHPPEWPGDPPGDEEPKVQYYWTHWAEI, 0.9
10176E31I333, HWQHPPEWPGDPPGDEEPHVQYYWTHWAEI, 0.91
10176E32I335, HWQHPPEWPGDPPGDEEHHVQYYWTHWAEI, 0.92
10176E33I358, HWQHPPEWPGDPGGDEEHHVQYYWTHWAEI, 0.93
