19542E0I0, REANEKFFWTQIRGEYEDKVTVVRQWAFIS, 0.43
19542E1I2, REANEKFFWTQIRGEYERKVTVVRQWAFIS, 0.44
19542E2I4, REANLKFFWTQIRGEYERKVTVVRQWAFIS, 0.47
19542E3I7, REANLKFFWTQIRGEYPRKVTVVRQWAFIS, 0.52
19542E4I12, REANLKFFWTQIRGTYPRKVTVVRQWAFIS, 0.55
19542E5I17, IEANLKFFWTQIRGTYPRKVTVVRQWAFIS, 0.57
19542E6I23, IEANLKFFWTQYRGTYPRKVTVVRQWAFIS, 0.6
19542E7I84, IEANLKFFWTQYRGTYPRKVTVSRQWAFIS, 0.62
19542E8I107, IEASLKFFWTQYRGTYPRKVTVSRQWAFIS, 0.63
19542E9I109, IEASLKFFKTQYRGTYPRKVTVSRQWAFIS, 0.66
19542E10I169, IEASLKFFKTQYRGTYPRKVTVHRQWAFIS, 0.67
19542E11I183, PEASLKFFKTQYRGTYPRKVTVHRQWAFIS, 0.68
19542E12I278, PEASLKFFKTQIRGTYPRKVTVHRQWAFIS, 0.69
19542E13I335, PEASLKFFKTQIRGTYPRKHTVHRQWAFIS, 0.7
19542E14I354, PEASLKFFKTQIRGTYPRKHTHHRQWAFIS, 0.71
19542E15I372, PEASLKFFKTQIRGWYPRKHTHHRQWAFIS, 0.74
