2110E0I0, GIAFPGRDLFVLSNIDGERTYGSYIWPVHI, 0.41
2110E1I2, GIAFPGRDLQVLSNIDGERTYGSYIWPVHI, 0.43
2110E2I3, GIAFPGRDLQVQSNIDGERTYGSYIWPVHI, 0.45
2110E3I5, GIAFPGRDLQVQSNIDRERTYGSYIWPVHI, 0.48
2110E4I16, GIAFPGRDLQVQSNIDRERTYGSYFWPVHI, 0.49
2110E5I18, GIAFPGRFLQVQSNIDRERTYGSYFWPVHI, 0.52
2110E6I25, GIAFPGRFLQVQSNIDRERPYGSYFWPVHI, 0.55
2110E7I35, GIAFPGRFLQVQSNIDRERNYGSYFWPVHI, 0.59
2110E8I37, GIAFPGRFLQVQSWIDRERNYGSYFWPVHI, 0.62
2110E9I44, GIAFPGRFLQVESWIDRERNYGSYFWPVHI, 0.63
2110E10I58, GIAFPGRFLQVESWSDRERNYGSYFWPVHI, 0.65
2110E11I60, GIAFPGRFPQVESWSDRERNYGSYFWPVHI, 0.67
2110E12I68, GIAFPGRFPKVESWSDRERNYGSYFWPVHI, 0.69
2110E13I73, GIAFPGRFPKVESWSDRERNYGWYFWPVHI, 0.72
2110E14I76, GIAFPGRFPHVESWSDRERNYGWYFWPVHI, 0.73
2110E15I87, GIAFPGRFPHVESWSDRERNHGWYFWPVHI, 0.75
2110E16I92, GIAFPGRFPHVWSWSDRERNHGWYFWPVHI, 0.8
2110E17I103, GIAFPGRFPHPWSWSDRERNHGWYFWPVHI, 0.81
2110E18I108, GIAYPGRFPHPWSWSDRERNHGWYFWPVHI, 0.82
2110E19I110, GIAYPGRFFHPWSWSDRERNHGWYFWPVHI, 0.85
2110E20I118, GIAYPGRFFHPWSWSDRERNHGWYFWAVHI, 0.88
2110E21I130, GIAYPGRFFHPWSWSDRENNHGWYFWAVHI, 0.89
2110E22I172, GIAYPGRFFHPWSWSDRENNHGWYFWAVHW, 0.9
2110E23I188, GIAYPGRFFHPWSWSDRENHHGWYFWAVHW, 0.91
