2925E0I0, PHHGGIKAQSRNSTRIIIVATNVNSPHAGA, 0.38
2925E1I1, PHHGGIKAQSRNSTRIIIVATNVNSPHYGA, 0.41
2925E2I2, PHHGGIKAISRNSTRIIIVATNVNSPHYGA, 0.43
2925E3I4, PHHGGIKAISRNSTRIIIVATNVNSPTYGA, 0.44
2925E4I5, PHHGGIKAISRNSTRIIIHATNVNSPTYGA, 0.49
2925E5I7, PHHGGIKAISRNSTRIIIHATNVNSPTYGH, 0.52
2925E6I8, PHHGGIKAISRNSTRIIIHATAVNSPTYGH, 0.61
2925E7I10, PHHGGIKAISRNSTHIIIHATAVNSPTYGH, 0.62
2925E8I11, PHHGGIKAISRNSTHIIIHATAVPSPTYGH, 0.63
2925E9I13, PHHGGIKAISNNSTHIIIHATAVPSPTYGH, 0.68
2925E10I20, PHHGGIKAISNNSTHIIIHAFAVPSPTYGH, 0.73
2925E11I28, PHHGGIKAISNNSTHIIIHAFAVPWPTYGH, 0.76
2925E12I38, PHHGGIKAISNNSTHIIIHAFAVPWPTYRH, 0.78
2925E13I52, PHHGGIKAISNNSFHIIIHAFAVPWPTYRH, 0.79
2925E14I73, PHHGGIKAISNNNFHIIIHAFAVPWPTYRH, 0.8
2925E15I82, PHHIGIKAISNNNFHIIIHAFAVPWPTYRH, 0.84
2925E16I83, PHHIGIKAISNNNFHIIIHAFADPWPTYRH, 0.85
2925E17I115, PHHIGISAISNNNFHIIIHAFADPWPTYRH, 0.87
