17427E0I0, GNSEADRSIRVWHLWAANEINDDVVANSPR, 0.4
17427E1I4, GNSEADRSIRVWHLKAANEINDDVVANSPR, 0.41
17427E2I5, GNSEADRSIRVWHLKAAYEINDDVVANSPR, 0.44
17427E3I8, GNDEADRSIRVWHLKAAYEINDDVVANSPR, 0.45
17427E4I9, GNDLADRSIRVWHLKAAYEINDDVVANSPR, 0.46
17427E5I10, GNDLADRSDRVWHLKAAYEINDDVVANSPR, 0.48
17427E6I11, GNDLADRSDRVWHLKAAYEINDDFVANSPR, 0.55
17427E7I12, GNDLADRSDRVWHLKAAYEINDDFFANSPR, 0.6
17427E8I13, GNDLADRSDRVWHLKAAYWINDDFFANSPR, 0.62
17427E9I20, GNDLADRSDRHWHLKAAYWINDDFFANSPR, 0.65
17427E10I30, GNDLADRSDRHWDLKAAYWINDDFFANSPR, 0.66
17427E11I42, GNDLADRSDRHWDLKAAYWINDDFFANWPR, 0.67
17427E12I52, GNDLADRSDRHWDLKAAYWENDDFFANWPR, 0.73
17427E13I59, GNDLADRSDRHWDLKAAYWENDDFFAFWPR, 0.81
17427E14I71, GNDLADRSDRHWDLKAAYWENDDDFAFWPR, 0.82
17427E15I73, GNDLADRSDRHWDLKAAYWENDDDFAFWPK, 0.83
17427E16I124, GNDLADRSDRHWYLKAAYWENDDDFAFWPK, 0.84
17427E17I126, GNDLADRSDRHWYLKAAYWENDDDFAFLPK, 0.85
17427E18I137, GNDLADRSDRHWYLKAAYWENDDDFAFHPK, 0.86
17427E19I162, GNDLADRSDRHWYLKAAYWHNDDDFAFHPK, 0.88
