13457E0I0, QWQNSSRDKAISVLDWLVSTLDIGNLNHYA, 0.33
13457E1I1, QWQNSSRDKAISVLDWLVSTSDIGNLNHYA, 0.35
13457E2I3, QWQNSSRDKAISVLPWLVSTSDIGNLNHYA, 0.41
13457E3I8, QWQNSSRDKAISVLPWLVSTSDIGNSNHYA, 0.43
13457E4I10, QWQNSSRDKAISVLPHLVSTSDIGNSNHYA, 0.5
13457E5I12, QWQNSSRDKAISVLPHLVSTFDIGNSNHYA, 0.53
13457E6I18, QWQNSSRDKAISVLPHLVSTFDIGNENHYA, 0.54
13457E7I20, QWQNSSRDKAISVLPHLVSTFDIGNENHYR, 0.55
13457E8I22, QWQNSSRDKAISVLPHLVSTFDIGNEWHYR, 0.56
13457E9I23, QWQNSSRDKAISVLPHLVSTFDIGNEWHWR, 0.6
13457E10I30, QWQNSSRDKAISVLPHNVSTFDIGNEWHWR, 0.62
13457E11I32, QWQNSSRDKAISVLPHNVSTFDIGAEWHWR, 0.67
13457E12I45, QWQNSSFDKAISVLPHNVSTFDIGAEWHWR, 0.69
13457E13I59, QWQNSSFDKAISVIPHNVSTFDIGAEWHWR, 0.7
13457E14I61, QWQNSSFDKAISVIPHNVPTFDIGAEWHWR, 0.75
13457E15I92, QWQNSSFDKAISVIPHNVPTFDIGATWHWR, 0.76
13457E16I110, QWQNSSFDKAISVWPHNVPTFDIGATWHWR, 0.77
13457E17I123, QWQNSSFDKAISVWPHNVPTFDIGAHWHWR, 0.79
13457E18I141, QWQNSSFDKAISVWWHNVPTFDIGAHWHWR, 0.8
13457E19I160, QWQNSSFDKAISVWWHNVPTFDIGAHWHWF, 0.81
13457E20I183, QWQNSSFDKAISVWWHNVPTFDIGHHWHWF, 0.83
13457E21I194, YWQNSSFDKAISVWWHNVPTFDIGHHWHWF, 0.84
13457E22I198, TWQNSSFDKAISVWWHNVPTFDIGHHWHWF, 0.86
13457E23I232, TWQNSSFDKAISVWAHNVPTFDIGHHWHWF, 0.87
