14890E0I0, VQRPYTHADLTESEPAKDQYVHETDINQNK, 0.31
14890E1I1, VQRPYTHAFLTESEPAKDQYVHETDINQNK, 0.32
14890E2I2, VQRPYFHAFLTESEPAKDQYVHETDINQNK, 0.33
14890E3I3, VQRPYFHAFLTESWPAKDQYVHETDINQNK, 0.37
14890E4I5, VQRPYFHAFLTESWPAKDQYVGETDINQNK, 0.39
14890E5I6, VVRPYFHAFLTESWPAKDQYVGETDINQNK, 0.44
14890E6I11, VVRPYFHAFLTESWPHKDQYVGETDINQNK, 0.47
14890E7I12, VVRPYFHAFLTESWPHKDQYVGEHDINQNK, 0.5
14890E8I13, VVRPYFHAFLTESWPHKDQYVGGHDINQNK, 0.51
14890E9I17, VVRPYFHAFLTESWPHKDQYVGGHDINQNN, 0.52
14890E10I18, VVRPYFHAFLTESWPHKDRYVGGHDINQNN, 0.57
14890E11I20, VVRPYFHAFLTESWPHKDRYVGGHDIWQNN, 0.62
14890E12I21, VVRPYFHAFLTESWPHKDRYIGGHDIWQNN, 0.64
14890E13I30, VVRPEFHAFLTESWPHKDRYIGGHDIWQNN, 0.66
14890E14I37, VVRPEFHAFLTESWPHKDRYIGGHDTWQNN, 0.69
14890E15I40, VVRPEFHAFLTESWPHGDRYIGGHDTWQNN, 0.7
14890E16I41, VVRPEFHAFLTESWPHGDRYIGGGDTWQNN, 0.74
14890E17I49, VVRPEFHAFLTESWPHGDRYIHGGDTWQNN, 0.78
14890E18I53, VVGPEFHAFLTESWPHGDRYIHGGDTWQNN, 0.8
14890E19I73, VVGDEFHAFLTESWPHGDRYIHGGDTWQNN, 0.81
14890E20I96, VVGDEFHAFLTWSWPHGDRYIHGGDTWQNN, 0.83
14890E21I114, VVGDEFHAFLTWSWPHGDRYIHGGDYWQNN, 0.84
14890E22I117, VVGDEFHAFLTWSWPHGHRYIHGGDYWQNN, 0.86
14890E23I163, VPGDEFHAFLTWSWPHGHRYIHGGDYWQNN, 0.88
14890E24I196, VPGDEFHAFLTWSWPHGHRYIHGGWYWQNN, 0.89
14890E25I216, EPGDEFHAFLTWSWPHGHRYIHGGWYWQNN, 0.9
14890E26I248, EPGDEFHAFLTWSWPHGHRYIHGGWYWQNY, 0.92
14890E27I250, EPGWEFHAFLTWSWPHGHRYIHGGWYWQNY, 0.94
