10957E0I0, KDKAVDHVGHIPHASDDGSHQNDRHVVFWV, 0.49
10957E1I1, KDKAVDHVGHIPHASDDGSHQNDRHLVFWV, 0.55
10957E2I2, KDKAVDHVGHIPHASDDGSHWNDRHLVFWV, 0.57
10957E3I3, KDKAVDHVGHIPHASDKGSHWNDRHLVFWV, 0.63
10957E4I6, KVKAVDHVGHIPHASDKGSHWNDRHLVFWV, 0.69
10957E5I7, KVKAVYHVGHIPHASDKGSHWNDRHLVFWV, 0.72
10957E6I15, KVKAVNHVGHIPHASDKGSHWNDRHLVFWV, 0.73
10957E7I26, KVKAVFHVGHIPHASDKGSHWNDRHLVFWV, 0.75
10957E8I30, KVKAVGHVGHIPHASDKGSHWNDRHLVFWV, 0.76
10957E9I33, KVKAVGHVGHIPHASDKGSHQNDRHLVFWV, 0.77
10957E10I72, KVKAVGHVGHIPHISDKGSHQNDRHLVFWV, 0.82
10957E11I76, KVKAVGHVGHIPHISDKGSHQNDRHAVFWV, 0.86
10957E12I111, KVKAVGHVGHIPHIHDKGSHQNDRHAVFWV, 0.87
10957E13I136, KVKAVGHVGHIPHIHDKGSHQNDRHAVFWY, 0.88
