3805E0I0, VTYSPDRHKGNVEKVADGVVQWPLIFGVQH, 0.39
3805E1I1, VTYSPDRHKGNVEKLADGVVQWPLIFGVQH, 0.45
3805E2I3, VTYSPDRHKGNPEKLADGVVQWPLIFGVQH, 0.51
3805E3I9, VTYSPDRHKGNPEKLADGVVQWPLFFGVQH, 0.53
3805E4I12, VTYSPDRHKGNQEKLADGVVQWPLFFGVQH, 0.54
3805E5I19, VTYSPDRHKGNQEKLADGVVQWPLFFGGQH, 0.56
3805E6I23, VTYSPDRHKGNQEKLADGVVQWPGFFGGQH, 0.58
3805E7I33, VTYSPFRHKGNQEKLADGVVQWPGFFGGQH, 0.59
3805E8I38, VPYSPFRHKGNQEKLADGVVQWPGFFGGQH, 0.62
3805E9I47, VPYSPFRHKGNQNKLADGVVQWPGFFGGQH, 0.63
3805E10I48, VPYSPFRHKGNQWKLADGVVQWPGFFGGQH, 0.66
3805E11I52, VPYSPFRHNGNQWKLADGVVQWPGFFGGQH, 0.75
3805E12I57, VPYSPFRHNGNQWKLADGFVQWPGFFGGQH, 0.76
3805E13I59, VPYSPFRHNGNQWKLADGFVQWPYFFGGQH, 0.77
3805E14I63, VPYSPFRHNGNFWKLADGFVQWPYFFGGQH, 0.78
3805E15I71, VPYSPFRHNGNFWKLADGFVQWPYWFGGQH, 0.79
3805E16I107, VPYSPFRHNGNFWKLADGFVQWRYWFGGQH, 0.8
3805E17I118, VPYSPFQHNGNFWKLADGFVQWRYWFGGQH, 0.82
3805E18I179, VPYSPNQHNGNFWKLADGFVQWRYWFGGQH, 0.85
3805E19I214, VPYSPNQHNYNFWKLADGFVQWRYWFGGQH, 0.86
