5521E0I0, FPATQGKDELFQQYTKTKANDSYNRSPWEP, 0.36
5521E1I1, FPATQGYDELFQQYTKTKANDSYNRSPWEP, 0.37
5521E2I3, FPATQGGDELFQQYTKTKANDSYNRSPWEP, 0.4
5521E3I6, FPATQGGDELFQFYTKTKANDSYNRSPWEP, 0.45
5521E4I9, FPATQGGDELFQFYTKTKANDSYNRSPWWP, 0.47
5521E5I12, FPETQGGDELFQFYTKTKANDSYNRSPWWP, 0.52
5521E6I13, FPETQGGDELFQFYTKTKANDSYNRSPPWP, 0.53
5521E7I18, FPETHGGDELFQFYTKTKANDSYNRSPPWP, 0.57
5521E8I21, FPETHGGDELFVFYTKTKANDSYNRSPPWP, 0.61
5521E9I24, FPETHGGDELFVFYLKTKANDSYNRSPPWP, 0.62
5521E10I35, HPETHGGDELFVFYLKTKANDSYNRSPPWP, 0.63
5521E11I39, DPETHGGDELFVFYLKTKANDSYNRSPPWP, 0.64
5521E12I49, DPETHGGDDLFVFYLKTKANDSYNRSPPWP, 0.65
5521E13I69, DPETHGGDDLFVFYLKTKANDSYNRSPSWP, 0.66
5521E14I80, DPETHGGGDLFVFYLKTKANDSYNRSPSWP, 0.67
5521E15I92, TPETHGGGDLFVFYLKTKANDSYNRSPSWP, 0.68
5521E16I97, TPETHGGGDLFVFYLKTKANDSYDRSPSWP, 0.71
5521E17I123, TPETHGGGDLFVFYPKTKANDSYDRSPSWP, 0.72
5521E18I132, TPETHGGGDLFVFYPKTKANDSYDRRPSWP, 0.73
5521E19I176, TPETHHGGDLFVFYPKTKANDSYDRRPSWP, 0.74
5521E20I178, TPETHHGGDLFVFYPKTKANDSYDRRGSWP, 0.75
5521E21I188, TPETHHGGDLFVFYWKTKANDSYDRRGSWP, 0.77
5521E22I191, TPETHHGGDLFVFYWKTKAGDSYDRRGSWP, 0.78
5521E23I198, TPETHHGGDLFDFYWKTKAGDSYDRRGSWP, 0.79
5521E24I206, TPETHHGGDLFFFYWKTKAGDSYDRRGSWP, 0.81
5521E25I219, TPETHHGGDLFFFYWATKAGDSYDRRGSWP, 0.83
5521E26I269, TPETHHGGDLFFFYWAYKAGDSYDRRGSWP, 0.84
5521E27I271, TPETHHGGDLFFFYWAYKAGDEYDRRGSWP, 0.87
5521E28I289, TPETHHGGDLFFFYWAYKAVDEYDRRGSWP, 0.88
5521E29I302, TPETHHGGDLFFFYWAYWAVDEYDRRGSWP, 0.89
5521E30I369, TPETHHGGDLFFFYWAYWVVDEYDRRGSWP, 0.9
5521E31I421, TPETHHGADLFFFYWAYWVVDEYDRRGSWP, 0.91
5521E32I449, TPETHHGADLFFFYWAYWVVDEYDRGGSWP, 0.92
5521E33I452, TPETHHGADLFFFYWAYWVVDEYDFGGSWP, 0.93
5521E34I502, TPETHHGADLFFFYWAYWFVDEYDFGGSWP, 0.94
