11877E0I0, NGVNAHTIKILKSNTRDTWRKWRRPDSFHR, 0.41
11877E1I1, NGVNAHTIKILKSNTRDTWDKWRRPDSFHR, 0.45
11877E2I2, NGVNAHTIKILKSNTRDTWDKWRAPDSFHR, 0.46
11877E3I10, NGVNAHTIKILSSNTRDTWDKWRAPDSFHR, 0.49
11877E4I18, NGVNAHTIKILSSATRDTWDKWRAPDSFHR, 0.52
11877E5I22, NGVNAATIKILSSATRDTWDKWRAPDSFHR, 0.54
11877E6I24, NGVNAATIVILSSATRDTWDKWRAPDSFHR, 0.55
11877E7I26, NGVNAATIVILSSATRDTWDKWRAPESFHR, 0.56
11877E8I35, NGVNAATIVILSSAIRDTWDKWRAPESFHR, 0.58
11877E9I39, NGVNAATISILSSAIRDTWDKWRAPESFHR, 0.59
11877E10I43, NGVNAATILILSSAIRDTWDKWRAPESFHR, 0.6
11877E11I52, NGVNAATIWILSSAIRDTWDKWRAPESFHR, 0.61
11877E12I53, NGVNAAQIWILSSAIRDTWDKWRAPESFHR, 0.62
11877E13I58, NHVNAAQIWILSSAIRDTWDKWRAPESFHR, 0.64
11877E14I61, NHVNAAQIWILSSAIRDTWDKWRAPEPFHR, 0.65
11877E15I62, NHNNAAQIWILSSAIRDTWDKWRAPEPFHR, 0.66
11877E16I66, NHNNAAQIWILSSAIRDTWDKWRAPEPFHG, 0.67
11877E17I86, NHNNAAQYWILSSAIRDTWDKWRAPEPFHG, 0.68
11877E18I96, NHNNAAQYWILSSWIRDTWDKWRAPEPFHG, 0.71
11877E19I98, FHNNAAQYWILSSWIRDTWDKWRAPEPFHG, 0.72
11877E20I100, FHVNAAQYWILSSWIRDTWDKWRAPEPFHG, 0.73
11877E21I101, FHVNAAQYWILSSWIADTWDKWRAPEPFHG, 0.74
11877E22I102, FHVNAAQYWILSSWIADTWDKWRDPEPFHG, 0.75
11877E23I105, FHVNAAQYWILLSWIADTWDKWRDPEPFHG, 0.76
11877E24I116, FHVNAAQYWILLSWKADTWDKWRDPEPFHG, 0.78
11877E25I128, FHVNAAAYWILLSWKADTWDKWRDPEPFHG, 0.84
11877E26I167, FHVNAAAYWILLSWKADTWDKWRDPEPTHG, 0.86
11877E27I190, FHVKAAAYWILLSWKADTWDKWRDPEPTHG, 0.87
