2702E0I0, TDRNKEYLKTVNPNIQTSVASSYRWKGTEI, 0.31
2702E1I1, TDRNKEYLKTVNPNIQTSVASSYRWKWTEI, 0.35
2702E2I3, TDRNKEYLKTVNPNIQTSAASSYRWKWTEI, 0.37
2702E3I4, ADRNKEYLKTVNPNIQTSAASSYRWKWTEI, 0.41
2702E4I10, ADRNKEYLKTVNPNIQTSAASSIRWKWTEI, 0.42
2702E5I13, ADRNKEYLKTVNPNIQTSAASSIRWKLTEI, 0.43
2702E6I21, ADRNKEYLKTVNPNVQTSAASSIRWKLTEI, 0.47
2702E7I26, ADRNKEYLKTVNPNVQKSAASSIRWKLTEI, 0.51
2702E8I32, ADRNPEYLKTVNPNVQKSAASSIRWKLTEI, 0.52
2702E9I33, ADRFPEYLKTVNPNVQKSAASSIRWKLTEI, 0.55
2702E10I35, ADRFPEYLKTVNPNVEKSAASSIRWKLTEI, 0.56
2702E11I39, ADRFPEYLKTVNPNVEKSAASSIRWKLAEI, 0.62
2702E12I57, ADRFPEYLKTVNPNVEKSAASSIRWKLASI, 0.65
2702E13I83, ADRFPEYLKTFNPNVEKSAASSIRWKLASI, 0.66
2702E14I84, ADRFPEYLKTFNPNVEKGAASSIRWKLASI, 0.69
2702E15I88, ADRFPEYLKTFNPNVEHGAASSIRWKLASI, 0.73
2702E16I101, ADRFPEYLKTFTPNVEHGAASSIRWKLASI, 0.78
2702E17I137, ADRFPEYLKTFTPNVEHWAASSIRWKLASI, 0.8
2702E18I164, ADRFPEYLKTFHPNVEHWAASSIRWKLASI, 0.84
2702E19I169, ADRFPEYLKTFHPNHEHWAASSIRWKLASI, 0.85
2702E20I208, ADRFPEYLKTFHPNHFHWAASSIRWKLASI, 0.87
2702E21I220, ADRFPEYLTTFHPNHFHWAASSIRWKLASI, 0.89
2702E22I235, ADRFPEYLTFFHPNHFHWAASSIRWKLASI, 0.91
2702E23I255, ADRFPEYLTFFHPNHFHWAASSISWKLASI, 0.93
2702E24I295, ADRFPEYLTFFHPWHFHWAASSISWKLASI, 0.94
2702E25I315, ADRFPETLTFFHPWHFHWAASSISWKLASI, 0.95
