5051E0I0, KPQFLVSDDFTFIRWELRKSYQGLRRNFNQ, 0.46
5051E1I4, KDQFLVSDDFTFIRWELRKSYQGLRRNFNQ, 0.47
5051E2I6, KDQFLVSDDFTFIRWSLRKSYQGLRRNFNQ, 0.49
5051E3I8, KDSFLVSDDFTFIRWSLRKSYQGLRRNFNQ, 0.5
5051E4I9, KDSFLVSDDLTFIRWSLRKSYQGLRRNFNQ, 0.53
5051E5I23, KDSFLVSDDLTFIRWSLRKSYQGLRRFFNQ, 0.54
5051E6I26, KDEFLVSDDLTFIRWSLRKSYQGLRRFFNQ, 0.56
5051E7I30, KDEFLVSPDLTFIRWSLRKSYQGLRRFFNQ, 0.58
5051E8I33, KDEFLVSPDPTFIRWSLRKSYQGLRRFFNQ, 0.6
5051E9I47, KDEFLVSPDPTFITWSLRKSYQGLRRFFNQ, 0.61
5051E10I48, GDEFLVSPDPTFITWSLRKSYQGLRRFFNQ, 0.62
5051E11I54, GDEFLVSPDPTFITWGLRKSYQGLRRFFNQ, 0.64
5051E12I66, GDEFLVSPDPTFITWGLRHSYQGLRRFFNQ, 0.67
5051E13I75, GDEFLVSVDPTFITWGLRHSYQGLRRFFNQ, 0.69
5051E14I129, GDEFLVSVDPTFITWGLRHSYQGLRRFFNH, 0.7
5051E15I170, GDEFLVSVDPTFITAGLRHSYQGLRRFFNH, 0.72
5051E16I206, GDEFLFSVDPTFITAGLRHSYQGLRRFFNH, 0.73
5051E17I221, GDEFLFSVDPTFITAGLRHSYPGLRRFFNH, 0.74
5051E18I243, GDEFLFSVDPTFITAVLRHSYPGLRRFFNH, 0.76
5051E19I251, GDEFLFSVDPTFITAVLRHSYPGHRRFFNH, 0.78
5051E20I272, GDYFLFSVDPTFITAVLRHSYPGHRRFFNH, 0.8
5051E21I285, GDYFLFSVDPTFITAVLRHSYPGHRRRFNH, 0.81
5051E22I295, GDYFLFSVDPTFATAVLRHSYPGHRRRFNH, 0.82
