1960E0I0, PRFGKESGLFQIEVQADGGAPQSSSGSAIE, 0.26
1960E1I1, PRFGKESGLFQITVQADGGAPQSSSGSAIE, 0.28
1960E2I2, PRFGKESGLFQITVQADRGAPQSSSGSAIE, 0.3
1960E3I3, PRFGKESGLFQITVQADRGAPRSSSGSAIE, 0.35
1960E4I4, PRFGKESGLFQITVQADRGAPRSSSGSAEE, 0.39
1960E5I5, PRFGKESNLFQITVQADRGAPRSSSGSAEE, 0.4
1960E6I7, PRFGKESNLFQLTVQADRGAPRSSSGSAEE, 0.41
1960E7I9, PRFGKESNLFQLTVNADRGAPRSSSGSAEE, 0.42
1960E8I23, PRFGKESNLFQLTVNADRGAPRSSSGSKEE, 0.44
1960E9I33, PRFGDESNLFQLTVNADRGAPRSSSGSKEE, 0.47
1960E10I36, PRFGDESKLFQLTVNADRGAPRSSSGSKEE, 0.54
1960E11I41, PRFGDESKLFQLTVNADRGAPRSSSGSKQE, 0.55
1960E12I42, PRFGDESKLFQLTVNADRGAPRSSSSSKQE, 0.56
1960E13I44, PRFGDESKLFQHTVNADRGAPRSSSSSKQE, 0.59
1960E14I49, PRFGDESTLFQHTVNADRGAPRSSSSSKQE, 0.62
1960E15I50, PRFGDESTLFQHTVNADRGAFRSSSSSKQE, 0.63
1960E16I54, PRFGDESTLFQHTVNADRRAFRSSSSSKQE, 0.64
1960E17I68, PRFGDESTKFQHTVNADRRAFRSSSSSKQE, 0.65
1960E18I87, PRRGDESTKFQHTVNADRRAFRSSSSSKQE, 0.66
1960E19I89, PRRGDESTKFQHTVNADRRAFRSSSSSLQE, 0.68
1960E20I104, PRRGDESTKFQHTVNADRRAFRSSSSSLHE, 0.69
1960E21I132, PRRGDESTKFQHTVNADRRAFVSSSSSLHE, 0.71
1960E22I140, PRRGDESTKFQHTVNADPRAFVSSSSSLHE, 0.72
1960E23I141, PRRQDESTKFQHTVNADPRAFVSSSSSLHE, 0.76
1960E24I159, PRRQDESTKFQHTVNADPRAFVSSSSSLHQ, 0.77
1960E25I164, PRRQDESTKFQHTVNADPRAFVSSSSSLHR, 0.78
1960E26I178, PRRQDESTKFFHTVNADPRAFVSSSSSLHR, 0.81
1960E27I186, PRRQDESTKFFHTVNADPRAFVSSSSSLHG, 0.83
1960E28I249, PRRQDESTKFFHTVNADPRAFVSSVSSLHG, 0.84
1960E29I257, PRRQDESPKFFHTVNADPRAFVSSVSSLHG, 0.85
1960E30I310, PRRQDVSPKFFHTVNADPRAFVSSVSSLHG, 0.86
