4429E0I0, RPKKSANEYDNYNIEIWEEEISPEWIQYFF, 0.29
4429E1I1, RPKKSANEYYNYNIEIWEEEISPEWIQYFF, 0.33
4429E2I2, RPKKEANEYYNYNIEIWEEEISPEWIQYFF, 0.35
4429E3I3, RPKKEANEYYNYNIEIWEEEISPEWIDYFF, 0.36
4429E4I4, RPKKEANSYYNYNIEIWEEEISPEWIDYFF, 0.4
4429E5I7, RPKKRANSYYNYNIEIWEEEISPEWIDYFF, 0.47
4429E6I10, RPKKRANSYYNYNIEIVEEEISPEWIDYFF, 0.49
4429E7I17, RPKKRANSYYNYNIEIVEEEISPELIDYFF, 0.51
4429E8I24, RPKKRANSYYNTNIEIVEEEISPELIDYFF, 0.52
4429E9I26, RPKKTANSYYNTNIEIVEEEISPELIDYFF, 0.53
4429E10I28, RPKKTANSYYNTNIEIVEEEISPELIDYTF, 0.56
4429E11I53, RPKKTANSYPNTNIEIVEEEISPELIDYTF, 0.6
4429E12I54, RPKKTANRYPNTNIEIVEEEISPELIDYTF, 0.61
4429E13I58, RPKKTANRYPNTNIEIVEEEISTELIDYTF, 0.62
4429E14I95, RPKKTANRYPNTNIEIVEEEIVTELIDYTF, 0.63
4429E15I118, RPKKTANRYPNTNIEIVEEPIVTELIDYTF, 0.64
4429E16I132, RPKKTANRYPNTNIEIVEEPIVTELIDGTF, 0.65
4429E17I138, RPKKTANRYPNTNWEIVEEPIVTELIDGTF, 0.67
4429E18I173, RPKKTANRYPNTFWEIVEEPIVTELIDGTF, 0.7
4429E19I183, RPKKTANRYPNTFVEIVEEPIVTELIDGTF, 0.71
4429E20I186, RPKKTANRYPNTFVEIVEEPIVTELQDGTF, 0.72
4429E21I191, RPKKTANRYPNTFVEIVEEPKVTELQDGTF, 0.73
4429E22I205, RPKKTANRYPNTFVEIVEEPKHTELQDGTF, 0.76
4429E23I212, RFKKTANRYPNTFVEIVEEPKHTELQDGTF, 0.78
4429E24I223, YFKKTANRYPNTFVEIVEEPKHTELQDGTF, 0.79
4429E25I313, YFKKTAHRYPNTFVEIVEEPKHTELQDGTF, 0.81
4429E26I321, YFKKTAHRYPNTFVEIVEEPKHTENQDGTF, 0.82
4429E27I329, YFKKWAHRYPNTFVEIVEEPKHTENQDGTF, 0.83
4429E28I364, RFKKWAHRYPNTFVEIVEEPKHTENQDGTF, 0.84
4429E29I393, RFKKWAHRYPNTFVEIVEEPKHPENQDGTF, 0.89
4429E30I410, RFKHWAHRYPNTFVEIVEEPKHPENQDGTF, 0.93
