2892E0I0, DADWENSNYDILQWFENIGLPDQFIDKWYK, 0.26
2892E1I2, DADWENSNYDILQWFFNIGLPDQFIDKWYK, 0.35
2892E2I6, DADWENYNYDILQWFFNIGLPDQFIDKWYK, 0.38
2892E3I9, DADWENYNYDILQWFFNIYLPDQFIDKWYK, 0.41
2892E4I17, DADWENYNYDILQWFFNIYLPDRFIDKWYK, 0.42
2892E5I18, DADWENFNYDILQWFFNIYLPDRFIDKWYK, 0.43
2892E6I19, DADWENFNIDILQWFFNIYLPDRFIDKWYK, 0.45
2892E7I20, DADWENFNIDILQWFFNIYLSDRFIDKWYK, 0.46
2892E8I22, DADWENFNIDILQWFFNIYLSDRFIQKWYK, 0.47
2892E9I25, DADWENFNGDILQWFFNIYLSDRFIQKWYK, 0.49
2892E10I33, DADWENFNGDISQWFFNIYLSDRFIQKWYK, 0.52
2892E11I38, DADWENFNGDYSQWFFNIYLSDRFIQKWYK, 0.53
2892E12I59, DADWENFNGDYSDWFFNIYLSDRFIQKWYK, 0.55
2892E13I63, DADWERFNGDYSDWFFNIYLSDRFIQKWYK, 0.56
2892E14I67, AADWERFNGDYSDWFFNIYLSDRFIQKWYK, 0.59
2892E15I73, AADWERFNGDYSDWFFNIYLSDRFHQKWYK, 0.61
2892E16I78, AADWERFNGDYSDWFFGIYLSDRFHQKWYK, 0.62
2892E17I90, AADWNRFNGDYSDWFFGIYLSDRFHQKWYK, 0.63
2892E18I92, AADWNRFNGDYSDWFFGIYASDRFHQKWYK, 0.65
2892E19I125, AADWNRFNGAYSDWFFGIYASDRFHQKWYK, 0.66
2892E20I128, AADWNRFNGAYSDWFFGIYASDRFHPKWYK, 0.69
2892E21I132, AADWNRFNGAYSDWFFGIGASDRFHPKWYK, 0.7
2892E22I138, AADWNRFNGAYSDWFFGIGASDRFHPPWYK, 0.71
