11081E0I0, QQYHSWEKARNAVRFFKNQYQYHNQYHRFG, 0.41
11081E1I2, QQYHSWIKARNAVRFFKNQYQYHNQYHRFG, 0.48
11081E2I7, QQYHSWIKARNAVRFFKNQGQYHNQYHRFG, 0.49
11081E3I10, QQYHSWIKVRNAVRFFKNQGQYHNQYHRFG, 0.5
11081E4I13, QQYHSWIKVRNAVRFFKNQGQHHNQYHRFG, 0.54
11081E5I14, QQYHSWIKVRNAVRFFKNQGQHHNQYGRFG, 0.57
11081E6I19, QQYHSWIKVFNAVRFFKNQGQHHNQYGRFG, 0.58
11081E7I21, QQYHSWIKVFNAVRFFKNQGQTHNQYGRFG, 0.61
11081E8I23, QQYHSWIKVFTAVRFFKNQGQTHNQYGRFG, 0.62
11081E9I26, SQYHSWIKVFTAVRFFKNQGQTHNQYGRFG, 0.65
11081E10I28, SQYHSWIKVFTAVRFFKNQGQTHNQYGRFV, 0.68
11081E11I68, SQYHSWIKVFTAVRFFKNQGHTHNQYGRFV, 0.71
11081E12I74, SQYHSWIKWFTAVRFFKNQGHTHNQYGRFV, 0.75
11081E13I110, SQYHSWIKWFTAVRFFKNQGHTHNQYGHFV, 0.8
11081E14I125, SQYHSWIKWFTAVRFFKNQGHTHNQYGHFK, 0.83
11081E15I127, SQYHSWIKWFTAHRFFKNQGHTHNQYGHFK, 0.84
11081E16I154, SQYPSWIKWFTAHRFFKNQGHTHNQYGHFK, 0.85
