13682E0I0, WGLYGPLHIKLIAWEWFIIKWAIWQPQPGS, 0.35
13682E1I1, WGLYGPLHIKLIAWELFIIKWAIWQPQPGS, 0.36
13682E2I3, WGAYGPLHIKLIAWELFIIKWAIWQPQPGS, 0.38
13682E3I5, WGAYGPLHIKLIAWELFIIKWAIWNPQPGS, 0.42
13682E4I11, WGAYGPLHLKLIAWELFIIKWAIWNPQPGS, 0.43
13682E5I14, WGAYGPLHLKLIAWELFIIKWAIWNPHPGS, 0.53
13682E6I16, WGAYGPLHLKLIAWELFIISWAIWNPHPGS, 0.55
13682E7I19, WGAYGPLHLKLIAWEHFIISWAIWNPHPGS, 0.59
13682E8I21, WGAYGPLHLKLIAWIHFIISWAIWNPHPGS, 0.6
13682E9I23, WGAYGPLHLKLWAWIHFIISWAIWNPHPGS, 0.62
13682E10I26, WGAYGPLHLKLWAWIHFIISWAIWNPHPYS, 0.64
13682E11I38, WGAYGPLHLKWWAWIHFIISWAIWNPHPYS, 0.68
13682E12I39, WGAYGPLHLKWWAWIHQIISWAIWNPHPYS, 0.7
13682E13I46, WGAYGPLHLKWWAWIHQIISWAIWHPHPYS, 0.71
13682E14I47, WGAYRPLHLKWWAWIHQIISWAIWHPHPYS, 0.73
13682E15I59, WGAYRPLHLKWWAWIHQIISWAIAHPHPYS, 0.74
13682E16I65, WGAYRPLHLKWWGWIHQIISWAIAHPHPYS, 0.75
13682E17I74, WGAYRPLHLKWWGWIHQIISWAIAHPHPFS, 0.76
13682E18I77, WGAYRPLHLKWWGWIHQIISWAFAHPHPFS, 0.81
13682E19I94, WGAYRPLHLKWWGWIHQIISWAFAHPHPFR, 0.83
13682E20I112, WGAYRPLHLKWWGWIHQIISWAFAHPFPFR, 0.84
13682E21I133, WGAYRPLHLKWWGWIHQEISWAFAHPFPFR, 0.86
13682E22I221, WGAYRPLHLTWWGWIHQEISWAFAHPFPFR, 0.88
