1009E0I0, EIQKHQALTSKAEDSERDEVDDFYKKRATL, 0.3
1009E1I1, EIQKHQALTSKAHDSERDEVDDFYKKRATL, 0.31
1009E2I2, EIQKHRALTSKAHDSERDEVDDFYKKRATL, 0.33
1009E3I4, EIQKHRALTSKAHDQERDEVDDFYKKRATL, 0.34
1009E4I5, EIQKHRALTSKAHDQERQEVDDFYKKRATL, 0.36
1009E5I10, EIQKHRALTFKAHDQERQEVDDFYKKRATL, 0.54
1009E6I14, EIQKHRALTFKAHDQERQEVWDFYKKRATL, 0.57
1009E7I17, EIQKHRALTFKAHDQERQEVWDFYKKAATL, 0.65
1009E8I22, EIQKHRALTFPAHDQERQEVWDFYKKAATL, 0.66
1009E9I25, EIQKHRALTFPAHDPERQEVWDFYKKAATL, 0.68
1009E10I28, EISKHRALTFPAHDPERQEVWDFYKKAATL, 0.69
1009E11I29, EISYHRALTFPAHDPERQEVWDFYKKAATL, 0.7
1009E12I34, SISYHRALTFPAHDPERQEVWDFYKKAATL, 0.72
1009E13I41, SISYHRALTFPAHDPERQEVWIFYKKAATL, 0.73
1009E14I46, SISYHRALTFPAHPPERQEVWIFYKKAATL, 0.75
1009E15I47, SISYHRAATFPAHPPERQEVWIFYKKAATL, 0.77
1009E16I59, SISYHNAATFPAHPPERQEVWIFYKKAATL, 0.79
1009E17I122, SISQHNAATFPAHPPERQEVWIFYKKAATL, 0.81
1009E18I197, SISQHNAATFPAHPPERQEVWIFYRKAATL, 0.82
1009E19I213, SISQHNAATFPAHPPERQEVWIFPRKAATL, 0.83
1009E20I222, SISQHNAATFPAHPPERQEVWIYPRKAATL, 0.84
1009E21I283, SISQHNAATFPAHPPERQEVWIVPRKAATL, 0.85
1009E22I298, SISQHNAATFPAHPPERQEVWIVPRKAATA, 0.86
1009E23I321, SISQHNAATFKAHPPERQEVWIVPRKAATA, 0.87
1009E24I368, SISQHNAATFKAHPPERQHVWIVPRKAATA, 0.9
1009E25I370, SISQHNAATFKAHPPERQHVWIVPRKAATQ, 0.91
1009E26I389, SISQHNAATFKAHPPARQHVWIVPRKAATQ, 0.93
