8561E0I0, DKHIVERKYPVYQAIQHLGHLSQARNKFWW, 0.53
8561E1I4, DKHIVENKYPVYQAIQHLGHLSQARNKFWW, 0.57
8561E2I11, DKHIVENKYPVYQAIQHLGHLSQSRNKFWW, 0.58
8561E3I19, DKHIVENKYIVYQAIQHLGHLSQSRNKFWW, 0.6
8561E4I35, DKHIVENKYIVYQAIQHLGHLSQSRNKFWP, 0.62
8561E5I37, DKHIVENKYIVYQAIQHLGHLLQSRNKFWP, 0.65
8561E6I44, DKHIVENKYFVYQAIQHLGHLLQSRNKFWP, 0.67
8561E7I46, DKHIVENKYFVYQAIQHLGHLLQDRNKFWP, 0.68
8561E8I57, DKHIVENKDFVYQAIQHLGHLLQDRNKFWP, 0.7
8561E9I58, DKHIVPNKDFVYQAIQHLGHLLQDRNKFWP, 0.71
8561E10I63, DFHIVPNKDFVYQAIQHLGHLLQDRNKFWP, 0.74
8561E11I87, DFHIVPNKDFAYQAIQHLGHLLQDRNKFWP, 0.75
8561E12I99, DFHIVPNKDFAYQAIQHLGHLLQDRNKSWP, 0.77
8561E13I111, DFHIVPNKDFAYQARQHLGHLLQDRNKSWP, 0.79
8561E14I132, DFHIVPNKDFAYQARQHLGHHLQDRNKSWP, 0.8
8561E15I135, DLHIVPNKDFAYQARQHLGHHLQDRNKSWP, 0.81
8561E16I221, DLHIVPNKDFAYQARHHLGHHLQDRNKSWP, 0.82
8561E17I274, LLHIVPNKDFAYQARHHLGHHLQDRNKSWP, 0.83
8561E18I304, LLHISPNKDFAYQARHHLGHHLQDRNKSWP, 0.85
8561E19I346, LLHISPNKDFAYQARAHLGHHLQDRNKSWP, 0.86
8561E20I360, LHHISPNKDFAYQARAHLGHHLQDRNKSWP, 0.87
8561E21I384, LHHISPNKDFAYQARAHLGHHLQDRNISWP, 0.88
