17194E0I0, HKVGQHQYFSESEERTLGQVLAFWDIEARS, 0.36
17194E1I1, HKVGQHQYFSESEERTLGQVLAFWSIEARS, 0.37
17194E2I6, LKVGQHQYFSESEERTLGQVLAFWSIEARS, 0.4
17194E3I7, LKVGQHQYFSEPEERTLGQVLAFWSIEARS, 0.43
17194E4I10, LKVGQHQYFSEPEERTIGQVLAFWSIEARS, 0.46
17194E5I12, LKVGQHQYFSEPEERTHGQVLAFWSIEARS, 0.48
17194E6I17, LKVGQHQHFSEPEERTHGQVLAFWSIEARS, 0.5
17194E7I18, LKVGQHQHFSEPEERTHGQVLAFWPIEARS, 0.51
17194E8I19, LKVWQHQHFSEPEERTHGQVLAFWPIEARS, 0.53
17194E9I22, LKVWQHQHFSEPEEREHGQVLAFWPIEARS, 0.56
17194E10I31, LKVWQHQHFSEPEEREHGQVWAFWPIEARS, 0.6
17194E11I33, LKVWQHQHFSEPEHREHGQVWAFWPIEARS, 0.61
17194E12I36, LKVWQHQHFSEPEHREHGIVWAFWPIEARS, 0.63
17194E13I37, LKVWQHQHFSEPEHWEHGIVWAFWPIEARS, 0.68
17194E14I45, LKVWQHQHFSEPEHWEHGIVWAFWPIERRS, 0.69
17194E15I46, LKVWQHQHFSEPEHWEHSIVWAFWPIERRS, 0.71
17194E16I54, LKVWQHQHFSEPEHWEHSIVWAFWPIDRRS, 0.76
17194E17I60, LKVWQHQHFSVPEHWEHSIVWAFWPIDRRS, 0.77
17194E18I76, LKVWQHQHFSVPEHWEPSIVWAFWPIDRRS, 0.78
17194E19I87, WKVWQHQHFSVPEHWEPSIVWAFWPIDRRS, 0.79
17194E20I88, WKVWQHQHFSWPEHWEPSIVWAFWPIDRRS, 0.8
17194E21I102, WKVWQHQHFSWPEHWEPSIVWAFWPIDRRY, 0.81
17194E22I109, TKVWQHQHFSWPEHWEPSIVWAFWPIDRRY, 0.82
17194E23I164, TKVWQHQHFSWPEHWEPSIVPAFWPIDRRY, 0.83
17194E24I175, TKVWQHQHFSWPEHWEPSIVPAFAPIDRRY, 0.86
17194E25I197, TKVWQHQHFSWPEHWEPSIVPAFAPIDRSY, 0.87
17194E26I233, TKVWQHQHFSWPEHWEPSIVPAFAPIDRSI, 0.88
17194E27I292, TKVWQHQHWSWPEHWEPSIVPAFAPIDRSI, 0.89
17194E28I294, TKVWQHQHWSWPEHWEPSIVPAFAPIPRSI, 0.91
17194E29I320, TKVWQHQHWSWPEHWEPSIVPAFHPIPRSI, 0.92
17194E30I325, TKVWQHQHWSWPERWEPSIVPAFHPIPRSI, 0.93
