11297E0I0, YLKAHQKIVQNIVPGYLRLPKSDTAHESDG, 0.52
11297E1I7, YLKAHWKIVQNIVPGYLRLPKSDTAHESDG, 0.63
11297E2I13, YLKIHWKIVQNIVPGYLRLPKSDTAHESDG, 0.64
11297E3I22, YLKIHWKIVQDIVPGYLRLPKSDTAHESDG, 0.65
11297E4I35, YLKIHWKIYQDIVPGYLRLPKSDTAHESDG, 0.66
11297E5I49, YLKIHWKIYQDIVPGYLRLPKSDFAHESDG, 0.71
11297E6I65, YLKIHWKIYQDIVPGYLRLPKSDFAHHSDG, 0.73
11297E7I81, YLKIHWKWYQDIVPGYLRLPKSDFAHHSDG, 0.74
11297E8I89, YLKIHWYWYQDIVPGYLRLPKSDFAHHSDG, 0.77
11297E9I100, YLKIHWYWYQWIVPGYLRLPKSDFAHHSDG, 0.78
11297E10I132, YLKWHWYWYQWIVPGYLRLPKSDFAHHSDG, 0.81
11297E11I142, YLEWHWYWYQWIVPGYLRLPKSDFAHHSDG, 0.83
11297E12I145, YLEWHWHWYQWIVPGYLRLPKSDFAHHSDG, 0.85
11297E13I156, YLEWHWHWYQWIVPGYLRLPKSDRAHHSDG, 0.86
11297E14I210, YLEWHWHWYQWIVPGYLRHPKSDRAHHSDG, 0.87
11297E15I232, YLEWHWHWYQWAVPGYLRHPKSDRAHHSDG, 0.88
11297E16I237, YLEWHWHWYQWAVPGYLRHPKSDRAHWSDG, 0.89
11297E17I277, YLEWHWHWYQWAVPGYLPHPKSDRAHWSDG, 0.9
11297E18I280, YLEWHWYWYQWAVPGYLPHPKSDRAHWSDG, 0.92
11297E19I303, YLEWHWYWYFWAVPGYLPHPKSDRAHWSDG, 0.93
