14476E0I0, WENFNPGTTKQPPQQADWKRNGEWHRQLRE, 0.28
14476E1I3, WENFNPGTTKQPPQQADWKRNGEWHRQLGE, 0.31
14476E2I6, WENFNPGTTKQPPQQASWKRNGEWHRQLGE, 0.33
14476E3I8, WENFNPGTTKQPPQQASWKRNGEWHRQLGK, 0.36
14476E4I10, WENFNPGQTKQPPQQASWKRNGEWHRQLGK, 0.4
14476E5I12, WENFNPGQTKQPPQQASWKRNGEWHAQLGK, 0.41
14476E6I14, WENFNPAQTKQPPQQASWKRNGEWHAQLGK, 0.42
14476E7I16, WENFNPAQTKQPPIQASWKRNGEWHAQLGK, 0.47
14476E8I17, WENFNPAQTKQKPIQASWKRNGEWHAQLGK, 0.48
14476E9I25, WENFNPAQTKQKPIQASWKRNGEWHAYLGK, 0.5
14476E10I28, WENFNPAQTKQKPIQASWKRHGEWHAYLGK, 0.51
14476E11I29, WENFNPAQTKQKPIQASWKRHGEWHAYNGK, 0.55
14476E12I32, WENFNPAQTYQKPIQASWKRHGEWHAYNGK, 0.56
14476E13I59, WENFNPAQTYQKPIQASWKRHGEYHAYNGK, 0.58
14476E14I65, WENFNPAQTYQKPIQASWNRHGEYHAYNGK, 0.62
14476E15I82, WENFNPAQTYQKPIQAQWNRHGEYHAYNGK, 0.64
14476E16I84, WENFNPAQTYQHPIQAQWNRHGEYHAYNGK, 0.65
14476E17I92, WENFNPAQTYQHPITAQWNRHGEYHAYNGK, 0.66
14476E18I98, WENFNPAQTYQHPIYAQWNRHGEYHAYNGK, 0.68
14476E19I103, WENFNPAQTYQHPIYAQWNRHGEYPAYNGK, 0.71
14476E20I111, WENFNPAQTYQHPIYAQWIRHGEYPAYNGK, 0.72
14476E21I129, WENFNPAQTYQHPIYAQWIRHQEYPAYNGK, 0.73
14476E22I132, WENFNPAQTYQHPIYWQWIRHQEYPAYNGK, 0.76
14476E23I159, WENQNPAQTYQHPIYWQWIRHQEYPAYNGK, 0.77
14476E24I163, WENQVPAQTYQHPIYWQWIRHQEYPAYNGK, 0.78
14476E25I166, WENQVPAQTYQHPIYWQWRRHQEYPAYNGK, 0.8
14476E26I193, WENQVPAQTYQHHIYWQWRRHQEYPAYNGK, 0.81
14476E27I194, WENQDPAQTYQHHIYWQWRRHQEYPAYNGK, 0.82
14476E28I233, WENQDPAQTYQHHIYWQIRRHQEYPAYNGK, 0.83
14476E29I245, WENQDPAQTYQHHIYWQIRRHQEYWAYNGK, 0.84
14476E30I250, WENQDPAQTYQHHIYWQIRRHQEYWAVNGK, 0.85
14476E31I251, WENQDPAQTYQHHIYWQIRRHQEYWHVNGK, 0.86
14476E32I279, WENQDPAQTYQHHIYWQIRRHQEYWHVNGH, 0.89
14476E33I283, WENQDPAQTYQHHIYWQIRRHQEYWHVNFH, 0.9
14476E34I299, WENQDPAQTYQHHIYWQIRHHQEYWHVNFH, 0.92
14476E35I301, WENQDPAVTYQHHIYWQIRHHQEYWHVNFH, 0.93
14476E36I347, WENQHPAVTYQHHIYWQIRHHQEYWHVNFH, 0.94
14476E37I365, WENQHPAVTYQHHIYWQERHHQEYWHVNFH, 0.95
14476E38I401, WENQHPAVTYQHHIYWQERHHQEYWHVKFH, 0.96
14476E39I408, WENQHPAVTYQHHIYWQERHIQEYWHVKFH, 0.97
14476E40I414, WENQHPAVTYQHHIYWQERHIQEFWHVKFH, 0.98
