10604E0I0, TNLLIERHGTPWVDLIVKAWYSAQFFSIQP, 0.4
10604E1I1, TNLLIERHGGPWVDLIVKAWYSAQFFSIQP, 0.47
10604E2I3, TNLLIERHGGPWVDLIVKATYSAQFFSIQP, 0.5
10604E3I5, TNLLIERHGGPWVDPIVKATYSAQFFSIQP, 0.52
10604E4I6, TNLLIERHGGPWVDPIVKAIYSAQFFSIQP, 0.53
10604E5I18, TNLLIERHGGPWVDPIVKAIYIAQFFSIQP, 0.58
10604E6I25, THLLIERHGGPWVDPIVKAIYIAQFFSIQP, 0.63
10604E7I32, THLLSERHGGPWVDPIVKAIYIAQFFSIQP, 0.64
10604E8I47, THLLSERHGGPWVDPIVKAIYIAQFFSIQF, 0.68
10604E9I50, THLLSERHGGPWVDPIVKAIYIAGFFSIQF, 0.7
10604E10I73, THLLSERHGGPWVDPIVKAIYIATFFSIQF, 0.73
10604E11I85, THLLSERHGGPWVDPIVKAFYIATFFSIQF, 0.74
10604E12I92, THLLPERHGGPWVDPIVKAFYIATFFSIQF, 0.77
10604E13I98, THLLPERHGGPWVDPIVHAFYIATFFSIQF, 0.78
10604E14I99, THLLPERHGGPWVDPIVHNFYIATFFSIQF, 0.79
10604E15I133, THLLPERHGGPWVDPKVHNFYIATFFSIQF, 0.8
10604E16I194, THLLPERHGGPWVDPKVHNFYIATFFSIQI, 0.81
10604E17I238, THLLPERHGHPWVDPKVHNFYIATFFSIQI, 0.83
10604E18I337, THLLPERHGHPWVDPKVHNFYIATFFSWQI, 0.84
10604E19I344, TFLLPERHGHPWVDPKVHNFYIATFFSWQI, 0.86
10604E20I373, TFLLPNRHGHPWVDPKVHNFYIATFFSWQI, 0.87
10604E21I394, TFLLPNRHGHPWVDPKVHNFHIATFFSWQI, 0.89
10604E22I406, TFLLPNTHGHPWVDPKVHNFHIATFFSWQI, 0.9
10604E23I467, TFLLPNTFGHPWVDPKVHNFHIATFFSWQI, 0.91
10604E24I476, TFLLPNTFGHHWVDPKVHNFHIATFFSWQI, 0.92
