17157E0I0, NKQGESRTIRAVYNYKSQQSRNQFPLILDI, 0.2
17157E1I6, NKQGESRTIRAVYNYKSQQSRNQFPLILDA, 0.22
17157E2I8, NKQGESRTIRAVYNYKTQQSRNQFPLILDA, 0.23
17157E3I9, AKQGESRTIRAVYNYKTQQSRNQFPLILDA, 0.26
17157E4I10, AKQGESRTIRAVFNYKTQQSRNQFPLILDA, 0.27
17157E5I12, AKQGESRRIRAVFNYKTQQSRNQFPLILDA, 0.29
17157E6I13, AKQGESFRIRAVFNYKTQQSRNQFPLILDA, 0.31
17157E7I14, AKQGESFRIRAVFYYKTQQSRNQFPLILDA, 0.33
17157E8I18, AKQGESFRIRAVFYYATQQSRNQFPLILDA, 0.4
17157E9I27, AKQGESFRIRAVFYYATKQSRNQFPLILDA, 0.43
17157E10I31, AKQGESFRIRAIFYYATKQSRNQFPLILDA, 0.44
17157E11I35, AKQGESFRIRAIFYYWTKQSRNQFPLILDA, 0.45
17157E12I41, AKQDESFRIRAIFYYWTKQSRNQFPLILDA, 0.47
17157E13I43, AKQDESFRIRAIFYYWTKQSRNQFPLILDY, 0.48
17157E14I46, AKQDESFRIRAIFYYWTKQSRNQFHLILDY, 0.53
17157E15I52, AKQDESFRIRAIFYYWTKQSRNQFHLILRY, 0.62
17157E16I60, AKADESFRIRAIFYYWTKQSRNQFHLILRY, 0.63
17157E17I63, AKADESPRIRAIFYYWTKQSRNQFHLILRY, 0.65
17157E18I67, AKADESPRIRAIFYYWTKQSRNQFHHILRY, 0.68
17157E19I79, AKADEYPRIRAIFYYWTKQSRNQFHHILRY, 0.69
17157E20I87, AKADEYPRIRAIFYYWTKSSRNQFHHILRY, 0.73
17157E21I95, AKADEYPKIRAIFYYWTKSSRNQFHHILRY, 0.74
17157E22I100, AKADEYPKIRAIFYYWTKSSRNQFHHILHY, 0.75
17157E23I115, AKADEYPKIRAIFYYWTESSRNQFHHILHY, 0.76
17157E24I150, AKADEYPKIRAIFYYWYESSRNQFHHILHY, 0.77
17157E25I173, AKADEYPKIRAIFYYWYESSRNRFHHILHY, 0.8
17157E26I204, AKADEYPKIRAIFYYWEESSRNRFHHILHY, 0.81
17157E27I206, AKADEYPKIRQIFYYWEESSRNRFHHILHY, 0.82
17157E28I216, AKADEYPKIRQIFYYWQESSRNRFHHILHY, 0.83
17157E29I226, AKADEYPKIRQIFYYWQESSPNRFHHILHY, 0.84
17157E30I230, AKADEYPKIRQIFPYWQESSPNRFHHILHY, 0.85
17157E31I236, AKADPYPKIRQIFPYWQESSPNRFHHILHY, 0.86
17157E32I242, VKADPYPKIRQIFPYWQESSPNRFHHILHY, 0.87
17157E33I253, VKADPYPHIRQIFPYWQESSPNRFHHILHY, 0.88
17157E34I295, VKADPYPHIVQIFPYWQESSPNRFHHILHY, 0.89
17157E35I304, VKADPYPHIYQIFPYWQESSPNRFHHILHY, 0.91
17157E36I336, VKADPYPHIYQIFPYWQESSPNRFHHILHI, 0.93
17157E37I386, VKADPYPHIYQIFPYWQESSPRRFHHILHI, 0.95
17157E38I392, VKADPYPHIYQIFPYWQESSPRRFHHIVHI, 0.96
17157E39I393, VKADPYPHIYQIHPYWQESSPRRFHHIVHI, 0.97
