12403E0I0, FFTLNHAWPFSKNESTYWYFASWKSKTTAA, 0.44
12403E1I1, FFTLTHAWPFSKNESTYWYFASWKSKTTAA, 0.51
12403E2I4, FFTLTHAWPFSKNESTYWYFAYWKSKTTAA, 0.57
12403E3I8, FFTLTHAWPFSKNTSTYWYFAYWKSKTTAA, 0.61
12403E4I9, FFTLTHAWPFSKNSSTYWYFAYWKSKTTAA, 0.65
12403E5I20, FFTLTHAWPFSKNSSAYWYFAYWKSKTTAA, 0.7
12403E6I21, FFTLTHWWPFSKNSSAYWYFAYWKSKTTAA, 0.76
12403E7I24, FFTLTHWWPWSKNSSAYWYFAYWKSKTTAA, 0.77
12403E8I28, FFTLTHWWPWSKNSPAYWYFAYWKSKTTAA, 0.78
12403E9I29, FFTLTHWWPWSKNSPAYWYFAYWISKTTAA, 0.82
12403E10I34, FFTLTHWWPWSKNWPAYWYFAYWISKTTAA, 0.83
12403E11I97, FFTLTHWWPWSKNWHAYWYFAYWISKTTAA, 0.84
12403E12I112, FFTLTHWWPWSKNWHAYWYFAYWISKTTAE, 0.85
12403E13I179, AFTLTHWWPWSKNWHAYWYFAYWISKTTAE, 0.86
12403E14I227, AFTLTHWWPWSKNWHFYWYFAYWISKTTAE, 0.87
12403E15I230, AFTLTHHWPWSKNWHFYWYFAYWISKTTAE, 0.88
