2528E0I0, DYHWHWWQNRLPQFSKRHVHAVGTDGKNWN, 0.38
2528E1I1, DYHWHWWQNRLPQFSKRHVHAVGTDGWNWN, 0.5
2528E2I11, DYHWHIWQNRLPQFSKRHVHAVGTDGWNWN, 0.52
2528E3I12, DYHWHIWQNRLPTFSKRHVHAVGTDGWNWN, 0.6
2528E4I13, DYHWHIWQNRLPTFSKRHVHAVGKDGWNWN, 0.62
2528E5I14, DYHWHIWQNRLPTFSQRHVHAVGKDGWNWN, 0.66
2528E6I24, DYHWHIWQNRLPTFSQRHVHAVGKWGWNWN, 0.68
2528E7I48, DYHWHIWQNRLPTFSDRHVHAVGKWGWNWN, 0.69
2528E8I49, DYHWHIWQNRLPTFSDRHVHAVGKWGWYWN, 0.71
2528E9I51, DYHWHIWQNRLPTFADRHVHAVGKWGWYWN, 0.74
2528E10I52, DYHWHIWQNRLPTFADRHVHAVGKWGWYWH, 0.79
2528E11I62, DYHWHIWQNRLPTFADRHIHAVGKWGWYWH, 0.87
2528E12I86, TYHWHIWQNRLPTFADRHIHAVGKWGWYWH, 0.88
2528E13I103, TYHWHIWQNRLPTFADRHIHAVGSWGWYWH, 0.89
2528E14I138, TYHWHIWQNFLPTFADRHIHAVGSWGWYWH, 0.91
2528E15I187, TYHPHIWQNFLPTFADRHIHAVGSWGWYWH, 0.92
2528E16I254, TYHPHIWQNFLPTFADRHIHAVGSWHWYWH, 0.93
2528E17I257, TWHPHIWQNFLPTFADRHIHAVGSWHWYWH, 0.94
2528E18I283, TWHPHIWQNFLPTFADRHIHAVDSWHWYWH, 0.95
