10214E0I0, GKNNHKYQVAHDSHWLPDSPHATEVVESLI, 0.37
10214E1I2, GKNNHKYQVAHDSHWFPDSPHATEVVESLI, 0.39
10214E2I3, GKNNHKYQVAHDSHWFPDSPTATEVVESLI, 0.45
10214E3I4, GKQNHKYQVAHDSHWFPDSPTATEVVESLI, 0.54
10214E4I5, GKQNHKYQVAHDSHWDPDSPTATEVVESLI, 0.57
10214E5I12, GKQNHYYQVAHDSHWDPDSPTATEVVESLI, 0.58
10214E6I34, GKQNHYYQVAHDSHWDPDSPTFTEVVESLI, 0.59
10214E7I38, GQQNHYYQVAHDSHWDPDSPTFTEVVESLI, 0.61
10214E8I45, GQHNHYYQVAHDSHWDPDSPTFTEVVESLI, 0.72
10214E9I47, GQHNHYYQVHHDSHWDPDSPTFTEVVESLI, 0.75
10214E10I48, GQHNHYWQVHHDSHWDPDSPTFTEVVESLI, 0.77
10214E11I60, GQHNHYWQVHHDSHWDPDSPTFTEVVEVLI, 0.78
10214E12I64, GQHNHYWQVHHDSHWDSDSPTFTEVVEVLI, 0.79
10214E13I75, GQHNHYWQVHHDSHWDSDSPTFTEVWEVLI, 0.83
10214E14I78, GQHNHYWQVHHDSHWDSDSPTWTEVWEVLI, 0.84
10214E15I83, RQHNHYWQVHHDSHWDSDSPTWTEVWEVLI, 0.86
10214E16I94, RQHNHYWQVHHDEHWDSDSPTWTEVWEVLI, 0.88
10214E17I113, RQHNHYWQVHHDPHWDSDSPTWTEVWEVLI, 0.9
