18258E0I0, FNQAFKTPQKRVAWQTVPYLYNQTTRFVEE, 0.27
18258E1I2, FNQAFKTPSKRVAWQTVPYLYNQTTRFVEE, 0.32
18258E2I3, FNQAFKTPSKRVAWWTVPYLYNQTTRFVEE, 0.34
18258E3I8, FNQAFKKPSKRVAWWTVPYLYNQTTRFVEE, 0.39
18258E4I9, FNQAFKKPSKRVAWWTVPYLYNQTTRFLEE, 0.41
18258E5I11, FNQAFKKPSKRQAWWTVPYLYNQTTRFLEE, 0.48
18258E6I12, FNFAFKKPSKRQAWWTVPYLYNQTTRFLEE, 0.5
18258E7I13, FNFAFKKPSKRQAWPTVPYLYNQTTRFLEE, 0.51
18258E8I23, FNFAFKKPSKRQAWVTVPYLYNQTTRFLEE, 0.52
18258E9I27, FNFAFKKPSKRQAWVTVPYLYNQTTRFLEY, 0.53
18258E10I42, FAFAFKKPSKRQAWVTVPYLYNQTTRFLEY, 0.57
18258E11I45, FAFAFKKPSKRQYWVTVPYLYNQTTRFLEY, 0.58
18258E12I46, FAFAFKKPTKRQYWVTVPYLYNQTTRFLEY, 0.63
18258E13I49, FAFAFKKPTKRQYWVTVPYLYNQTARFLEY, 0.69
18258E14I50, FAFAFKKPTKHQYWVTVPYLYNQTARFLEY, 0.7
18258E15I55, FAFAFKKPTKHQYWVWVPYLYNQTARFLEY, 0.71
18258E16I72, FAFAFKKPTKHQIWVWVPYLYNQTARFLEY, 0.72
18258E17I115, FAFAFKKPTKHQIWVWVPYLYNQTAFFLEY, 0.73
18258E18I129, FAFAFKKPTKWQIWVWVPYLYNQTAFFLEY, 0.75
18258E19I167, FAFAFKKPTKWQIWAWVPYLYNQTAFFLEY, 0.76
18258E20I168, FAFAFKKPTKWQIWAWVPYWYNQTAFFLEY, 0.8
18258E21I184, FAFAFKKPTKWQNWAWVPYWYNQTAFFLEY, 0.83
18258E22I203, FAFAFKKPTKWQNWAWVPYWYNQTAFFLYY, 0.86
18258E23I206, FAFAFKKPTKWQNWAWVPYWYNQTAFKLYY, 0.87
18258E24I245, FAFAFKKPTKWQNWAWVPYWYNQTAFKLYW, 0.88
