16922E0I0, EKYLGYYKDGWTWLLNDELFYEQRSSDEAA, 0.27
16922E1I2, EKYLGYYKDGWTWLLNDELFYEDRSSDEAA, 0.37
16922E2I3, EKYLGYYKDGWTWLLNDELFYVDRSSDEAA, 0.38
16922E3I7, EKYLGYYKDGWAWLLNDELFYVDRSSDEAA, 0.39
16922E4I10, EKYLPYYKDGWAWLLNDELFYVDRSSDEAA, 0.4
16922E5I12, EKYLPYYKDGWAWLLNDELVYVDRSSDEAA, 0.41
16922E6I13, EKYNPYYKDGWAWLLNDELVYVDRSSDEAA, 0.42
16922E7I14, EKYNPYYKDGWAWLLHDELVYVDRSSDEAA, 0.43
16922E8I15, EKGNPYYKDGWAWLLHDELVYVDRSSDEAA, 0.44
16922E9I19, EKGNPYYKDGWAWLLHDELVYVDRWSDEAA, 0.46
16922E10I21, EKGNPYYKDGWAWLLHDEAVYVDRWSDEAA, 0.48
16922E11I23, EKGNPYYKDGWAWLLHDEAVYVYRWSDEAA, 0.51
16922E12I24, SKGNPYYKDGWAWLLHDEAVYVYRWSDEAA, 0.52
16922E13I26, SKGNPYYKDGWAWLLHDEAVYIYRWSDEAA, 0.55
16922E14I29, SKGNPYYKDGWAWLLHDEAVYIYYWSDEAA, 0.61
16922E15I35, SKGNPYYKDGWAWLLHDEAVYIYYWSDERA, 0.62
16922E16I36, SKGNPYYKDGWAWLLHDEAVRIYYWSDERA, 0.65
16922E17I38, SWGNPYYKDGWAWLLHDEAVRIYYWSDERA, 0.68
16922E18I49, SWGNPYYKDGWAWLLHDIAVRIYYWSDERA, 0.72
16922E19I56, SWGNIYYKDGWAWLLHDIAVRIYYWSDERA, 0.73
16922E20I60, SWGNIYYKDGWAWLLHDIAVRIYWWSDERA, 0.74
16922E21I69, SWGNIYYKDGWAWLLHDIAVRIYWPSDERA, 0.77
16922E22I74, SWGNIAYKDGWAWLLHDIAVRIYWPSDERA, 0.79
16922E23I75, SWGNIAYKDGWAWLLHWIAVRIYWPSDERA, 0.81
16922E24I104, SWGNIAYKDGWAWLLHNIAVRIYWPSDERA, 0.85
16922E25I105, SWGNIAYKDGWAWLLHNIAVRIYWPSDPRA, 0.86
16922E26I122, SWGNIAYKDGWAWLLHNIAVRIYWPSDPWA, 0.87
