13669E0I0, SKNSAHKARTVVRRSTLWLGGGINIRRLYY, 0.25
13669E1I1, SKNSLHKARTVVRRSTLWLGGGINIRRLYY, 0.29
13669E2I2, SKNHLHKARTVVRRSTLWLGGGINIRRLYY, 0.32
13669E3I7, SKNHLHKARTVVRRSTLWLGGGPNIRRLYY, 0.34
13669E4I8, SKTHLHKARTVVRRSTLWLGGGPNIRRLYY, 0.4
13669E5I9, SKTHLHKARTVVRRSTLWLGGWPNIRRLYY, 0.43
13669E6I11, SKTHLHKARVVVRRSTLWLGGWPNIRRLYY, 0.45
13669E7I13, SKTHLHKARVVVRRSTLWLQGWPNIRRLYY, 0.49
13669E8I16, SKTHLHKARVVVRRSILWLQGWPNIRRLYY, 0.51
13669E9I28, KKTHLHKARVVVRRSILWLQGWPNIRRLYY, 0.54
13669E10I55, KKFHLHKARVVVRRSILWLQGWPNIRRLYY, 0.57
13669E11I56, KKFHLHKARAVVRRSILWLQGWPNIRRLYY, 0.59
13669E12I59, KKFHLHKARAVVRRSILWLQGWPNSRRLYY, 0.6
13669E13I61, KKFHLHKARAVVRRSILWLQGWHNSRRLYY, 0.63
13669E14I74, KKFHLHWARAVVRRSILWLQGWHNSRRLYY, 0.68
13669E15I78, KKFHLHWARAVVRRSILWAQGWHNSRRLYY, 0.71
13669E16I80, KKFHLHWARAHVRRSILWAQGWHNSRRLYY, 0.72
13669E17I81, KKFHLHWARAHVRRSILWAQGWHNWRRLYY, 0.73
13669E18I89, KKFHLHWARAHSRRSILWAQGWHNWRRLYY, 0.76
13669E19I98, KKFHHHWARAHSRRSILWAQGWHNWRRLYY, 0.79
13669E20I103, KKFHHHWARAHSRRSILWAQGWHNWRRHYY, 0.81
13669E21I105, KKFHHHWARHHSRRSILWAQGWHNWRRHYY, 0.82
13669E22I117, KKFHHHWARHHSRRSILWAQGHHNWRRHYY, 0.84
13669E23I124, KKFHHHWARHHLRRSILWAQGHHNWRRHYY, 0.85
13669E24I131, KKFHNHWARHHLRRSILWAQGHHNWRRHYY, 0.86
13669E25I149, KKFHNHWARHHLRRSIYWAQGHHNWRRHYY, 0.89
13669E26I150, KKFHNHWARHHLRRSIYWAQGHHNWRRHYW, 0.9
