11693E0I0, TEDRWYWQYDGFLEPVYPRQWSLYWKYNGK, 0.49
11693E1I1, TEDRWYWQYDGFLEPVFPRQWSLYWKYNGK, 0.5
11693E2I2, TEDRWYWQYDGFLEPVFPRQWSLYWKQNGK, 0.55
11693E3I4, TEDRWYWQYDGFLEPVFPRQWFLYWKQNGK, 0.59
11693E4I6, TEDRWYWQYDGFLEPVFPRSWFLYWKQNGK, 0.61
11693E5I13, TEDRWYWYYDGFLEPVFPRSWFLYWKQNGK, 0.62
11693E6I25, TEDRWYWYYDGFLEPVFPRSWFLYWKQNGI, 0.66
11693E7I41, TEDRHYWYYDGFLEPVFPRSWFLYWKQNGI, 0.67
11693E8I54, TEDRHYWYYDGFLEPVWPRSWFLYWKQNGI, 0.68
11693E9I67, TEDRHYWYWDGFLEPVWPRSWFLYWKQNGI, 0.72
11693E10I90, TEDRHYWYWDGFLEPVWVRSWFLYWKQNGI, 0.73
11693E11I91, TEDRNYWYWDGFLEPVWVRSWFLYWKQNGI, 0.74
11693E12I105, TEDRNYWYWDGFLFPVWVRSWFLYWKQNGI, 0.75
11693E13I107, TEDRNYWYWDGFLFPVWVRNWFLYWKQNGI, 0.78
11693E14I112, TEDRNYWYWWGFLFPVWVRNWFLYWKQNGI, 0.79
11693E15I135, TEDRNYWYWHGFLFPVWVRNWFLYWKQNGI, 0.81
11693E16I194, TEDRNYWYWHGFLFPAWVRNWFLYWKQNGI, 0.83
11693E17I226, TEDRNYWYWHGFLFPAWVRNWFLYWYQNGI, 0.84
11693E18I240, TGDRNYWYWHGFLFPAWVRNWFLYWYQNGI, 0.86
11693E19I290, TGDRNYWYWHGFLFPAWVRAWFLYWYQNGI, 0.87
11693E20I331, TGDRNYWYWHGFLFPAWVWAWFLYWYQNGI, 0.88
11693E21I357, TGDRNYWYWHEFLFPAWVWAWFLYWYQNGI, 0.89
11693E22I454, TGDRNYWYWHEFLFPAWVPAWFLYWYQNGI, 0.9
11693E23I476, TGDRNYWYWHEFLWPAWVPAWFLYWYQNGI, 0.91
