16739E0I0, PSVRVIRHPSKNRHHDWPVIQFKIIEDWTR, 0.42
16739E1I2, PSVRVQRHPSKNRHHDWPVIQFKIIEDWTR, 0.45
16739E2I4, PSVRVQRHPSGNRHHDWPVIQFKIIEDWTR, 0.47
16739E3I8, PAVRVQRHPSGNRHHDWPVIQFKIIEDWTR, 0.48
16739E4I14, PAVRVQRHPNGNRHHDWPVIQFKIIEDWTR, 0.49
16739E5I24, DAVRVQRHPNGNRHHDWPVIQFKIIEDWTR, 0.5
16739E6I26, DAVRYQRHPNGNRHHDWPVIQFKIIEDWTR, 0.52
16739E7I27, AAVRYQRHPNGNRHHDWPVIQFKIIEDWTR, 0.53
16739E8I29, AAVRYQRHPNGNRHHDWPVIQFKIIEDWRR, 0.54
16739E9I30, AAVRYQRHPNGNRHHDWPVIQFKIDEDWRR, 0.56
16739E10I36, AAVRYQRHPNGNRHHDWPVIQFKIDEDWRY, 0.58
16739E11I39, AAVRYQRHPNGNRHHDWPVIQTKIDEDWRY, 0.59
16739E12I42, AAVRYQRHPNGNRHWDWPVIQTKIDEDWRY, 0.66
16739E13I64, AAVRYQRHPNGNRHWPWPVIQTKIDEDWRY, 0.67
16739E14I67, AAVRYQRHPNGNRHWPWPVIQTKIDEGWRY, 0.7
16739E15I72, AAVRYSRHPNGNRHWPWPVIQTKIDEGWRY, 0.71
16739E16I98, AAVRYSRHPNGNRHWPWPVIQTKIDEGWPY, 0.72
16739E17I103, AAVRYSRHPNGNRHWPWAVIQTKIDEGWPY, 0.73
16739E18I111, AAERYSRHPNGNRHWPWAVIQTKIDEGWPY, 0.74
16739E19I115, AAERYSRHPNGNRHWPWAVIQTKIDEGWTY, 0.75
16739E20I121, AAERYSRHPNGNRHWPWAYIQTKIDEGWTY, 0.79
16739E21I125, AAERYSRHPNGNRHWPWAYIQTKIDENWTY, 0.81
16739E22I131, AAERYSRHPNGNRHWPWAYIQTKIDEFWTY, 0.82
16739E23I146, AAERYSRHPNGNRHWHWAYIQTKIDEFWTY, 0.83
