7068E0I0, FFEEDVNHVNDFNGGGWPVVILIPKWVFYD, 0.4
7068E1I2, FFEEDVNHVNDFNGGGWPVVILLPKWVFYD, 0.45
7068E2I8, FFYEDVNHVNDFNGGGWPVVILLPKWVFYD, 0.53
7068E3I15, FFYDDVNHVNDFNGGGWPVVILLPKWVFYD, 0.55
7068E4I20, FFYSDVNHVNDFNGGGWPVVILLPKWVFYD, 0.58
7068E5I24, FFYSDVNHVNDPNGGGWPVVILLPKWVFYD, 0.59
7068E6I31, FFYWDVNHVNDPNGGGWPVVILLPKWVFYD, 0.64
7068E7I32, FFYWDVNHVNDPNGGGWPVVKLLPKWVFYD, 0.67
7068E8I34, FFYWQVNHVNDPNGGGWPVVKLLPKWVFYD, 0.71
7068E9I36, FFYWQVNHVNDPNGGGWPVVKLLPKWVYYD, 0.74
7068E10I54, FFYWFVNHVNDPNGGGWPVVKLLPKWVYYD, 0.76
7068E11I72, FFYWFVNHVNDPNGGGWPVVKLLPGWVYYD, 0.77
7068E12I96, FFYWFVNHVNDPNGGGWPVVKLLPGWVYYR, 0.78
7068E13I99, FFYWFVNHVNDPNGGGWPVVKLLPGWVYYI, 0.79
7068E14I115, FFYWFVNHVNDPNGGHWPVVKLLPGWVYYI, 0.82
7068E15I141, FHYWFVNHVNDPNGGHWPVVKLLPGWVYYI, 0.83
7068E16I157, FHYWFVNHVNDPNGGHWPVVKLLPGWIYYI, 0.85
7068E17I216, FHYWFVNHVNDPNGGHWPVVTLLPGWIYYI, 0.87
7068E18I224, FHYWFVNHVNDPNGGHWPVVTLLPGWYYYI, 0.89
7068E19I309, FHYWFVNHVNDPNGGHWPVVTLLPGWYYWI, 0.9
7068E20I336, FHYWFVNHVNDPNGGHWPPVTLLPGWYYWI, 0.91
