17355E0I0, KYIDDWLLRFWAEWHWRLGGRHLFAGHAEF, 0.59
17355E1I2, KVIDDWLLRFWAEWHWRLGGRHLFAGHAEF, 0.62
17355E2I5, KVIDDWLLRFWAEWHWRFGGRHLFAGHAEF, 0.63
17355E3I6, KVIDDWLFRFWAEWHWRFGGRHLFAGHAEF, 0.67
17355E4I9, KVIDDWLFFFWAEWHWRFGGRHLFAGHAEF, 0.69
17355E5I10, KVIGDWLFFFWAEWHWRFGGRHLFAGHAEF, 0.73
17355E6I16, KVIGDWLFFFWAEWHWRFGGRHLFAKHAEF, 0.74
17355E7I22, KVIGDWLFFFWAEWHWRVGGRHLFAKHAEF, 0.75
17355E8I37, KVIGDWLFFFWAEWHWRVGGRHLFAKHAED, 0.76
17355E9I78, KVIGDWLFFFWAEWHWPVGGRHLFAKHAED, 0.77
17355E10I80, KVIGDWLFFFWAYWHWPVGGRHLFAKHAED, 0.78
17355E11I86, KVIGDFLFFFWAYWHWPVGGRHLFAKHAED, 0.79
17355E12I93, KVIGDFLFFFWAYWHWPVGGRHLFPKHAED, 0.82
17355E13I119, KVIGDFLFFYWAYWHWPVGGRHLFPKHAED, 0.84
17355E14I135, SVIGDFLFFYWAYWHWPVGGRHLFPKHAED, 0.85
17355E15I204, SVIGDFLFFYWAYWHWPVGGRHLFLKHAED, 0.87
17355E16I259, SVIADFLFFYWAYWHWPVGGRHLFLKHAED, 0.88
17355E17I266, SVIADFLFFYWAYWYWPVGGRHLFLKHAED, 0.89
17355E18I351, FVIADFLFFYWAYWYWPVGGRHLFLKHAED, 0.9
17355E19I371, FVIADFLFFYWAYWYWPVGGHHLFLKHAED, 0.91
17355E20I450, FVIADFLFFYWAYWYWPVGGHYLFLKHAED, 0.92
