7524E0I0, AFHVRVDPVFNESHTDSRHAEHQFSGKYNP, 0.4
7524E1I3, AFHVRVDPVFNEFHTDSRHAEHQFSGKYNP, 0.41
7524E2I8, AFHVRVDPVFNEFHTDSRHAEHQFSGKYNR, 0.43
7524E3I10, AFHVRVDPVFNEFHTDSRHAERQFSGKYNR, 0.45
7524E4I13, AFHVRVDPVFNEFHTDSRHAERQFSGKENR, 0.5
7524E5I20, AFHVRADPVFNEFHTDSRHAERQFSGKENR, 0.55
7524E6I22, AFHVRADPVFNEFHTDSRHHERQFSGKENR, 0.56
7524E7I28, AFHVRADPVFNDFHTDSRHHERQFSGKENR, 0.58
7524E8I32, AFHVRADPVNNDFHTDSRHHERQFSGKENR, 0.59
7524E9I35, AFHVRADPVNNRFHTDSRHHERQFSGKENR, 0.6
7524E10I39, AFHVRADPVNNRFHTDDRHHERQFSGKENR, 0.61
7524E11I40, AFHVRADPVNNRFHTDRRHHERQFSGKENR, 0.63
7524E12I47, AFAVRADPVNNRFHTDRRHHERQFSGKENR, 0.65
7524E13I48, AFAVRADPVNNRFHSDRRHHERQFSGKENR, 0.69
7524E14I49, AFAVPADPVNNRFHSDRRHHERQFSGKENR, 0.72
7524E15I63, AFAVPADPVNNRFHSDRRHHERQFSGKEYR, 0.73
7524E16I74, AFAVPADPVNNRFHSDRRHHERQFSGKEYN, 0.74
7524E17I78, NFAVPADPVNNRFHSDRRHHERQFSGKEYN, 0.75
7524E18I93, NFAVPADPVNNRFHSDRRHHERQFSGKPYN, 0.76
7524E19I117, NFAVPADPVNNQFHSDRRHHERQFSGKPYN, 0.77
7524E20I175, NFAVPADPVNNQFHSDRRHHERQFAGKPYN, 0.79
7524E21I178, NFAVPADPVNNQFHSDRFHHERQFAGKPYN, 0.8
7524E22I193, NFAVPADPVNNQFHSDRFHHERQFAGKPYF, 0.81
7524E23I224, NFAVPADPVNNQFHSPRFHHERQFAGKPYF, 0.83
