3583E0I0, VKEHNTTGSHFNSLLYDPDSGYKPQWLKNW, 0.4
3583E1I4, YKEHNTTGSHFNSLLYDPDSGYKPQWLKNW, 0.43
3583E2I22, YKEHNTTGSHFNTLLYDPDSGYKPQWLKNW, 0.46
3583E3I24, YKEHNTTGSHFNTLLYDPDSGYKPLWLKNW, 0.5
3583E4I30, YKEHNTTGSHFNTALYDPDSGYKPLWLKNW, 0.51
3583E5I32, YKEHNTTGFHFNTALYDPDSGYKPLWLKNW, 0.55
3583E6I46, YKEHNTTGFHFNTALYDPDSGYKPHWLKNW, 0.56
3583E7I49, YKEHNTTGFHFNTAEYDPDSGYKPHWLKNW, 0.58
3583E8I53, YKEHNTTGFHFNTAEYDPDSGYKPHPLKNW, 0.59
3583E9I57, YKEHNTTGFHFPTAEYDPDSGYKPHPLKNW, 0.61
3583E10I58, YKEHNTTGFHFPTAEYDPDSAYKPHPLKNW, 0.63
3583E11I60, YKEHNNTGFHFPTAEYDPDSAYKPHPLKNW, 0.64
3583E12I67, YKEHHNTGFHFPTAEYDPDSAYKPHPLKNW, 0.68
3583E13I72, YKEHHNTGFHFPTAEYWPDSAYKPHPLKNW, 0.72
3583E14I116, YKEHHNTGFHFPTAEYWPDFAYKPHPLKNW, 0.75
3583E15I133, YKEHHPTGFHFPTAEYWPDFAYKPHPLKNW, 0.76
3583E16I141, YKEHHPTGFHFPTAEYWPDFAYKPHPLKAW, 0.78
3583E17I152, YKEHHPTGFHFPLAEYWPDFAYKPHPLKAW, 0.81
3583E18I171, YKEHHPTGFHFPLAEYWPDFAYKPHPLAAW, 0.82
3583E19I186, FKEHHPTGFHFPLAEYWPDFAYKPHPLAAW, 0.83
3583E20I208, FKEHHPTGFHFPLAEYWPDFAYKPEPLAAW, 0.85
3583E21I221, FKEHHPTGFHFPLAEYWPGFAYKPEPLAAW, 0.86
3583E22I228, FKEHHPTGFHFPLAEYWPGFAYKPEPLHAW, 0.87
