839E0I0, FADWRADQDEYWGAIKDHKKIGFFHLNYDF, 0.57
839E1I1, FADWRADQDEYWGAIKPHKKIGFFHLNYDF, 0.59
839E2I4, FADWRADQDEYWGAIKPTKKIGFFHLNYDF, 0.6
839E3I22, FADWRADQDEYRGAIKPTKKIGFFHLNYDF, 0.62
839E4I27, FVDWRADQDEYRGAIKPTKKIGFFHLNYDF, 0.63
839E5I33, FVDWRADQDEYRGAIKPTKKPGFFHLNYDF, 0.64
839E6I58, FVDWRADVDEYRGAIKPTKKPGFFHLNYDF, 0.66
839E7I64, FVDWRADVDEYRGAIKPTKKFGFFHLNYDF, 0.68
839E8I73, FVDWRADVDEYRGAIPPTKKFGFFHLNYDF, 0.7
839E9I82, FVSWRADVDEYRGAIPPTKKFGFFHLNYDF, 0.71
839E10I111, FVSWRADVDEYRGAIVPTKKFGFFHLNYDF, 0.74
839E11I127, FVSWRADVDEYRHAIVPTKKFGFFHLNYDF, 0.75
839E12I147, FVSWRAFVDEYRHAIVPTKKFGFFHLNYDF, 0.76
839E13I148, FVSWRAFVDEYRHAIVPTKKFDFFHLNYDF, 0.77
839E14I151, FVSWRAFVDEYRHIIVPTKKFDFFHLNYDF, 0.78
839E15I186, FVSWRAFVDEYRHIIVPTKKFDFFHLTYDF, 0.8
839E16I192, FVSWRAFVDEYRHIIVPTKKFDFFHLTYHF, 0.81
839E17I194, FVSWRAFVDEYRHIIVPTKKFDFFHLTYHA, 0.82
839E18I202, FVSWRAFVDEYRHIIVPTKKFDFFHLAYHA, 0.83
839E19I213, FVSWRAFVDEYRHIIVPTKKFDFFHIAYHA, 0.84
839E20I226, FVSWRAFVDEYRHIIVPTKKFDFFHIAYAA, 0.85
839E21I274, FVSWRAFVDEYRHIIVPTKKFDFFHIFYAA, 0.86
839E22I305, FVSWRAFVDEYRHIIVPTKKFDFFHIIYAA, 0.87
839E23I320, FVSWRAFVDEYRHIIVPTKKFDFFHHIYAA, 0.88
839E24I326, FVSWRAFVDEHRHIIVPTKKFDFFHHIYAA, 0.89
839E25I378, FPSWRAFVDEHRHIIVPTKKFDFFHHIYAA, 0.9
839E26I425, FPYWRAFVDEHRHIIVPTKKFDFFHHIYAA, 0.91
839E27I428, FPYWRAFVDEHRHIIVPTKKFWFFHHIYAA, 0.93
839E28I457, FYYWRAFVDEHRHIIVPTKKFWFFHHIYAA, 0.94
