7652E0I0, LTQRRLFGWWWHVTTEYAVYHKPLVYTDEH, 0.35
7652E1I2, LTQRRLFRWWWHVTTEYAVYHKPLVYTDEH, 0.38
7652E2I3, LTQRRLFRWWWHVTTEYAYYHKPLVYTDEH, 0.42
7652E3I5, LTQRRLFRWWWHVTTEYAYYHKPLVYTLEH, 0.44
7652E4I6, LTQRRLFRWSWHVTTEYAYYHKPLVYTLEH, 0.46
7652E5I15, LTQRRLFRWSWHVTTEYAYYHKPKVYTLEH, 0.48
7652E6I16, LTQRRLFRWSWHVTTEYAYYHKPHVYTLEH, 0.5
7652E7I19, LTQRRLFRWSWHVTTEYAYYHWPHVYTLEH, 0.63
7652E8I23, LTQRRLFFWSWHVTTEYAYYHWPHVYTLEH, 0.66
7652E9I24, LTQRRLFFWSWHVTTEYAYYHWPHVWTLEH, 0.71
7652E10I26, LTQRRLFFWSEHVTTEYAYYHWPHVWTLEH, 0.73
7652E11I27, LTQRRLFFWSEHVDTEYAYYHWPHVWTLEH, 0.74
7652E12I33, LTQRRLFFWSEHVDTEYAYYHWPHVWHLEH, 0.76
7652E13I34, WTQRRLFFWSEHVDTEYAYYHWPHVWHLEH, 0.77
7652E14I44, WTQRRLFFWSEHVDEEYAYYHWPHVWHLEH, 0.8
7652E15I46, WTQRRLFFWSEHVDEEYAYYHWPHVWHLRH, 0.81
7652E16I52, WTQRRLFFWSEHVDERYAYYHWPHVWHLRH, 0.82
7652E17I67, WTQRRLFFWSEHVDERYAYYHWYHVWHLRH, 0.84
7652E18I85, WYQRRLFFWSEHVDERYAYYHWYHVWHLRH, 0.85
7652E19I86, WYQRRLFFWSEHVDERYAYQHWYHVWHLRH, 0.86
7652E20I94, WYQRRLFFWSWHVDERYAYQHWYHVWHLRH, 0.89
7652E21I142, WYQRRLFFWTWHVDERYAYQHWYHVWHLRH, 0.9
7652E22I161, TYQRRLFFWTWHVDERYAYQHWYHVWHLRH, 0.91
7652E23I193, TYQRRLFFWTWHVDERYAYQHWYHVTHLRH, 0.92
