965E0I0, SWANWKWPHIILEKPWHLWYTKIKDHFAAR, 0.5
965E1I2, SWANWKWPHIIAEKPWHLWYTKIKDHFAAR, 0.52
965E2I13, SWANWKWPHIIAEKPWHLWYTKIKDHLAAR, 0.56
965E3I19, SWANWKWPHIIAEKPWHLWETKIKDHLAAR, 0.58
965E4I27, SWANWAWPHIIAEKPWHLWETKIKDHLAAR, 0.61
965E5I29, SWANWAWPHIIAEKPWHLWETKIKDELAAR, 0.62
965E6I34, SWASWAWPHIIAEKPWHLWETKIKDELAAR, 0.65
965E7I41, SWASWAWPHHIAEKPWHLWETKIKDELAAR, 0.67
965E8I45, SWAYWAWPHHIAEKPWHLWETKIKDELAAR, 0.69
965E9I52, SWAYWAWPHHIAQKPWHLWETKIKDELAAR, 0.72
965E10I54, SWAYWAWPHHIAQKPWHLSETKIKDELAAR, 0.73
965E11I57, SWAYWAWPHHIAQKPWHLSETKVKDELAAR, 0.74
965E12I59, SWAYWAWPHHIAQKPWHLSETKVKDEHAAR, 0.78
965E13I63, SWAYWHWPHHIAQKPWHLSETKVKDEHAAR, 0.79
965E14I68, SWAYWHWPHHIAQKPWHLSHTKVKDEHAAR, 0.8
965E15I83, SWAYWHWGHHIAQKPWHLSHTKVKDEHAAR, 0.81
965E16I101, SWAYWHWGHHLAQKPWHLSHTKVKDEHAAR, 0.85
965E17I106, SWAYWHWGHHLAQKPWHLPHTKVKDEHAAR, 0.88
965E18I117, SWAYWHWGHHLAQDPWHLPHTKVKDEHAAR, 0.89
965E19I143, SWAYWHWGHHLAQHPWHLPHTKVKDEHAAR, 0.9
965E20I172, SWAYWHVGHHLAQHPWHLPHTKVKDEHAAR, 0.91
965E21I195, SWAYWHVGHHLAQHPWHLPHTKVKPEHAAR, 0.92
965E22I274, SWAYWHVGHHLAQHPWHLAHTKVKPEHAAR, 0.93
965E23I277, SWAYWHWGHHLAQHPWHLAHTKVKPEHAAR, 0.94
965E24I351, SWAYWHWQHHLAQHPWHLAHTKVKPEHAAR, 0.95
965E25I372, SWAYWHWQHHLAQHPWHLAHTKVKPGHAAR, 0.97
