7875E0I0, RGVPRVDPPGPEVREYNNIPELRRRLPHPP, 0.5
7875E1I3, RGVPIVDPPGPEVREYNNIPELRRRLPHPP, 0.6
7875E2I6, RGDPIVDPPGPEVREYNNIPELRRRLPHPP, 0.63
7875E3I8, RGDPIVDPPGPEVRWYNNIPELRRRLPHPP, 0.65
7875E4I16, RGDPIVWPPGPEVRWYNNIPELRRRLPHPP, 0.68
7875E5I26, RGDPIVWPPGPEVRWYNNIPRLRRRLPHPP, 0.7
7875E6I35, RGDPIVWPPGPEVRWYNNIPRHRRRLPHPP, 0.71
7875E7I40, RGDPIVWPPGPEVRWYNNIPFHRRRLPHPP, 0.73
7875E8I42, RGDPIVWPPGPEVRWYNNIPFHRRRLPHPK, 0.75
7875E9I66, RGDPIVWPPGPEVRWYNNIPFHHRRLPHPK, 0.78
7875E10I95, RGDPIVWPPGDEVRWYNNIPFHHRRLPHPK, 0.8
7875E11I144, RGDPIVWPPGDEVRWYNIIPFHHRRLPHPK, 0.81
7875E12I173, RGDPIVWPPGDEVRWYNIHPFHHRRLPHPK, 0.83
7875E13I196, RGDPIVWPPGDEVRWYNIHPFHHRRLPHPH, 0.84
7875E14I218, RGDPIVWPPGDEVRWYNIHPFHHRRLPWPH, 0.85
7875E15I238, RGDPIVWPPGDEVRWYNIHPFHHRRLPWPT, 0.86
7875E16I250, TGDPIVWPPGDEVRWYNIHPFHHRRLPWPT, 0.88
7875E17I251, TADPIVWPPGDEVRWYNIHPFHHRRLPWPT, 0.91
7875E18I274, TADPIVWPPGDEVRWYIIHPFHHRRLPWPT, 0.92
7875E19I285, TADPIVWPPGDEVRWYIIHPFHHRRLPWPR, 0.93
