15581E0I0, YIPTIQTSGRTRHFAKQISIVENGNAITSF, 0.37
15581E1I3, YIPTIQTSGRTRHFAKRISIVENGNAITSF, 0.39
15581E2I5, YIPTIQTSYRTRHFAKRISIVENGNAITSF, 0.41
15581E3I6, TIPTIQTSYRTRHFAKRISIVENGNAITSF, 0.44
15581E4I7, TIPTIQTSYRTRHFAKRISIVENGNSITSF, 0.47
15581E5I30, TIPTIQTSYRTRHRAKRISIVENGNSITSF, 0.48
15581E6I35, TIPTIHTSYRTRHRAKRISIVENGNSITSF, 0.5
15581E7I41, TEPTIHTSYRTRHRAKRISIVENGNSITSF, 0.51
15581E8I43, TEPTIHTSYRTRHRSKRISIVENGNSITSF, 0.53
15581E9I51, TEPTIHTSYNTRHRSKRISIVENGNSITSF, 0.55
15581E10I67, TEPTIHTSYSTRHRSKRISIVENGNSITSF, 0.57
15581E11I71, TEPTIHTSYSTRHRSKWISIVENGNSITSF, 0.58
15581E12I82, TEPTIHTAYSTRHRSKWISIVENGNSITSF, 0.6
15581E13I86, TEPTIHTAYSTWHRSKWISIVENGNSITSF, 0.61
15581E14I89, TEPTIHTAYSTWHRSKWISIVENGNSITYF, 0.68
15581E15I105, TEPTIHTAYSTWHPSKWISIVENGNSITYF, 0.7
15581E16I129, TEPTIHTAYSTWHPSKWISIVPNGNSITYF, 0.72
15581E17I131, TEPTIHTAYSTWHPSKWISIVPNGNSITYY, 0.73
15581E18I202, TEPTQHTAYSTWHPSKWISIVPNGNSITYY, 0.75
15581E19I209, TEPSQHTAYSTWHPSKWISIVPNGNSITYY, 0.76
15581E20I220, TEPSQHTAYSTWHPSKWISIVPNGNSITAY, 0.8
15581E21I279, TEPSQHTAYSTWHPSKWISIVPNGDSITAY, 0.82
15581E22I299, TEPSQHTAYSTWHPSKWISIVPNGDSHTAY, 0.83
15581E23I306, TEPSQHTAYSTWHPSKWISIVPAGDSHTAY, 0.84
15581E24I312, TEPSQHTAYSTWHPSHWISIVPAGDSHTAY, 0.87
15581E25I313, TEPSQHTAYSTWHPSHWISIVPAGHSHTAY, 0.88
15581E26I329, TEPSQHTAYHTWHPSHWISIVPAGHSHTAY, 0.89
15581E27I349, TEPSQHTAYHTGHPSHWISIVPAGHSHTAY, 0.9
15581E28I392, TEPSQHTAYHTGHPSHWISIVPAAHSHTAY, 0.91
15581E29I458, TEPSQHTAYHTGHPSHWISIVPAADSHTAY, 0.93
