1155E0I0, WRFEDIYDEQKIPYNAGNAIAAIVQRITKQ, 0.24
1155E1I3, WRFEDIYDEQKIPYNAGNAIAADVQRITKQ, 0.25
1155E2I4, WRFEDIYDEQFIPYNAGNAIAADVQRITKQ, 0.26
1155E3I8, WRFEDIYDEQFIPYNYGNAIAADVQRITKQ, 0.3
1155E4I12, WRFEDIYDEQFIPENYGNAIAADVQRITKQ, 0.32
1155E5I14, WRFEDIYDEQFIPENYGNAIRADVQRITKQ, 0.36
1155E6I16, WRFEDIYDEQFLPENYGNAIRADVQRITKQ, 0.39
1155E7I27, WRPEDIYDEQFLPENYGNAIRADVQRITKQ, 0.46
1155E8I46, WRPEDIYDEQFLPENYGNAIRADVQRIHKQ, 0.5
1155E9I47, DRPEDIYDEQFLPENYGNAIRADVQRIHKQ, 0.52
1155E10I53, DRPEDIYDDQFLPENYGNAIRADVQRIHKQ, 0.54
1155E11I71, DRPEDIYDDQFLPENYGNAIRADVLRIHKQ, 0.56
1155E12I86, DRPEDIYDIQFLPENYGNAIRADVLRIHKQ, 0.59
1155E13I89, DRPEDIYDIQFHPENYGNAIRADVLRIHKQ, 0.65
1155E14I131, DRPEDIYDIQFHPENYWNAIRADVLRIHKQ, 0.66
1155E15I146, DRPEDIYDIQFHPENYWNAIRADVLRIHRQ, 0.72
1155E16I158, DRPEDIYDIQFHPENYHNAIRADVLRIHRQ, 0.73
1155E17I190, DRPEDIYSIQFHPENYHNAIRADVLRIHRQ, 0.75
1155E18I230, DRPEDIYSIQFHPENYHNAGRADVLRIHRQ, 0.76
1155E19I232, DRPEDIYSIQFHPENYHNAGRADVLRQHRQ, 0.77
1155E20I233, DRPEDIYSTQFHPENYHNAGRADVLRQHRQ, 0.78
1155E21I275, DRPEDIYSTQFHPENYHNAGRADVLRQHRK, 0.79
1155E22I319, DRPEWIYSTQFHPENYHNAGRADVLRQHRK, 0.8
1155E23I367, DRPEWIYSTQFHPENQHNAGRADVLRQHRK, 0.83
1155E24I421, DRPEWAYSTQFHPENQHNAGRADVLRQHRK, 0.84
1155E25I441, DVPEWAYSTQFHPENQHNAGRADVLRQHRK, 0.85
1155E26I449, DVPEWAYSTQFHPENHHNAGRADVLRQHRK, 0.86
1155E27I511, DVPEWADSTQFHPENHHNAGRADVLRQHRK, 0.88
