10610E0I0, VWYVVGTAVEQAAWTNTQGFDVSWQQPFNG, 0.3
10610E1I1, VWYVDGTAVEQAAWTNTQGFDVSWQQPFNG, 0.32
10610E2I2, VWEVDGTAVEQAAWTNTQGFDVSWQQPFNG, 0.36
10610E3I3, VWEVDGTAVEKAAWTNTQGFDVSWQQPFNG, 0.44
10610E4I4, VWEVDGTAVEKAAWTNTQAFDVSWQQPFNG, 0.46
10610E5I7, VWEVDGTAVEKAAWTNTQAFDVSWGQPFNG, 0.48
10610E6I8, VWEVDGTAVEKAAWTNTQAFHVSWGQPFNG, 0.49
10610E7I10, VWEVDGTAVEKAAHTNTQAFHVSWGQPFNG, 0.52
10610E8I15, VWEVDGTAVEKAAHTNTQAFHVSWGQPSNG, 0.54
10610E9I23, VWEVDGTAVEKAAHTNTQAFHVSWGQPSSG, 0.57
10610E10I26, VWEVDGTAREKAAHTNTQAFHVSWGQPSSG, 0.6
10610E11I32, VWEVDGTARRKAAHTNTQAFHVSWGQPSSG, 0.62
10610E12I36, VWEVDGTARRKAAHTNTWAFHVSWGQPSSG, 0.65
10610E13I43, VWEVDGTARRKAAHTNTWAFHVSWGQSSSG, 0.72
10610E14I47, VWEVDGTARRKAAHTNTWAFHVSWGQHSSG, 0.76
10610E15I54, VWEVDGTARRKAAHWNTWAFHVSWGQHSSG, 0.78
10610E16I56, VWEVDGTARRKAAHWNTWAFHVSWGQHSST, 0.79
10610E17I58, VWEVDGTARRKAAHWNTWAFHYSWGQHSST, 0.8
10610E18I99, YWEVDGTARRKAAHWNTWAFHYSWGQHSST, 0.81
10610E19I131, YWEVDGTARRKAAHWNTWAFHYSWGPHSST, 0.84
10610E20I213, YWEVDGTARRKAAHQNTWAFHYSWGPHSST, 0.85
10610E21I242, YWEVDGTARRKAAHQNTWAFHYSWAPHSST, 0.87
10610E22I247, YWEVDGTARRRAAHQNTWAFHYSWAPHSST, 0.88
10610E23I262, YWEVGGTARRRAAHQNTWAFHYSWAPHSST, 0.89
10610E24I301, YWPVGGTARRRAAHQNTWAFHYSWAPHSST, 0.9
10610E25I310, YWPVGGTARRRAAHQETWAFHYSWAPHSST, 0.92
