17590E0I0, RRTLHQDEVGEAVQVGKPDYARTRAHEAGR, 0.33
17590E1I2, RRTLHQTEVGEAVQVGKPDYARTRAHEAGR, 0.34
17590E2I3, RRTLHQTEVGEAVQVGKPDYARTRAHEIGR, 0.44
17590E3I6, RRTLHQTEVGEAVQVGKPQYARTRAHEIGR, 0.46
17590E4I19, RRTLHQTEVWEAVQVGKPQYARTRAHEIGR, 0.47
17590E5I25, RRTLHQHEVWEAVQVGKPQYARTRAHEIGR, 0.48
17590E6I28, RRTLHQHEVWEAVQVGKPQYARTRAHEIGH, 0.51
17590E7I29, ARTLHQHEVWEAVQVGKPQYARTRAHEIGH, 0.52
17590E8I35, ARTLHQHEVWEAVQVGKPQYARHRAHEIGH, 0.53
17590E9I37, ARTLHQHEVWIAVQVGKPQYARHRAHEIGH, 0.55
17590E10I39, ARTLHQHEVWHAVQVGKPQYARHRAHEIGH, 0.56
17590E11I60, ARTLHQHEVWHAVQVGKPLYARHRAHEIGH, 0.58
17590E12I61, ARTLHQHFVWHAVQVGKPLYARHRAHEIGH, 0.66
17590E13I62, ARTLHQHFVWHAVQVGKPLYARHRAHERGH, 0.68
17590E14I63, ARTLHQHFVWHAVQVGKPLYARHRAHENGH, 0.7
17590E15I70, AITLHQHFVWHAVQVGKPLYARHRAHENGH, 0.72
17590E16I71, AITLHEHFVWHAVQVGKPLYARHRAHENGH, 0.73
17590E17I78, AITLHEHFVWHAVQVGKPLYARHRAHHNGH, 0.76
17590E18I86, SITLHEHFVWHAVQVGKPLYARHRAHHNGH, 0.77
17590E19I88, SITLHEHFVWHAVQVGKPLYARHRLHHNGH, 0.79
17590E20I89, SITLHPHFVWHAVQVGKPLYARHRLHHNGH, 0.81
17590E21I95, SITLHPHFVGHAVQVGKPLYARHRLHHNGH, 0.82
17590E22I126, SITLHPHFVGHAVQVGKPLRARHRLHHNGH, 0.83
17590E23I141, SITLHPHFVGHAVQVGKPLRARHLLHHNGH, 0.84
17590E24I163, SITLHPHFVGHAVQVGKPLRARHLRHHNGH, 0.86
17590E25I170, SITLHPHFVGHAVQVGKPLRARHLRAHNGH, 0.87
17590E26I254, AITLHPHFVGHAVQVGKPLRARHLRAHNGH, 0.88
