8401E0I0, YSVKHSFYDYTELWLTRNLRPYVREFLINF, 0.3
8401E1I1, YKVKHSFYDYTELWLTRNLRPYVREFLINF, 0.32
8401E2I2, YKVKHSFYDYTELWLTRNLRPYLREFLINF, 0.37
8401E3I3, YKVKHSFYDYTELWLTRNGRPYLREFLINF, 0.38
8401E4I6, YKVNHSFYDYTELWLTRNGRPYLREFLINF, 0.41
8401E5I7, YKVNHSFYDYTELWLTRNGRPYLREFAINF, 0.47
8401E6I10, YKVNHSFYDYTELWLTRNGRPYLPEFAINF, 0.49
8401E7I18, YKVNHSFYDYTELHLTRNGRPYLPEFAINF, 0.5
8401E8I27, SKVNHSFYDYTELHLTRNGRPYLPEFAINF, 0.51
8401E9I31, SKVNHSFYDYTELHLTNNGRPYLPEFAINF, 0.52
8401E10I33, SKVNHSFYDYTETHLTNNGRPYLPEFAINF, 0.54
8401E11I45, SKVNHSFYDYTETHPTNNGRPYLPEFAINF, 0.55
8401E12I63, SKVNHNFYDYTETHPTNNGRPYLPEFAINF, 0.57
8401E13I67, SKVNHNFFDYTETHPTNNGRPYLPEFAINF, 0.59
8401E14I84, SKVNHNFFDYTETHPTNNRRPYLPEFAINF, 0.61
8401E15I96, SKVNHNFFDQTETHPTNNRRPYLPEFAINF, 0.63
8401E16I97, SKVNHNFFWQTETHPTNNRRPYLPEFAINF, 0.64
8401E17I108, SKVNHNFFWQTETHPTNNRRAYLPEFAINF, 0.67
8401E18I124, SKVNHNFFWQTETHVTNNRRAYLPEFAINF, 0.68
8401E19I129, SKVNHNFFWQTETHVTNNRRAYHPEFAINF, 0.69
8401E20I136, SKVNHNFFWQTETHVTNNRRAYWPEFAINF, 0.72
8401E21I144, SKVNHNFFWQTLTHVTNNRRAYWPEFAINF, 0.73
8401E22I145, SKVNHPFFWQTLTHVTNNRRAYWPEFAINF, 0.74
8401E23I153, SKVNHPFFWQTLTHVTNNRRIYWPEFAINF, 0.75
8401E24I159, SFVNHPFFWQTLTHVTNNRRIYWPEFAINF, 0.77
8401E25I196, SFVNHPFFYQTLTHVTNNRRIYWPEFAINF, 0.78
8401E26I198, SFVNHPFFYLTLTHVTNNRRIYWPEFAINF, 0.79
8401E27I202, SFVNHPFFYLTLTHVTNNRRIYWPEFAING, 0.8
8401E28I204, SFVNHPFFYLTLTHVPNNRRIYWPEFAING, 0.81
8401E29I211, SFVNHPFFYLTLTHVPNNRRIYWPEFATNG, 0.83
8401E30I213, SFVNHPFFYLTLTHVPNNRRIYWPEFATWG, 0.84
8401E31I241, PFVNHPFFYLTLTHVPNNRRIYWPEFATWG, 0.86
8401E32I311, PFVNHPFFVLTLTHVPNNRRIYWPEFATWG, 0.88
8401E33I321, EFVNHPFFVLTLTHVPNNRRIYWPEFATWG, 0.89
8401E34I328, EFVNHPFFVLTLTHVPNNRRIYWPEFATWQ, 0.9
