10374E0I0, VFTSENFDRITISHIRQLVNKLEGFGEKNT, 0.3
10374E1I1, VFTSWNFDRITISHIRQLVNKLEGFGEKNT, 0.31
10374E2I2, VFTSWNFDRITISHIRQLVNKLEGFGEKKT, 0.37
10374E3I3, VVTSWNFDRITISHIRQLVNKLEGFGEKKT, 0.42
10374E4I7, VVTSWNFDRITQSHIRQLVNKLEGFGEKKT, 0.44
10374E5I10, VVTSWNFDRITQSHIRQLVNKVEGFGEKKT, 0.47
10374E6I13, VVTSWNFDRITQSHIRQLVTKVEGFGEKKT, 0.49
10374E7I18, DVTSWNFDRITQSHIRQLVTKVEGFGEKKT, 0.51
10374E8I24, DVTSWNFDRIAQSHIRQLVTKVEGFGEKKT, 0.54
10374E9I51, DVTSWNFDRIGQSHIRQLVTKVEGFGEKKT, 0.55
10374E10I64, DVTSWFFDRIGQSHIRQLVTKVEGFGEKKT, 0.58
10374E11I65, KVTSWFFDRIGQSHIRQLVTKVEGFGEKKT, 0.6
10374E12I82, KVTSWYFDRIGQSHIRQLVTKVEGFGEKKT, 0.61
10374E13I145, KVTSWYFDRIHQSHIRQLVTKVEGFGEKKT, 0.62
10374E14I176, KVTSWYFDRIHQSHIRQLVTKVEGFGEKTT, 0.63
10374E15I208, KVTSWYFDRIHQSHIRPLVTKVEGFGEKTT, 0.64
10374E16I227, KVTSWYFDRIHQSHIRPLVTKVEGFAEKTT, 0.66
10374E17I240, KVTSWYFDRIHQSHIRPLVTKVEGFAEKTH, 0.67
10374E18I241, KVKSWYFDRIHQSHIRPLVTKVEGFAEKTH, 0.69
10374E19I249, KVKSWYFDRIHQSHIFPLVTKVEGFAEKTH, 0.71
10374E20I251, KVKSWYFDRFHQSHIFPLVTKVEGFAEKTH, 0.72
10374E21I253, KVKSWAFDRFHQSHIFPLVTKVEGFAEKTH, 0.73
10374E22I256, KVKSWAFDRFHQFHIFPLVTKVEGFAEKTH, 0.74
10374E23I271, KVKSWAFDRFHQFHIFPLVTKVEDFAEKTH, 0.75
10374E24I273, KVKSWAFDRFSQFHIFPLVTKVEDFAEKTH, 0.76
10374E25I294, KVKSWAFDRFSQFHIFPLVTKVEDFAEETH, 0.79
10374E26I301, KVKSWAFDRFSQFHIFPLVTKVETFAEETH, 0.81
10374E27I384, KVKSWAFDRFSQFHIFPLVTKVETFVEETH, 0.84
10374E28I450, KVKSWAFDRYSQFHIFPLVTKVETFVEETH, 0.85
10374E29I458, KVKSWAFDRYSQFHIFPAVTKVETFVEETH, 0.87
10374E30I491, KVKSWAFDRYSQFHIFHAVTKVETFVEETH, 0.89
