8207E0I0, DKVWWGLPDAIDKRWDERVQRRYERKWHPL, 0.45
8207E1I1, DKVWWGLPDAWDKRWDERVQRRYERKWHPL, 0.48
8207E2I4, DKVWWVLPDAWDKRWDERVQRRYERKWHPL, 0.52
8207E3I8, DKVWWVLPDAWDKRWDEWVQRRYERKWHPL, 0.54
8207E4I13, DKVWWVLPDAWDKRWDEWVQRRYERGWHPL, 0.57
8207E5I16, DKVWWVLPDAWDKRWDEWVQRRYERQWHPL, 0.59
8207E6I18, DKVWWVLPKAWDKRWDEWVQRRYERQWHPL, 0.62
8207E7I23, DKVWWFLPKAWDKRWDEWVQRRYERQWHPL, 0.66
8207E8I36, DKVWWFLPKSWDKRWDEWVQRRYERQWHPL, 0.68
8207E9I39, DKVWWFLPISWDKRWDEWVQRRYERQWHPL, 0.69
8207E10I43, DKVWWFHPISWDKRWDEWVQRRYERQWHPL, 0.71
8207E11I59, DKVWWFHWISWDKRWDEWVQRRYERQWHPL, 0.75
8207E12I60, DKVWWFHWISWDKRWDEWVQRAYERQWHPL, 0.79
8207E13I85, DKVWWFHWISWDKRWDEWVQRAYWRQWHPL, 0.8
8207E14I91, DKVWWFHWISWFKRWDEWVQRAYWRQWHPL, 0.81
8207E15I113, DKVWWFHWISWFKRWDEWVQRAYSRQWHPL, 0.82
8207E16I122, DKVWWFHWISWFKRWDEWRQRAYSRQWHPL, 0.84
8207E17I128, DKVWWFHWISWFKRWDEWRQRAYSRQWHPN, 0.85
