18728E0I0, LVGWVYKNPEINGFYPDHYEQGFIFSERLW, 0.28
18728E1I3, LVGWVYKNPERNGFYPDHYEQGFIFSERLW, 0.34
18728E2I5, LVGWVYKNPERNGFYPDHYQQGFIFSERLW, 0.36
18728E3I6, LVGWVYKNPERNGFYPGHYQQGFIFSERLW, 0.41
18728E4I9, LVGWVYGNPERNGFYPGHYQQGFIFSERLW, 0.47
18728E5I11, LVGWVYGNPERNGFYPGHYQQGWIFSERLW, 0.5
18728E6I15, LVGWPYGNPERNGFYPGHYQQGWIFSERLW, 0.51
18728E7I44, LVGWPYGNPEENGFYPGHYQQGWIFSERLW, 0.53
18728E8I46, LVGWPYGNPEENGEYPGHYQQGWIFSERLW, 0.57
18728E9I52, LVGWPYGNAEENGEYPGHYQQGWIFSERLW, 0.58
18728E10I57, LVGWPYGNADENGEYPGHYQQGWIFSERLW, 0.6
18728E11I74, LHGWPYGNADENGEYPGHYQQGWIFSERLW, 0.63
18728E12I76, LHGWPYGNADENGEYPGHYQQGWIFSVRLW, 0.64
18728E13I80, LHGWPYGNADENGEYPGHYQQGWIFSVRLV, 0.65
18728E14I82, NHGWPYGNADENGEYPGHYQQGWIFSVRLV, 0.66
18728E15I86, NHWWPYGNADENGEYPGHYQQGWIFSVRLV, 0.67
18728E16I110, NHWWPYGNADENGEYPGHYQQGWIFSVRLF, 0.68
18728E17I111, NHWWPYGNADENGEYPGHYQQGWIFSVRAF, 0.69
18728E18I115, NHWWPYGNADENGEYPGHYQQGWPFSVRAF, 0.72
18728E19I125, NHWWPTGNADENGEYPGHYQQGWPFSVRAF, 0.74
18728E20I127, NHWWPTGNADEVGEYPGHYQQGWPFSVRAF, 0.76
18728E21I139, NHWWPTGNADEVGEYPGHRQQGWPFSVRAF, 0.79
18728E22I156, NHWWPTHNADEVGEYPGHRQQGWPFSVRAF, 0.82
18728E23I167, NHWWPTHNADEVGEYPPHRQQGWPFSVRAF, 0.84
18728E24I207, NHWWPTHNADEVGEYHPHRQQGWPFSVRAF, 0.87
18728E25I290, NHHWPTHNADEVGEYHPHRQQGWPFSVRAF, 0.89
