3420E0I0, TFFPKSNSEFTHEDFFQRWGYSTDDNYANL, 0.34
3420E1I2, TFFPKSNSEFTHEDFFQDWGYSTDDNYANL, 0.35
3420E2I3, TFFPKSNPEFTHEDFFQDWGYSTDDNYANL, 0.36
3420E3I4, TFFPKSNPEFTHEDFFQDWGYSTDDNYAYL, 0.38
3420E4I6, TFFPKSNPEFTHEDFFQDWFYSTDDNYAYL, 0.41
3420E5I10, TFFPKSNPEFTHEDFFQDWFYSTDENYAYL, 0.48
3420E6I11, TFFPKSNPEFTHEDFFQDWFYSTDENYWYL, 0.55
3420E7I12, TFFPKSNPEFTHEDFFQLWFYSTDENYWYL, 0.59
3420E8I17, TFFPKSNPEFTHEPFFQLWFYSTDENYWYL, 0.6
3420E9I20, TFFPKSNPEFTHEPFFFLWFYSTDENYWYL, 0.68
3420E10I22, TFFPKSNPEFTHEPWFFLWFYSTDENYWYL, 0.69
3420E11I28, TFFPKSNPRFTHEPWFFLWFYSTDENYWYL, 0.7
3420E12I30, TFFPFSNPRFTHEPWFFLWFYSTDENYWYL, 0.71
3420E13I37, TFFPFSNPRFIHEPWFFLWFYSTDENYWYL, 0.72
3420E14I74, TFFPFVNPRFIHEPWFFLWFYSTDENYWYL, 0.73
3420E15I89, TFFPFVNPRFIHEYWFFLWFYSTDENYWYL, 0.74
3420E16I92, TFFPFVNPRFGHEYWFFLWFYSTDENYWYL, 0.76
3420E17I95, TFVPFVNPRFGHEYWFFLWFYSTDENYWYL, 0.77
3420E18I103, TFVPFVNPRFHHEYWFFLWFYSTDENYWYL, 0.78
3420E19I133, TFVPFVNPRFHHEYWWFLWFYSTDENYWYL, 0.79
3420E20I134, TFVPFVNPRFHHEYWWFLWFYSTDENYWYI, 0.8
3420E21I142, TFVPFVNPRFHHEYWWFLWFYSTDENYWYW, 0.81
3420E22I158, TFVPFVTPRFHHEYWWFLWFYSTDENYWYW, 0.82
3420E23I167, TFVPFVTPRFHHEYWWFLWFYSTPENYWYW, 0.86
3420E24I172, TFVPSVTPRFHHEYWWFLWFYSTPENYWYW, 0.87
3420E25I173, TFVPSVTPRFHHEYWWFLWFYLTPENYWYW, 0.89
3420E26I181, TFVPSVTPRFHHTYWWFLWFYLTPENYWYW, 0.92
3420E27I216, TFVPSVTPRFHHTYWWFLWFVLTPENYWYW, 0.93
3420E28I228, TFVPSVTPRFHHNYWWFLWFVLTPENYWYW, 0.94
3420E29I247, TFVPKVTPRFHHNYWWFLWFVLTPENYWYW, 0.96
