14066E0I0, PPPWPPAATKFAKGPLERPTWTALLSPPWI, 0.55
14066E1I1, PPPWPTAATKFAKGPLERPTWTALLSPPWI, 0.57
14066E2I2, PPYWPTAATKFAKGPLERPTWTALLSPPWI, 0.61
14066E3I3, PPYWPTAATKFAKYPLERPTWTALLSPPWI, 0.66
14066E4I5, PPYWPTAATKFAKYPLLRPTWTALLSPPWI, 0.69
14066E5I13, PPYWPTAATKFAKYPHLRPTWTALLSPPWI, 0.71
14066E6I22, PPYWPTAATKFAKYFHLRPTWTALLSPPWI, 0.73
14066E7I35, PNYWPTAATKFAKYFHLRPTWTALLSPPWI, 0.76
14066E8I38, PNYWPTAATRFAKYFHLRPTWTALLSPPWI, 0.77
14066E9I39, PNYWPTAAARFAKYFHLRPTWTALLSPPWI, 0.79
14066E10I47, PNYWPTAALRFAKYFHLRPTWTALLSPPWI, 0.82
14066E11I92, PNYWPTAKLRFAKYFHLRPTWTALLSPPWI, 0.83
14066E12I183, PNYWPTAKLRFAHYFHLRPTWTALLSPPWI, 0.84
14066E13I237, PNYWPTAKLRFAHYFHLRPTWTFLLSPPWI, 0.86
14066E14I253, PNYWPTAKLRFAHYFHLRPTWTFLLSPPWE, 0.87
14066E15I302, PNYWPTAKLRFAHYFHLRPTETFLLSPPWE, 0.88
14066E16I356, PNYWPTAKLRFAHYFHLRPTETFLLSPEWE, 0.89
14066E17I386, PNYWPTAKLRFAHYFHLRPTETFLLSPHWE, 0.91
14066E18I460, PNYWLTAKLRFAHYFHLRPTETFLLSPHWE, 0.93
14066E19I470, PNYWLTAKLRFAHIFHLRPTETFLLSPHWE, 0.94
