12985E0I0, SSYHINVGYKGEYWGVVVAEWYESQQVTRA, 0.4
12985E1I2, SSYHINVGYKGEYWGVVVAEWYESTQVTRA, 0.43
12985E2I3, SSYHIIVGYKGEYWGVVVAEWYESTQVTRA, 0.46
12985E3I4, SSYHIIVGPKGEYWGVVVAEWYESTQVTRA, 0.49
12985E4I6, SSYHIIYGPKGEYWGVVVAEWYESTQVTRA, 0.53
12985E5I9, SSYHIIYGPKAEYWGVVVAEWYESTQVTRA, 0.57
12985E6I14, SSYHIIYGPKAFYWGVVVAEWYESTQVTRA, 0.59
12985E7I17, SSYHIIDGPKAFYWGVVVAEWYESTQVTRA, 0.61
12985E8I27, SSYHIIDGPKAFYWRVVVAEWYESTQVTRA, 0.63
12985E9I31, SSYHIIDGPKAFYWRVVVASWYESTQVTRA, 0.64
12985E10I41, SSYHIIDGPKAFAWRVVVASWYESTQVTRA, 0.65
12985E11I42, SSYHIIIGPKAFAWRVVVASWYESTQVTRA, 0.67
12985E12I57, SSYHHIIGPKAFAWRVVVASWYESTQVTRA, 0.68
12985E13I88, SSYWHIIGPKAFAWRVVVASWYESTQVTRA, 0.71
12985E14I103, SSYWHIIGPKAFAWRVVVKSWYESTQVTRA, 0.73
12985E15I110, HSYWHIIGPKAFAWRVVVKSWYESTQVTRA, 0.74
12985E16I126, HSYWHIIGPKAFAWRVVVKSWYESSQVTRA, 0.76
12985E17I137, HSYWHIIGPKAFAWRVVVLSWYESSQVTRA, 0.78
12985E18I159, HRYWHIIGPKAFAWRVVVLSWYESSQVTRA, 0.79
12985E19I199, HRYWHIIGPKAFAWRFVVLSWYESSQVTRA, 0.81
12985E20I203, HRYWHIIGPKAFGWRFVVLSWYESSQVTRA, 0.82
12985E21I207, HRYWHIIGPKAFGWRFAVLSWYESSQVTRA, 0.83
12985E22I215, HRYWHIIGPKAFGWRFAVLSWYESSQVTWA, 0.88
12985E23I253, HRYWHIIGPKAFGWRFAVLSWYWSSQVTWA, 0.9
12985E24I272, HRYWHIIGPKAFGWAFAVLSWYWSSQVTWA, 0.91
12985E25I276, HRYWHIIGPKAFGWAFAVLSWYWSSQVKWA, 0.93
12985E26I278, HRYWHIIGPKAFGPAFAVLSWYWSSQVKWA, 0.94
12985E27I365, HRYWLIIGPKAFGPAFAVLSWYWSSQVKWA, 0.95
