13319E0I0, ANPQEKRQVRIVFERHLPIRSYYHRGEPIG, 0.33
13319E1I1, ANPQEKRQVRIVFERHLDIRSYYHRGEPIG, 0.34
13319E2I3, ANPQEKRQVRIVFERHLDIRSYYHFGEPIG, 0.35
13319E3I6, ANDQEKRQVRIVFERHLDIRSYYHFGEPIG, 0.36
13319E4I7, QNDQEKRQVRIVFERHLDIRSYYHFGEPIG, 0.42
13319E5I8, QNDQEKRQVGIVFERHLDIRSYYHFGEPIG, 0.43
13319E6I12, QNDQEKRQVGIVFERHLDIRSYYHFGEPFG, 0.47
13319E7I13, QNDQEKRQVGIVFERHLDIRSYYHFGEPFS, 0.48
13319E8I14, QNDQEKRQVGIVFERHLHIRSYYHFGEPFS, 0.54
13319E9I15, QNDQEKRQVGIVFERHLHIRSYYHWGEPFS, 0.55
13319E10I19, QNHQEKRQVGIVFERHLHIRSYYHWGEPFS, 0.59
13319E11I22, QNHQEKRQVGIVFEHHLHIRSYYHWGEPFS, 0.6
13319E12I24, QNHQEKRQVGIVFEHHLHIRSYYHNGEPFS, 0.62
13319E13I31, QNHQEKRQVGIVFGHHLHIRSYYHNGEPFS, 0.67
13319E14I41, QNHQEKRQVGIVFGHILHIRSYYHNGEPFS, 0.69
13319E15I46, QNHQEKRQVGIVGGHILHIRSYYHNGEPFS, 0.71
13319E16I73, QNHQEKRQVGIVGGHILHIRSYYHNGIPFS, 0.74
13319E17I105, QNHQEKRQVGIVGGHILHIGSYYHNGIPFS, 0.75
13319E18I112, ENHQEKRQVGIVGGHILHIGSYYHNGIPFS, 0.76
13319E19I133, ENHQEKRQVGIVGGHILHIGSYYHNGIPFV, 0.77
13319E20I169, NNHQEKRQVGIVGGHILHIGSYYHNGIPFV, 0.78
13319E21I184, NNHQWKRQVGIVGGHILHIGSYYHNGIPFV, 0.79
13319E22I190, NNHQWKRQVGIVGGHILHIGSYLHNGIPFV, 0.81
13319E23I196, NNHIWKRQVGIVGGHILHIGSYLHNGIPFV, 0.82
13319E24I210, NNHIWKRQVGIVGPHILHIGSYLHNGIPFV, 0.83
13319E25I262, NNHIWKRQVGIVGPHILHIGSYWHNGIPFV, 0.85
13319E26I291, NNHIYKRQVGIVGPHILHIGSYWHNGIPFV, 0.87
13319E27I326, NNHIYKRQVGIVGPHILHIGSYWHNGIPAV, 0.88
