8978E0I0, FTDWNDGTGLVIKWNQDTPPWIIKVNHIFR, 0.33
8978E1I1, FTDWNDGTGLVIKWNQDTPPWIIKLNHIFR, 0.35
8978E2I10, WTDWNDGTGLVIKWNQDTPPWIIKLNHIFR, 0.36
8978E3I14, WTDWNDGTGLVIKWNQDTPEWIIKLNHIFR, 0.38
8978E4I20, WTDYNDGTGLVIKWNQDTPEWIIKLNHIFR, 0.44
8978E5I22, WTDYNDGTGLVIKWNQDTPEWIIKLNHIFV, 0.5
8978E6I25, WTDYNDGTGLVIKWNQDTPSWIIKLNHIFV, 0.57
8978E7I37, WTDYYDGTGLVIKWNQDTPSWIIKLNHIFV, 0.59
8978E8I39, WTDYYDGTGLVIIWNQDTPSWIIKLNHIFV, 0.6
8978E9I47, WPDYYDGTGLVIIWNQDTPSWIIKLNHIFV, 0.61
8978E10I50, WPDYYDGTGLVIIWNQDTGSWIIKLNHIFV, 0.62
8978E11I57, WPDYYDLTGLVIIWNQDTGSWIIKLNHIFV, 0.63
8978E12I58, WVDYYDLTGLVIIWNQDTGSWIIKLNHIFV, 0.64
8978E13I80, WVDYYHLTGLVIIWNQDTGSWIIKLNHIFV, 0.66
8978E14I93, WVDYYHLTGLVIIWNQDHGSWIIKLNHIFV, 0.67
8978E15I99, WVDYYHLTGLVIIWNQDHGSWIILLNHIFV, 0.68
8978E16I108, WVDYYHLTGLVIIWYQDHGSWIILLNHIFV, 0.69
8978E17I116, FVDYYHLTGLVIIWYQDHGSWIILLNHIFV, 0.7
8978E18I124, FVDYYHLTGLVIIWYQWHGSWIILLNHIFV, 0.72
8978E19I135, FVDYYHLTGLVIIWYHWHGSWIILLNHIFV, 0.73
8978E20I144, DVDYYHLTGLVIIWYHWHGSWIILLNHIFV, 0.74
8978E21I158, DVDYYHLTGLVIIWYHNHGSWIILLNHIFV, 0.75
8978E22I173, DVTYYHLTGLVIIWYHNHGSWIILLNHIFV, 0.76
8978E23I194, DVTYYHLTGLVIYWYHNHGSWIILLNHIFV, 0.77
8978E24I200, DVTYWHLTGLVIYWYHNHGSWIILLNHIFV, 0.78
8978E25I244, DVTYWHLTGLVIYWYHNHGSWIILLHHIFV, 0.81
8978E26I295, DVTYWHLTGLVIYWYHNHGSWIHLLHHIFV, 0.82
8978E27I323, DVTYWRLTGLVIYWYHNHGSWIHLLHHIFV, 0.83
8978E28I359, DETYWRLTGLVIYWYHNHGSWIHLLHHIFV, 0.84
8978E29I365, DETYWRLTGLVTYWYHNHGSWIHLLHHIFV, 0.86
