13325E0I0, STGWKNTQFHEEGLIVHWTIRPVSSVSAQQ, 0.35
13325E1I2, STGWKNTQFHEGGLIVHWTIRPVSSVSAQQ, 0.36
13325E2I4, STGWKNTQFHRGGLIVHWTIRPVSSVSAQQ, 0.43
13325E3I9, STGWKNTQFHRGGLIVHWTIRPVSSVSAGQ, 0.45
13325E4I11, STGWKNTQFHRGGLIVHWTIRPVSSPSAGQ, 0.49
13325E5I12, SIGWKNTQFHRGGLIVHWTIRPVSSPSAGQ, 0.51
13325E6I13, SIGWKNTQFHRGFLIVHWTIRPVSSPSAGQ, 0.52
13325E7I23, SIGWKNTQFHRGFLIVHWTIRPVSSPSAKQ, 0.53
13325E8I31, SIGWKNTQFHWGFLIVHWTIRPVSSPSAKQ, 0.59
13325E9I48, SIGWKNTQFHWGFLIVHWTIRPVSSPSAHQ, 0.61
13325E10I53, SIGWKATQFHWGFLIVHWTIRPVSSPSAHQ, 0.68
13325E11I60, SIGWKATQFHWGFLIVHWTIRPLSSPSAHQ, 0.7
13325E12I61, SIGWKATQFHWGFLIVHWIIRPLSSPSAHQ, 0.75
13325E13I65, SIGWKATQFHWGFLIVHWIIRPISSPSAHQ, 0.76
13325E14I73, SIGWKATQFHWGFLIVHWIIRPYSSPSAHQ, 0.77
13325E15I74, SIGWKATQFHWGFLIVHWGIRPYSSPSAHQ, 0.79
13325E16I168, SIGWKATQFHWGFLIVHWGIRPHSSPSAHQ, 0.8
13325E17I187, SIGWKATLFHWGFLIVHWGIRPHSSPSAHQ, 0.81
13325E18I192, SIGWKATGFHWGFLIVHWGIRPHSSPSAHQ, 0.82
13325E19I269, SIGWKATGFHWGFLIVHWGIRPHSSWSAHQ, 0.83
13325E20I271, SIGWKATGFHWGFLIVHWGIRPPSSWSAHQ, 0.84
13325E21I290, SIGWKATGFHWGFLIVHWGIRPPSSRSAHQ, 0.85
13325E22I355, SIGWKAVGFHWGFLIVHWGIRPPSSRSAHQ, 0.86
