7322E0I0, ESRFWQWDNSDLNFGVYDRIYASYQSDLSP, 0.43
7322E1I4, ISRFWQWDNSDLNFGVYDRIYASYQSDLSP, 0.45
7322E2I5, ISRFWQWPNSDLNFGVYDRIYASYQSDLSP, 0.5
7322E3I14, ISRFWQWPNSDLNFVVYDRIYASYQSDLSP, 0.52
7322E4I19, ISRFWQWPNSDLNFVVYDRIYASYQEDLSP, 0.53
7322E5I27, ISRFWQWPNSDLNFVWYDRIYASYQEDLSP, 0.58
7322E6I30, ISWFWQWPNSDLNFVWYDRIYASYQEDLSP, 0.6
7322E7I34, ISWFWQWPNSDLNFVWYDRIYASSQEDLSP, 0.61
7322E8I42, ISWFWQWPNNDLNFVWYDRIYASSQEDLSP, 0.62
7322E9I51, ISWYWQWPNNDLNFVWYDRIYASSQEDLSP, 0.69
7322E10I68, IYWYWQWPNNDLNFVWYDRIYASSQEDLSP, 0.71
7322E11I79, IYWYWQWPNNDLNFVWADRIYASSQEDLSP, 0.75
7322E12I96, IYWYWQWPNHDLNFVWADRIYASSQEDLSP, 0.76
7322E13I106, IYWYWQWPNHDLNFVWADRIYAFSQEDLSP, 0.77
7322E14I126, IYWYWQWPNHDLNFVWADRIYAFSQEDLPP, 0.78
7322E15I135, IYWYWFWPNHDLNFVWADRIYAFSQEDLPP, 0.81
7322E16I145, IYWYWFWPNHDLNFVWADRAYAFSQEDLPP, 0.82
7322E17I206, IYWYWFWPNHDPNFVWADRAYAFSQEDLPP, 0.84
7322E18I224, IYWYWFWPNHPPNFVWADRAYAFSQEDLPP, 0.85
7322E19I229, IYWYWFWPNHPPNFVWADRAYAFSQEDEPP, 0.86
7322E20I237, IYWYWFWPNHPPNFVWADRAYAFSQEDPPP, 0.87
7322E21I242, IYWYWFWPNHVPNFVWADRAYAFSQEDPPP, 0.88
7322E22I248, IYWYWFWPTHVPNFVWADRAYAFSQEDPPP, 0.91
7322E23I251, IYWYWFWPHHVPNFVWADRAYAFSQEDPPP, 0.92
7322E24I279, IYWYWFWTHHVPNFVWADRAYAFSQEDPPP, 0.93
7322E25I284, IYWYWFPTHHVPNFVWADRAYAFSQEDPPP, 0.94
7322E26I356, IYWYWFPTHHVPNFVWADRRYAFSQEDPPP, 0.95
7322E27I401, AYWYWFPTHHVPNFVWADRRYAFSQEDPPP, 0.96
