3178E0I0, FSEHWGGNSINFRLFDVWEKDRLTKAAEFS, 0.5
3178E1I10, FSEHWGGNSINFRLFVVWEKDRLTKAAEFS, 0.52
3178E2I12, FSEHWGGNSINFRLFVVWEKDPLTKAAEFS, 0.53
3178E3I19, FSEHWGGNSINFRLFVVWEKDPLTKAEEFS, 0.54
3178E4I20, FSEHWGGNSISFRLFVVWEKDPLTKAEEFS, 0.59
3178E5I26, FSEHWGGNSIIFRLFVVWEKDPLTKAEEFS, 0.61
3178E6I32, FSEHWGGNSHIFRLFVVWEKDPLTKAEEFS, 0.62
3178E7I34, FSEHWGGNSHIFRLFVVWEKDPLTLAEEFS, 0.63
3178E8I48, FSEHWGGNGHIFRLFVVWEKDPLTLAEEFS, 0.65
3178E9I53, FSEHWGGNQHIFRLFVVWEKDPLTLAEEFS, 0.67
3178E10I56, FSEHWGGNQHIFRLFVVWEKDPLTLTEEFS, 0.69
3178E11I69, FSEHWGGNQHIFRLFVVWEWDPLTLTEEFS, 0.71
3178E12I71, FSEHWGGNQHIFRLFVVWEWDPLTLTWEFS, 0.75
3178E13I74, FSEHWGGNQHIFRLFVVWEWDPLTLTWEFL, 0.79
3178E14I79, FSEHWGGNQHIFRLFVVWEWDPLTLTWFFL, 0.8
3178E15I88, FSEHWGGNQHIFRLFVVWWWDPLTLTWFFL, 0.81
3178E16I129, FSEHWGGNQHIFRLFVVWYWDPLTLTWFFL, 0.84
