1948E0I0, ATSGFNGDPFQIQHYSDVRVVTNKPLFPKG, 0.49
1948E1I2, ATSGFNGDPFQIQHYSDVVVVTNKPLFPKG, 0.53
1948E2I11, ATSGFNDDPFQIQHYSDVVVVTNKPLFPKG, 0.54
1948E3I14, AASGFNDDPFQIQHYSDVVVVTNKPLFPKG, 0.57
1948E4I31, AASGFNDDPFQIQHYSDVVVVQNKPLFPKG, 0.58
1948E5I33, AASGFNDDPFQIQHYSDVVWVQNKPLFPKG, 0.59
1948E6I38, AAHGFNDDPFQIQHYSDVVWVQNKPLFPKG, 0.61
1948E7I43, AAHGFNDDPLQIQHYSDVVWVQNKPLFPKG, 0.63
1948E8I50, AAHGFNDDPLQIQRYSDVVWVQNKPLFPKG, 0.64
1948E9I53, AAHGFNDDPLQIQRYSDVVHVQNKPLFPKG, 0.66
1948E10I54, QAHGFNDDPLQIQRYSDVVHVQNKPLFPKG, 0.67
1948E11I55, QAHGFNDDPLQIQRHSDVVHVQNKPLFPKG, 0.69
1948E12I73, QAHGFNDDPLQIQRHSDVGHVQNKPLFPKG, 0.7
1948E13I81, QAHGFNDDPLQIQRHSDVGHLQNKPLFPKG, 0.71
1948E14I96, QAHLFNDDPLQIQRHSDVGHLQNKPLFPKG, 0.72
1948E15I103, QAHLFNDDPLQIQRHSDVHHLQNKPLFPKG, 0.73
1948E16I121, QAHLFNDDPLQIQRHSDVHHLQNSPLFPKG, 0.74
1948E17I142, QAHLFNDDPLQIQRHSDVHHLQNDPLFPKG, 0.75
1948E18I148, QAHWFNDDPLQIQRHSDVHHLQNDPLFPKG, 0.77
1948E19I164, TAHWFNDDPLQIQRHSDVHHLQNDPLFPKG, 0.79
1948E20I203, TAHWFNDDPLQIQRHSDVHHHQNDPLFPKG, 0.8
1948E21I223, TAHWHNDDPLQIQRHSDVHHHQNDPLFPKG, 0.81
1948E22I248, TAHWHNDDPLQIQRHSDVHHHPNDPLFPKG, 0.82
1948E23I270, TAHWHNDDPLQIQRHSDVIHHPNDPLFPKG, 0.86
1948E24I301, TAHWHNDDPLQIQRHSDVIHHHNDPLFPKG, 0.87
1948E25I369, TAHWHNDDPLQIQRHSPVIHHHNDPLFPKG, 0.88
1948E26I462, TAHWHNDDPLQIQRHSPPIHHHNDPLFPKG, 0.93
1948E27I546, TAHWHNDRPLQIQRHSPPIHHHNDPLFPKG, 0.95
1948E28I550, TAHWHNDRPLQIQRHSPPIHHHNHPLFPKG, 0.96
