12013E0I0, GWYKTSAQDSNEAEPVKEYTDVRDGSTTLN, 0.28
12013E1I5, GWYKTSAQDSTEAEPVKEYTDVRDGSTTLN, 0.3
12013E2I8, GWYKTSAQDSTEAEPVKEYTDVADGSTTLN, 0.31
12013E3I10, GWYKTLAQDSTEAEPVKEYTDVADGSTTLN, 0.36
12013E4I12, GWYKTLATDSTEAEPVKEYTDVADGSTTLN, 0.37
12013E5I13, GWYKTLATDSTEAEPVKPYTDVADGSTTLN, 0.38
12013E6I17, GWYKTLATDSTEAEPAKPYTDVADGSTTLN, 0.39
12013E7I18, GWYKTLATDSTEAKPAKPYTDVADGSTTLN, 0.41
12013E8I19, GWYKTLATWSTEAKPAKPYTDVADGSTTLN, 0.44
12013E9I32, GWYKTLATWSTEAKPAKPYTDVADGSHTLN, 0.46
12013E10I33, GWYKSLATWSTEAKPAKPYTDVADGSHTLN, 0.48
12013E11I41, GWYKSLATWSTEAKPAKPYTHVADGSHTLN, 0.51
12013E12I43, GWYKSLATWSWEAKPAKPYTHVADGSHTLN, 0.55
12013E13I47, GWYKSLATWSWEAKPAKPYTHVADGSHTYN, 0.56
12013E14I72, GWYKSLATWSWEAKPAKPYTHVADGSHTYL, 0.58
12013E15I77, GWYKSLAKWSWEAKPAKPYTHVADGSHTYL, 0.63
12013E16I88, GWYKSLAKWSWEAKPAKPYTHVADGSHSYL, 0.64
12013E17I94, GWYKSLAKWSWEAKPAKPYWHVADGSHSYL, 0.68
12013E18I107, GWYKSLAKWSWEAKPAKPYWHVADLSHSYL, 0.7
12013E19I112, GWYKSLAKWSWGAKPAKPYWHVADLSHSYL, 0.71
12013E20I116, GWYKSLAKWSWHAKPAKPYWHVADLSHSYL, 0.75
12013E21I122, GWYKSLAKWSWHAKPAKPYWHVAKLSHSYL, 0.78
12013E22I129, GHYKSLAKWSWHAKPAKPYWHVAKLSHSYL, 0.8
12013E23I174, GHYKSLAKWSWHAKPAKPYWHVAKLSHLYL, 0.82
12013E24I199, GHYWSLAKWSWHAKPAKPYWHVAKLSHLYL, 0.86
