6000E0I0, WTPIHVPFTNFFPFDPWHGYTHQETIPGTQ, 0.46
6000E1I4, WTPIHVPFTNFFPFDPWHGWTHQETIPGTQ, 0.48
6000E2I6, WTPIHVPFTNFFPFDPWHGWTHQENIPGTQ, 0.54
6000E3I7, WTPIHVPFTNFFSFDPWHGWTHQENIPGTQ, 0.56
6000E4I15, WTPIHVPFTNFFSFDPWHGWTHVENIPGTQ, 0.59
6000E5I16, WTPIHVPFTNFFSFDPWHPWTHVENIPGTQ, 0.61
6000E6I28, WTPIHVPFTNFFSFDPWHPWTHHENIPGTQ, 0.64
6000E7I29, WTPIHVPFRNFFSFDPWHPWTHHENIPGTQ, 0.65
6000E8I34, WTPIHVPFRNFFSFDPWHPWTHHENIPLTQ, 0.67
6000E9I36, WTPIHVPFRNFFSFDYWHPWTHHENIPLTQ, 0.7
6000E10I39, WTPIHVPNRNFFSFDYWHPWTHHENIPLTQ, 0.73
6000E11I41, WTPIHVPNRNFFSFDYWHPWTHHENIPLTW, 0.75
6000E12I46, WTPIHVPNRNFFSADYWHPWTHHENIPLTW, 0.77
6000E13I53, WTPIHVPNRFFFSADYWHPWTHHENIPLTW, 0.79
6000E14I73, WTPIHVPHRFFFSADYWHPWTHHENIPLTW, 0.8
6000E15I79, WTPIHVPHRFFFSADYWHPWTHHENIPLTF, 0.81
6000E16I85, WTPTHVPHRFFFSADYWHPWTHHENIPLTF, 0.82
6000E17I125, WTPTHVPHHFFFSADYWHPWTHHENIPLTF, 0.84
6000E18I144, WTPTHVPHHFFFSADYWHPWTHHENIPLTK, 0.86
6000E19I161, WTPTHVPHHFFFSADYWHPWAHHENIPLTK, 0.88
6000E20I217, WFPTHVPHHFFFSADYWHPWAHHENIPLTK, 0.9
