756E0I0, KWKDADVHTGNDQTSLYHSPYFVVWRKTYP, 0.4
756E1I2, KWKDADVHTGNDQTSLYHSPYFVVTRKTYP, 0.42
756E2I5, KWKDADVHTGNDQTSLYHSPYFVVTRKWYP, 0.43
756E3I6, KWIDADVHTGNDQTSLYHSPYFVVTRKWYP, 0.45
756E4I9, KWIDADTHTGNDQTSLYHSPYFVVTRKWYP, 0.51
756E5I15, KWIDADTATGNDQTSLYHSPYFVVTRKWYP, 0.52
756E6I17, KWIDADTAFGNDQTSLYHSPYFVVTRKWYP, 0.57
756E7I19, KWIDADTAFGNDSTSLYHSPYFVVTRKWYP, 0.58
756E8I22, KWIDADTAFGNDSTSLYHSPYFVVTRKAYP, 0.6
756E9I37, KWIDADTAFGNDSLSLYHSPYFVVTRKAYP, 0.61
756E10I39, KWIDADTAFGNDSISLYHSPYFVVTRKAYP, 0.63
756E11I52, KWIDYDTAFGNDSISLYHSPYFVVTRKAYP, 0.64
756E12I61, KWIDYDTAFGNDSISLYHSPYFVVTRWAYP, 0.66
756E13I65, KWIDYDTAFGNDSISLTHSPYFVVTRWAYP, 0.7
756E14I68, KWIDYDTAFGNDSYSLTHSPYFVVTRWAYP, 0.74
756E15I70, KWIDYDTAFGNDSYSLTHSPYFFVTRWAYP, 0.76
756E16I115, FWIDYDTAFGNDSYSLTHSPYFFVTRWAYP, 0.77
756E17I124, FWIDYDTAFGNDSYSLTHSPYFFVTAWAYP, 0.78
756E18I126, FWIDYDTAFGNDSYSLTHSPYFAVTAWAYP, 0.8
756E19I135, FWIDYDTAFGNYSYSLTHSPYFAVTAWAYP, 0.82
756E20I178, FWIDGDTAFGNYSYSLTHSPYFAVTAWAYP, 0.84
756E21I208, FWIDGDTAFGNYSYSLTHSTYFAVTAWAYP, 0.85
756E22I272, FWIAGDTAFGNYSYSLTHSTYFAVTAWAYP, 0.86
756E23I317, FWIAGDTAFGNYSYSLTHHTYFAVTAWAYP, 0.87
756E24I318, FWIAGDTAFGNYSYSLTHHTYFAVTAWAWP, 0.88
756E25I324, FWIVGDTAFGNYSYSLTHHTYFAVTAWAWP, 0.94
756E26I358, FWIVGDTAFGNWSYSLTHHTYFAVTAWAWP, 0.96
756E27I378, FWIVGDTAFGNWSYSLTHPTYFAVTAWAWP, 0.97
