14714E0I0, YDQNSAWLEYSQNPFHYRNRGQKHHHAHQQ, 0.39
14714E1I1, YDQNSGWLEYSQNPFHYRNRGQKHHHAHQQ, 0.4
14714E2I2, YDQNSGWLEYSQNPTHYRNRGQKHHHAHQQ, 0.42
14714E3I4, YDQNSGWLEYSQNPTHYRNRGQKHHHAHHQ, 0.49
14714E4I8, YDQNSGWLEYSQNHTHYRNRGQKHHHAHHQ, 0.52
14714E5I10, YDQNSGWLEYSQNHTHGRNRGQKHHHAHHQ, 0.53
14714E6I11, YDQNSGWLEYSQNTTHGRNRGQKHHHAHHQ, 0.54
14714E7I12, YDQNSGWLEYSQNTTHGRNRGQKHHHAHNQ, 0.59
14714E8I21, YDQNSGWLEYSQNTTHGRNRGQKHLHAHNQ, 0.6
14714E9I23, YDQNSGWLEYSQNTTHGQNRGQKHLHAHNQ, 0.62
14714E10I25, YDQNSGWLEYYQNTTHGQNRGQKHLHAHNQ, 0.63
14714E11I27, YDQNSGWLEYYQNTTHGQNRGQNHLHAHNQ, 0.66
14714E12I28, YDQNSGWLEYYQNTTHGQNRGQNHLLAHNQ, 0.71
14714E13I41, YDQNSGWLEYYHNTTHGQNRGQNHLLAHNQ, 0.72
14714E14I43, YDQNSGWLAYYHNTTHGQNRGQNHLLAHNQ, 0.78
14714E15I47, YDQNSGWLAYYHNTTHNQNRGQNHLLAHNQ, 0.79
14714E16I53, VDQNSGWLAYYHNTTHNQNRGQNHLLAHNQ, 0.81
14714E17I92, VDQNSGWLAYFHNTTHNQNRGQNHLLAHNQ, 0.83
14714E18I93, ADQNSGWLAYFHNTTHNQNRGQNHLLAHNQ, 0.84
14714E19I100, ADQNSGWLAYFHNTFHNQNRGQNHLLAHNQ, 0.86
14714E20I116, ADQNSGWLAYHHNTFHNQNRGQNHLLAHNQ, 0.87
14714E21I152, ADQNSGWLAHHHNTFHNQNRGQNHLLAHNQ, 0.89
14714E22I153, ADQNSGWLAHHHNTFHNQNRGQWHLLAHNQ, 0.9
14714E23I190, ADQNSGWLAHHHNTFHNHNRGQWHLLAHNQ, 0.91
14714E24I250, ADQNSGWLAHHHNTFHNHNRGQWHLLAHNS, 0.92
