15387E0I0, KAVRSLENDHWPWYHSFFSKNGGSAEVNWE, 0.43
15387E1I1, KAVRSLENDHWPWYHDFFSKNGGSAEVNWE, 0.5
15387E2I3, KAYRSLENDHWPWYHDFFSKNGGSAEVNWE, 0.51
15387E3I11, KAYFSLENDHWPWYHDFFSKNGGSAEVNWE, 0.52
15387E4I15, KAYFSQENDHWPWYHDFFSKNGGSAEVNWE, 0.56
15387E5I16, KAYFSQENDHWPWYHDFFSWNGGSAEVNWE, 0.6
15387E6I21, KAYFSQENDHWPWYHDFFSWNGDSAEVNWE, 0.66
15387E7I22, WAYFSQENDHWPWYHDFFSWNGDSAEVNWE, 0.67
15387E8I23, WAYFSQENDIWPWYHDFFSWNGDSAEVNWE, 0.68
15387E9I45, WAYFSQENDIWPWYQDFFSWNGDSAEVNWE, 0.7
15387E10I52, WAYFSQENDIWPWYQDFFSWNGDSAHVNWE, 0.71
15387E11I55, WAYFSQENDYWPWYQDFFSWNGDSAHVNWE, 0.73
15387E12I61, WAYFSQENDYWPWYQDFFSWNGLSAHVNWE, 0.76
15387E13I95, WAYFSQENDYWPWAQDFFSWNGLSAHVNWE, 0.77
15387E14I124, WAYFSQENDYWPWAQDFFSWNGHSAHVNWE, 0.78
15387E15I140, WAYFSQENDYWPWAQDFFSWGGHSAHVNWE, 0.81
15387E16I158, WAYFSQENDYWPWAQDFFSWGGHSAHVHWE, 0.82
15387E17I163, WAYFSQENDYWPWAQDFFSWGGHSAHVHPE, 0.84
15387E18I173, WAYFSQENHYWPWAQDFFSWGGHSAHVHPE, 0.86
15387E19I183, WAYFSQENHYWWWAQDFFSWGGHSAHVHPE, 0.87
15387E20I211, WAYFSQENHYWWWAQDFFSWGGHSAHHHPE, 0.9
15387E21I230, WAYFSQENHYWWWAQDFFSWGGHYAHHHPE, 0.91
15387E22I293, WAYFSQHNHYWWWAQDFFSWGGHYAHHHPE, 0.94
