3636E0I0, KSDKAQRHIDNWGVTSIESRVIKLLHREHG, 0.37
3636E1I5, KSDKAQRHIDNWGVTSIESRVILLLHREHG, 0.38
3636E2I7, KSDKAQRHIDNWGVTSIESRVILVLHREHG, 0.4
3636E3I9, KSDKAQRHIDNWGVTSIESRVILVLHRENG, 0.42
3636E4I12, KSDKAQRHIDNWGVTSIESRVILVLIRENG, 0.46
3636E5I13, KSDKAQRHIDNWGVTSIESRVILVTIRENG, 0.47
3636E6I17, KSDKAQRHIDNWGHTSIESRVILVTIRENG, 0.51
3636E7I25, KSDKAQRHIDNWGHTSIESRWILVTIRENG, 0.54
3636E8I34, KSDKAQRHIDNWGHTSIESRWILVKIRENG, 0.55
3636E9I36, KSDKAQRHIDNWGHTSIESRHILVKIRENG, 0.58
3636E10I37, KSDKAQRHIDNWGHTSIWSRHILVKIRENG, 0.6
3636E11I38, KSDKAQRHIDNWGHTSIWSRHILTKIRENG, 0.64
3636E12I46, KSDKAQRHIDNWGHLSIWSRHILTKIRENG, 0.7
3636E13I54, KSDKAQRHIDHWGHLSIWSRHILTKIRENG, 0.73
3636E14I63, KSDKAQRHIDHWGHLSIWSRHILTKIPENG, 0.75
3636E15I65, KSDKAARHIDHWGHLSIWSRHILTKIPENG, 0.76
3636E16I75, KSDKAARHIDHWGHLSIWSRHILTKDPENG, 0.77
3636E17I86, KSDKAARHILHWGHLSIWSRHILTKDPENG, 0.84
3636E18I130, KSDIAARHILHWGHLSIWSRHILTKDPENG, 0.86
3636E19I167, KSDIAARHILHHGHLSIWSRHILTKDPENG, 0.87
3636E20I177, KSDIAARHILHHGHLSIWSRHILTKDPEHG, 0.89
3636E21I209, KSDIAARHILHHGHLSIWSRHILTEDPEHG, 0.9
3636E22I228, KSDIAARHILHHGHLSIWSRHILTEDPEHR, 0.91
3636E23I260, KSDIAPRHILHHGHLSIWSRHILTEDPEHR, 0.93
