6969E0I0, PTLSPVGWYAQFGQHIHLWTGGIEDPNSFR, 0.53
6969E1I2, PTLSPVGWYAQFGPHIHLWTGGIEDPNSFR, 0.55
6969E2I10, PTASPVGWYAQFGPHIHLWTGGIEDPNSFR, 0.56
6969E3I21, PTASPVGWYAQFGPHIHYWTGGIEDPNSFR, 0.62
6969E4I22, PTASPVGWYAQFGPHIHYWTGGIEDPNSFV, 0.65
6969E5I26, PTASPVWWYAQFGPHIHYWTGGIEDPNSFV, 0.67
6969E6I27, PTASPVWWYAQFGPHIHYWTGHIEDPNSFV, 0.77
6969E7I41, PTASPVWWYAQFVPHIHYWTGHIEDPNSFV, 0.79
6969E8I46, PTASPVWWYAQFVHHIHYWTGHIEDPNSFV, 0.82
6969E9I51, VTASPVWWYAQFVHHIHYWTGHIEDPNSFV, 0.84
6969E10I63, VTASPVWTYAQFVHHIHYWTGHIEDPNSFV, 0.85
6969E11I70, VTASPVWAYAQFVHHIHYWTGHIEDPNSFV, 0.86
6969E12I102, VTASPVWAYLQFVHHIHYWTGHIEDPNSFV, 0.87
6969E13I123, VTASPVWAYLQFVHHIHYWWGHIEDPNSFV, 0.88
6969E14I134, VTASPVWWYLQFVHHIHYWWGHIEDPNSFV, 0.89
6969E15I141, VTADPVWWYLQFVHHIHYWWGHIEDPNSFV, 0.9
6969E16I223, VTADPVWWYLQFVHHIHYWWGHIEDPNSFA, 0.91
