9327E0I0, FVTDGIPEKILVKIFGPVHDQNQLNWGLFP, 0.45
9327E1I2, FVTDGIPEKILVKIFGPVHDQNQLYWGLFP, 0.54
9327E2I3, FVTDGIPEKILVKIFGPLHDQNQLYWGLFP, 0.55
9327E3I5, FVTDGIPEKILVKIFGPLHTQNQLYWGLFP, 0.56
9327E4I9, FVTDGIPEKILVKIFGPLHTQNQLYWYLFP, 0.61
9327E5I16, FVTDGIPEKILVKIFGPLHTQNQNYWYLFP, 0.66
9327E6I27, FVTDEIPEKILVKIFGPLHTQNQNYWYLFP, 0.67
9327E7I37, FVTDEIPEKILVKIFGPLHTQNQNYWPLFP, 0.68
9327E8I39, FVTAEIPEKILVKIFGPLHTQNQNYWPLFP, 0.71
9327E9I42, FVTAPIPEKILVKIFGPLHTQNQNYWPLFP, 0.73
9327E10I51, FVTAPIPEKILVKIFGPLHTQIQNYWPLFP, 0.75
9327E11I64, FVTAPIPEKILVKIFGPLHTQIQNYWPLPP, 0.76
9327E12I86, FVTAKIPEKILVKIFGPLHTQIQNYWPLPP, 0.77
9327E13I100, FVTAKIPEKILVKIFGHLHTQIQNYWPLPP, 0.78
9327E14I110, FVTAKIPEKILVKWFGHLHTQIQNYWPLPP, 0.8
9327E15I116, FVTAKIPEKILVKWFGHLHTQIQHYWPLPP, 0.81
9327E16I130, FVTAKIPEKILVKWFGHLHTWIQHYWPLPP, 0.82
9327E17I201, FVTAKIPAKILVKWFGHLHTWIQHYWPLPP, 0.85
9327E18I204, FVTAKIPAKILVKWFGHLHTWIQHYWPLPW, 0.86
9327E19I252, FVTAKIPAKILVKWFGHLHTWIQHYWALPW, 0.87
9327E20I325, FVTAKIPAKILVKWFGHLHTWIQHYWHLPW, 0.89
9327E21I359, FVTAKIPAKILVKWFQHLHTWIQHYWHLPW, 0.9
9327E22I361, FVTAKIPAKILVTWFQHLHTWIQHYWHLPW, 0.91
9327E23I405, FVGAKIPAKILVTWFQHLHTWIQHYWHLPW, 0.93
9327E24I432, FVGAKIPAKILVTEFQHLHTWIQHYWHLPW, 0.94
