4401E0I0, NEPPTDRRGHWQRAANYHLGPQQKFKDNIL, 0.42
4401E1I7, NEPPTDRRGHWQRAANYHLGPQQKFKDNAL, 0.43
4401E2I10, NEPPTDRRGHIQRAANYHLGPQQKFKDNAL, 0.44
4401E3I12, NEPPTDRRGHIQRAANYHLGPQPKFKDNAL, 0.47
4401E4I13, NEPPTDRRGHIQRAANNHLGPQPKFKDNAL, 0.48
4401E5I22, NEPDTDRRGHIQRAANNHLGPQPKFKDNAL, 0.49
4401E6I36, NEPDTDRRGHVQRAANNHLGPQPKFKDNAL, 0.5
4401E7I40, NEPDTDRRGHVQRAANNHLGPQPKFKDNAF, 0.51
4401E8I56, NEPDTDRRGHVQRAANNHLGPQIKFKDNAF, 0.52
4401E9I59, NEPNTDRRGHVQRAANNHLGPQIKFKDNAF, 0.54
4401E10I60, REPNTDRRGHVQRAANNHLGPQIKFKDNAF, 0.56
4401E11I64, REPNTDRRGHLQRAANNHLGPQIKFKDNAF, 0.6
4401E12I73, REPNTDRRGHLQRAANNHLGPQTKFKDNAF, 0.63
4401E13I89, REPNTDRRGHLQRAANNHLGDQTKFKDNAF, 0.64
4401E14I96, REPNTDRRGHLQRAANNHLGDQTKFKDWAF, 0.65
4401E15I98, REPNTDRRGHLQRAANNHLQDQTKFKDWAF, 0.66
4401E16I99, REPNTDRRGHLQRAAPNHLQDQTKFKDWAF, 0.72
4401E17I118, REPNTDRRGHLQRAAPNHLQDQTKFKDRAF, 0.74
4401E18I134, REPNTDRRGHLQRADPNHLQDQTKFKDRAF, 0.75
4401E19I135, REPNTDRRGHLQRADPNHLQDQVKFKDRAF, 0.76
4401E20I136, REPNTDRHGHLQRADPNHLQDQVKFKDRAF, 0.78
4401E21I151, REPNTDRHGHLQRADPNHLQDQFKFKDRAF, 0.79
4401E22I162, REPNTDRHGHLQRADPNHLQDEFKFKDRAF, 0.83
4401E23I179, REPNTDRHGHLQRADPGHLQDEFKFKDRAF, 0.85
4401E24I183, QEPNTDRHGHLQRADPGHLQDEFKFKDRAF, 0.87
4401E25I198, QEPNTDRHGHLQRADPGHLQEEFKFKDRAF, 0.88
4401E26I227, QEPNTDRHGHLQRHDPGHLQEEFKFKDRAF, 0.89
4401E27I319, QEPNTDRHGHLQRHWPGHLQEEFKFKDRAF, 0.9
