5737E0I0, INSDSLIFVRGGFYDPSEFTHVIRFGNWSI, 0.43
5737E1I1, INSDSLEFVRGGFYDPSEFTHVIRFGNWSI, 0.47
5737E2I3, INSDSLEFVREGFYDPSEFTHVIRFGNWSI, 0.48
5737E3I4, INSDSLEFVRDGFYDPSEFTHVIRFGNWSI, 0.52
5737E4I12, INSDHLEFVRDGFYDPSEFTHVIRFGNWSI, 0.54
5737E5I17, KNSDHLEFVRDGFYDPSEFTHVIRFGNWSI, 0.59
5737E6I20, KNSYHLEFVRDGFYDPSEFTHVIRFGNWSI, 0.62
5737E7I34, RNSYHLEFVRDGFYDPSEFTHVIRFGNWSI, 0.63
5737E8I35, RNSYHLEFVRDGFYDPSIFTHVIRFGNWSI, 0.64
5737E9I36, RNSYHLEFVRDGFYDPSIFTHVHRFGNWSI, 0.66
5737E10I39, RNSYHLEFVRDGFYDPSIFRHVHRFGNWSI, 0.67
5737E11I42, RNSYHLEFVRDDFYDPSIFRHVHRFGNWSI, 0.68
5737E12I54, RNSYHLEFVRDDFSDPSIFRHVHRFGNWSI, 0.69
5737E13I66, RNSYHAEFVRDDFSDPSIFRHVHRFGNWSI, 0.7
5737E14I81, RNSYHAEFVRPDFSDPSIFRHVHRFGNWSI, 0.71
5737E15I88, RNSYHAEFVRHDFSDPSIFRHVHRFGNWSI, 0.74
5737E16I142, RNSYHAEFVRHDFSDPSIFRHVHRYGNWSI, 0.75
5737E17I143, RASYHAEFVRHDFSDPSIFRHVHRYGNWSI, 0.79
5737E18I158, RASYHAEFVRHDFADPSIFRHVHRYGNWSI, 0.81
5737E19I179, RASYAAEFVRHDFADPSIFRHVHRYGNWSI, 0.82
5737E20I192, RASYAAEFVRHDFADPSIFRHVHHYGNWSI, 0.83
5737E21I213, RASYAAEFVRHDFADPSIFRHVHHLGNWSI, 0.84
5737E22I228, LASYAAEFVRHDFADPSIFRHVHHLGNWSI, 0.85
5737E23I232, LASYAAEFVRHLFADPSIFRHVHHLGNWSI, 0.86
5737E24I253, LASYAAEFVRHLFADPSIARHVHHLGNWSI, 0.88
5737E25I264, LASRAAEFVRHLFADPSIARHVHHLGNWSI, 0.89
5737E26I293, LASRAAEFVRHLFADPSIAFHVHHLGNWSI, 0.9
