7120E0I0, IVLQLFWPEYKKRFIKPDYTRRSWVWLQST, 0.34
7120E1I8, IVLQLFWPEYKKRFHKPDYTRRSWVWLQST, 0.37
7120E2I9, IVLQLFWPEYKKRFHKPDYTRRSWTWLQST, 0.39
7120E3I10, IVLQLFWPEYKKSFHKPDYTRRSWTWLQST, 0.42
7120E4I12, IVLQLFWPEYKKSFHKPDYTRRSWTWVQST, 0.44
7120E5I14, IVLQLFWPEYKKTFHKPDYTRRSWTWVQST, 0.48
7120E6I19, IVLQLFWPEYKKTFHAPDYTRRSWTWVQST, 0.53
7120E7I22, IVLQLFWPEYFKTFHAPDYTRRSWTWVQST, 0.57
7120E8I28, IVLQLFWPEYFKTFHAPDYTRRSWTWVQDT, 0.59
7120E9I44, IVLQLFWPEYFKTFHAPDYTYRSWTWVQDT, 0.6
7120E10I55, IVLQLFWPEYFKTFHAPDYTYRSWTWVDDT, 0.63
7120E11I75, IVLELFWPEYFKTFHAPDYTYRSWTWVDDT, 0.64
7120E12I79, IVLELFWPEYWKTFHAPDYTYRSWTWVDDT, 0.68
7120E13I97, IVLELFWPEYWKTFHAPDPTYRSWTWVDDT, 0.69
7120E14I110, IVLRLFWPEYWKTFHAPDPTYRSWTWVDDT, 0.72
7120E15I115, IVLRLFWPEYWKTFHTPDPTYRSWTWVDDT, 0.75
7120E16I117, IVLRLFWPEYWKTFHTPIPTYRSWTWVDDT, 0.77
7120E17I150, IVLRLFWPEYWKTFHTPIHTYRSWTWVDDT, 0.81
7120E18I153, IVLRLFWPEYWKTFHWPIHTYRSWTWVDDT, 0.83
7120E19I160, IVLRLFWPEYWKTFHWPIHTYRSWTHVDDT, 0.84
7120E20I216, IVDRLFWPEYWKTFHWPIHTYRSWTHVDDT, 0.85
7120E21I236, IVDRLFLPEYWKTFHWPIHTYRSWTHVDDT, 0.86
7120E22I291, IVDRLFLPEYWKTFHWPIHTYRSWRHVDDT, 0.87
7120E23I350, IVDRLFLPEYWKTFHWPIHTYRYWRHVDDT, 0.88
