16659E0I0, SFESNVFTEFETHATKNPWGYYAWFSPQIG, 0.25
16659E1I1, SFESNVFTEFETHATKNPWGYYAWFSPQIP, 0.26
16659E2I2, SFASNVFTEFETHATKNPWGYYAWFSPQIP, 0.31
16659E3I3, SFASNVFTEFETHATKNPWGYYAWESPQIP, 0.33
16659E4I4, SFPSNVFTEFETHATKNPWGYYAWESPQIP, 0.34
16659E5I8, SFPSNVFTEAETHATKNPWGYYAWESPQIP, 0.39
16659E6I9, SFPSNVFPEAETHATKNPWGYYAWESPQIP, 0.42
16659E7I15, SFPSNVFPEAETHATKNPWGYKAWESPQIP, 0.46
16659E8I16, SFPSNVFPEAETHAPKNPWGYKAWESPQIP, 0.49
16659E9I23, SFPSNVFPEAETHAPKNPWGYKAWEEPQIP, 0.52
16659E10I51, SFPSNQFPEAETHAPKNPWGYKAWEEPQIP, 0.54
16659E11I53, SFPSNQFPEAETHHPKNPWGYKAWEEPQIP, 0.56
16659E12I59, SFPSNQFPEAETHHPKNPWAYKAWEEPQIP, 0.59
16659E13I69, SFPSNQFPEAETHHPKNPWAYKAREEPQIP, 0.6
16659E14I73, SFPSNQFPEAETHWPKNPWAYKAREEPQIP, 0.65
16659E15I75, SFPSNQFPLAETHWPKNPWAYKAREEPQIP, 0.67
16659E16I78, SFPSNQFPLAETHWPKNPWAYKAREEHQIP, 0.69
16659E17I81, SFPSNQFPLAETHWPKNYWAYKAREEHQIP, 0.76
16659E18I84, SFPSNQFPLAETHWPHNYWAYKAREEHQIP, 0.77
16659E19I104, SFPSNGFPLAETHWPHNYWAYKAREEHQIP, 0.78
16659E20I115, SFPSNGFPLAEWHWPHNYWAYKAREEHQIP, 0.79
16659E21I128, SFPSIGFPLAEWHWPHNYWAYKAREEHQIP, 0.81
16659E22I154, SFPWIGFPLAEWHWPHNYWAYKAREEHQIP, 0.82
16659E23I159, SFPWIGFPLAFWHWPHNYWAYKAREEHQIP, 0.84
16659E24I161, GFPWIGFPLAFWHWPHNYWAYKAREEHQIP, 0.87
16659E25I232, GFPWIGFPLAFWHWPHNYWAYKAREEHQHP, 0.88
16659E26I265, GFPWIGFPLAFWHWPHNYWAYFAREEHQHP, 0.89
16659E27I333, GFPWIGGPLAFWHWPHNYWAYFAREEHQHP, 0.91
16659E28I366, AFPWIGGPLAFWHWPHNYWAYFAREEHQHP, 0.92
16659E29I401, AFPWIGGPTAFWHWPHNYWAYFAREEHQHP, 0.93
16659E30I448, AFPWIGGPTAFWHWPHNYWAYFARAEHQHP, 0.94
16659E31I531, AFPWIGGPTAFWHWPHNYWAYFARAYHQHP, 0.95
