12205E0I0, AHDNKRKHHRDNGKETSHAATSLHLRAHQA, 0.36
12205E1I1, AHDNKRKHHRDGGKETSHAATSLHLRAHQA, 0.39
12205E2I3, AHDNKRKHHRDGGKETSHAATSLHLRAHLA, 0.49
12205E3I4, AHDNKRKHHRDGDKETSHAATSLHLRAHLA, 0.54
12205E4I9, AHDNKRKHHRDGDKETSHAATSLHLRHHLA, 0.57
12205E5I12, PHDNKRKHHRDGDKETSHAATSLHLRHHLA, 0.58
12205E6I15, PHDNKRKHHRDPDKETSHAATSLHLRHHLA, 0.59
12205E7I24, PHDNKRKHHRDPDKETSHAATSLHLQHHLA, 0.64
12205E8I34, PHDNKRKHHRDPDKETSPAATSLHLQHHLA, 0.68
12205E9I64, PHDNKRKHHRIPDKETSPAATSLHLQHHLA, 0.69
12205E10I73, PHDNPRKHHRIPDKETSPAATSLHLQHHLA, 0.7
12205E11I88, PHDNPRKHHRIPDKETSPAAWSLHLQHHLA, 0.71
12205E12I91, PHDNPRKHHRIPDKEPSPAAWSLHLQHHLA, 0.75
12205E13I97, PHDNPRKHHNIPDKEPSPAAWSLHLQHHLA, 0.78
12205E14I100, PHDNPRKHHNIPDEEPSPAAWSLHLQHHLA, 0.79
12205E15I115, PHENPRKHHNIPDEEPSPAAWSLHLQHHLA, 0.82
12205E16I121, PHENPDKHHNIPDEEPSPAAWSLHLQHHLA, 0.83
12205E17I145, PHPNPDKHHNIPDEEPSPAAWSLHLQHHLA, 0.84
12205E18I221, PHPDPDKHHNIPDEEPSPAAWSLHLQHHLA, 0.86
12205E19I239, PHPDPDKHHNIPDEEPSPAAWALHLQHHLA, 0.87
12205E20I327, PHPDPDKHHNHPDEEPSPAAWALHLQHHLA, 0.89
12205E21I334, PHPDPDKHHNHPDPEPSPAAWALHLQHHLA, 0.9
12205E22I381, PHPDPDKHHNHPDPEPSPAATALHLQHHLA, 0.92
12205E23I405, PHPDPDKHHNHPDPEPSWAATALHLQHHLA, 0.93
