19813E0I0, LTDENQTHHFANYEAWQGQFSRFDNNYTFR, 0.36
19813E1I2, LTDENQTHHFANYEAWQGQFSRYDNNYTFR, 0.37
19813E2I3, LTDENQTHHFANYEAWQGQFSRYDNNHTFR, 0.42
19813E3I4, LTDENQTHHFANYEAWQGQESRYDNNHTFR, 0.43
19813E4I7, LTPENQTHHFANYEAWQGQESRYDNNHTFR, 0.46
19813E5I14, LTPENQTHHFANYEAWEGQESRYDNNHTFR, 0.48
19813E6I16, LTHENQTHHFANYEAWEGQESRYDNNHTFR, 0.5
19813E7I20, LTHENQTHHFANYEAWEGQESRYWNNHTFR, 0.56
19813E8I21, LTHENQTHHFANYEAWEGQESWYWNNHTFR, 0.58
19813E9I24, LTHENQTHHFANYEAWEGQESWYWNNHTFN, 0.6
19813E10I30, LTHENQTKHFANYEAWEGQESWYWNNHTFN, 0.61
19813E11I43, LTHENQTKHFANYEGWEGQESWYWNNHTFN, 0.63
19813E12I53, VTHENQTKHFANYEGWEGQESWYWNNHTFN, 0.64
19813E13I59, VTHENQTKHFANYEGWEGQESWYWYNHTFN, 0.66
19813E14I68, VTHENQTKHFANYEGWEGQESWYWYEHTFN, 0.68
19813E15I71, VTHENQTKHFANYEGHEGQESWYWYEHTFN, 0.69
19813E16I136, VTHENQTKHFANYEGHEGQEEWYWYEHTFN, 0.7
19813E17I182, VTHENQTKHFANYEGHEGQEEWYWYRHTFN, 0.73
19813E18I189, VTHENQTKHFANYEGPEGQEEWYWYRHTFN, 0.74
19813E19I241, VTHENQTKHFANYEGPEGQEEWYWYAHTFN, 0.75
19813E20I248, VTHENQTKHFANYGGPEGQEEWYWYAHTFN, 0.76
19813E21I263, PTHENQTKHFANYGGPEGQEEWYWYAHTFN, 0.79
