19634E0I0, EDSTQVTARHEPKIIGARKETGEVNRPKVL, 0.47
19634E1I3, EDSTQVTARHEPKIIGARHETGEVNRPKVL, 0.56
19634E2I4, EDSWQVTARHEPKIIGARHETGEVNRPKVL, 0.58
19634E3I15, EDSWQVTARHEPKIIGARHLTGEVNRPKVL, 0.59
19634E4I18, EDSWQVTARHEPQIIGARHLTGEVNRPKVL, 0.61
19634E5I26, EDSWQVTARHEPIIIGARHLTGEVNRPKVL, 0.63
19634E6I27, EDSWQVTARHEPIIIGARHLTGEVNRRKVL, 0.65
19634E7I29, EDSWQVTARHEPIIIGARHLTGEYNRRKVL, 0.69
19634E8I60, EDSWQVTARHEPIIIGARHLTGEYNRRQVL, 0.7
19634E9I84, EDSWQVTARHEPIIILARHLTGEYNRRQVL, 0.74
19634E10I129, EDSWQVTARHEPIIILARHPTGEYNRRQVL, 0.75
19634E11I141, EDSWQVTARHEPIIILARHPTEEYNRRQVL, 0.76
19634E12I148, EDSWQVTARHEPSIILARHPTEEYNRRQVL, 0.78
19634E13I166, EPSWQVTARHEPSIILARHPTEEYNRRQVL, 0.79
19634E14I211, EPSWQVTARHEPYIILARHPTEEYNRRQVL, 0.8
19634E15I227, EPSWQVTARHEPYIILARHPTPEYNRRQVL, 0.81
19634E16I258, EPSWQVTARHEPYIILARHPTPEYHRRQVL, 0.82
19634E17I280, EPSWQVTARHEPYIILARHPTPEYHRRQVH, 0.83
19634E18I317, EPSWQVTAYHEPYIILARHPTPEYHRRQVH, 0.84
19634E19I346, EPSWQVTAYHAPYIILARHPTPEYHRRQVH, 0.85
19634E20I388, EPSWQVTAYHAPYIILARHPTPEYHNRQVH, 0.89
19634E21I450, EPSWQVTAYHGPYIILARHPTPEYHNRQVH, 0.9
19634E22I536, EPSWQVTAYHGPYIILAFHPTPEYHNRQVH, 0.91
19634E23I559, EPSWQVTAYHWPYIILAFHPTPEYHNRQVH, 0.92
19634E24I580, EPSWQVTAYHWRYIILAFHPTPEYHNRQVH, 0.93
