13480E0I0, KNGFIAIRHHKALSWGPFSDLEHHEWIIDK, 0.41
13480E1I1, KNGQIAIRHHKALSWGPFSDLEHHEWIIDK, 0.42
13480E2I2, KNGQIAIRHHKALSWGPFSDLEHHEWHIDK, 0.44
13480E3I3, KNGQILIRHHKALSWGPFSDLEHHEWHIDK, 0.46
13480E4I8, GNGQILIRHHKALSWGPFSDLEHHEWHIDK, 0.57
13480E5I10, GNGQILIRHHKALSWGPFSDLEHHEWHILK, 0.7
13480E6I12, GNGQILIRHHKALSWGPFSDLQHHEWHILK, 0.74
13480E7I55, GNGQILIRHHRALSWGPFSDLQHHEWHILK, 0.75
13480E8I57, GNGQILIRHHRALSWGPFSDLQHHEPHILK, 0.76
13480E9I58, GNWQILIRHHRALSWGPFSDLQHHEPHILK, 0.79
13480E10I67, GYWQILIRHHRALSWGPFSDLQHHEPHILK, 0.8
13480E11I85, GYWQILIRHHRALSWGPFSDLQHHIPHILK, 0.82
13480E12I89, WYWQILIRHHRALSWGPFSDLQHHIPHILK, 0.85
13480E13I90, WYWQILIRHHRALPWGPFSDLQHHIPHILK, 0.86
13480E14I129, WYWQILIRHHRADPWGPFSDLQHHIPHILK, 0.9
13480E15I145, WYWQILIRHHRADPWGPFSDLQHHIPHILW, 0.91
13480E16I223, WYWQILIRHHRADPWHPFSDLQHHIPHILW, 0.92
