19556E0I0, DTTDERGPNQLSEPNSFDWPYPQVPFWQVF, 0.4
19556E1I7, DTTDERGPNQLSEPNSFDWPYPQVPFYQVF, 0.41
19556E2I8, DTTDERRPNQLSEPNSFDWPYPQVPFYQVF, 0.42
19556E3I9, DTTDERRPNQLSEPNYFDWPYPQVPFYQVF, 0.46
19556E4I11, DTTDERRPNQLSEPNYFDWPYPQVPAYQVF, 0.48
19556E5I12, DTTDERRPNQLSEPNYFDWPYPQVPAFQVF, 0.49
19556E6I14, DTTDERRPNQLTEPNYFDWPYPQVPAFQVF, 0.52
19556E7I34, DTTDERRPNQLTEPNYFDWPYPQVPAFQVE, 0.56
19556E8I40, DTTDERRPGQLTEPNYFDWPYPQVPAFQVE, 0.58
19556E9I45, DTTDERRPGQLTEPNYFDWPYPQVLAFQVE, 0.59
19556E10I59, DTTDERRPGQLTEPNYEDWPYPQVLAFQVE, 0.62
19556E11I100, DTTDERRPGQLTEPNYEDWPYPQVLALQVE, 0.63
19556E12I103, DTTWERRPGQLTEPNYEDWPYPQVLALQVE, 0.65
19556E13I109, DTTWERRPGQLTEPNYEDWPYPQHLALQVE, 0.66
19556E14I117, DTTWSRRPGQLTEPNYEDWPYPQHLALQVE, 0.68
19556E15I120, DTTWSRRPGQVTEPNYEDWPYPQHLALQVE, 0.74
19556E16I142, DPTWSRRPGQVTEPNYEDWPYPQHLALQVE, 0.76
19556E17I150, DPTWSRRPGQVTEPNYEDWPYWQHLALQVE, 0.79
19556E18I153, DPRWSRRPGQVTEPNYEDWPYWQHLALQVE, 0.8
19556E19I157, DPRWSRRPGQVTEPNYEDWPYWQHLAYQVE, 0.81
19556E20I175, DPRWSRRPGQVTEPNYEDWPYWQHLWYQVE, 0.82
19556E21I191, DPRWSRRPGQVTEPNYEDWPYWQHWWYQVE, 0.83
