3568E0I0, IRQDLIYWKSNPPFAIGTYPAVFGALIFSK, 0.55
3568E1I1, IRQDLIYWKSNPPFAIGTYPAVFGALIHSK, 0.59
3568E2I11, IRQDLIYWKSNPPFAIGTHPAVFGALIHSK, 0.6
3568E3I16, IRQDLIYWKSNPPFAIGTHRAVFGALIHSK, 0.62
3568E4I18, IRQDLIYWKSNPPFAIGEHRAVFGALIHSK, 0.63
3568E5I20, IRQDLIYWKSDPPFAIGEHRAVFGALIHSK, 0.69
3568E6I23, IRQDLEYWKSDPPFAIGEHRAVFGALIHSK, 0.7
3568E7I31, IRQDLEYWKSDPPFAIGERRAVFGALIHSK, 0.71
3568E8I49, IRQDLEYWKSDPPFAIGERRAVFGFLIHSK, 0.72
3568E9I52, IRQDLEYWKSDPPFAIGERRAVFGFLIHSW, 0.74
3568E10I56, IRSDLEYWKSDPPFAIGERRAVFGFLIHSW, 0.75
3568E11I65, IRSDLEYWKSDPPFAIGERRAVFGFLIHHW, 0.79
3568E12I69, IRSDLEYWKSDPPFAIGERRAYFGFLIHHW, 0.8
3568E13I94, IRSDLEYWKSDPPFAIGRRRAYFGFLIHHW, 0.81
3568E14I102, IRSDDEYWKSDPPFAIGRRRAYFGFLIHHW, 0.84
3568E15I113, IRSDDEYWKSDPPFAIGRRRAYHGFLIHHW, 0.85
3568E16I167, IRSDDEYWKSDPPFAHGRRRAYHGFLIHHW, 0.87
