16249E0I0, SDFGHTPVIWQDLQQHVHSEHVAWQPAANT, 0.4
16249E1I1, SDFGHTPVIWQDLQQHVHSEHVQWQPAANT, 0.42
16249E2I6, SDFGHTHVIWQDLQQHVHSEHVQWQPAANT, 0.5
16249E3I18, SDFGHTHVIWQDLQGHVHSEHVQWQPAANT, 0.53
16249E4I21, YDFGHTHVIWQDLQGHVHSEHVQWQPAANT, 0.54
16249E5I22, YDFGHTHVIWQDLRGHVHSEHVQWQPAANT, 0.57
16249E6I24, YKFGHTHVIWQDLRGHVHSEHVQWQPAANT, 0.6
16249E7I31, YKFGHTHVIWQDLRGHVHSEHVQWKPAANT, 0.63
16249E8I34, YKFGHTHVIWQDLRGHVHSNHVQWKPAANT, 0.64
16249E9I42, YKFGHTHVIWQDLRGHVHRNHVQWKPAANT, 0.71
16249E10I44, YKFGHTHVIWQDRRGHVHRNHVQWKPAANT, 0.72
16249E11I58, YKFGHTHVIWQDRRGHVRRNHVQWKPAANT, 0.73
16249E12I64, YKFGHTHVIWQDRRGHVRRNHVPWKPAANT, 0.75
16249E13I73, YKFGHTHAIWQDRRGHVRRNHVPWKPAANT, 0.76
16249E14I83, YKFGHTHAIWQDRRGHVRRNHVPWKPAAWT, 0.8
16249E15I93, YKFGHTHAVWQDRRGHVRRNHVPWKPAAWT, 0.82
16249E16I101, YKFGHTHAVWQDRRGHWRRNHVPWKPAAWT, 0.83
16249E17I104, YKFGHTHAVWQDRRGHWRRNHVPTKPAAWT, 0.85
16249E18I143, YKFGHTHAVWQERRGHWRRNHVPTKPAAWT, 0.86
16249E19I167, YKFGHTHAVWQERRGHWRRNHVPTKPAAWA, 0.88
16249E20I190, YHFGHTHAVWQERRGHWRRNHVPTKPAAWA, 0.9
16249E21I260, YHFGHTHAVWQWRRGHWRRNHVPTKPAAWA, 0.91
16249E22I300, YHTGHTHAVWQWRRGHWRRNHVPTKPAAWA, 0.93
