6982E0I0, AFEFEAWALPTKRLWNEHLYRLDDRTYAWH, 0.43
6982E1I3, AFEFEAWALPTKRLWNEHLYRLDDPTYAWH, 0.48
6982E2I5, AFEFEAWALPTKRLWNHHLYRLDDPTYAWH, 0.52
6982E3I8, AFEFEAWALTTKRLWNHHLYRLDDPTYAWH, 0.55
6982E4I31, AFEFFAWALTTKRLWNHHLYRLDDPTYAWH, 0.62
6982E5I46, AFEFFAWALTTKILWNHHLYRLDDPTYAWH, 0.64
6982E6I78, AFGFFAWALTTKILWNHHLYRLDDPTYAWH, 0.68
6982E7I80, AFGFFAWALTTKILYNHHLYRLDDPTYAWH, 0.7
6982E8I86, AFGFFAWALTTKILYNHHLYRHDDPTYAWH, 0.71
6982E9I90, AFGFFAWALTWKILYNHHLYRHDDPTYAWH, 0.74
6982E10I92, AFLFFAWALTWKILYNHHLYRHDDPTYAWH, 0.78
6982E11I98, AFLHFAWALTWKILYNHHLYRHDDPTYAWH, 0.79
6982E12I99, AFLHFAWALTWKILYFHHLYRHDDPTYAWH, 0.81
6982E13I105, AFLHFAWALTWKILYFHHLYTHDDPTYAWH, 0.82
6982E14I122, AFLHFAWALTWKILYFHHLYWHDDPTYAWH, 0.85
6982E15I146, AFLHFAWALTWKILYFLHLYWHDDPTYAWH, 0.86
6982E16I154, AFLHFAWALTWKILYFLHLYWADDPTYAWH, 0.87
6982E17I155, AALHFAWALTWKILYFLHLYWADDPTYAWH, 0.88
6982E18I156, AALHGAWALTWKILYFLHLYWADDPTYAWH, 0.89
6982E19I159, AALHGAWALHWKILYFLHLYWADDPTYAWH, 0.9
6982E20I173, AALHGAWALHWKILRFLHLYWADDPTYAWH, 0.91
6982E21I197, AALHWAWALHWKILRFLHLYWADDPTYAWH, 0.92
6982E22I268, AALHWAWALHWKILRFLHPYWADDPTYAWH, 0.93
6982E23I320, AALHWAWALHWKILRLLHPYWADDPTYAWH, 0.94
