5694E0I0, SPIKTFQQSNEAGGFLEHHHIPTLEIFQYW, 0.4
5694E1I1, SPIKTFFQSNEAGGFLEHHHIPTLEIFQYW, 0.45
5694E2I3, SPIKTFFQSNEAGGFLEHHHIPTTEIFQYW, 0.48
5694E3I5, SPIKTFFQSNEAGGFREHHHIPTTEIFQYW, 0.5
5694E4I9, SPIKTFFQSNEAGGFREHWHIPTTEIFQYW, 0.53
5694E5I15, SPIKTFFQSNSAGGFREHWHIPTTEIFQYW, 0.59
5694E6I21, SPIKTFFQSNSAGGFREHWHIPTTEIFDYW, 0.62
5694E7I25, SPIKTFFQSNSAGGFREHWHIPTTEIGDYW, 0.63
5694E8I28, SPIKTFFDSNSAGGFREHWHIPTTEIGDYW, 0.64
5694E9I35, SPIKSFFDSNSAGGFREHWHIPTTEIGDYW, 0.65
5694E10I40, SPIKSFFDSNSAGGFREHWHIPTTEIGAYW, 0.66
5694E11I46, SPIKSFFDSNSAGAFREHWHIPTTEIGAYW, 0.72
5694E12I55, SPIKSFFDSYSAGAFREHWHIPTTEIGAYW, 0.74
5694E13I84, SPIKSFFDSYSAGAFDEHWHIPTTEIGAYW, 0.75
5694E14I89, SPIKSFFDSYSAAAFDEHWHIPTTEIGAYW, 0.78
5694E15I98, SPIKSFFDSYSAAAFDEHWHIPHTEIGAYW, 0.79
5694E16I101, SPIKSFFDSYPAAAFDEHWHIPHTEIGAYW, 0.8
5694E17I138, SPIKSYFDSYPAAAFDEHWHIPHTEIGAYW, 0.82
5694E18I146, SPIKSYFDSYPAADFDEHWHIPHTEIGAYW, 0.83
5694E19I149, SPIKSYFDSYPAADFDEHWHIPHTEIHAYW, 0.86
5694E20I174, DPIKSYFDSYPAADFDEHWHIPHTEIHAYW, 0.87
5694E21I205, DPIKSYFDSYHAADFDEHWHIPHTEIHAYW, 0.89
5694E22I258, DPIKSYFDSYHAADFDEHWHIQHTEIHAYW, 0.9
5694E23I275, DPIKSYFDSYHAADFDEHWHIQHWEIHAYW, 0.91
5694E24I310, DPPKSYFDSYHAADFDEHWHIQHWEIHAYW, 0.92
5694E25I387, DPPKSYFDSYHAADFDFHWHIQHWEIHAYW, 0.96
