14338E0I0, PLHKWYYLGVSLWRTEAFTPRPRPHQYRNR, 0.39
14338E1I1, PLHKWYYLGVSLWRTEAFTPRPRPSQYRNR, 0.45
14338E2I2, PLHKWYYLGVSLWRTETFTPRPRPSQYRNR, 0.49
14338E3I7, PLHKWYYLGVSLWRTETFTPEPRPSQYRNR, 0.54
14338E4I10, PLHKWYYLGVKLWRTETFTPEPRPSQYRNR, 0.55
14338E5I12, PLHKWYYLGVKLWWTETFTPEPRPSQYRNR, 0.57
14338E6I14, PLHLWYYLGVKLWWTETFTPEPRPSQYRNR, 0.61
14338E7I17, PLHLPYYLGVKLWWTETFTPEPRPSQYRNR, 0.62
14338E8I19, PLHLPHYLGVKLWWTETFTPEPRPSQYRNR, 0.63
14338E9I21, PLHLPHYLGVKLYWTETFTPEPRPSQYRNR, 0.64
14338E10I23, FLHLPHYLGVKLYWTETFTPEPRPSQYRNR, 0.65
14338E11I25, FLHLPHYLGVKLYWTETETPEPRPSQYRNR, 0.66
14338E12I27, FLHLPHYLGVKLYWTETETPEPRPSHYRNR, 0.7
14338E13I28, FLHLPHYLGVKLYWRETETPEPRPSHYRNR, 0.71
14338E14I43, FLHLPHYLGVKLYWRETETPEPRPSHYRNH, 0.72
14338E15I46, FLHLGHYLGVKLYWRETETPEPRPSHYRNH, 0.73
14338E16I49, FLHLGHYLGVKLYWRETETPEPRPSHYFNH, 0.74
14338E17I71, FLHLGHYLGVKLYWRLTETPEPRPSHYFNH, 0.79
14338E18I79, FLHLGHYLGVKLYWRLTETPEPRPSHLFNH, 0.81
14338E19I89, FLHLGHYLGVKLYWRLTETPEPRPGHLFNH, 0.82
14338E20I99, FLHLGHYLGVKLYWRLTETPEPRPGHLPNH, 0.84
14338E21I101, FLHLGHYLGVSLYWRLTETPEPRPGHLPNH, 0.85
14338E22I109, FLHLGHYLGGSLYWRLTETPEPRPGHLPNH, 0.86
14338E23I121, FLHLGHYPGGSLYWRLTETPEPRPGHLPNH, 0.88
14338E24I147, FLHHGHYPGGSLYWRLTETPEPRPGHLPNH, 0.89
