8987E0I0, DNSSGGRRIGYGAFETFLDDNYTGIPVPQN, 0.39
8987E1I2, DNSSGGRRIGYGAFETFLGDNYTGIPVPQN, 0.41
8987E2I8, DNSSGGRRIGYGAHETFLGDNYTGIPVPQN, 0.49
8987E3I14, DNSSGGRRIGYGAHETFLGLNYTGIPVPQN, 0.51
8987E4I22, DNSSGGRRIGYGAHNTFLGLNYTGIPVPQN, 0.53
8987E5I24, DNSSGGRRIGYGAHNTFLQLNYTGIPVPQN, 0.54
8987E6I33, DNSSGGRRIGYGAHNTFLTLNYTGIPVPQN, 0.56
8987E7I54, DYSSGGRRIGYGAHNTFLTLNYTGIPVPQN, 0.58
8987E8I72, DFSSGGRRIGYGAHNTFLTLNYTGIPVPQN, 0.59
8987E9I73, DFSSGGRRIGYGAHNTFLTHNYTGIPVPQN, 0.67
8987E10I78, DFSSGGRRIGYGAHNTFLTHNYTGIPVRQN, 0.68
8987E11I89, DDSSGGRRIGYGAHNTFLTHNYTGIPVRQN, 0.69
8987E12I97, DDSSGGRRIGYGAHNTFLTHNYTGPPVRQN, 0.7
8987E13I116, DDSSGGRRIGYAAHNTFLTHNYTGPPVRQN, 0.71
8987E14I130, DDSSGGRRIGYTAHNTFLTHNYTGPPVRQN, 0.72
8987E15I138, DDSSGGRRIGYTAHNTFLTHNYTGPIVRQN, 0.73
8987E16I140, DDSSGGRRIGYTAHNTFLTHWYTGPIVRQN, 0.78
8987E17I175, KDSSGGRRIGYTAHNTFLTHWYTGPIVRQN, 0.8
8987E18I208, KDSSGGRRIGYTAHNTFLTHWYTGPISRQN, 0.83
