9086E0I0, PERFLTRSREFKYARDGTHDLKQGVVRPSP, 0.39
9086E1I1, PERFLTRSREFKYARDGTHDLKQGWVRPSP, 0.4
9086E2I3, PERFLTYSREFKYARDGTHDLKQGWVRPSP, 0.44
9086E3I6, PRRFLTYSREFKYARDGTHDLKQGWVRPSP, 0.45
9086E4I8, PRRFLTYSREFKYARDRTHDLKQGWVRPSP, 0.47
9086E5I13, PRRFLTYSREFKYARDRTHDLKQGWPRPSP, 0.53
9086E6I24, PRRFLTYSREFKYARDRTHDLKQGWPSPSP, 0.55
9086E7I28, PRRFLTYSREFKYADDRTHDLKQGWPSPSP, 0.57
9086E8I31, PRRFLTYSREFKYAHDRTHDLKQGWPSPSP, 0.58
9086E9I34, PRRFLTYSREFKYAHDRYHDLKQGWPSPSP, 0.62
9086E10I48, PRRFLTGSREFKYAHDRYHDLKQGWPSPSP, 0.64
9086E11I64, PRRFLTGSREFKYAHWRYHDLKQGWPSPSP, 0.69
9086E12I65, PRRFLTGSREFKYAHWRYHVLKQGWPSPSP, 0.72
9086E13I69, PRRFLTGSREFKWAHWRYHVLKQGWPSPSP, 0.76
9086E14I94, PRRFLTASREFKWAHWRYHVLKQGWPSPSP, 0.77
9086E15I106, PRRFLTASREFKWAHWRYHVLKQYWPSPSP, 0.78
9086E16I124, PRRFLTASRAFKWAHWRYHVLKQYWPSPSP, 0.81
9086E17I125, PRRFLTASYAFKWAHWRYHVLKQYWPSPSP, 0.83
9086E18I137, PRRFLTASYAFKWAHWRYHVLKFYWPSPSP, 0.85
9086E19I147, PRRFLTASYAFKWAHWRYHVLKSYWPSPSP, 0.87
9086E20I169, PRRFLTAYYAFKWAHWRYHVLKSYWPSPSP, 0.88
9086E21I170, PRRFLTAYYAFKWAHWRYHVLKSYWPSPSY, 0.89
9086E22I211, PRRFLTAYYAFKWAHWRYHVLKSYWYSPSY, 0.9
9086E23I277, PRRFLTAYAAFKWAHWRYHVLKSYWYSPSY, 0.91
9086E24I282, PRRFLTAYAAFKWAHWRHHVLKSYWYSPSY, 0.92
9086E25I290, PRRFLTAYAAFKWAHWRHHVLWSYWYSPSY, 0.93
9086E26I363, PERFLTAYAAFKWAHWRHHVLWSYWYSPSY, 0.94
9086E27I368, PERFLTAYAAFWWAHWRHHVLWSYWYSPSY, 0.95
9086E28I421, PERFLTAYAAFWWAHWRHHVKWSYWYSPSY, 0.96
9086E29I472, PERFLTAYAAFWWAHWQHHVKWSYWYSPSY, 0.97
9086E30I523, PERFLTAYAAFYWAHWQHHVKWSYWYSPSY, 0.98
9086E31I561, PEFFLTAYAAFYWAHWQHHVKWSYWYSPSY, 0.99
