13641E0I0, EISNYGVHPIPPRFYLEFLNQSHHYSTGLS, 0.5
13641E1I7, EISNYGVHPIPPRFYLEFLNQGHHYSTGLS, 0.56
13641E2I8, EISNYGVHPIPPRFYPEFLNQGHHYSTGLS, 0.6
13641E3I10, EISNYGVHPIPPRFYPEFLWQGHHYSTGLS, 0.61
13641E4I11, EISNYGQHPIPPRFYPEFLWQGHHYSTGLS, 0.62
13641E5I13, EISNYAQHPIPPRFYPEFLWQGHHYSTGLS, 0.63
13641E6I15, RISNYAQHPIPPRFYPEFLWQGHHYSTGLS, 0.64
13641E7I18, RISNYAQHPIPPRFYPEFLWQHHHYSTGLS, 0.65
13641E8I24, RISNYAQHPPPPRFYPEFLWQHHHYSTGLS, 0.69
13641E9I26, RISNYAQHPPPPRFYPEFLWQHHHYSTGAS, 0.79
13641E10I30, RISNYAQHPPPPRFYPEFLWQHHWYSTGAS, 0.84
13641E11I39, RIHNYAQHPPPPRFYPEFLWQHHWYSTGAS, 0.87
13641E12I54, RIHNYSQHPPPPRFYPEFLWQHHWYSTGAS, 0.88
13641E13I82, LIHNYSQHPPPPRFYPEFLWQHHWYSTGAS, 0.89
13641E14I113, LIHNYSQHPPPPRFYPEFHWQHHWYSTGAS, 0.91
13641E15I118, LIHNYSQHPPPPRFYPEFHWQHHWYSTHAS, 0.92
13641E16I161, LIHNYSQHPPPPRFYPEFHNQHHWYSTHAS, 0.93
13641E17I177, LIHNYSQHPRPPRFYPEFHNQHHWYSTHAS, 0.94
13641E18I186, LIHNYSQHPRPPRFYPEFHNQHHWYSIHAS, 0.95
13641E19I254, LIHAYSQHPRPPRFYPEFHNQHHWYSIHAS, 0.96
13641E20I333, LIHADSQHPRPPRFYPEFHNQHHWYSIHAS, 0.98
