19230E0I0, YHWFTPAKHFRLIWDEIHHGKPAFNHERPH, 0.59
19230E1I2, YHWFTPAQHFRLIWDEIHHGKPAFNHERPH, 0.66
19230E2I9, YHWFTPAQHFRLYWDEIHHGKPAFNHERPH, 0.69
19230E3I11, YHWFTPAQHFRLYWDEIHHGKPAFNTERPH, 0.71
19230E4I21, YHWFTPAQHFRLYWDEIHHGKPADNTERPH, 0.74
19230E5I62, YHWFTPAQHFRLYWDEIHHGKPADPTERPH, 0.8
19230E6I63, YHWFTPAQHFYLYWDEIHHGKPADPTERPH, 0.81
19230E7I75, YHWFTPAGHFYLYWDEIHHGKPADPTERPH, 0.82
19230E8I79, YHWFTPAGHFYHYWDEIHHGKPADPTERPH, 0.83
19230E9I86, YHWFTPAGHFYHYWDEIHHGKPADPTERPR, 0.84
19230E10I92, YHWFTPAGHFYHYWDEIHHVKPADPTERPR, 0.86
19230E11I96, YHWFTPAGHFYHYWDEIHHVPPADPTERPR, 0.87
19230E12I122, YHWFTPAGHFYHYWDEIHHVPPADPTERRR, 0.88
19230E13I157, YHWHTPAGHFYHYWDEIHHVPPADPTERRR, 0.89
19230E14I201, FHWHTPAGHFYHYWDEIHHVPPADPTERRR, 0.9
19230E15I206, FHWHTPAGHFYHYWDEFHHVPPADPTERRR, 0.91
19230E16I216, FHWHTPAGHFYHYWDEFHHVPPADPPERRR, 0.92
19230E17I258, FHWHTPAGHFYHYWDEFHHVPPADRPERRR, 0.95
19230E18I346, FHWHTPAGHFYWYWDEFHHVPPADRPERRR, 0.96
