17180E0I0, QIYKRNRYSAYTHQRKDRGQIKWDHGQRHR, 0.52
17180E1I1, QIYKRNRYSWYTHQRKDRGQIKWDHGQRHR, 0.55
17180E2I4, QIYKRNWYSWYTHQRKDRGQIKWDHGQRHR, 0.56
17180E3I5, QIYKRNWYSWYTHRRKDRGQIKWDHGQRHR, 0.58
17180E4I40, QIYKRNWYWWYTHRRKDRGQIKWDHGQRHR, 0.59
17180E5I55, QIYKRNWYWWYTHRRKDRGQIKWDHYQRHR, 0.61
17180E6I71, QIYKRNTYWWYTHRRKDRGQIKWDHYQRHR, 0.63
17180E7I80, QIYKRNTYWWYTHRRKDRGQIKWDHYQRHN, 0.68
17180E8I147, QIYKRNTYWWYTHRRWDRGQIKWDHYQRHN, 0.7
17180E9I189, QIYKRNTYWWYTHRRWDRGQIKWDHWQRHN, 0.72
17180E10I191, QIYKRNTYWWYTHRRWDRGQIKWQHWQRHN, 0.73
17180E11I192, QIYKRNTYWWFTHRRWDRGQIKWQHWQRHN, 0.74
17180E12I205, QIYKRNTYWWFTHRRWDRGQIKWQHWVRHN, 0.77
17180E13I215, QIYERNTYWWFTHRRWDRGQIKWQHWVRHN, 0.8
17180E14I225, QIYERNTYWWFTHRRWDRGQIHWQHWVRHN, 0.82
17180E15I232, QIYERNTYWWFTHRRWDRGQHHWQHWVRHN, 0.86
17180E16I238, QIYWRNTYWWFTHRRWDRGQHHWQHWVRHN, 0.89
17180E17I278, QTYWRNTYWWFTHRRWDRGQHHWQHWVRHN, 0.9
17180E18I328, QTYWRNTYWWFTHRRWDRGQHHWQHWVHHN, 0.91
17180E19I335, FTYWRNTYWWFTHRRWDRGQHHWQHWVHHN, 0.92
17180E20I366, FTYWRLTYWWFTHRRWDRGQHHWQHWVHHN, 0.94
17180E21I438, FTYWRLTYWWFTHHRWDRGQHHWQHWVHHN, 0.95
