14310E0I0, RIGRDYSNDGAVEHLVRETQLDFISQWDSA, 0.37
14310E1I6, RIGRDYSNDGAVEHLVRETQLDFISQWDQA, 0.4
14310E2I7, RIGRDYSNDGAVEHLVRETQWDFISQWDQA, 0.53
14310E3I8, RIGRDYHNDGAVEHLVRETQWDFISQWDQA, 0.54
14310E4I13, RIGRDYHNDGAVEHLKRETQWDFISQWDQA, 0.58
14310E5I21, RIGRDTHNDGAVEHLKRETQWDFISQWDQA, 0.62
14310E6I26, RLGRDTHNDGAVEHLKRETQWDFISQWDQA, 0.63
14310E7I32, RLGRDTHNDGAVEHLKRETWWDFISQWDQA, 0.69
14310E8I45, RLGRDTHNDGAVEHLKRETWWDFISWWDQA, 0.7
14310E9I68, RLGRDTHNDGAVEHLKRETWWDFISWWFQA, 0.71
14310E10I103, RLGRDTHNDGAVEHLKRETWWDFISWWGQA, 0.74
14310E11I123, RPGRDTHNDGAVEHLKRETWWDFISWWGQA, 0.77
14310E12I149, RPGRDTHNDGAVEHVKRETWWDFISWWGQA, 0.78
14310E13I184, RPGRDTHNDGAVEHVKRETWWDFISWWGQN, 0.79
