10599E0I0, GGWPIGAITRPEVEDPGHEKSAVNSDQAWS, 0.51
10599E1I3, GGWPIGAITRPEVEDPGHRKSAVNSDQAWS, 0.52
10599E2I8, GGWPHGAITRPEVEDPGHRKSAVNSDQAWS, 0.6
10599E3I16, GGHPHGAITRPEVEDPGHRKSAVNSDQAWS, 0.61
10599E4I27, GGHPHGAITRPEVEDPGHRKSAVNSDGAWS, 0.63
10599E5I29, GGHPHGAITRPEVEDPGHRESAVNSDGAWS, 0.64
10599E6I32, GGHWHGAITRPEVEDPGHRESAVNSDGAWS, 0.66
10599E7I36, GGHWHGAITRPEVEDPGHPESAVNSDGAWS, 0.69
10599E8I38, GGHWHGAITRPEVEDPGHPETAVNSDGAWS, 0.71
10599E9I45, GGHWHGQITRPEVEDPGHPETAVNSDGAWS, 0.72
10599E10I51, GGHWHGQITRPEVEDPGHPETAVNQDGAWS, 0.75
10599E11I52, GGHWHGQITRPETEDPGHPETAVNQDGAWS, 0.76
10599E12I53, GGHWHGQETRPETEDPGHPETAVNQDGAWS, 0.78
10599E13I66, FGHWHGQETRPETEDPGHPETAVNQDGAWS, 0.8
10599E14I73, FGHWHWQETRPETEDPGHPETAVNQDGAWS, 0.83
10599E15I77, FGHWHWQHTRPETEDPGHPETAVNQDGAWS, 0.84
10599E16I81, FGHWHWQHTRPETWDPGHPETAVNQDGAWS, 0.85
10599E17I116, FGHWHWQHTRPETWDPGHPETAVTQDGAWS, 0.86
10599E18I124, FGHWHWQHTRPETWDPGHPETFVTQDGAWS, 0.89
10599E19I125, FGHWHWQHTRPETWAPGHPETFVTQDGAWS, 0.91
10599E20I142, FGHWHWFHTRPETWAPGHPETFVTQDGAWS, 0.92
