4603E0I0, DYYWSAQSDFWTQWDEPIPTEIGQAPRHQG, 0.58
4603E1I5, DYYWSAQSDFWTQWDEPIPTKIGQAPRHQG, 0.61
4603E2I12, DYYWSAQHDFWTQWDEPIPTKIGQAPRHQG, 0.64
4603E3I19, DYYWSAQHDFWTQEDEPIPTKIGQAPRHQG, 0.68
4603E4I64, DYYWSAQHDFWTQEDEPIPTKIGQAPRHQF, 0.69
4603E5I91, DYYWSAQHPFWTQEDEPIPTKIGQAPRHQF, 0.7
4603E6I92, DYYWSAQHPFWTQEDEPSPTKIGQAPRHQF, 0.72
4603E7I105, DYYWSAQHPFWTQEDEPSPTKIGQAPRHTF, 0.73
4603E8I128, DYYWSAQHPFWTQESEPSPTKIGQAPRHTF, 0.74
4603E9I130, DYYWSAQHPFWTQESHPSPTKIGQAPRHTF, 0.75
4603E10I143, DYYWSAQHPFWTQESHHSPTKIGQAPRHTF, 0.76
4603E11I145, DYYWSAQHPFWTQESEHSPTKIGQAPRHTF, 0.77
4603E12I189, DYYWSAQHPFWTQESEHSPTKIGWAPRHTF, 0.78
4603E13I195, DYYWSAQHPFWWQESEHSPTKIGWAPRHTF, 0.79
4603E14I199, DYYWSAQHPFWWQESEHSPTKIYWAPRHTF, 0.81
4603E15I208, DYYWSAQHPFWWQESQHSPTKIYWAPRHTF, 0.82
4603E16I217, DYYWSAQHLFWWQESQHSPTKIYWAPRHTF, 0.86
4603E17I220, DYYWSIQHLFWWQESQHSPTKIYWAPRHTF, 0.88
4603E18I225, DYYWSIQHLFWWQESQHPPTKIYWAPRHTF, 0.92
