9938E0I0, WIGHPEENVQQYNNYFYYTQHKSHRDSKSG, 0.42
9938E1I1, WIGHPEENVQQYNNYFYYPQHKSHRDSKSG, 0.43
9938E2I3, WIGHPEENVQQYNNYFYYYQHKSHRDSKSG, 0.44
9938E3I4, WIGHPEENVQQYNNYFYYWQHKSHRDSKSG, 0.49
9938E4I7, WIGHPEENVQQYNNYFYYWQHKSHRQSKSG, 0.52
9938E5I15, WIGHPEENVQQYNNYFYYWQHKSERQSKSG, 0.54
9938E6I23, WIGHPEENVQQYNNYFYYWQHKSERQSKSI, 0.55
9938E7I31, WIGHPEENVQQYNNYFYYWQHKSERQLKSI, 0.56
9938E8I35, WIGHPEENVQQYNNYFYYWQHKSERQLPSI, 0.58
9938E9I40, WIGHPEENVQQYNNYFYYWQHKSERQLPSW, 0.62
9938E10I61, WIGHPEENVQQHNNYFYYWQHKSERQLPSW, 0.64
9938E11I70, WIGHPEENVQQHNNYFYYWQHDSERQLPSW, 0.66
9938E12I71, WIGHPEENVRQHNNYFYYWQHDSERQLPSW, 0.7
9938E13I73, WIGHPEENVRHHNNYFYYWQHDSERQLPSW, 0.71
9938E14I80, WIGHPEENVRHHNNYFYYWQHDSERQLPTW, 0.72
9938E15I94, WIGHPEENVRHHNNYIYYWQHDSERQLPTW, 0.73
9938E16I100, WIGHPEEVVRHHNNYIYYWQHDSERQLPTW, 0.75
9938E17I102, WIGHPEEVVRHHNNYIYYWQHDSERQYPTW, 0.79
9938E18I163, WIGHPEEVVRHHNHYIYYWQHDSERQYPTW, 0.82
9938E19I182, WIGHPEEVVRHHNHYIQYWQHDSERQYPTW, 0.83
9938E20I192, WIGHPEEVVRHHNHYIQHWQHDSERQYPTW, 0.84
9938E21I221, WIGHPEEVVRHHNHYIQHWQHDSEHQYPTW, 0.85
9938E22I246, WGGHPEEVVRHHNHYIQHWQHDSEHQYPTW, 0.87
9938E23I251, WGGHPEEHVRHHNHYIQHWQHDSEHQYPTW, 0.9
9938E24I253, WGGHPEEHVRHHNHYIQHWQHDEEHQYPTW, 0.91
