9119E0I0, NEWPLNEVDFDGQEIFWLLFPSHKFYYEDI, 0.37
9119E1I6, NEWPLNEVDFDGQEIFWLLFPSHKFYGEDI, 0.4
9119E2I10, NEWPLNEVDFDGQEIFWLLFWSHKFYGEDI, 0.41
9119E3I16, NEWPLNEVDFDGQEIFWLLFWSHKFYGEDL, 0.42
9119E4I19, NEWPLNEVDFYGQEIFWLLFWSHKFYGEDL, 0.43
9119E5I30, NEWPLNEVDFYIQEIFWLLFWSHKFYGEDL, 0.45
9119E6I38, NEWPLLEVDFYIQEIFWLLFWSHKFYGEDL, 0.48
9119E7I41, NEWHLLEVDFYIQEIFWLLFWSHKFYGEDL, 0.5
9119E8I43, NEWHLLEVDFYIQEIFWLLFWSHKFYGEHL, 0.6
9119E9I45, NEWHLLEVDFYIQEIFWLLFWSHKFYGHHL, 0.65
9119E10I46, WEWHLLEVDFYIQEIFWLLFWSHKFYGHHL, 0.7
9119E11I48, WEWHLLEVDFYIQEIFWLLFWSHKFHGHHL, 0.71
9119E12I52, WEWHLLEVDFYIQEPFWLLFWSHKFHGHHL, 0.72
9119E13I54, WEWHLLEVDFYIAEPFWLLFWSHKFHGHHL, 0.73
9119E14I62, WHWHLLEVDFYIAEPFWLLFWSHKFHGHHL, 0.75
9119E15I67, WHWHLLEVDFYIAEPFWSLFWSHKFHGHHL, 0.76
9119E16I68, SHWHLLEVDFYIAEPFWSLFWSHKFHGHHL, 0.77
9119E17I90, SHWHLPEVDFYIAEPFWSLFWSHKFHGHHL, 0.8
9119E18I137, SHWHLPEVDFYIAEPFWSLFWSHYFHGHHL, 0.81
9119E19I160, SHWHLPEVDFYIAEPHWSLFWSHYFHGHHL, 0.83
9119E20I181, SHWHLPEVDFYIAEPHWSLFWSHYFHLHHL, 0.87
9119E21I197, SHWHLPEVDFYIAEPHWHLFWSHYFHLHHL, 0.89
9119E22I199, SHWHLPEVDFYIAEPHWHLFWSHYFHLHHP, 0.9
9119E23I212, SHWHLPEVDFYHAEPHWHLFWSHYFHLHHP, 0.91
9119E24I219, SHWHLPEVDFYHADPHWHLFWSHYFHLHHP, 0.92
9119E25I232, SHWHLPEVDFYHADPHWHLFWSHWFHLHHP, 0.93
9119E26I262, SHWHLPEVDFYHADPHWHLTWSHWFHLHHP, 0.94
9119E27I358, SHWHLPEVDFYHADPHWHLTWSHTFHLHHP, 0.96
