7849E0I0, KAIHLRFKRGHRRQAQPTRSTVDSWGPKHY, 0.43
7849E1I3, KAIHLRFKRGHRRQAQPTRSTVDSWVPKHY, 0.48
7849E2I9, KAIHLRFKRGHRRQAQPTRSDVDSWVPKHY, 0.49
7849E3I11, KAIHLRFKRGHRRQARPTRSDVDSWVPKHY, 0.57
7849E4I19, KAIHLRFKRGHRRWARPTRSDVDSWVPKHY, 0.6
7849E5I20, KAIHLRFKRGHRRWATPTRSDVDSWVPKHY, 0.61
7849E6I21, KAIHLRFTRGHRRWATPTRSDVDSWVPKHY, 0.62
7849E7I24, KAIHLHFTRGHRRWATPTRSDVDSWVPKHY, 0.67
7849E8I34, KAIHLHFTRGHRRWATPTRSDVDSWVPGHY, 0.69
7849E9I39, KAIHLHFTRGHNRWATPTRSDVDSWVPGHY, 0.7
7849E10I51, KAIHLHFTRHHNRWATPTRSDVDSWVPGHY, 0.72
7849E11I55, KAIHLHFTRHHNRWATATRSDVDSWVPGHY, 0.74
7849E12I59, KARHLHFTRHHNRWATATRSDVDSWVPGHY, 0.76
7849E13I69, KARHLHFTRHHNRWATATRSDVDSQVPGHY, 0.8
7849E14I70, KARHLHFTRHHNRWATATRSDVDSQVPGHT, 0.81
7849E15I119, FARHLHFTRHHNRWATATRSDVDSQVPGHT, 0.83
7849E16I145, FARHLHFTRHHNWWATATRSDVDSQVPGHT, 0.84
7849E17I147, FARHLHFTRHHNWWATATRSDVDRQVPGHT, 0.85
7849E18I179, FARHLHFTRHHNWWATATRSDEDRQVPGHT, 0.86
7849E19I181, FARHLHFWRHHNWWATATRSDEDRQVPGHT, 0.87
7849E20I187, FARHLHFWRHHNWWATATRADEDRQVPGHT, 0.89
7849E21I191, FARHLHFVRHHNWWATATRADEDRQVPGHT, 0.9
7849E22I192, FARHLHFVRHHNWWATATRADEDRQVHGHT, 0.91
7849E23I207, FAYHLHFVRHHNWWATATRADEDRQVHGHT, 0.92
7849E24I264, FAYHLHFVRHHNWWATAARADEDRQVHGHT, 0.93
7849E25I275, FAYHLHFVHHHNWWATAARADEDRQVHGHT, 0.94
7849E26I298, FAYHLHFVHHHNWWATAARADEDRQVHLHT, 0.95
7849E27I327, FAYHLAFVHHHNWWATAARADEDRQVHLHT, 0.96
7849E28I406, FAYHLAFVRHHNWWATAARADEDRQVHLHT, 0.97
