6410E0I0, FEFDWFSKGNNGDPTISQDKLIVFESNDSA, 0.36
6410E1I4, FEFDWFSKGNNGDPTISEDKLIVFESNDSA, 0.39
6410E2I10, FEFDWFSKGNNGDPTISEDKLIVFESNLSA, 0.42
6410E3I13, PEFDWFSKGNNGDPTISEDKLIVFESNLSA, 0.45
6410E4I15, PEFDWFSKGNNGDPTISEDKEIVFESNLSA, 0.48
6410E5I16, PEFDWFSKGNNGDPTISEDKEIVAESNLSA, 0.49
6410E6I21, PEFFWFSKGNNGDPTISEDKEIVAESNLSA, 0.52
6410E7I24, PEFFWFSKGNNGDPTISEDKEIVAEKNLSA, 0.53
6410E8I27, PEFFWFSKGNNGDPTRSEDKEIVAEKNLSA, 0.56
6410E9I51, PEFFWFSKGNNGDPTRGEDKEIVAEKNLSA, 0.58
6410E10I57, PEFFWFSKGNNGDPTRGEDKEIVAEKWLSA, 0.59
6410E11I60, PEFTWFSKGNNGDPTRGEDKEIVAEKWLSA, 0.6
6410E12I75, PAFTWFSKGNNGDPTRGEDKEIVAEKWLSA, 0.61
6410E13I84, PAFTWFSKGNNGDPTRGEDKEIVPEKWLSA, 0.62
6410E14I107, WAFTWFSKGNNGDPTRGEDKEIVPEKWLSA, 0.64
6410E15I112, WAFTWFSKGNNGDPTRGEDKEIVPEKWLSI, 0.65
6410E16I117, WAFTWFSKGNNGDPTRAEDKEIVPEKWLSI, 0.68
6410E17I129, WAFTWFSAGNNGDPTRAEDKEIVPEKWLSI, 0.7
6410E18I184, WAFTWFSAGNNGDPTRAEDKEIVPEKWYSI, 0.72
6410E19I185, WAFTWFSAGNNGDPTRAEDKEIVPPKWYSI, 0.73
6410E20I187, WAFTWFSAGNNGDPTRAEDKEIVPPKWYWI, 0.74
6410E21I201, WAFTWFSAGNNGDPTAAEDKEIVPPKWYWI, 0.75
6410E22I204, WAFRWFSAGNNGDPTAAEDKEIVPPKWYWI, 0.76
6410E23I245, WAFRWFSAGNNSDPTAAEDKEIVPPKWYWI, 0.77
6410E24I251, WAFRWFSAHNNSDPTAAEDKEIVPPKWYWI, 0.8
6410E25I253, WAFRWHSAHNNSDPTAAEDKEIVPPKWYWI, 0.83
6410E26I306, WAFRWHSAHNNHDPTAAEDKEIVPPKWYWI, 0.85
6410E27I343, WAFRWHSAHNNHHPTAAEDKEIVPPKWYWI, 0.87
6410E28I351, WAFYWHSAHNNHHPTAAEDKEIVPPKWYWI, 0.88
6410E29I377, WAFYWHSAHNNHHPTAAEDEEIVPPKWYWI, 0.91
6410E30I397, WAFYIHSAHNNHHPTAAEDEEIVPPKWYWI, 0.92
6410E31I430, WAFYIHSAHNNHHPTAAGDEEIVPPKWYWI, 0.93
