17584E0I0, QGHVITISIIEVRETKNNFDHIQNRYVGLD, 0.35
17584E1I4, QGHVITISIIEVRETKNNFDHIQNRKVGLD, 0.36
17584E2I6, QGHVITISIIEVRETKNNFDHIQNRKVGPD, 0.44
17584E3I11, QGHVITISIIEVRETKNNIDHIQNRKVGPD, 0.45
17584E4I13, QIHVITISIIEVRETKNNIDHIQNRKVGPD, 0.48
17584E5I22, QIHVITISIISVRETKNNIDHIQNRKVGPD, 0.5
17584E6I23, QIHVITISIISVRETHNNIDHIQNRKVGPD, 0.56
17584E7I33, QIHVITASIISVRETHNNIDHIQNRKVGPD, 0.58
17584E8I36, QIHVITASWISVRETHNNIDHIQNRKVGPD, 0.59
17584E9I40, QIHVIWASWISVRETHNNIDHIQNRKVGPD, 0.6
17584E10I44, QIHVIWASWISVRETHNNIDHIQNRKVWPD, 0.61
17584E11I49, QIHVIWASWISVRETHNNIDHIQNRKVWPE, 0.62
17584E12I52, QIHVIWASWISVPETHNNIDHIQNRKVWPE, 0.66
17584E13I56, QEHVIWASWISVPETHNNIDHIQNRKVWPE, 0.67
17584E14I60, QEHVIWASWISVPETHNNILHIQNRKVWPE, 0.68
17584E15I67, QEHVWWASWISVPETHNNILHIQNRKVWPE, 0.72
17584E16I69, QEHVWPASWISVPETHNNILHIQNRKVWPE, 0.74
17584E17I70, QEHVWPASWISVPETHNNILHIQNRKVDPE, 0.75
17584E18I77, QEHVWPASWISVPETHNNIIHIQNRKVDPE, 0.79
17584E19I95, QEHVWPASWISVPETHNNIIHIQERKVDPE, 0.82
17584E20I109, QEHVWPASWPSVPETHNNIIHIQERKVDPE, 0.83
17584E21I124, QEHVWPASWPSVPETHNNIIHWQERKVDPE, 0.84
17584E22I135, QEHVWPASWPSVPETHNNIIHWQERKVDEE, 0.85
17584E23I172, QEHVWPASWPSVPETHNSIIHWQERKVDEE, 0.87
17584E24I242, QEHVWPASIPSVPETHNSIIHWQERKVDEE, 0.88
17584E25I304, QEHVWPASIPSVPETHNSIIHWQEHKVDEE, 0.89
