8011E0I0, KDPGQNTNQLRIRVAADHETDAQKLIFGLG, 0.27
8011E1I1, KDPGQNTTQLRIRVAADHETDAQKLIFGLG, 0.28
8011E2I3, KDPGQNTTQLRIRVAADHNTDAQKLIFGLG, 0.33
8011E3I4, KLPGQNTTQLRIRVAADHNTDAQKLIFGLG, 0.34
8011E4I5, KLRGQNTTQLRIRVAADHNTDAQKLIFGLG, 0.38
8011E5I10, KLRGQNTTQLRIRVIADHNTDAQKLIFGLG, 0.39
8011E6I11, KLRGQNTTGLRIRVIADHNTDAQKLIFGLG, 0.43
8011E7I15, KLRGQNTTGLRIRVIADHNTDATKLIFGLG, 0.47
8011E8I21, KLRGQNTTHLRIRVIADHNTDATKLIFGLG, 0.49
8011E9I26, KLRGQNTTHLRIRVIADHNTDATKWIFGLG, 0.51
8011E10I28, KLRGQNTTHLRIPVIADHNTDATKWIFGLG, 0.53
8011E11I30, KLRGQNTTHLRIPVIADHHTDATKWIFGLG, 0.54
8011E12I31, KLRGQNTTHLRIPVIADHHTDATKWIFYLG, 0.56
8011E13I34, KLRNQNTTHLRIPVIADHHTDATKWIFYLG, 0.58
8011E14I35, KLRNQNTFHLRIPVIADHHTDATKWIFYLG, 0.61
8011E15I38, KLRNQNTFHLRIPVIADHHTQATKWIFYLG, 0.62
8011E16I40, KLRNQNTFHLRIPVIVDHHTQATKWIFYLG, 0.63
8011E17I46, KLRNQNTFHLRIPVIVAHHTQATKWIFYLG, 0.67
8011E18I57, PLRNQNTFHLRIPVIVAHHTQATKWIFYLG, 0.69
8011E19I62, PLRNQATFHLRIPVIVAHHTQATKWIFYLG, 0.7
8011E20I67, PLRNQATFHLRIPVIVAHHTQATYWIFYLG, 0.73
8011E21I71, PLRNWATFHLRIPVIVAHHTQATYWIFYLG, 0.75
8011E22I77, PLRNWATFHLRIPVIVWHHTQATYWIFYLG, 0.77
8011E23I85, RLRNWATFHLRIPVIVWHHTQATYWIFYLG, 0.79
8011E24I87, RLRNWATFHLRIAVIVWHHTQATYWIFYLG, 0.81
8011E25I100, RLRNWATFHLRIHVIVWHHTQATYWIFYLG, 0.84
8011E26I126, RLRNWATFHLRIHVIVWHHNQATYWIFYLG, 0.86
8011E27I160, RLRNWATFHLLIHVIVWHHNQATYWIFYLG, 0.87
8011E28I175, RLRNWATFHLLIHNIVWHHNQATYWIFYLG, 0.88
8011E29I215, RLRNWATFHHLIHNIVWHHNQATYWIFYLG, 0.89
8011E30I222, RLRNWATFHHLIHNIVWHHNQATYWIFHLG, 0.91
8011E31I227, RLRNWATFHHLIHNIVWHHLQATYWIFHLG, 0.93
8011E32I229, RLRNWATFHHLQHNIVWHHLQATYWIFHLG, 0.95
