14648E0I0, YPHSIAQLHYGDWLIQDNYWRVSPVWGFHK, 0.52
14648E1I1, YPHSIAQLHYNDWLIQDNYWRVSPVWGFHK, 0.54
14648E2I20, YPHSIAQLHYNDWLIQDEYWRVSPVWGFHK, 0.57
14648E3I24, YWHSIAQLHYNDWLIQDEYWRVSPVWGFHK, 0.59
14648E4I27, YLHSIAQLHYNDWLIQDEYWRVSPVWGFHK, 0.6
14648E5I30, YLHSIAQLHYNTWLIQDEYWRVSPVWGFHK, 0.63
14648E6I32, YLHSIAQLHYNTWLIQDEYWHVSPVWGFHK, 0.64
14648E7I34, YLHSIAQLHYNTWLIQDEYWAVSPVWGFHK, 0.66
14648E8I40, YLHSIAQLHYNTWLIQDEYWAVSPVWGFHW, 0.67
14648E9I43, YLHSIAQLHYNTWLIQDEYWAVSPVWTFHW, 0.69
14648E10I44, YLHSIAQLHYLTWLIQDEYWAVSPVWTFHW, 0.72
14648E11I47, YLHSIAQLHYLTWSIQDEYWAVSPVWTFHW, 0.76
14648E12I57, YLHSIAQLHYLTWSIQDEYWAPSPVWTFHW, 0.77
14648E13I59, YLHSIAQLHYLTWSIQDEYWAPSQVWTFHW, 0.79
14648E14I66, YLHSIALLHYLTWSIQDEYWAPSQVWTFHW, 0.85
14648E15I117, YLHSIALLHYLTWSIQDEYWHPSQVWTFHW, 0.86
14648E16I124, YLHSIALLHYLTWSIQDEYFHPSQVWTFHW, 0.87
14648E17I166, YLHSIATLHYLTWSIQDEYFHPSQVWTFHW, 0.88
14648E18I189, YLHSIATLHYLTWSIQDEYFHPSQVWTFFW, 0.89
14648E19I220, YLHSIATLHYLTWSIQDEYFHPSQHWTFFW, 0.9
14648E20I235, YLHSIATLHYLTWSIQDEYQHPSQHWTFFW, 0.92
14648E21I333, YLHSIATLHYLTWSIQDEYQHPSQHWTFFV, 0.93
