6438E0I0, TQPGAFGETNYLSNSLLTIHDQYRGTYAWN, 0.28
6438E1I1, TQPGAFGETNYLSNSLLTIHDQYRGTYLWN, 0.3
6438E2I2, TQPGAFGETNYLSNSLLTIHDQNRGTYLWN, 0.31
6438E3I3, TQPGAFGETNYLSNSSLTIHDQNRGTYLWN, 0.33
6438E4I5, TQPGAFGETNYLSNSSLTIHVQNRGTYLWN, 0.34
6438E5I6, TQPGAFGETNYLSNSSDTIHVQNRGTYLWN, 0.37
6438E6I7, TQPGAFGETNYLSNSSDTIHVQNRGTYLHN, 0.43
6438E7I8, TQPGAFGEPNYLSNSSDTIHVQNRGTYLHN, 0.46
6438E8I9, TQPGAFGEPNYLSGSSDTIHVQNRGTYLHN, 0.5
6438E9I11, TQPGAFGEPNYLSGSSDTRHVQNRGTYLHN, 0.53
6438E10I17, TQPPAFGEPNYLSGSSDTRHVQNRGTYLHN, 0.56
6438E11I18, TQPPAFGEPNHLSGSSDTRHVQNRGTYLHN, 0.58
6438E12I30, TLPPAFGEPNHLSGSSDTRHVQNRGTYLHN, 0.6
6438E13I34, TDPPAFGEPNHLSGSSDTRHVQNRGTYLHN, 0.62
6438E14I39, TDPPAFGEPNHLSGSSDTRHVQNRATYLHN, 0.63
6438E15I41, TDPPAFGEPNHLSGSSDTRHVQNRATYLHW, 0.66
6438E16I47, TDPPAFGEPNHLSGSSDTRIVQNRATYLHW, 0.67
6438E17I51, TDPPAFGEPNHLPGSSDTRIVQNRATYLHW, 0.7
6438E18I58, TDPPAFGEPNHLPGSSHTRIVQNRATYLHW, 0.71
6438E19I64, TDRPAFGEPNHLPGSSHTRIVQNRATYLHW, 0.72
6438E20I71, TDRPAFGDPNHLPGSSHTRIVQNRATYLHW, 0.76
6438E21I72, NDRPAFGDPNHLPGSSHTRIVQNRATYLHW, 0.77
6438E22I76, EDRPAFGDPNHLPGSSHTRIVQNRATYLHW, 0.79
6438E23I83, QDRPAFGDPNHLPGSSHTRIVQNRATYLHW, 0.8
6438E24I101, QDRHAFGDPNHLPGSSHTRIVQNRATYLHW, 0.82
6438E25I130, QDRHAFGDPNHLPGSSHTYIVQNRATYLHW, 0.83
6438E26I165, QDRHAFGDPNHLPGSSHTYIVQNRATYLHA, 0.84
6438E27I172, QDRHAFGDPNHLPGDSHTYIVQNRATYLHA, 0.85
6438E28I253, QDRHAFGDPNHLPGDSHTYSVQNRATYLHA, 0.86
6438E29I284, GDRHAFGDPNHLPGDSHTYSVQNRATYLHA, 0.87
