9858E0I0, HTKIRRIFISVTIVAFPTEFNDVGSFWAFT, 0.39
9858E1I2, HTKIRRIFISVTIKAFPTEFNDVGSFWAFT, 0.42
9858E2I5, HTKIRRIFISVNIKAFPTEFNDVGSFWAFT, 0.49
9858E3I7, HTKARRIFISVNIKAFPTEFNDVGSFWAFT, 0.52
9858E4I8, HTKARRIFISVNTKAFPTEFNDVGSFWAFT, 0.53
9858E5I24, HVKARRIFISVNTKAFPTEFNDVGSFWAFT, 0.54
9858E6I26, HVKARREFISVNTKAFPTEFNDVGSFWAFT, 0.59
9858E7I27, HVKARREDISVNTKAFPTEFNDVGSFWAFT, 0.6
9858E8I31, HVKARREDISVTTKAFPTEFNDVGSFWAFT, 0.65
9858E9I33, HVKARREDESVTTKAFPTEFNDVGSFWAFT, 0.67
9858E10I45, HVKARREDESVTTKAFPTHFNDVGSFWAFT, 0.72
9858E11I64, HVKARREDESPTTKAFPTHFNDVGSFWAFT, 0.73
9858E12I68, HVKARREDESPTTKAFFTHFNDVGSFWAFT, 0.77
9858E13I71, HVKARREDESPTTKAFFTHPNDVGSFWAFT, 0.8
9858E14I84, HVKARREDESPNTKAFFTHPNDVGSFWAFT, 0.81
9858E15I114, HVKARREDESPNTKAFFTHPNDVGSHWAFT, 0.84
