6941E0I0, TIGNRSNALAYYVYAWGDEIITSKKWRQEK, 0.38
6941E1I9, TIGNRSNALAYFVYAWGDEIITSKKWRQEK, 0.43
6941E2I19, TIGNRSNILAYFVYAWGDEIITSKKWRQEK, 0.47
6941E3I20, TIGNRSNILAYFVYAWGDEITTSKKWRQEK, 0.48
6941E4I24, TIGNRSNILAYFVYAWGDEITTSKYWRQEK, 0.54
6941E5I25, TIGNRSNILAYFHYAWGDEITTSKYWRQEK, 0.56
6941E6I28, TIGNWSNILAYFHYAWGDEITTSKYWRQEK, 0.58
6941E7I35, TIGNWSNILAYFHYAWGDEIRTSKYWRQEK, 0.59
6941E8I36, FIGNWSNILAYFHYAWGDEIRTSKYWRQEK, 0.6
6941E9I42, FIGNWSNILAYFHYAWADEIRTSKYWRQEK, 0.62
6941E10I51, FIGNWSNILAYFHYAWADEIPTSKYWRQEK, 0.64
6941E11I55, FIGNWSNILAYFHYAWADEIPWSKYWRQEK, 0.7
6941E12I64, FIGNWSNILAYFHYAWADEIPWSKYWRIEK, 0.71
6941E13I79, FIGNWSNILAYFHYAWADEIPWSSYWRIEK, 0.72
6941E14I91, FIGNWSNILAYFHYAWADEIPWSSYWRLEK, 0.75
6941E15I97, FIGNWSNILAYFHYAWADEIPWSSYWALEK, 0.78
6941E16I106, FIGNWSNILAYFLYAWADEIPWSSYWALEK, 0.79
6941E17I109, HIGNWSNILAYFLYAWADEIPWSSYWALEK, 0.8
6941E18I139, HIGNWSRILAYFLYAWADEIPWSSYWALEK, 0.81
6941E19I165, HIGNWSRILAYFLPAWADEIPWSSYWALEK, 0.82
6941E20I180, HIGNWYRILAYFLPAWADEIPWSSYWALEK, 0.84
6941E21I213, HIGNWYRILAYFLPAWADEHPWSSYWALEK, 0.86
