17209E0I0, PWDWGYLLRWVWDAASIGEWSDNLWWPYFH, 0.47
17209E1I3, PWDWGYLLRWVWDGASIGEWSDNLWWPYFH, 0.48
17209E2I4, PWDWRYLLRWVWDGASIGEWSDNLWWPYFH, 0.49
17209E3I6, PWDWRYLLRWVWDGASIGEVSDNLWWPYFH, 0.51
17209E4I9, PWDWRYLLRWWWDGASIGEVSDNLWWPYFH, 0.53
17209E5I14, PWDWRYLLRWWWDGASIGFVSDNLWWPYFH, 0.54
17209E6I17, PWDWRYLLRWWWYGASIGFVSDNLWWPYFH, 0.55
17209E7I18, PWDWRYLLRWWWYGHSIGFVSDNLWWPYFH, 0.56
17209E8I19, PWDWRYLLRWWWYGHSIGFVSDELWWPYFH, 0.59
17209E9I21, PWDWRYLLRWWWYGHSIGFVSDPLWWPYFH, 0.61
17209E10I28, PWDWRYLLRWWWYGHSIGFVSWPLWWPYFH, 0.64
17209E11I30, PEDWRYLLRWWWYGHSIGFVSWPLWWPYFH, 0.67
17209E12I38, PEDWRYLLRWWWYWHSIGFVSWPLWWPYFH, 0.73
17209E13I40, PEDWRYLLTWWWYWHSIGFVSWPLWWPYFH, 0.75
17209E14I43, PEDWRYLATWWWYWHSIGFVSWPLWWPYFH, 0.76
17209E15I53, PEDWRYLATWWWYWHSSGFVSWPLWWPYFH, 0.77
17209E16I57, PEDWRYLAYWWWYWHSSGFVSWPLWWPYFH, 0.8
17209E17I68, PEDWRYLAYWWWYWHSSGFVSWPLWWPRFH, 0.82
17209E18I74, PEDWRYLAYWYWYWHSSGFVSWPLWWPRFH, 0.83
17209E19I84, PEDWRYLAYWYWYWHSSGFVSWPLWHPRFH, 0.84
17209E20I103, PERWRYLAYWYWYWHSSGFVSWPLWHPRFH, 0.85
17209E21I115, PERWRYLAYWYWYWHSSGFVSWPLWHNRFH, 0.88
17209E22I148, PERWRYLAYWYWYWHSSGFVHWPLWHNRFH, 0.9
17209E23I153, PERWRSLAYWYWYWHSSGFVHWPLWHNRFH, 0.91
17209E24I225, PERWASLAYWYWYWHSSGFVHWPLWHNRFH, 0.93
17209E25I299, PERWASLASWYWYWHSSGFVHWPLWHNRFH, 0.94
