16261E0I0, SFDVQTALDTGKNDFLIGFALHKPHHGGHW, 0.52
16261E1I1, SFDVQTALDTGKADFLIGFALHKPHHGGHW, 0.63
16261E2I7, SFDVQTALDTGKADFLIGFALHWPHHGGHW, 0.67
16261E3I8, SFDVQTALATGKADFLIGFALHWPHHGGHW, 0.72
16261E4I10, SFDVQTALATGKAEFLIGFALHWPHHGGHW, 0.73
16261E5I14, SRDVQTALATGKAEFLIGFALHWPHHGGHW, 0.74
16261E6I23, SRDVQTALATGKAEFLIGFALHWPHHGGHV, 0.77
16261E7I61, SRIVQTALATGKAEFLIGFALHWPHHGGHV, 0.81
16261E8I70, WRIVQTALATGKAEFLIGFALHWPHHGGHV, 0.82
16261E9I94, WRIVQTGLATGKAEFLIGFALHWPHHGGHV, 0.84
16261E10I103, WRIVPTGLATGKAEFLIGFALHWPHHGGHV, 0.86
16261E11I197, WRIVPTGLATGKAEFLPGFALHWPHHGGHV, 0.87
16261E12I212, WRIVPTGLATGKAEFLPRFALHWPHHGGHV, 0.88
16261E13I214, WRIVPTGLATGKDEFLPRFALHWPHHGGHV, 0.89
