13133E0I0, VIRLDAEFEWYNAHHYPLKHVWEHWKEPNL, 0.4
13133E1I4, VIRLDAEFEWYNAHHYPLKHVWEHWKEPNH, 0.42
13133E2I5, VIRLDYEFEWYNAHHYPLKHVWEHWKEPNH, 0.46
13133E3I6, VIRLDYEFEWYNAHHYPLKHVWEHWKFPNH, 0.47
13133E4I7, VIRLDYEFEHYNAHHYPLKHVWEHWKFPNH, 0.5
13133E5I14, VIRLDYEFEHYNAHHYPLKHVWEHWTFPNH, 0.52
13133E6I17, VIRLFYEFEHYNAHHYPLKHVWEHWTFPNH, 0.58
13133E7I20, VIRFFYEFEHYNAHHYPLKHVWEHWTFPNH, 0.62
13133E8I26, VIRFFYEFEHYNAHHYPLKHVWEHWTFPWH, 0.63
13133E9I30, VIRFFYEVEHYNAHHYPLKHVWEHWTFPWH, 0.66
13133E10I35, VIRFFYEVEEYNAHHYPLKHVWEHWTFPWH, 0.68
13133E11I40, VIRFFYEVEEYNAHHYPLKHVWEHWTFPLH, 0.71
13133E12I59, VIRFFYEVEEYNAHHYPLLHVWEHWTFPLH, 0.72
13133E13I61, HIRFFYEVEEYNAHHYPLLHVWEHWTFPLH, 0.73
13133E14I73, HIRFFYEVEEYNAHHYPLLHVWEHWTFLLH, 0.76
13133E15I84, HIRFFSEVEEYNAHHYPLLHVWEHWTFLLH, 0.77
13133E16I98, HIRFFSEVEEYVAHHYPLLHVWEHWTFLLH, 0.8
13133E17I108, HIRFFVEVEEYVAHHYPLLHVWEHWTFLLH, 0.81
13133E18I142, HIRFFVEVEEYPAHHYPLLHVWEHWTFLLH, 0.85
13133E19I199, HIRFFVEVEEYPAHHYPKLHVWEHWTFLLH, 0.86
13133E20I258, HIRFFVEVENYPAHHYPKLHVWEHWTFLLH, 0.89
13133E21I355, HIRFFVEVENYPAHHYPKLHVWEHQTFLLH, 0.9
