18270E0I0, GNSLSGEWGSFSFWYALQQVEPIEWTFTPV, 0.39
18270E1I1, GNSLSGEWGSFSFWYALQQVNPIEWTFTPV, 0.41
18270E2I3, GNSLSGEWGSFSFWYALQQVNPIEWTFKPV, 0.45
18270E3I5, GNSLSGEWGSFAFWYALQQVNPIEWTFKPV, 0.46
18270E4I6, PNSLSGEWGSFAFWYALQQVNPIEWTFKPV, 0.5
18270E5I26, PNSLSGEWGSFAFWYALQQVNPIEWQFKPV, 0.52
18270E6I33, PNSLSGEWGSFASWYALQQVNPIEWQFKPV, 0.53
18270E7I36, PNSLSSEWGSFASWYALQQVNPIEWQFKPV, 0.54
18270E8I47, PNSLSSEWGSFASWYALYQVNPIEWQFKPV, 0.57
18270E9I50, PNSLSDEWGSFASWYALYQVNPIEWQFKPV, 0.6
18270E10I51, PNSLSDEWGSFASWYALYQVNPTEWQFKPV, 0.63
18270E11I53, PNSLSDEWGSFASWYALYIVNPTEWQFKPV, 0.64
18270E12I78, PNSLSDEWGSFASWYADYIVNPTEWQFKPV, 0.65
18270E13I82, PNSLSDEWWSFASWYADYIVNPTEWQFKPV, 0.69
18270E14I96, PNSLSDEWWSFASWYADYIVNPTQWQFKPV, 0.7
18270E15I102, PNSLSDENWSFASWYADYIVNPTQWQFKPV, 0.72
18270E16I121, PNSLSDENWSFAAWYADYIVNPTQWQFKPV, 0.73
18270E17I130, HNSLSDENWSFAAWYADYIVNPTQWQFKPV, 0.77
18270E18I140, HNSLSDENWSFAAWYADYIVNPTQVQFKPV, 0.79
18270E19I153, HNSLSDENWSFAAWYADYIVNPTQVQFVPV, 0.8
18270E20I189, HNSLSDENWSFAAWYADYIVNPTQVQFVPY, 0.81
18270E21I254, HNSFSDENWSFAAWYADYIVNPTQVQFVPY, 0.83
18270E22I289, HNSFSDENWSFAYWYADYIVNPTQVQFVPY, 0.85
18270E23I383, HNSFADENWSFAYWYADYIVNPTQVQFVPY, 0.86
18270E24I449, HNSFADEYWSFAYWYADYIVNPTQVQFVPY, 0.87
18270E25I491, HNSFADEYWSFAYWYADYIVNPTQVQFYPY, 0.88
18270E26I502, HNSFADEYWSFAYWYADYIVNPTQVQFYPS, 0.89
18270E27I590, HNSFADEYWSFAYWYQDYIVNPTQVQFYPS, 0.9
18270E28I677, HNSFADEYWSFAYWYQDYIVNPTAVQFYPS, 0.92
