18066E0I0, FHNWALYSNGVQVYSSNLSVHTGEIRVVIT, 0.45
18066E1I2, FHNWALYSNGVQVYSSTLSVHTGEIRVVIT, 0.51
18066E2I7, FHNWALYSWGVQVYSSTLSVHTGEIRVVIT, 0.53
18066E3I12, FHNWALYSWGVQVYSSTLSVHTGEERVVIT, 0.59
18066E4I14, FHNWALYSWGVQVYSSTLSVHTGEERVLIT, 0.62
18066E5I23, FHNWALYSWGVQVYSSTASVHTGEERVLIT, 0.63
18066E6I31, FHNWALYSWGVQVYSSTAKVHTGEERVLIT, 0.66
18066E7I32, FHNWALYSWGIQVYSSTAKVHTGEERVLIT, 0.72
18066E8I36, FHNWAEYSWGIQVYSSTAKVHTGEERVLIT, 0.73
18066E9I49, FHNWAEYSWGIQVYSSTAKVHTGEERVGIT, 0.74
18066E10I59, FHNWAEYSWWIQVYSSTAKVHTGEERVGIT, 0.75
18066E11I92, FHNWAEYSWWIQVLSSTAKVHTGEERVGIT, 0.77
18066E12I103, FHNWAEYSWWIQVLLSTAKVHTGEERVGIT, 0.78
18066E13I171, FHNWAEYSWWIQHLLSTAKVHTGEERVGIT, 0.8
18066E14I175, LHNWAEYSWWIQHLLSTAKVHTGEERVGIT, 0.81
18066E15I180, LHNWAEESWWIQHLLSTAKVHTGEERVGIT, 0.82
18066E16I208, LHNWAEESWWIQHLLSTAKLHTGEERVGIT, 0.83
18066E17I211, LHNWAEESWWIQHLLLTAKLHTGEERVGIT, 0.84
18066E18I222, LHNWAEESWWIQHLLLTAFLHTGEERVGIT, 0.85
18066E19I229, WHNWAEESWWIQHLLLTAFLHTGEERVGIT, 0.86
18066E20I259, WHNWAEESWWIQHLLLTAFLHTWEERVGIT, 0.87
18066E21I266, WHNWAEESWWIQHLLLTAFLHTWEERVGIP, 0.88
18066E22I268, WHNWAEESWWIQHLLLTAFLHTWEERVGLP, 0.89
