8763E0I0, GVVRPEDNWHYFFFILTENSVYFQHVSPDY, 0.38
8763E1I1, GVVRPEDNWHYFFFILTENSVYFQHVHPDY, 0.41
8763E2I2, GVVRAEDNWHYFFFILTENSVYFQHVHPDY, 0.45
8763E3I8, GVVRAEDNWIYFFFILTENSVYFQHVHPDY, 0.47
8763E4I9, KVVRAEDNWIYFFFILTENSVYFQHVHPDY, 0.48
8763E5I12, KVVRAEDNWIYFFFILTENSVYFQHRHPDY, 0.49
8763E6I14, KVVTAEDNWIYFFFILTENSVYFQHRHPDY, 0.51
8763E7I20, KVVTAEDNWIYFFFILTENSVYFQHIHPDY, 0.53
8763E8I26, KVVTAEDNWIYFFHILTENSVYFQHIHPDY, 0.64
8763E9I29, KVVTAEPNWIYFFHILTENSVYFQHIHPDY, 0.71
8763E10I33, KVVTAEPNWIYFFHILTENSYYFQHIHPDY, 0.72
8763E11I35, KVVTAEPNWPYFFHILTENSYYFQHIHPDY, 0.74
8763E12I36, KVVTAEPNWPYFFHILTENSYQFQHIHPDY, 0.77
8763E13I48, KVWTAEPNWPYFFHILTENSYQFQHIHPDY, 0.79
8763E14I76, KVWTAEPNWPYFFHILTENSYQHQHIHPDY, 0.82
8763E15I85, KVWTAEPNWPYFFHILTENSYQHQHIHPNY, 0.86
8763E16I88, KVWTAEPNWPYFFHIQTENSYQHQHIHPNY, 0.88
8763E17I93, KVWTAEPNWPYFFHIQTESSYQHQHIHPNY, 0.9
8763E18I110, KVWTAEPNWFYFFHIQTESSYQHQHIHPNY, 0.92
