5910E0I0, PIKSRAATNSYPNVPYGFFYYHWLHQRADQ, 0.55
5910E1I3, PIKSRAATKSYPNVPYGFFYYHWLHQRADQ, 0.57
5910E2I4, PIKSYAATKSYPNVPYGFFYYHWLHQRADQ, 0.6
5910E3I9, PIKSYAATKSYPNVPYGFFYYHWRHQRADQ, 0.63
5910E4I11, PIKSYAATKSYPNVPYGFFYYHWRHSRADQ, 0.64
5910E5I14, PPKSYAATKSYPNVPYGFFYYHWRHSRADQ, 0.67
5910E6I17, PPKSYAATKSYPAVPYGFFYYHWRHSRADQ, 0.73
5910E7I27, PPKSYAATKSYPAVPYGFFYYHWRHHRADQ, 0.78
5910E8I32, PPKSYAATKSYPAVPYGFFYYHWRHHRADF, 0.79
5910E9I36, PPKSYAATKSYPAVPYGFFYIHWRHHRADF, 0.8
5910E10I66, PPKSYAATKSYPAVPGGFFYIHWRHHRADF, 0.81
5910E11I70, PPKSYAATKSYPAVPGGDFYIHWRHHRADF, 0.84
5910E12I80, PPKSYAATKSYPAVPGGDFYIHWRHHYADF, 0.86
5910E13I87, PPKSYAATKSYAAVPGGDFYIHWRHHYADF, 0.87
5910E14I123, EPKSYAATKSYAAVPGGDFYIHWRHHYADF, 0.88
5910E15I205, EPKSYAATKSYAAVPGGDFYIHWRHHWADF, 0.9
5910E16I238, EPKSYAATKSYAAVPGGDFHIHWRHHWADF, 0.92
5910E17I247, EVKSYAATKSYAAVPGGDFHIHWRHHWADF, 0.93
5910E18I296, AVKSYAATKSYAAVPGGDFHIHWRHHWADF, 0.94
