7646E0I0, KSRGNQSEPFQTRETQGSFWKTNHPFFNEE, 0.27
7646E1I1, KSRGNQSEPFQTRETQSSFWKTNHPFFNEE, 0.3
7646E2I2, KSRGNQSEPFQTRETQSSFWKTNHPFFNPE, 0.43
7646E3I3, KSRGNQSEPFQTRHTQSSFWKTNHPFFNPE, 0.44
7646E4I5, KSRGNQSEPFHTRHTQSSFWKTNHPFFNPE, 0.48
7646E5I9, KSRGNQSERFHTRHTQSSFWKTNHPFFNPE, 0.51
7646E6I23, KSRGNQSERFHTRHTQSSFWATNHPFFNPE, 0.61
7646E7I29, KSPGNQSERFHTRHTQSSFWATNHPFFNPE, 0.64
7646E8I31, KSPGNQSERFHTRPTQSSFWATNHPFFNPE, 0.65
7646E9I34, WSPGNQSERFHTRPTQSSFWATNHPFFNPE, 0.69
7646E10I41, WSPGNQSERFHTRPTQSSFWATNHPAFNPE, 0.71
7646E11I59, WSPGNQSERFHTRPTQSSFWAQNHPAFNPE, 0.74
7646E12I69, WSPGNQSERFHTRPTQSSFWAQNHPAFNPA, 0.76
7646E13I73, WSPGNQSERFHTRPTQSSFWAHNHPAFNPA, 0.78
7646E14I79, WSPGNQSERFHTRPTQSSFWAHWHPAFNPA, 0.79
7646E15I90, WSPGNQSERFHTPPTQSSFWAHWHPAFNPA, 0.81
7646E16I96, WSPGNQSRRFHTPPTQSSFWAHWHPAFNPA, 0.82
7646E17I101, WSPGNQSRRFHTPPTQSSFWAHWHPAFYPA, 0.83
7646E18I117, WSPGNQERRFHTPPTQSSFWAHWHPAFYPA, 0.84
7646E19I121, WSPGNQERRFHTPPTQSSIWAHWHPAFYPA, 0.88
7646E20I142, WSPGNQERFFHTPPTQSSIWAHWHPAFYPA, 0.89
7646E21I190, WSPNNQERFFHTPPTQSSIWAHWHPAFYPA, 0.9
7646E22I228, WSPNNQERFFHTPPTQSSYWAHWHPAFYPA, 0.91
7646E23I285, WSPNNQERFFHTPPTWSSYWAHWHPAFYPA, 0.93
7646E24I306, WSPNNQERFFHHPPTWSSYWAHWHPAFYPA, 0.95
