19608E0I0, VGPQVRGVKVTLLSGWLASRLYPDKTKGYY, 0.39
19608E1I1, VGPQVRGVKVTLLSGWLASRLYPDKTFGYY, 0.41
19608E2I8, VGPQVRGVKVPLLSGWLASRLYPDKTFGYY, 0.42
19608E3I9, VGPQVRGVKDPLLSGWLASRLYPDKTFGYY, 0.44
19608E4I20, VGPQVRFVKDPLLSGWLASRLYPDKTFGYY, 0.46
19608E5I26, VGPQVRFVKDPLLSGWLASRLYPDFTFGYY, 0.53
19608E6I38, VGPQVRFVKDPLLSGWLASRRYPDFTFGYY, 0.54
19608E7I39, VGPQVRFVKDPLLSGVLASRRYPDFTFGYY, 0.55
19608E8I42, VGPQVRFVKDPLLSGVLASRRYPGFTFGYY, 0.57
19608E9I43, VGPQVRFVKDPLLSGVLASRRYPGFTFTYY, 0.59
19608E10I46, VGSQVRFVKDPLLSGVLASRRYPGFTFTYY, 0.62
19608E11I52, VGSQVRFVKDPLLSWVLASRRYPGFTFTYY, 0.63
19608E12I55, VGSQVRFVKDPLLSWVLASRRYPGFTFTYG, 0.64
19608E13I58, VGSQVRFVKDPLLSWVLASDRYPGFTFTYG, 0.67
19608E14I61, VGSQSRFVKDPLLSWVLASDRYPGFTFTYG, 0.68
19608E15I75, VGSQSRFVKHPLLSWVLASDRYPGFTFTYG, 0.7
19608E16I80, VHSQSRFVKHPLLSWVLASDRYPGFTFTYG, 0.71
19608E17I92, VHSWSRFVKHPLLSWVLASDRYPGFTFTYG, 0.72
19608E18I97, VHSWSRFVKHPLLSWVLASDRYHGFTFTYG, 0.73
19608E19I122, VHGWSRFVKHPLLSWVLASDRYHGFTFTYG, 0.76
19608E20I148, VHYWSRFVKHPLLSWVLASDRYHGFTFTYG, 0.78
19608E21I172, AHYWSRFVKHPLLSWVLASDRYHGFTFTYG, 0.79
19608E22I174, AHYWSRFVKHPLLSWTLASDRYHGFTFTYG, 0.81
19608E23I191, AHYWSRFVKHPLPSWTLASDRYHGFTFTYG, 0.83
19608E24I254, AHYWSRFVKHPLPSWTLASDRYHHFTFTYG, 0.84
19608E25I306, AHYWSRFVKHPLPSWTLASDRYHWFTFTYG, 0.85
19608E26I307, AHYWSRFVKHPLPRWTLASDRYHWFTFTYG, 0.86
19608E27I374, AHYWSRFVKHPLPRWALASDRYHWFTFTYG, 0.87
