5509E0I0, KHYIQKQAGTWSALIDQDSFAFWGGLYWKG, 0.43
5509E1I1, KHYIQKQAGTWSALIRQDSFAFWGGLYWKG, 0.47
5509E2I9, YHYIQKQAGTWSALIRQDSFAFWGGLYWKG, 0.49
5509E3I14, YHYIQKQAGTWSARIRQDSFAFWGGLYWKG, 0.5
5509E4I16, YHYIQTQAGTWSARIRQDSFAFWGGLYWKG, 0.6
5509E5I17, YHYIQTQAGTWSARSRQDSFAFWGGLYWKG, 0.61
5509E6I28, YHYIQTQAGTWSARSRQDSFAFWGGLYWHG, 0.63
5509E7I31, YHYIQTQAGTWSARGRQDSFAFWGGLYWHG, 0.67
5509E8I37, QHYIQTQAGTWSARGRQDSFAFWGGLYWHG, 0.68
5509E9I39, QHYIQTQAGTWSARGRQDSFAFFGGLYWHG, 0.71
5509E10I45, QHYIQTYAGTWSARGRQDSFAFFGGLYWHG, 0.73
5509E11I49, QHYIQTYAGTWSARGRQWSFAFFGGLYWHG, 0.74
5509E12I54, QHYIQTYAGTWSAVGRQWSFAFFGGLYWHG, 0.76
5509E13I55, AHYIQTYAGTWSAVGRQWSFAFFGGLYWHG, 0.77
5509E14I58, AFYIQTYAGTWSAVGRQWSFAFFGGLYWHG, 0.79
5509E15I63, AFYIQTYAGTWSAHGRQWSFAFFGGLYWHG, 0.81
5509E16I94, AFYIQTYWGTWSAHGRQWSFAFFGGLYWHG, 0.82
5509E17I187, AFYIQTYWGTWSAHGRQWSFAFFGGLPWHG, 0.83
5509E18I204, AFYIQTYWGTWSAHGRQWSFAFFGGLPHHG, 0.84
5509E19I229, AFYIQTYWGTWRAHGRQWSFAFFGGLPHHG, 0.85
5509E20I235, AFYIQTYWGTWRYHGRQWSFAFFGGLPHHG, 0.86
5509E21I305, AFYIQTYWGTWRYHGRQWSFAFFPGLPHHG, 0.88
5509E22I327, AFYIQTYWHTWRYHGRQWSFAFFPGLPHHG, 0.9
