6996E0I0, VSTHVRYAPLEQYYIDWNQGSASPVHQGGN, 0.22
6996E1I2, VSTHVRYAPLEQYYIDWNQFSASPVHQGGN, 0.27
6996E2I3, VSTHVRYAPLEQYYIDWNQFVASPVHQGGN, 0.35
6996E3I7, VSTHVRYAPLEQYYIDWNQFWASPVHQGGN, 0.36
6996E4I11, VSTHVRYAPLKQYYIDWNQFWASPVHQGGN, 0.44
6996E5I14, VSTHVRYAPLKQYYIDWNQFWASPVHQWGN, 0.49
6996E6I18, VSTHVRYAPLKQYYIDWNQFWASPPHQWGN, 0.5
6996E7I19, VSTHVRYAPLKQYYADWNQFWASPPHQWGN, 0.51
6996E8I20, VGTHVRYAPLKQYYADWNQFWASPPHQWGN, 0.52
6996E9I21, VGTHVRYAPLKQYYADWNQFWASPPHQWGT, 0.55
6996E10I24, VGTHVRYAPLKQYYAFWNQFWASPPHQWGT, 0.61
6996E11I27, VGTHVRYAPLKQYYAFWNQFWASPPHTWGT, 0.63
6996E12I28, VGTHVRYAPLKQYYAFWNQTWASPPHTWGT, 0.66
6996E13I29, VGTHVRYAPLKSYYAFWNQTWASPPHTWGT, 0.7
6996E14I38, VGTHVRYAPLHSYYAFWNQTWASPPHTWGT, 0.74
6996E15I51, VGTHVRYAPLHSYLAFWNQTWASPPHTWGT, 0.75
6996E16I54, VGTHVRYAPLHSYLAFWNQTWASPPHTHGT, 0.76
6996E17I58, VGTHTRYAPLHSYLAFWNQTWASPPHTHGT, 0.77
6996E18I73, VGTHTRYAYLHSYLAFWNQTWASPPHTHGT, 0.79
6996E19I78, VGTHTRYAYLHSYLAFWAQTWASPPHTHGT, 0.81
6996E20I91, VGTHTRYAYLHSYLAFWAHTWASPPHTHGT, 0.82
6996E21I97, VGTHTRYAYLHSYLAFWAHTWAFPPHTHGT, 0.84
6996E22I136, VGTHTRYAYLHSYLAFAAHTWAFPPHTHGT, 0.85
6996E23I227, VGTHTRYAYLHSYLAFAPHTWAFPPHTHGT, 0.87
6996E24I232, VGTHTRYAYLHTYLAFAPHTWAFPPHTHGT, 0.88
6996E25I238, VGTHTRYWYLHTYLAFAPHTWAFPPHTHGT, 0.9
6996E26I253, VGTHSRYWYLHTYLAFAPHTWAFPPHTHGT, 0.91
6996E27I292, VGTHWRYWYLHTYLAFAPHTWAFPPHTHGT, 0.92
6996E28I321, VGTHWRYWYLHTYLAFAPHTWAFPWHTHGT, 0.93
6996E29I331, VGTHWRYWYLETYLAFAPHTWAFPWHTHGT, 0.94
