2266E0I0, EYYESRHHNYLYESGWAEYTYHRKRGPEQH, 0.44
2266E1I7, EYYESRHHNYLYESGWAEYTAHRKRGPEQH, 0.52
2266E2I8, EYYESRHHNYLYESGWAEYTAHRKRGAEQH, 0.54
2266E3I9, EYYESRHHNYLYESGWAEYTAHRKRGATQH, 0.64
2266E4I13, EYYESRHHNYLYESGWAEYTAHSKRGATQH, 0.65
2266E5I19, SYYESRHHNYLYESGWAEYTAHSKRGATQH, 0.68
2266E6I22, SYYESRHHNYLKESGWAEYTAHSKRGATQH, 0.69
2266E7I32, SYYISRHHNYLKESGWAEYTAHSKRGATQH, 0.7
2266E8I33, SYLISRHHNYLKESGWAEYTAHSKRGATQH, 0.71
2266E9I35, SYLISRHHNYLKESGWAEYTAHSKYGATQH, 0.72
2266E10I36, SYLISRHHNYLKESGWAEYTAHSPYGATQH, 0.77
2266E11I57, SYLESRHHNYLKESGWAEYTAHSPYGATQH, 0.8
2266E12I68, SYLESRHHNYLKESWWAEYTAHSPYGATQH, 0.81
2266E13I86, SYLESQHHNYLKESWWAEYTAHSPYGATQH, 0.82
2266E14I88, SYLESQHHNYLKHSWWAEYTAHSPYGATQH, 0.83
2266E15I113, SYLESQHHNYWKHSWWAEYTAHSPYGATQH, 0.86
2266E16I128, SYLESQHHNYWKHSWWAEPTAHSPYGATQH, 0.88
2266E17I137, SYLESQHHNYWKHSWWAEPTAHSPYGALQH, 0.89
2266E18I139, SYLESQHHNYWKHSWWAEPTAHSPYGAAQH, 0.9
2266E19I152, SYLESQHHNYWQHSWWAEPTAHSPYGAAQH, 0.92
2266E20I212, SYLESQHHNYWQHSWWAEPTAHHPYGAAQH, 0.93
2266E21I275, SYWESQHHNYWQHSWWAEPTAHHPYGAAQH, 0.95
2266E22I293, SYWESRHHNYWQHSWWAEPTAHHPYGAAQH, 0.96
