10228E0I0, WEAETRGTSVYHSWLFHHRDLIQHFYNLSW, 0.35
10228E1I3, WEAETRGTSVYHSWLFHHRDLIQHFRNLSW, 0.37
10228E2I5, WEAETRGTSVYHSWLFHHRDLIQHFRNLPW, 0.4
10228E3I11, WEAETRGESVYHSWLFHHRDLIQHFRNLPW, 0.48
10228E4I12, WEAETRGESVYHSWLAHHRDLIQHFRNLPW, 0.51
10228E5I13, WEAETRGESVYHSWLAHHRDLIQHFRNLPS, 0.52
10228E6I14, WEAETRGESVYHSWLAHPRDLIQHFRNLPS, 0.54
10228E7I17, WEAETRGESVYHSWLAHPRDLIQHIRNLPS, 0.56
10228E8I19, WEAETRGESVYHSWLAHPRDLIQHIRRLPS, 0.61
10228E9I28, WVAETRGESVYHSWLAHPRDLIQHIRRLPS, 0.65
10228E10I29, WVDETRGESVYHSWLAHPRDLIQHIRRLPS, 0.68
10228E11I38, WVDETRGESVYHSWLAHPRDLIQHLRRLPS, 0.69
10228E12I39, WVDETRGESVYHLWLAHPRDLIQHLRRLPS, 0.7
10228E13I57, WVDETRGDSVYHLWLAHPRDLIQHLRRLPS, 0.71
10228E14I67, WVDETRGDSVYHLWLAHPRDQIQHLRRLPS, 0.72
10228E15I70, WVDETRGDSVYHLWLLHPRDQIQHLRRLPS, 0.73
10228E16I79, WVDETRGDSVYHLWLLHPRDQIQHLRLLPS, 0.74
10228E17I86, WVDETRGDSVLHLWLLHPRDQIQHLRLLPS, 0.79
10228E18I88, WVDETRGDSVLHLWLLHPRDQIQHLRLRPS, 0.81
10228E19I96, WVDETRGDSVLHLWKLHPRDQIQHLRLRPS, 0.82
10228E20I100, WVDETRGDSVLHLWKLHHRDQIQHLRLRPS, 0.84
10228E21I129, WVDETRGDSHLHLWKLHHRDQIQHLRLRPS, 0.85
10228E22I163, HVDETRGDSHLHLWKLHHRDQIQHLRLRPS, 0.86
10228E23I172, HVDETRGDSHLHLWKLHHRDQIQHLRLRPW, 0.87
10228E24I188, HVDETRGDSHLHLWKLHHRDQVQHLRLRPW, 0.88
10228E25I194, HVDETRGDSHLHLWKLHHRDFVQHLRLRPW, 0.91
