12749E0I0, PVVALFIWIKWWPGQPEVEYRDDTFIGLAG, 0.44
12749E1I6, PVVALFIWISWWPGQPEVEYRDDTFIGLAG, 0.46
12749E2I8, PVVALFIWISWLPGQPEVEYRDDTFIGLAG, 0.47
12749E3I10, PVVALFIWISWLPGQPEVHYRDDTFIGLAG, 0.48
12749E4I11, PVVALFIWISWLPGAPEVHYRDDTFIGLAG, 0.51
12749E5I13, PVVALFIWISWLHGAPEVHYRDDTFIGLAG, 0.54
12749E6I15, PAVALFIWISWLHGAPEVHYRDDTFIGLAG, 0.55
12749E7I16, PARALFIWISWLHGAPEVHYRDDTFIGLAG, 0.56
12749E8I22, PARALFIWISWLHGAPIVHYRDDTFIGLAG, 0.58
12749E9I24, PARALFGWISWLHGAPIVHYRDDTFIGLAG, 0.6
12749E10I28, PARALFGWISWLHTAPIVHYRDDTFIGLAG, 0.61
12749E11I34, PARALFYWISWLHTAPIVHYRDDTFIGLAG, 0.66
12749E12I40, PARALFYWISWLHTAPIVHYRDDTFIGLHG, 0.69
12749E13I59, PARALTYWISWLHTAPIVHYRDDTFIGLHG, 0.73
12749E14I68, PAIALTYWISWLHTAPIVHYRDDTFIGLHG, 0.74
12749E15I75, PAIALTYWISWLHTAPIVHYRDDTFIGGHG, 0.75
12749E16I90, PAIALTYWISWLHTAPIVHYRDDTFHGGHG, 0.76
12749E17I93, PAIALTYWISWLHTAIIVHYRDDTFHGGHG, 0.77
12749E18I94, PAIALTYWISWLHTAIIVHPRDDTFHGGHG, 0.79
12749E19I96, PAIALTYWISWLQTAIIVHPRDDTFHGGHG, 0.8
12749E20I119, PAIALTYWISWLATAIIVHPRDDTFHGGHG, 0.82
12749E21I122, PAIALTYWSSWLATAIIVHPRDDTFHGGHG, 0.83
