2689E0I0, GAFWQRVTVVPPVHAYPTKTNQKSGLFQYQ, 0.38
2689E1I1, GAFWQRVTVVPPVHAYPTKTNQKSGHFQYQ, 0.47
2689E2I8, GAFWNRVTVVPPVHAYPTKTNQKSGHFQYQ, 0.49
2689E3I14, GAFWNRVTVVPPVHAYPTKTNQKSGHVQYQ, 0.5
2689E4I21, GAFWNRVTVVPPVHAYPTHTNQKSGHVQYQ, 0.56
2689E5I22, GAFWNRVTVVPPFHAYPTHTNQKSGHVQYQ, 0.58
2689E6I23, GAFWNRVTVVPPFHAYPTHRNQKSGHVQYQ, 0.59
2689E7I27, GAFDNRVTVVPPFHAYPTHRNQKSGHVQYQ, 0.61
2689E8I34, GAFDNRVTVVPPFHAYPTHRNQKSGHVQYR, 0.62
2689E9I35, GAFDNRVTVVPPFHAYPTHRNHKSGHVQYR, 0.64
2689E10I45, GAFDNRHTVVPPFHAYPTHRNHKSGHVQYR, 0.67
2689E11I49, GAFDNRHTVVPPFHAHPTHRNHKSGHVQYR, 0.68
2689E12I52, GAFDNRHTVVPPFHAHATHRNHKSGHVQYR, 0.72
2689E13I57, GHFDNRHTVVPPFHAHATHRNHKSGHVQYR, 0.73
2689E14I59, GHFDNRHTVVPPFHAHATHRNHKSGHVQYW, 0.75
2689E15I78, GHFDNRHTVVPPFHAHATHNNHKSGHVQYW, 0.76
2689E16I85, GHFDNRHTVVPPFHAHTTHNNHKSGHVQYW, 0.77
2689E17I100, GHFDNRHTVVPPFHYHTTHNNHKSGHVQYW, 0.78
2689E18I105, GHFDNRHTVVPPFHYHPTHNNHKSGHVQYW, 0.79
2689E19I119, GHFDNRHTVVPPFHYHPTHNNHKSGHIQYW, 0.81
2689E20I134, GHFDNRHTFVPPFHYHPTHNNHKSGHIQYW, 0.86
2689E21I139, GHFHNRHTFVPPFHYHPTHNNHKSGHIQYW, 0.88
2689E22I153, GHFHNRHTFVPPFHTHPTHNNHKSGHIQYW, 0.89
2689E23I165, GHFHNRHTFVPPFHTHPTHNNHKSGHIQHW, 0.92
2689E24I193, GHFHNRHTFVPPFHTHPTHNGHKSGHIQHW, 0.93
2689E25I266, GHFHNRHTFVPPFHTHPTHNGHKSGHIQHI, 0.95
2689E26I313, GHFHNRHTFVPPFHTHPTHNGWKSGHIQHI, 0.96
