18884E0I0, YDNIHEHPFYYKSSNKQNDHDFTGTKNIGK, 0.27
18884E1I1, YLNIHEHPFYYKSSNKQNDHDFTGTKNIGK, 0.3
18884E2I6, YLNIHEHPFYYKSVNKQNDHDFTGTKNIGK, 0.32
18884E3I12, YLNIHEHPFYYKSVNKQNDHDFTHTKNIGK, 0.37
18884E4I13, YLNIHEHPSYYKSVNKQNDHDFTHTKNIGK, 0.38
18884E5I18, YLNIHEHPSYYKSVNIQNDHDFTHTKNIGK, 0.43
18884E6I20, YLNIHEHPSYYKSVNIQNSHDFTHTKNIGK, 0.48
18884E7I24, YLNIHEHPSYYKTVNIQNSHDFTHTKNIGK, 0.49
18884E8I26, YNNIHEHPSYYKTVNIQNSHDFTHTKNIGK, 0.54
18884E9I44, YNNISEHPSYYKTVNIQNSHDFTHTKNIGK, 0.55
18884E10I46, YNNISEHPSYYKWVNIQNSHDFTHTKNIGK, 0.57
18884E11I48, YNNISEHPSYYKWVNIQNSHDFTHTENIGK, 0.61
18884E12I54, YNNIVEHPSYYKWVNIQNSHDFTHTENIGK, 0.65
18884E13I82, YNNIVEHPSYYKWVNIQNSADFTHTENIGK, 0.67
18884E14I92, YNNIVHHPSYYKWVNIQNSADFTHTENIGK, 0.71
18884E15I107, YNNIVHHPSYYKWVNIQNYADFTHTENIGK, 0.72
18884E16I159, PNNIVHHPSYYKWVNIQNYADFTHTENIGK, 0.73
18884E17I163, PNNIVHHPSYYKWENIQNYADFTHTENIGK, 0.74
18884E18I189, PNNIVHHPSYYKWENIQNYATFTHTENIGK, 0.75
18884E19I201, PNNIVHHPSYWKWENIQNYATFTHTENIGK, 0.79
18884E20I225, PNNIVHHPSYWKWENIQNYNTFTHTENIGK, 0.8
18884E21I234, PNNIVHHPSYWKWENIQNYWTFTHTENIGK, 0.82
18884E22I252, PNNIVHHPSYWKWENIQWYWTFTHTENIGK, 0.83
18884E23I270, PHNIVHHPSYWKWENIQWYWTFTHTENIGK, 0.86
18884E24I313, PHNIVHHPSYWKWENIQWYWTFTHTEHIGK, 0.87
18884E25I352, PHNIVHHPSYWKWENIQWYWTFTHTAHIGK, 0.89
18884E26I358, PHNIVHHPSYWKWENIQWYWTFHHTAHIGK, 0.9
18884E27I396, PHNIVHHPSYWKWEHIQWYWTFHHTAHIGK, 0.91
18884E28I398, PHNIVHHPSYWKWAHIQWYWTFHHTAHIGK, 0.93
18884E29I399, PHNIVHHPSYWKWAHIQWYWTFHHTAHIGG, 0.94
18884E30I406, PHNIVHHPSYWKWAHIQWYWRFHHTAHIGG, 0.95
18884E31I434, PHNIVHHPSYWKWAHIQEYWRFHHTAHIGG, 0.96
18884E32I441, PHNIVHHPSYWKLAHIQEYWRFHHTAHIGG, 0.97
