15595E0I0, GKIHSDPGQEEIRTTIFIGHKEDTATDSQK, 0.31
15595E1I3, GKIHSDPGQEEISTTIFIGHKEDTATDSQK, 0.34
15595E2I4, GKIHSDPGQEEISTTIFIGHKADTATDSQK, 0.41
15595E3I6, GKIHSDPGQEEISTTIFIGHKADTAYDSQK, 0.42
15595E4I7, GKIHSDPGQEEISTTIFIGHPADTAYDSQK, 0.51
15595E5I8, GKIHSDPGQEEISTNIFIGHPADTAYDSQK, 0.52
15595E6I9, GKIHSDPGQEEISTNIFIGHPADTAYDSQI, 0.59
15595E7I11, GIIHSDPGQEEISTNIFIGHPADTAYDSQI, 0.62
15595E8I13, GIIHSDPGQEEISPNIFIGHPADTAYDSQI, 0.67
15595E9I16, GIIHSDPGQEEISPNIFIGHPADTHYDSQI, 0.68
15595E10I18, GIVHSDPGQEEISPNIFIGHPADTHYDSQI, 0.7
15595E11I34, GIVHSDRGQEEISPNIFIGHPADTHYDSQI, 0.73
15595E12I38, GIVHSDRGQEEISPNIFIGHPADTHYKSQI, 0.74
15595E13I41, GIVHSDRGQEEISPNIQIGHPADTHYKSQI, 0.79
15595E14I62, GIVHSDRGQEEISPNIQIGHPADTHYKSQH, 0.8
15595E15I70, GIVHSDRGQEEISPYIQIGHPADTHYKSQH, 0.81
15595E16I79, GIVHSDRGQEEIKPYIQIGHPADTHYKSQH, 0.82
15595E17I80, GIVHSDRGQEEIKPYIQIGHPADTHYWSQH, 0.83
15595E18I96, GIVHSDRGQEEIKPYIQIGHPADRHYWSQH, 0.85
15595E19I102, GIHHSDRGQEEIKPYIQIGHPADRHYWSQH, 0.86
