17143E0I0, HFTQSKFGPTNYQDGSDVEFAGVSPHLWSQ, 0.42
17143E1I3, HFTQSKFGPTNYQDGSDVEFAGDSPHLWSQ, 0.53
17143E2I15, HFTQSKFGPTNYQDGSDVEFAGESPHLWSQ, 0.54
17143E3I16, HFTQSKFHPTNYQDGSDVEFAGESPHLWSQ, 0.55
17143E4I20, HFTQSKFHPTNYQDGSDVEFAGESPSLWSQ, 0.56
17143E5I40, AFTQSKFHPTNYQDGSDVEFAGESPSLWSQ, 0.6
17143E6I42, AFTQSKFHPTNYQDGSIVEFAGESPSLWSQ, 0.61
17143E7I43, AFTQSKFHPTNYQDGSIREFAGESPSLWSQ, 0.62
17143E8I58, AFTQSKFHPTNYQDGSIREFAGESPSLPSQ, 0.63
17143E9I62, AFTQSKFHPTNYQDGSIREFAGESPSLPNQ, 0.65
17143E10I74, AFTQSKFHPTNYQVGSIREFAGESPSLPNQ, 0.66
17143E11I78, AFTQSKFHPTNYQVGSIPEFAGESPSLPNQ, 0.67
17143E12I84, AFVQSKFHPTNYQVGSIPEFAGESPSLPNQ, 0.69
17143E13I85, AFVQSKFHPQNYQVGSIPEFAGESPSLPNQ, 0.75
17143E14I123, AFVESKFHPQNYQVGSIPEFAGESPSLPNQ, 0.76
17143E15I124, AFVESKFHPQNYQVGSIPEFAGESPSHPNQ, 0.77
17143E16I131, AFVESYFHPQNYQVGSIPEFAGESPSHPNQ, 0.78
17143E17I133, AFVESYFHPQNYQVGSIPEFAGESPFHPNQ, 0.8
17143E18I166, AFVESYFHPQNYQVGHIPEFAGESPFHPNQ, 0.82
17143E19I173, AFVESYFHPQNYQVGHIPEFAGERPFHPNQ, 0.83
17143E20I185, AFVESYFHFQNYQVGHIPEFAGERPFHPNQ, 0.84
17143E21I194, AFVESYFHNQNYQVGHIPEFAGERPFHPNQ, 0.89
17143E22I222, AFVESYFHNQEYQVGHIPEFAGERPFHPNQ, 0.91
17143E23I267, AFVESYFHNQEYQVGHIPEFADERPFHPNQ, 0.92
17143E24I287, AFVESYFHNQEYQVGHIPEWADERPFHPNQ, 0.93
17143E25I307, AFVESYFHNQEYQVGHIPEWADERPTHPNQ, 0.94
17143E26I324, AFVKSYFHNQEYQVGHIPEWADERPTHPNQ, 0.95
17143E27I328, AFVKSYFHNQEYQVGHIPEWADRRPTHPNQ, 0.97
17143E28I427, AFVKSYFHNQEYQHGHIPEWADRRPTHPNQ, 0.98
