5870E0I0, VQNQLSDWIWAFLEEGQFILGSVNIYPGDN, 0.22
5870E1I1, VQNQLSDWIWAFLEEGQFILGSVNIYPNDN, 0.25
5870E2I2, VQNQLSDIIWAFLEEGQFILGSVNIYPNDN, 0.28
5870E3I3, VQNQLSDIIWAFLEEGQFINGSVNIYPNDN, 0.31
5870E4I6, VQNQLSDIIWAFLEELQFINGSVNIYPNDN, 0.32
5870E5I7, VQNQLSDIIWAFLEEIQFINGSVNIYPNDN, 0.36
5870E6I9, VQNQLSDIIWAFLEEIQFINGSVNIYPNDL, 0.39
5870E7I10, VQNQLSDIIWAFLEEIQFINYSVNIYPNDL, 0.41
5870E8I12, VQNQLSDRIWAFLEEIQFINYSVNIYPNDL, 0.44
5870E9I16, VQNQLSDRIWAFLTEIQFINYSVNIYPNDL, 0.48
5870E10I18, VQNQKSDRIWAFLTEIQFINYSVNIYPNDL, 0.53
5870E11I27, VANQKSDRIWAFLTEIQFINYSVNIYPNDL, 0.54
5870E12I28, VANQKSDRIWAFLTEIQFINYSVQIYPNDL, 0.57
5870E13I31, VANQKSDRIWAFLTEIQFINYSDQIYPNDL, 0.58
5870E14I52, VANQKSDRIWAFLTEIQFINYSDQILPNDL, 0.6
5870E15I58, VANQKSDRIWAFLTEIQFPNYSDQILPNDL, 0.65
5870E16I80, VAVQKSDRIWAFLTEIQFPNYSDQILPNDL, 0.67
5870E17I83, VAVQKSDRIWAFLTEIQFPNYSDQHLPNDL, 0.69
5870E18I91, VAVFKSDRIWAFLTEIQFPNYSDQHLPNDL, 0.72
5870E19I94, VAVFKSDRIWAFLTEIQFHNYSDQHLPNDL, 0.79
5870E20I103, VAVFKSDRIWAFLTEIQFHNYSDQHLPNRL, 0.8
5870E21I137, VAVFKSDRIWAFLTEIQFHNYSDQHLPNRF, 0.82
5870E22I202, VAVFKSDRIWAFLTEIVFHNYSDQHLPNRF, 0.84
5870E23I234, VAVFKSDRSWAFLTEIVFHNYSDQHLPNRF, 0.88
