17369E0I0, KAQRSTKYWQQEGDPWQFTVAEKWGGWHNK, 0.48
17369E1I3, KAQRSTHYWQQEGDPWQFTVAEKWGGWHNK, 0.5
17369E2I4, KAQISTHYWQQEGDPWQFTVAEKWGGWHNK, 0.56
17369E3I7, KAQISTHYWQQEGDPWRFTVAEKWGGWHNK, 0.58
17369E4I9, KAQISTHYWQQEGDPWRHTVAEKWGGWHNK, 0.59
17369E5I18, KAQISTHYWQQEGDPWRHTVAEKWGGWHVK, 0.62
17369E6I19, KAQISTHYWQQEGDPWRHTVAEKKGGWHVK, 0.63
17369E7I24, KAQISTHYWQQEPDPWRHTVAEKKGGWHVK, 0.66
17369E8I28, KAQISVHYWQQEPDPWRHTVAEKKGGWHVK, 0.67
17369E9I31, KAQISVHYWQQTPDPWRHTVAEKKGGWHVK, 0.68
17369E10I41, KAQISVHYWQQTPDPWRHTKAEKKGGWHVK, 0.72
17369E11I43, KAQISVHYWQQTHDPWRHTKAEKKGGWHVK, 0.74
17369E12I53, KAQISVHYWQQTHDPWRHTKAEKKGEWHVK, 0.76
17369E13I75, KAQISVHYWIQTHDPWRHTKAEKKGEWHVK, 0.77
17369E14I104, KAQISVHYWIQTHDPWRHWKAEKKGEWHVK, 0.78
17369E15I144, KAQISVHYWIQTWDPWRHWKAEKKGEWHVK, 0.81
17369E16I155, KAQISVHYWIQTWDPWRHWKAPKKGEWHVK, 0.82
17369E17I199, KAQISVHYWIQTWDPWRHWKAKKKGEWHVK, 0.83
17369E18I272, KAQISVHYWIQTWDPWFHWKAKKKGEWHVK, 0.85
17369E19I367, KAQISVHYWIQTWDPWFHWKAKKKGSWHVK, 0.86
17369E20I372, KAQISVHYWIQTWDPWFHWKAKKAGSWHVK, 0.87
17369E21I379, KAQISWHYWIQTWDPWFHWKAKKAGSWHVK, 0.88
17369E22I409, KAQISWHYWIQTWDPWFHWKAKKAGSWHVH, 0.89
17369E23I418, KAQIVWHYWIQTWDPWFHWKAKKAGSWHVH, 0.9
17369E24I435, KAQIVWHYWIQTWDYWFHWKAKKAGSWHVH, 0.92
17369E25I444, KAQIVWHYWIQTWDYWFHWKAKKAGSWIVH, 0.94
