9864E0I0, WFNENEVKRYEFVRSVRQGNSEHVPWWTNW, 0.39
9864E1I9, WFNENEVKRQEFVRSVRQGNSEHVPWWTNW, 0.42
9864E2I13, WFNENEVKRQEFVRSVRQGNSEHVKWWTNW, 0.43
9864E3I14, WFNENEVKRQEFVRSVRQGNSEHVKWWRNW, 0.46
9864E4I24, WFNENEVKRQEFVRSVRQGNSEHVKWARNW, 0.47
9864E5I30, WFNENEVKRQEFVRSVRQGNSEHVYWARNW, 0.48
9864E6I33, WFNENEVKRQEFVRSVRQLNSEHVYWARNW, 0.49
9864E7I40, WFNENEVKRQEFVRSVRQLNEEHVYWARNW, 0.51
9864E8I51, WHNENEVKRQEFVRSVRQLNEEHVYWARNW, 0.52
9864E9I53, WHNENEVKLQEFVRSVRQLNEEHVYWARNW, 0.54
9864E10I57, WHNENEVKLQEFVRSVRQHNEEHVYWARNW, 0.59
9864E11I59, WHNENEVKLQEFVRSVRQHNEEHVYWARNA, 0.64
9864E12I65, AHNENEVKLQEFVRSVRQHNEEHVYWARNA, 0.67
9864E13I95, AHNENEVKLQEFVRSVRQHNEEHVYWAENA, 0.69
9864E14I111, AHNENEVHLQEFVRSVRQHNEEHVYWAENA, 0.7
9864E15I115, AHNENHVHLQEFVRSVRQHNEEHVYWAENA, 0.73
9864E16I121, AHNENHVHLQEFVRSVRQHNEEHRYWAENA, 0.74
9864E17I125, AHNENHVHLQEFVRSVRQHNENHRYWAENA, 0.76
9864E18I132, AHNENHVHLQEFVRSVRQHNETHRYWAENA, 0.77
9864E19I159, AHNENHVHLQEFVRIVRQHNETHRYWAENA, 0.78
9864E20I163, AHNENHVHLQEFVRFVRQHNETHRYWAENA, 0.79
9864E21I164, AHNENHVHLQEFVRFVRQHNETHWYWAENA, 0.8
9864E22I182, AHNENHVHLQEFVRFVRQHNEHHWYWAENA, 0.83
9864E23I217, AHNENHVHLQEFVRFVRQHNEHHWYWPENA, 0.84
9864E24I244, AHNENHVHSQEFVRFVRQHNEHHWYWPENA, 0.85
9864E25I272, AHNENHVHSQEFVNFVRQHNEHHWYWPENA, 0.86
9864E26I288, AHNENHVHSQEFVNEVRQHNEHHWYWPENA, 0.87
9864E27I375, AHNENHVHSQEFVNEVRQHNTHHWYWPENA, 0.88
