13872E0I0, DIDTNFIPDNIETLNNNTEVQVKAEQDFIV, 0.29
13872E1I2, DIDTNFIPDLIETLNNNTEVQVKAEQDFIV, 0.33
13872E2I3, DIDTNFIPDLIETLNNNTEVQVKAEQTFIV, 0.35
13872E3I8, DIDTNFIPDLIETLNNNTEVQVYAEQTFIV, 0.38
13872E4I12, DIDTNFIPDLIETLNNNTEVQVYAFQTFIV, 0.45
13872E5I26, DRDTNFIPDLIETLNNNTEVQVYAFQTFIV, 0.48
13872E6I30, DRDFNFIPDLIETLNNNTEVQVYAFQTFIV, 0.49
13872E7I34, DRDFNFIPDLIEFLNNNTEVQVYAFQTFIV, 0.51
13872E8I36, DRDFNFIPDLIEFLYNNTEVQVYAFQTFIV, 0.52
13872E9I42, DRDFNFIPDLIEFLYNNTEVQDYAFQTFIV, 0.54
13872E10I52, DRDFNFIPDLIEFLYNNTEVQDYAFHTFIV, 0.6
13872E11I57, DRDFNFIPDLIEFLYNNTEVGDYAFHTFIV, 0.63
13872E12I58, DRDFNFIPDLIEFLYNNTEVGHYAFHTFIV, 0.65
13872E13I59, DRDFNFISDLIEFLYNNTEVGHYAFHTFIV, 0.66
13872E14I71, DRDFNFISDLIEFLYNNTEVGHYAFLTFIV, 0.69
13872E15I73, DSDFNFISDLIEFLYNNTEVGHYAFLTFIV, 0.72
13872E16I87, DSDPNFISDLIEFLYNNTEVGHYAFLTFIV, 0.74
13872E17I91, DSDPNFISDLIEFLYNNTEVGHTAFLTFIV, 0.76
13872E18I106, DSDPNFISDLIEFLYNNTEVQHTAFLTFIV, 0.79
13872E19I171, DSDPNFISDLIEFLYNNTEWQHTAFLTFIV, 0.8
