11240E0I0, TIWFPRSFLKHTKLNSYKYRKIAYVDWTLW, 0.31
11240E1I2, TIWFPRSFLKHTKLNSYKYRKIEYVDWTLW, 0.33
11240E2I5, TIWFPRSFLKHTKKNSYKYRKIEYVDWTLW, 0.36
11240E3I6, TIWFPRSFLKHTKKNSYKLRKIEYVDWTLW, 0.41
11240E4I7, HIWFPRSFLKHTKKNSYKLRKIEYVDWTLW, 0.43
11240E5I11, HIWFPRKFLKHTKKNSYKLRKIEYVDWTLW, 0.44
11240E6I14, HKWFPRKFLKHTKKNSYKLRKIEYVDWTLW, 0.48
11240E7I15, HKWFPTKFLKHTKKNSYKLRKIEYVDWTLW, 0.52
11240E8I19, HKWFPTKFLKHTKKNSYKLRKIEYVDWTHW, 0.54
11240E9I22, HKWFPTKFLKHTKKNSWKLRKIEYVDWTHW, 0.58
11240E10I33, HKWFPTKFLKHTKKNSWKLRKIEYVPWTHW, 0.62
11240E11I35, HKWFPTTFLKHTKKNSWKLRKIEYVPWTHW, 0.68
11240E12I38, HKWFPTTFLKHTKKNSWKLRKIEYVPHTHW, 0.7
11240E13I94, FKWFPTTFLKHTKKNSWKLRKIEYVPHTHW, 0.72
11240E14I95, FKWFPTTFLKHYKKNSWKLRKIEYVPHTHW, 0.73
11240E15I145, FKWFPTTFLKHYKKNSWKLRKIEYVPHTLW, 0.74
11240E16I238, FKWFPTTFLKHYKKNSWKLRSIEYVPHTLW, 0.76
