17631E0I0, HKDTIFFPEAFLKRWETQGVLYFKRHPPDN, 0.44
17631E1I7, NKDTIFFPEAFLKRWETQGVLYFKRHPPDN, 0.45
17631E2I9, NKDTIFFPEAFLKRWETNGVLYFKRHPPDN, 0.48
17631E3I10, NKDTIFFPEAFLKRWHTNGVLYFKRHPPDN, 0.49
17631E4I11, NKDTIFFPWAFLKRWHTNGVLYFKRHPPDN, 0.52
17631E5I17, NKDTIFFPWAFLKRWHTNGVLYFKRHPPDQ, 0.55
17631E6I18, NKWTIFFPWAFLKRWHTNGVLYFKRHPPDQ, 0.57
17631E7I23, NKWNIFFPWAFLKRWHTNGVLYFKRHPPDQ, 0.59
17631E8I26, NKWNIFFPWAFLKRWHTNGVTYFKRHPPDQ, 0.61
17631E9I28, NKWKIFFPWAFLKRWHTNGVTYFKRHPPDQ, 0.64
17631E10I36, NKWKIFFPWAFLKRHHTNGVTYFKRHPPDQ, 0.65
17631E11I40, NKWKIFFPWAFLKRHHTNGVTYFKRHPPWQ, 0.69
17631E12I44, NKWKIFFPWAFLKRHHTNGVTYFKRHPYWQ, 0.72
17631E13I52, NKWKIFFPWADLKRHHTNGVTYFKRHPYWQ, 0.73
17631E14I54, NKWKIFFPWADLKRHHTNGVTYFKRHWYWQ, 0.75
17631E15I61, NKWKIFFPWADLKRHHTHGVTYFKRHWYWQ, 0.77
17631E16I72, NKWKIYFPWADLKRHHTHGVTYFKRHWYWQ, 0.81
17631E17I83, NKWKIYFPWADLKRHHTYGVTYFKRHWYWQ, 0.82
17631E18I85, YKWKIYFPWADLKRHHTYGVTYFKRHWYWQ, 0.85
17631E19I100, YKWKIYSPWADLKRHHTYGVTYFKRHWYWQ, 0.86
17631E20I103, FKWKIYSPWADLKRHHTYGVTYFKRHWYWQ, 0.87
17631E21I111, FKWKIYSPWADPKRHHTYGVTYFKRHWYWQ, 0.91
17631E22I158, FKWKIYSPWADPKRHHTYGVTYFKLHWYWQ, 0.92
17631E23I160, FKWKIYSPWADPKRHHTYWVTYFKLHWYWQ, 0.95
17631E24I191, FKWKIYSPWADPKRHHTYWVTYFKLHWRWQ, 0.98
