291E0I0, AIHYVWRLTPGNKGGENEFTFFARNIVQTL, 0.42
291E1I1, AIHYVWRLTPGNKGGENEFTFFARNQVQTL, 0.41
291E2I2, AIHYVWRKTPGNKGGENEFTFFARNQVQTL, 0.37
291E3I6, AIHYVWRKTPGNKGGENEFTFFARNQRQTL, 0.36
291E4I8, AIHYVERKTPGNKGGENEFTFFARNQRQTL, 0.35
291E5I17, AIHYVERKTPGNKGGENEFTFFARNQRQNL, 0.34
291E6I20, AIHYVERKTPGNKGGENEFTFGARNQRQNL, 0.31
291E7I21, ASHYVERKTPGNKGGENEFTFGARNQRQNL, 0.29
291E8I28, ASHYVERKTPGNKGGLNEFTFGARNQRQNL, 0.27
291E9I30, ASHYVERKTPGNEGGLNEFTFGARNQRQNL, 0.22
291E10I33, ASHYVERKTPGNEGGLNVFTFGARNQRQNL, 0.2
291E11I37, ASHYVERKTPGNEGGLNVFTFGARNQRQSL, 0.18
291E12I49, ASHYVERKTPGNEGGLNVYTFGARNQRQSL, 0.17
291E13I60, ASHYVERKTPGNEGGLDVYTFGARNQRQSL, 0.15
291E14I66, ASHYVPRKTPGNEGGLDVYTFGARNQRQSL, 0.14
291E15I67, ASHYVPRKTPGNEGGLEVYTFGARNQRQSL, 0.12
291E16I69, ASHYVPRKTPGNEGGLEVYTNGARNQRQSL, 0.09
291E17I107, ASHYVPRKTPGNEGGLEVYTNGARNQRQSA, 0.08
291E18I128, ASHYVPRKTPGNEGGLEVYTNSARNQRQSA, 0.06
