100E0I0, YNWNVLQFDQPPRVAESIVYVHGDFKRTYP, 0.27
100E1I2, YNWNVLQFDQPPRVAESIVYVHGDFKRTYL, 0.24
100E2I12, YNWNVLQFDQPPRVAESIVYVHGDDKRTYL, 0.23
100E3I16, YNWNVLQFRQPPRVAESIVYVHGDDKRTYL, 0.22
100E4I20, YNWNVLQFRQPPRVAESIVYVHGDNKRTYL, 0.16
100E5I23, YFWNVLQFRQPPRVAESIVYVHGDNKRTYL, 0.14
100E6I32, YFWNVLQFRQPPRVAESIVYVHGDNKRTYD, 0.13
100E7I41, YFWNVLQFRQPPRVAEDIVYVHGDNKRTYD, 0.12
100E8I51, YFWNVLQFRQPPRVANDIVYVHGDNKRTYD, 0.1
100E9I56, YFWNVLVFRQPPRVANDIVYVHGDNKRTYD, 0.07
100E10I76, YFWNVLVFRQPPRVDNDIVYVHGDNKRTYD, 0.06
100E11I91, YFWNVLVFRQPRRVDNDIVYVHGDNKRTYD, 0.05
100E12I158, YFWNVLVFRQPRRVDNDIVYVSGDNKRTYD, 0.04
100E13I199, YFWNVLVFRQPIRVDNDIVYVSGDNKRTYD, 0.03
100E14I227, YFWNVLVYRQPIRVDNDIVYVSGDNKRTYD, 0.01
