399E0I0, PVKDNEQWNRFYIDHDDSLSSANRNIWHPN, 0.29
399E1I5, PVKDNEQWNRFYIDHDDSLSSANRSIWHPN, 0.27
399E2I11, PVKDNEQWNRFYADHDDSLSSANRSIWHPN, 0.26
399E3I12, PVKDNEQWNRFYADHDDSLSSANRSIWHRN, 0.24
399E4I14, PVKDNEQWNRFYADHDDSLSSANRSIWTRN, 0.23
399E5I17, PVADNEQWNRFYADHDDSLSSANRSIWTRN, 0.2
399E6I18, PVADNEQWNRFYADHDRSLSSANRSIWTRN, 0.19
399E7I26, PVADNEQWNRFYADHDRSLSSANRSIWTRS, 0.18
399E8I29, PVAKNEQWNRFYADHDRSLSSANRSIWTRS, 0.17
399E9I41, PVAKNEQWNRTYADHDRSLSSANRSIWTRS, 0.13
399E10I47, PVAKNEQWNRTYADHDRSLSSNNRSIWTRS, 0.11
399E11I51, PVAKNEQWNRTYADHDRSLSSYNRSIWTRS, 0.1
399E12I106, PVAKNEQWNRTYADHDRSLSSYNRSIWTRQ, 0.08
399E13I134, PVAKNEQWNRTYADHDRSLSSYNQSIWTRQ, 0.06
399E14I169, PVAKNEQWNRTYADHDRSLSSYNQSNWTRQ, 0.05
399E15I249, PVAKNEQWNRTYNDHDRSLSSYNQSNWTRQ, 0.04
399E16I340, PVAKNEQWNRTYNDHDLSLSSYNQSNWTRQ, 0.03
399E17I375, PVAKNEQWNRTYNDHDLELSSYNQSNWTRQ, 0.02
