433E0I0, DHVFADRWSEYEHHNWKDNLSDLYQFQHNP, 0.5
433E1I1, DHVFYDRWSEYEHHNWKDNLSDLYQFQHNP, 0.45
433E2I2, DHVFYDRWSEYEHHNWKDNKSDLYQFQHNP, 0.44
433E3I4, DHVFYDRWSEYEHYNWKDNKSDLYQFQHNP, 0.41
433E4I5, DHVFYDRWSELEHYNWKDNKSDLYQFQHNP, 0.4
433E5I6, DHVFYDRWSELEHYNWKDNLSDLYQFQHNP, 0.39
433E6I10, DHVFYDRWEELEHYNWKDNLSDLYQFQHNP, 0.37
433E7I14, DHVQYDRWEELEHYNWKDNLSDLYQFQHNP, 0.36
433E8I15, DHVQYDRWEELEHYNWKTNLSDLYQFQHNP, 0.34
433E9I24, DHVQYDRWEELEHYNWKTNLSDLYQFQHFP, 0.3
433E10I26, DHVQYDRWEELERYNWKTNLSDLYQFQHFP, 0.29
433E11I32, DHVQYDRWEELERYNWKTNDSDLYQFQHFP, 0.26
433E12I38, DHVQYDRWEELERYNWKTNDPDLYQFQHFP, 0.25
433E13I47, DHVQYDRWEELERYNWKTNDPDLYQFQIFP, 0.24
433E14I51, DHVQYDRWEELERYNWKTNDHDLYQFQIFP, 0.23
433E15I71, DHVQYDRWGELERYNWKTNDHDLYQFQIFP, 0.2
433E16I72, DHVQYDRWGELERYNWKTNDWDLYQFQIFP, 0.19
433E17I75, DHVQYDRWGELERYNWKTNDWDLYGFQIFP, 0.18
433E18I79, DHVQYDRWFELERYNWKTNDWDLYGFQIFP, 0.14
433E19I83, DHVQYDRWFELERKNWKTNDWDLYGFQIFP, 0.11
433E20I91, DHVQYDRWFELERKNWKTNRWDLYGFQIFP, 0.1
433E21I118, DHVQYDRWFELEQKNWKTNRWDLYGFQIFP, 0.06
433E22I197, DGVQYDRWFELEQKNWKTNRWDLYGFQIFP, 0.05
433E23I229, EGVQYDRWFELEQKNWKTNRWDLYGFQIFP, 0.03
