124E0I0, WFQAISTPQPHDHWIIAPARHELKDKTWTT, 0.36
124E1I3, WEQAISTPQPHDHWIIAPARHELKDKTWTT, 0.28
124E2I5, WEQAISTPQPIDHWIIAPARHELKDKTWTT, 0.26
124E3I6, WEQAISTPQPGDHWIIAPARHELKDKTWTT, 0.25
124E4I11, WEQAISTPQPGDHWIIAPARFELKDKTWTT, 0.17
124E5I12, WEQAISTPQPGDHWIIAPWRFELKDKTWTT, 0.16
124E6I16, WEQAISTPQPGDHDIIAPWRFELKDKTWTT, 0.13
124E7I34, WEQAISTPQPGDHDIIAPWRFELKDKTWTD, 0.12
124E8I44, WEQAISTPQPGDHDIIAPWRFELKDKEWTD, 0.09
124E9I51, WEQAISTPQPGDHDYIAPWRFELKDKEWTD, 0.07
124E10I64, WEQAISTPQPGDHDYIAPWRFELKDKEWTL, 0.06
124E11I107, WEQAISTPQPGDHDYITPWRFELKDKEWTL, 0.05
124E12I108, WEQAISTPQPTDHDYITPWRFELKDKEWTL, 0.03
124E13I111, WEQAIQTPQPTDHDYITPWRFELKDKEWTL, 0.02
124E14I134, WEQAIQTPQPYDHDYITPWRFELKDKEWTL, 0.01
