305E0I0, QEHYKKVKSIVLIRPDIVIISIISEAAIVL, 0.48
305E1I1, QEHYKKVKSIVLIRPDIVFISIISEAAIVL, 0.45
305E2I2, QEHYKKVKSIVLIRPDIVFIYIISEAAIVL, 0.38
305E3I10, QEHYKKVKSTVLIRPDIVFIYIISEAAIVL, 0.34
305E4I11, QEHYKKVKSTVLNRPDIVFIYIISEAAIVL, 0.32
305E5I14, QEHYLKVKSTVLNRPDIVFIYIISEAAIVL, 0.3
305E6I17, QEHYLKVKSTVLNRPDYVFIYIISEAAIVL, 0.28
305E7I22, QEQYLKVKSTVLNRPDYVFIYIISEAAIVL, 0.27
305E8I26, QEQYLKVLSTVLNRPDYVFIYIISEAAIVL, 0.24
305E9I32, QEQYLKVLSTVLNRPDYVFIYIISEAAIEL, 0.22
305E10I36, QEQYLKVLSTVLNRPDYVFIAIISEAAIEL, 0.2
305E11I42, QEQYLKVLSTVLNRPDYVFIAFISEAAIEL, 0.17
305E12I45, QEQYLLVLSTVLNRPDYVFIAFISEAAIEL, 0.14
305E13I49, QELYLLVLSTVLNRPDYVFIAFISEAAIEL, 0.13
305E14I68, QELYLLVLSTVLNRTDYVFIAFISEAAIEL, 0.12
305E15I71, QPLYLLVLSTVLNRTDYVFIAFISEAAIEL, 0.11
305E16I87, QPLYLLVLGTVLNRTDYVFIAFISEAAIEL, 0.08
305E17I166, QPLYLLVLGTVLNRTDYVFIAFIFEAAIEL, 0.06
305E18I184, QPLYLLVLGTVLNRTDYVFIAFIFEAAKEL, 0.05
305E19I236, QPLYLLVLGTDLNRTDYVFIAFIFEAAKEL, 0.04
305E20I265, QPLYLLVLGTDLNRTDYVFIAYIFEAAKEL, 0.03
305E21I267, QPLYTLVLGTDLNRTDYVFIAYIFEAAKEL, 0.02
