225E0I0, DYYVTWSYEPHQFHRRKVEAGWTGVLKSTT, 0.39
225E1I1, DYYVTWSYEPHQFRRRKVEAGWTGVLKSTT, 0.33
225E2I7, DYYVDWSYEPHQFRRRKVEAGWTGVLKSTT, 0.28
225E3I10, YYYVDWSYEPHQFRRRKVEAGWTGVLKSTT, 0.26
225E4I13, YYYVDWSYYPHQFRRRKVEAGWTGVLKSTT, 0.23
225E5I14, YYYVDWSYYLHQFRRRKVEAGWTGVLKSTT, 0.22
225E6I17, YYYVDWSYYLNQFRRRKVEAGWTGVLKSTT, 0.17
225E7I30, YYYVDWSYYLNQFRRAKVEAGWTGVLKSTT, 0.15
225E8I31, YYYVDWGYYLNQFRRAKVEAGWTGVLKSTT, 0.14
225E9I61, YYYVDWGYYLNQFRRAKVEAGWTGVLKSKT, 0.13
225E10I113, YYYVDWGGYLNQFRRAKVEAGWTGVLKSKT, 0.12
225E11I156, YYQVDWGGYLNQFRRAKVEAGWTGVLKSKT, 0.11
225E12I158, YYQVDWGGYLNQFRRAKVSAGWTGVLKSKT, 0.09
225E13I162, YYQVDWGGYLNQFRRAKVSAGWTGVLKSKN, 0.08
225E14I170, YYQVDWGGYLNQFRNAKVSAGWTGVLKSKN, 0.07
225E15I255, YYQVDWGGYLNQFRNAKVSAGWTSVLKSKN, 0.06
