127E0I0, GIIPEKVNEHQGPGASHKIAARKIRYPAQV, 0.41
127E1I3, GIIPEKVNEHQGPHASHKIAARKIRYPAQV, 0.39
127E2I11, GIIPEKVNEHQGPHASHKIAARSIRYPAQV, 0.38
127E3I12, GTIPEKVNEHQGPHASHKIAARSIRYPAQV, 0.33
127E4I14, GTIPEKVNEHQGPHASHKIAARSINYPAQV, 0.28
127E5I16, GTIPEKVNEHQGPHASHKIAAASINYPAQV, 0.27
127E6I17, GTIPEKVNEHQGPHASHKIAAASINYPHQV, 0.26
127E7I34, GTIPEKVNEHQGPHASRKIAAASINYPHQV, 0.23
127E8I51, GTIPEKVNEHQGPHASRKIAKASINYPHQV, 0.21
127E9I59, GTIPEKVNEHQGPHASRKIAKTSINYPHQV, 0.17
127E10I61, GFIPEKVNEHQGPHASRKIAKTSINYPHQV, 0.16
127E11I94, GFIPEKVNEHQQPHASRKIAKTSINYPHQV, 0.14
127E12I96, GFIPEKVNEHQQPHASRKIAKTSINYVHQV, 0.11
127E13I98, GFINEKVNEHQQPHASRKIAKTSINYVHQV, 0.09
127E14I103, GFINEKVNEHQQPHASRKIAKTDINYVHQV, 0.08
127E15I125, GFINEKRNEHQQPHASRKIAKTDINYVHQV, 0.07
127E16I175, GFINEKRNEHQQPRASRKIAKTDINYVHQV, 0.06
127E17I206, GFINEKRVEHQQPRASRKIAKTDINYVHQV, 0.05
127E18I265, GFINEKRVEHQQPRASRFIAKTDINYVHQV, 0.04
