308E0I0, HFKALHRRTQIDSLWFDDSGSPTHVALPLR, 0.52
308E1I3, HFKALHRRTQIDSLWFDDSGSPTHVALPQR, 0.49
308E2I6, HFKALHTRTQIDSLWFDDSGSPTHVALPQR, 0.47
308E3I9, HFKAAHTRTQIDSLWFDDSGSPTHVALPQR, 0.45
308E4I10, HFKRAHTRTQIDSLWFDDSGSPTHVALPQR, 0.39
308E5I12, HFKRAYTRTQIDSLWFDDSGSPTHVALPQR, 0.37
308E6I13, HFKRAYTRTQIDSLWFDDSGSPGHVALPQR, 0.35
308E7I16, HFKRAYTRTQIDSLWFDDSPSPGHVALPQR, 0.34
308E8I21, HFKRAYTRTQIDSLWFDDSPSPGTVALPQR, 0.32
308E9I22, HFKRAYTRTQIDSLWFDDSPSPGTVNLPQR, 0.3
308E10I24, HFKYAYTRTQIDSLWFDDSPSPGTVNLPQR, 0.29
308E11I28, HFKYAYTRTQINSLWFDDSPSPGTVNLPQR, 0.25
308E12I34, HFKYDYTRTQINSLWFDDSPSPGTVNLPQR, 0.24
308E13I41, HFKYDYTRTQINELWFDDSPSPGTVNLPQR, 0.22
308E14I45, HFKYDYTRTQINELWFLDSPSPGTVNLPQR, 0.2
308E15I46, HFEYDYTRTQINELWFLDSPSPGTVNLPQR, 0.13
308E16I64, HFEYIYTRTQINELWFLDSPSPGTVNLPQR, 0.12
308E17I70, HFEYIYTITQINELWFLDSPSPGTVNLPQR, 0.09
308E18I73, HFEYIYTITQINELWFLDSPSPGTVNLPQP, 0.08
308E19I103, HFEYIYIITQINELWFLDSPSPGTVNLPQP, 0.06
308E20I104, HFEYIYIITQINELWFLDSPSPGTVNLPQH, 0.05
308E21I121, HFEYIYIITQINELWFLDSPSPGTVNLPQQ, 0.04
308E22I144, HFEYIYIITQINEDWFLDSPSPGTVNLPQQ, 0.03
