342E0I0, WEQVKTREELQNWESYERYWEWKSTIHHEF, 0.34
342E1I3, WEQVKTREELQNWESYERYWEWDSTIHHEF, 0.33
342E2I4, WEQVKTREELQNWESYEAYWEWDSTIHHEF, 0.31
342E3I12, WEQVKQREELQNWESYEAYWEWDSTIHHEF, 0.29
342E4I14, WELVKQREELQNWESYEAYWEWDSTIHHEF, 0.25
342E5I23, WELVKQREELNNWESYEAYWEWDSTIHHEF, 0.24
342E6I25, WELVKQREELNNWESYEAYWEWDSTIHHEG, 0.23
342E7I27, WELVKQREELNNWESYEAYAEWDSTIHHEG, 0.18
342E8I28, WELVKQREELNNWESYEAYSEWDSTIHHEG, 0.15
342E9I57, WELVKQREELNNWESYEAYSEWHSTIHHEG, 0.14
342E10I71, NELVKQREELNNWESYEAYSEWHSTIHHEG, 0.13
342E11I73, NELVKQREELNNWESYEAYSEWHSTIHHEN, 0.12
342E12I101, NELVKQREELNNWESYEAYSDWHSTIHHEN, 0.11
342E13I120, NELVKQREELNNWESLEAYSDWHSTIHHEN, 0.1
342E14I139, NELVKQREELNNWESLEAYSDWHSTIWHEN, 0.09
342E15I190, NELVKQREELNNWSSLEAYSDWHSTIWHEN, 0.08
342E16I265, NELRKQREELNNWSSLEAYSDWHSTIWHEN, 0.07
342E17I269, NELRKSREELNNWSSLEAYSDWHSTIWHEN, 0.06
342E18I289, NELRKSREELNNWSSNEAYSDWHSTIWHEN, 0.05
342E19I294, NELRKSREELNNWSSNEAYNDWHSTIWHEN, 0.04
342E20I322, NELIKSREELNNWSSNEAYNDWHSTIWHEN, 0.03
342E21I401, NELIKSRFELNNWSSNEAYNDWHSTIWHEN, 0.02
342E22I492, NELIKSRFELNNWSANEAYNDWHSTIWHEN, 0.01
