176E0I0, SVLDDPYVWSHKRGSLGELHNQSIVKPRSV, 0.38
176E1I6, SVLDDPYVFSHKRGSLGELHNQSIVKPRSV, 0.32
176E2I7, SVLDDPYVFSHKRGSLGELHNQSINKPRSV, 0.25
176E3I10, SVLDDPYVFSHKRSSLGELHNQSINKPRSV, 0.24
176E4I13, SVLDDPYVFSHKRSSLGELHNQSINKPDSV, 0.23
176E5I14, SVLDDPYVFSHKRSSLGELHNQTINKPDSV, 0.22
176E6I16, SVLDDPQVFSHKRSSLGELHNQTINKPDSV, 0.21
176E7I20, SVLDDPHVFSHKRSSLGELHNQTINKPDSV, 0.2
176E8I30, SVLDDPHVFSHKNSSLGELHNQTINKPDSV, 0.17
176E9I105, SVLDDPHVFSHKNSSLGELHNQTINKPDLV, 0.16
176E10I109, SVLDDPHVFEHKNSSLGELHNQTINKPDLV, 0.15
176E11I113, SVLDDPHVFEHKNSSLGSLHNQTINKPDLV, 0.14
176E12I117, SVLDDPHVFEHKNSSLGSLHNQTINFPDLV, 0.13
176E13I134, SVLDDIHVFEHKNSSLGSLHNQTINFPDLV, 0.12
176E14I159, SVLDDISVFEHKNSSLGSLHNQTINFPDLV, 0.11
176E15I171, SVLDDISVFEHKNSYLGSLHNQTINFPDLV, 0.09
176E16I208, SVLDDISVFEHKNSYLGSLHGQTINFPDLV, 0.08
176E17I246, SVLDDISVFEHKNSYLGSLHGQTIDFPDLV, 0.07
176E18I287, SVLDDISVFEHKNSYLGSLHGGTIDFPDLV, 0.05
