274E0I0, PIDPLEPTTIEPILKTLDNTSTSNFSGVDW, 0.33
274E1I1, PIDPLEPTTIEPILKFLDNTSTSNFSGVDW, 0.3
274E2I2, PIDPLEPTTNEPILKFLDNTSTSNFSGVDW, 0.28
274E3I4, PIDPLEPTTNEPILLFLDNTSTSNFSGVDW, 0.27
274E4I6, PISPLEPTTNEPILLFLDNTSTSNFSGVDW, 0.25
274E5I10, PISPLEPTTNEPILLFLDNTSTYNFSGVDW, 0.24
274E6I11, PASPLEPTTNEPILLFLDNTSTYNFSGVDW, 0.21
274E7I15, PASPLEPTTNEPILLFLDNTSVYNFSGVDW, 0.19
274E8I17, PASPLEPTTNEPILLQLDNTSVYNFSGVDW, 0.18
274E9I18, PASPLEPTTNEPILLQLDNTSVYNFSNVDW, 0.17
274E10I21, PASPLEPTTNEPILLQLDNTSVYNFRNVDW, 0.16
274E11I22, PASPLEPTTNEPILLQLDNTSVYNFTNVDW, 0.14
274E12I23, PASPLEPTTNEPDLLQLDNTSVYNFTNVDW, 0.11
274E13I31, HASPLEPTTNEPDLLQLDNTSVYNFTNVDW, 0.1
274E14I33, HASYLEPTTNEPDLLQLDNTSVYNFTNVDW, 0.09
274E15I38, HASYLEPTTNEYDLLQLDNTSVYNFTNVDW, 0.08
274E16I61, HASYIEPTTNEYDLLQLDNTSVYNFTNVDW, 0.07
274E17I74, HASYIEPTTNEYDLLDLDNTSVYNFTNVDW, 0.06
274E18I76, HASYIEPTTNEYDLLDLDNTSVYHFTNVDW, 0.05
274E19I95, HASYIEPTTNEYDLDDLDNTSVYHFTNVDW, 0.04
