452E0I0, VYYLYGTTLSGWFIEEVRKDHYVADQIWWR, 0.29
452E1I2, VYYLYGTTLSGWFIEEVRKDHYVAGQIWWR, 0.22
452E2I8, VYYLYGTTLSGWFIEEVAKDHYVAGQIWWR, 0.21
452E3I17, VYYLYGTTLSGWFIEEVAKDHYVAGQIWHR, 0.2
452E4I21, VYYLYGTTLSGWFIEEVANDHYVAGQIWHR, 0.19
452E5I25, VYYLYGTTLSGWTIEEVANDHYVAGQIWHR, 0.18
452E6I32, VYYLYGTTLSGWTTEEVANDHYVAGQIWHR, 0.17
452E7I50, VYYLYGTTLSGWTTEEVANDHYVAGQIWHY, 0.16
452E8I51, VYYLYGTTLSGWTTEEVANDHYVAGIIWHY, 0.14
452E9I73, VYYLYGTTLSGWTTEEVAIDHYVAGIIWHY, 0.12
452E10I140, VYYLYGTTLSGWTTEEVAIDHYVAGIIWHK, 0.11
