60E0I0, DEYTIVVFLIIKWSSGENIASVRGYTSTGH, 0.43
60E1I3, DEYTIVVFLIIKWSSGENIASGRGYTSTGH, 0.37
60E2I5, DEYTIVVFLIIKWSSGENIASGRGYTSTWH, 0.33
60E3I6, DEYTIVVFLEIKWSSGENIASGRGYTSTWH, 0.29
60E4I10, DEYTIVVFLEIKWSSGENIASGEGYTSTWH, 0.25
60E5I15, NEYTIVVFLEIKWSSGENIASGEGYTSTWH, 0.24
60E6I21, NEYTIVVFLEIKWSSGENIASGEGYTSTWN, 0.23
60E7I31, NEYTIQVFLEIKWSSGENIASGEGYTSTWN, 0.19
60E8I38, NEYTIQVFLEIKWSSGDNIASGEGYTSTWN, 0.17
60E9I45, NESTIQVFLEIKWSSGDNIASGEGYTSTWN, 0.16
60E10I111, NESTIQVFLEIKWSSGDNIASGEGYTSQWN, 0.15
60E11I112, NESTIQQFLEIKWSSGDNIASGEGYTSQWN, 0.14
60E12I118, NESTIQQFLEIKWSSGNNIASGEGYTSQWN, 0.13
60E13I119, NESTIQQFLEIKWSSGNNSASGEGYTSQWN, 0.12
60E14I123, NESTIQQFLEIKWLSGNNSASGEGYTSQWN, 0.1
60E15I147, HESTIQQFLEIKWLSGNNSASGEGYTSQWN, 0.09
60E16I172, HESTIQQFLEIKWLSGNNSASGEGYTSQWT, 0.08
60E17I174, HESTIQQFLEIKWLSGNNSASGEGYTSRWT, 0.06
