266E0I0, APAEWQGTSGHLWSAPLDQFGGKWSGHAIW, 0.39
266E1I1, APAEWQGTSGALWSAPLDQFGGKWSGHAIW, 0.25
266E2I13, APAEWQGTSGALWSAPLDQFGGKWSYHAIW, 0.22
266E3I14, AIAEWQGTSGALWSAPLDQFGGKWSYHAIW, 0.19
266E4I29, AIAEWQGTSGALWSAPLDQFGGKLSYHAIW, 0.18
266E5I54, AIAEWQGTSGALWSARLDQFGGKLSYHAIW, 0.12
266E6I91, AIAEWQGTSGALWSARLDQFYGKLSYHAIW, 0.11
266E7I112, AIAIWQGTSGALWSARLDQFYGKLSYHAIW, 0.1
266E8I114, AIAIWQGTSGALRSARLDQFYGKLSYHAIW, 0.09
266E9I135, AIAIEQGTSGALRSARLDQFYGKLSYHAIW, 0.08
266E10I166, AIAQEQGTSGALRSARLDQFYGKLSYHAIW, 0.07
266E11I259, AINQEQGTSGALRSARLDQFYGKLSYHAIW, 0.05
266E12I302, AINQEQGTSGALRSARLDQFEGKLSYHAIW, 0.04
266E13I305, AINQEQGTSGALRSARLDQFEGKYSYHAIW, 0.03
