140E0I0, QNLFDWAHSSTYELSFADKGDPEPSNIRSQ, 0.43
140E1I3, QNLFDWAHSSTYELSFADKGDPEKSNIRSQ, 0.4
140E2I5, QNLFDWAHSSTYELDFADKGDPEKSNIRSQ, 0.39
140E3I6, QNLFDWAHSSTYELDFADKGDPEKSNIRFQ, 0.37
140E4I10, QNLFDWAHSSTYELDFADKGPPEKSNIRFQ, 0.36
140E5I11, QNLFDWAHSSTYELDFPDKGPPEKSNIRFQ, 0.33
140E6I13, QNLFDWAHSSTSELDFPDKGPPEKSNIRFQ, 0.32
140E7I17, QNLFDWDHSSTSELDFPDKGPPEKSNIRFQ, 0.27
140E8I27, QNLFDWDHSSTSELDFPDKLPPEKSNIRFQ, 0.25
140E9I31, QNLFDWDHSSTSELDFPDKLYPEKSNIRFQ, 0.22
140E10I48, QNLFDWDHSSTSELDFPDKYYPEKSNIRFQ, 0.21
140E11I51, QNLFDWDHSSTSELDFPDKEYPEKSNIRFQ, 0.2
140E12I59, QNLFDWDHSSTSELDFPDKEYYEKSNIRFQ, 0.19
140E13I70, QNLFDWDHSSTSELDFPDKEYYEKSNIRFE, 0.17
140E14I80, QNLFDWDHSSLSELDFPDKEYYEKSNIRFE, 0.16
140E15I84, QNLFDWDHSSLSELDFPDKEYFEKSNIRFE, 0.15
140E16I85, QNLFDWDHSSLSELDFPDKEYFEKYNIRFE, 0.14
140E17I86, QNLFDWDHSSLSELDHPDKEYFEKYNIRFE, 0.13
140E18I89, QNLFDWDHSSLSELDHPDKEIFEKYNIRFE, 0.12
140E19I91, QNLFDWDHSSLSELDHPDKEIFEWYNIRFE, 0.11
140E20I105, QNLGDWDHSSLSELDHPDKEIFEWYNIRFE, 0.1
140E21I111, QNLGDWYHSSLSELDHPDKEIFEWYNIRFE, 0.09
140E22I116, QNLGDWYHSSLSELDHPDKEQFEWYNIRFE, 0.07
140E23I178, QNLGDWYQSSLSELDHPDKEQFEWYNIRFE, 0.06
140E24I193, QNLQDWYQSSLSELDHPDKEQFEWYNIRFE, 0.05
140E25I203, QNLQDWYQSSLSRLDHPDKEQFEWYNIRFE, 0.04
140E26I232, QNLLDWYQSSLSRLDHPDKEQFEWYNIRFE, 0.03
