46E0I0, EQSAPWDPNITDFVTAVTHHKDDWKNWTTS, 0.37
46E1I1, EQSAPWDPNITRFVTAVTHHKDDWKNWTTS, 0.35
46E2I4, EQSAPWDPNITRFVTAVTHSKDDWKNWTTS, 0.32
46E3I6, EQSAIWDPNITRFVTAVTHSKDDWKNWTTS, 0.31
46E4I8, EQSAIWDPNITRFVTNVTHSKDDWKNWTTS, 0.3
46E5I9, EQSAIWEPNITRFVTNVTHSKDDWKNWTTS, 0.28
46E6I12, EQSAIWEPNITRFVTNVTHSKNDWKNWTTS, 0.27
46E7I14, EQSAIWEPNITRFVTNVTHSKNDWDNWTTS, 0.26
46E8I16, EQSVIWEPNITRFVTNVTHSKNDWDNWTTS, 0.25
46E9I18, EQSVIWEPFITRFVTNVTHSKNDWDNWTTS, 0.21
46E10I19, EQSVIWEPFITRFVTNVTKSKNDWDNWTTS, 0.15
46E11I23, EQSVIWEPFITVFVTNVTKSKNDWDNWTTS, 0.13
46E12I47, EQSVIWEPFITVTVTNVTKSKNDWDNWTTS, 0.12
46E13I53, EQSVIWEPHITVTVTNVTKSKNDWDNWTTS, 0.11
46E14I83, EQSVIWELHITVTVTNVTKSKNDWDNWTTS, 0.1
46E15I113, EQSVIWELHITVTVTNVTKSKNDWGNWTTS, 0.09
46E16I146, EQSVIWEDHITVTVTNVTKSKNDWGNWTTS, 0.07
46E17I150, EQSVDWEDHITVTVTNVTKSKNDWGNWTTS, 0.06
46E18I165, EQSVDWEDHITVTVTNVTKSKNDEGNWTTS, 0.05
46E19I222, EQSVDWEDHETVTVTNVTKSKNDEGNWTTS, 0.04
