106E0I0, GHYGPNIEGWDQWPAAEIEQGKQVSGIYYP, 0.36
106E1I1, GHYGPNIEGWDQWPAAEIEQPKQVSGIYYP, 0.28
106E2I15, DHYGPNIEGWDQWPAAEIEQPKQVSGIYYP, 0.23
106E3I26, DHYGPNIEGWDQWPAAEIEQPKQVSNIYYP, 0.2
106E4I29, DHYGPNIEGWDQWPAFEIEQPKQVSNIYYP, 0.17
106E5I37, DHYGPNIEGWDQWPAFEIEQPKEVSNIYYP, 0.16
106E6I44, DHYGPNIEGRDQWPAFEIEQPKEVSNIYYP, 0.14
106E7I53, DHYGPNIEGRDQWPAFELEQPKEVSNIYYP, 0.11
106E8I62, DGYGPNIEGRDQWPAFELEQPKEVSNIYYP, 0.1
106E9I67, DGYGPPIEGRDQWPAFELEQPKEVSNIYYP, 0.09
106E10I89, DGYGPPIEGRDQWPIFELEQPKEVSNIYYP, 0.06
106E11I90, DGYGPPIEGRDQWSIFELEQPKEVSNIYYP, 0.05
106E12I92, DGYGPPIEGRDQWSKFELEQPKEVSNIYYP, 0.04
106E13I98, DGQGPPIEGRDQWSKFELEQPKEVSNIYYP, 0.03
106E14I125, DGQGQPIEGRDQWSKFELEQPKEVSNIYYP, 0.01
