282E0I0, LQYVETERDNDKFQVNHEWNIVHRFWRDWR, 0.29
282E1I1, LQYVETERDNDKFQVNHEWNIVHRFNRDWR, 0.27
282E2I2, LQYVETERDNDKFQVNHEWNEVHRFNRDWR, 0.21
282E3I5, LQYVEGERDNDKFQVNHEWNEVHRFNRDWR, 0.17
282E4I7, LQYVEGERINDKFQVNHEWNEVHRFNRDWR, 0.16
282E5I37, LQYVEGERINDKFEVNHEWNEVHRFNRDWR, 0.12
282E6I39, LQYVEGERINDKFERNHEWNEVHRFNRDWR, 0.11
282E7I45, HQYVEGERINDKFERNHEWNEVHRFNRDWR, 0.1
282E8I74, IQYVEGERINDKFERNHEWNEVHRFNRDWR, 0.09
282E9I115, IQYVEGERIKDKFERNHEWNEVHRFNRDWR, 0.08
282E10I164, IQYVEGERIKDKFERNHEWNEQHRFNRDWR, 0.07
282E11I220, IQYVEGEDIKDKFERNHEWNEQHRFNRDWR, 0.06
282E12I236, QQYVEGEDIKDKFERNHEWNEQHRFNRDWR, 0.05
282E13I243, QQYVEGEDIKDKFERNHEWNEQHSFNRDWR, 0.04
282E14I287, QQYVDGEDIKDKFERNHEWNEQHSFNRDWR, 0.03
