216E0I0, DWIQIQGVNVYEYGKPLTGVWSYVNDNRKA, 0.34
216E1I3, DWIQIQGNNVYEYGKPLTGVWSYVNDNRKA, 0.33
216E2I5, DWIQIQGNNVYEYGKPLTGVWSYVLDNRKA, 0.26
216E3I8, DWIQIQGNNVSEYGKPLTGVWSYVLDNRKA, 0.25
216E4I11, DWIQIQGNNVSEYHKPLTGVWSYVLDNRKA, 0.22
216E5I13, DWIFIQGNNVSEYHKPLTGVWSYVLDNRKA, 0.19
216E6I29, DWIFIQGNNVSEYHKPLTGVESYVLDNRKA, 0.16
216E7I45, DWIFIQGNNVSEYHKPLQGVESYVLDNRKA, 0.15
216E8I52, DWIFIQGNNVSEYHKPLQGVESKVLDNRKA, 0.14
216E9I59, DWPFIQGNNVSEYHKPLQGVESKVLDNRKA, 0.13
216E10I67, DWPFIQGNNVSEYHKPWQGVESKVLDNRKA, 0.12
216E11I71, DWPFIQGNNVSEYHKPWQGVGSKVLDNRKA, 0.11
216E12I86, DWPFIQGNNVSEYHKPWTGVGSKVLDNRKA, 0.08
216E13I142, DWPFIQGNNVSEYHKPQTGVGSKVLDNRKA, 0.07
