7E0I0, LWEFGQDTWAELYDFREESQNEFVVNVRHF, 0.45
7E1I1, LWEKGQDTWAELYDFREESQNEFVVNVRHF, 0.39
7E2I3, LWEKGQDTWAELYDFREESQNEFGVNVRHF, 0.38
7E3I5, LWEKGQDTWAELYDFDEESQNEFGVNVRHF, 0.36
7E4I9, LWEKGQDTWAEQYDFDEESQNEFGVNVRHF, 0.33
7E5I13, LWEKGQDTWAEQYDFDEESQNEFGTNVRHF, 0.29
7E6I14, LQEKGQDTWAEQYDFDEESQNEFGTNVRHF, 0.27
7E7I18, LQEKGQDRWAEQYDFDEESQNEFGTNVRHF, 0.23
7E8I25, LQEKGQRRWAEQYDFDEESQNEFGTNVRHF, 0.21
7E9I33, LQEKGQRRWDEQYDFDEESQNEFGTNVRHF, 0.18
7E10I54, LQEKGQRRWDEQYDFDEESQNEKGTNVRHF, 0.16
7E11I81, LQEKGQRRWDEQYDFDEESQNEKDTNVRHF, 0.14
7E12I86, LQEKYQRRWDEQYDFDEESQNEKDTNVRHF, 0.13
7E13I97, LFEKYQRRWDEQYDFDEESQNEKDTNVRHF, 0.12
7E14I101, LFEKYRRRWDEQYDFDEESQNEKDTNVRHF, 0.11
7E15I109, LFEKYRRRWDEQYDFDEESQNEKDTNVRWF, 0.1
7E16I114, LFEKYRRRWREQYDFDEESQNEKDTNVRWF, 0.09
7E17I115, LFEKYRRRWREQYDFDEEPQNEKDTNVRWF, 0.07
7E18I130, LFEKYRRRWREQYDFDEEPQNEKDTNVRWE, 0.06
7E19I145, LFEKYRRRWREQYDFDEEPQYEKDTNVRWE, 0.05
