147E0I0, EYSIANYFPLFKFEVAEIGHARPARYNGEN, 0.33
147E1I1, EYSIANYFPLWKFEVAEIGHARPARYNGEN, 0.32
147E2I2, EYSIANYFPLWKFEVAEIGHARPARYNGEP, 0.31
147E3I4, EYSIANYFQLWKFEVAEIGHARPARYNGEP, 0.28
147E4I9, EYSIANYFQLWKFEVAEIGHARPAGYNGEP, 0.27
147E5I10, EYVIANYFQLWKFEVAEIGHARPAGYNGEP, 0.23
147E6I26, EYVIANYFQLWKFEVAEIGHARPAGYAGEP, 0.2
147E7I29, EYVIANYFQLWKFEVAEIGHARPAGYAGYP, 0.18
147E8I54, EYVIANYFQLQKFEVAEIGHARPAGYAGYP, 0.17
147E9I56, EYVIANYFQLQKFEVAEIGYARPAGYAGYP, 0.13
147E10I60, EYVIANYFQLQKFEVAEIGYARPAGYAGYY, 0.11
147E11I97, KYVIANYFQLQKFEVAEIGYARPAGYAGYY, 0.1
147E12I98, KYVIANYFQLQRFEVAEIGYARPAGYAGYY, 0.08
147E13I170, KYVIANYFQLQRFEVAEIGYKRPAGYAGYY, 0.07
147E14I187, KYVIANYFQLQRFEVAKIGYKRPAGYAGYY, 0.06
147E15I200, KYVIANYFQLQPFEVAKIGYKRPAGYAGYY, 0.05
147E16I204, KYVIANYFQLQPFEVAKIGNKRPAGYAGYY, 0.03
