158E0I0, WNPWEQYRGEGNDLSNDHVTAWAQNAIVLH, 0.37
158E1I1, WNPVEQYRGEGNDLSNDHVTAWAQNAIVLH, 0.35
158E2I2, WNPVEQYRGEGLDLSNDHVTAWAQNAIVLH, 0.32
158E3I5, WNPVEQYRGEGLDLSNDHETAWAQNAIVLH, 0.29
158E4I8, WNPVEQYRGEGLDLSNDHEHAWAQNAIVLH, 0.27
158E5I11, WNPVEQYRGEGLDLENDHEHAWAQNAIVLH, 0.26
158E6I23, WNKVEQYRGEGLDLENDHEHAWAQNAIVLH, 0.25
158E7I26, WNKVEQYRGEGLDLENDHEHAWLQNAIVLH, 0.22
158E8I37, WNKVEQYRGEGLDLENDHEHAWLQNAIKLH, 0.19
158E9I55, WNKVEQYRGENLDLENDHEHAWLQNAIKLH, 0.16
158E10I80, WNKVEQYRGENLDKENDHEHAWLQNAIKLH, 0.15
158E11I113, WNKVEQYRGENLDKWNDHEHAWLQNAIKLH, 0.14
158E12I115, WNKVEQYRGENLDKWNDHEHAWLQNAIKLD, 0.1
158E13I117, WNKVEQYRFENLDKWNDHEHAWLQNAIKLD, 0.07
