445E0I0, HPHWVNDAYQAYPDYLEEQHSYTYEKRLLW, 0.36
445E1I5, HPHWVNDAYQAYPDYLEEQHSYTYEKRSLW, 0.35
445E2I6, HPHWVNDAYQAYPDYLEEQHSYTYEKRTLW, 0.33
445E3I8, HPHWVYDAYQAYPDYLEEQHSYTYEKRTLW, 0.26
445E4I11, HPHWVYDATQAYPDYLEEQHSYTYEKRTLW, 0.23
445E5I24, QPHWVYDATQAYPDYLEEQHSYTYEKRTLW, 0.2
445E6I25, QPHWVYDATQAYPDYLEEQSSYTYEKRTLW, 0.19
445E7I26, QPHHVYDATQAYPDYLEEQSSYTYEKRTLW, 0.15
445E8I45, QPHHDYDATQAYPDYLEEQSSYTYEKRTLW, 0.14
445E9I83, QPHHDYDATQAYPDYLEEQSKYTYEKRTLW, 0.12
445E10I89, QPHHDYDATQAYPDYLEEQPKYTYEKRTLW, 0.06
445E11I128, QPHHDYDATQPYPDYLEEQPKYTYEKRTLW, 0.04
445E12I172, QPYHDYDATQPYPDYLEEQPKYTYEKRTLW, 0.03
445E13I189, QPYHKYDATQPYPDYLEEQPKYTYEKRTLW, 0.02
