340E0I0, YSWIGTHGLGQTLYTAQIKSHEYQRRQPLY, 0.39
340E1I1, YPWIGTHGLGQTLYTAQIKSHEYQRRQPLY, 0.37
340E2I2, YPWIGTHGLGQTSYTAQIKSHEYQRRQPLY, 0.34
340E3I6, YPWIGTHGLLQTSYTAQIKSHEYQRRQPLY, 0.33
340E4I12, YPWIGTHGLLQTSYTAQIKSHEYQTRQPLY, 0.28
340E5I15, YPWIGTHGLWQTSYTAQIKSHEYQTRQPLY, 0.24
340E6I21, YPWIGTHGLWQTSYTAQINSHEYQTRQPLY, 0.2
340E7I24, YPWIGTHGLWQTSATAQINSHEYQTRQPLY, 0.17
340E8I35, YPWIGTHGLWQTSATAAINSHEYQTRQPLY, 0.15
340E9I36, EPWIGTHGLWQTSATAAINSHEYQTRQPLY, 0.14
340E10I48, EPWIGTHGLWQTSATALINSHEYQTRQPLY, 0.13
340E11I58, EIWIGTHGLWQTSATALINSHEYQTRQPLY, 0.12
340E12I145, EINIGTHGLWQTSATALINSHEYQTRQPLY, 0.1
340E13I155, EINIGTHGLWQTSATALINSHEPQTRQPLY, 0.07
340E14I207, EINQGTHGLWQTSATALINSHEPQTRQPLY, 0.06
