436E0I0, ALALHPEEQNRNLFAIVDPSNTGDTLWQYA, 0.47
436E1I1, ALYLHPEEQNRNLFAIVDPSNTGDTLWQYA, 0.43
436E2I2, ALYLHPEEQNRNLFAIVTPSNTGDTLWQYA, 0.42
436E3I3, ALYLHPDEQNRNLFAIVTPSNTGDTLWQYA, 0.37
436E4I7, ALYLHPDEQNRNLFFIVTPSNTGDTLWQYA, 0.34
436E5I8, ALYPHPDEQNRNLFFIVTPSNTGDTLWQYA, 0.27
436E6I24, ALYPHPGEQNRNLFFIVTPSNTGDTLWQYA, 0.26
436E7I34, ALYPHPGEQNRNLFFIVTPSNTGDGLWQYA, 0.24
436E8I41, ALYPHEGEQNRNLFFIVTPSNTGDGLWQYA, 0.23
436E9I45, ALYPHELEQNRNLFFIVTPSNTGDGLWQYA, 0.21
436E10I84, ALYPHELEQNRNLFFIVTPSNTGDGLWQYV, 0.2
436E11I90, ALYPHELEQNRNLFFIVTPSNTGDGLWRYV, 0.19
436E12I92, ALYPHELEQNINLFFIVTPSNTGDGLWRYV, 0.16
436E13I112, ALYPHELEQNINLFFIVTPSNTGDGLWRYE, 0.14
436E14I129, ALYPHELEQNINLFFIVTPINTGDGLWRYE, 0.13
436E15I136, ALYPHELEQNINLFFIATPINTGDGLWRYE, 0.11
436E16I167, ALYPHELEQNINLFEIATPINTGDGLWRYE, 0.08
436E17I170, ALYEHELEQNINLFEIATPINTGDGLWRYE, 0.07
436E18I189, ALYEHELEQNINLFEIATPINTGDGLWREE, 0.06
436E19I212, ALYEHELEQNENLFEIATPINTGDGLWREE, 0.05
436E20I245, ALYEHELEQNENLFEIATDINTGDGLWREE, 0.03
