311E0I0, AFRQWSHNLHWFVYLGIYLGVVTHAGPKWR, 0.59
311E1I1, AFRQWSHNLHWFVYLGIYLGVATHAGPKWR, 0.56
311E2I2, AFRQWKHNLHWFVYLGIYLGVATHAGPKWR, 0.54
311E3I3, AFRQWKHNLHWFVYLGIYLGVATHAGYKWR, 0.52
311E4I5, AFRQWKHALHWFVYLGIYLGVATHAGYKWR, 0.49
311E5I6, AFRQWKHALHWFFYLGIYLGVATHAGYKWR, 0.47
311E6I10, AFRQWKHALHWFFYLGIYLGVATHKGYKWR, 0.37
311E7I14, AFRQWKHALHWFFYLGIYLGVATHKGYKLR, 0.32
311E8I51, AFRQWKHALHWFFYLGIYNGVATHKGYKLR, 0.29
311E9I53, AFRQWKHALHWFQYLGIYNGVATHKGYKLR, 0.26
311E10I58, HFRQWKHALHWFQYLGIYNGVATHKGYKLR, 0.25
311E11I75, HFRQWKHALHWFQYLGIWNGVATHKGYKLR, 0.24
311E12I79, HFRQEKHALHWFQYLGIWNGVATHKGYKLR, 0.23
311E13I93, HFRQEKHALHWFQYLGINNGVATHKGYKLR, 0.21
311E14I105, HFRPEKHALHWFQYLGINNGVATHKGYKLR, 0.2
311E15I115, HFRPEKHALIWFQYLGINNGVATHKGYKLR, 0.18
311E16I142, HFRPVKHALIWFQYLGINNGVATHKGYKLR, 0.17
311E17I147, HFRPVKHNLIWFQYLGINNGVATHKGYKLR, 0.16
311E18I148, HFRPVKFNLIWFQYLGINNGVATHKGYKLR, 0.13
311E19I177, HFRPVKFNLIWFQYLGINNGVATIKGYKLR, 0.1
311E20I186, HFRPVKFNLIWFQYLGINNGVADIKGYKLR, 0.09
311E21I263, HFRPVKFNLIWFQYLYINNGVADIKGYKLR, 0.07
311E22I347, HFRPVKFNLIWFQYLYINNGVADIKGYKLY, 0.06
