307E0I0, QFTYYDEDERLLGTLGEGTDIGRSEKFYRQ, 0.3
307E1I1, QFTYYDEDERLLGTLGEGKDIGRSEKFYRQ, 0.27
307E2I6, QFTYYDEDERLLGTLGEGKDIGRSEKFLRQ, 0.26
307E3I10, QFTYYDEDERLLGTEGEGKDIGRSEKFLRQ, 0.24
307E4I12, QFTYYDEDERLLGTEGEGKDIGRSERFLRQ, 0.21
307E5I13, QFTYYDEDERLLGTNGEGKDIGRSERFLRQ, 0.17
307E6I18, QFTYYDEDERLLGTNGEGKDNGRSERFLRQ, 0.15
307E7I51, QFTYYDHDERLLGTNGEGKDNGRSERFLRQ, 0.12
307E8I83, QFTYYDHDERLLGTNGEGKDNGRSERFLRE, 0.11
307E9I165, QFTYYDHDERLLGTDGEGKDNGRSERFLRE, 0.09
307E10I254, QFTYYDHDERLLGTDGEGKTNGRSERFLRE, 0.08
307E11I350, QFTYYDHDERLLGTDGEGKTNGQSERFLRE, 0.07
307E12I421, QFTYYDHDERLLGTDGEGKTNGQFERFLRE, 0.06
307E13I470, QFTYYDHDERLLGTDGEGKTNEQFERFLRE, 0.04
307E14I480, QFTYYDHDERLLGTDGNGKTNEQFERFLRE, 0.03
307E15I481, QFTYYDHDERLLGTGGNGKTNEQFERFLRE, 0.02
