400E0I0, SPQHPQWKKGQPAVKKEVSDRNIISHGAGN, 0.43
400E1I1, SPFHPQWKKGQPAVKKEVSDRNIISHGAGN, 0.42
400E2I2, SPFHPQWKKGQPAVKKEVSDREIISHGAGN, 0.4
400E3I6, SPFHPQWKKGQPAVKKEVSDLEIISHGAGN, 0.38
400E4I7, SPFHPQWKKGQPAVKKEVSDLEIIYHGAGN, 0.34
400E5I10, SPFHPQWKKGQPAVKKEVSDLEDIYHGAGN, 0.32
400E6I11, SPFHPQSKKGQPAVKKEVSDLEDIYHGAGN, 0.3
400E7I17, SPFKPQSKKGQPAVKKEVSDLEDIYHGAGN, 0.24
400E8I22, RPFKPQSKKGQPAVKKEVSDLEDIYHGAGN, 0.23
400E9I23, RPFKPQSKKGQPAVKKEVSDLEDIYHGAGS, 0.22
400E10I27, RPFKPQSKKGQPALKKEVSDLEDIYHGAGS, 0.2
400E11I36, RPFKPQSKKGQPALKKEVSDLEDIYDGAGS, 0.19
400E12I40, RPFKPQSKKGQPALKKEVSDLEDINDGAGS, 0.16
400E13I41, RPFKPQSKKGQPALKKEVSDLVDINDGAGS, 0.15
400E14I43, RPFKEQSKKGQPALKKEVSDLVDINDGAGS, 0.14
400E15I45, RPFKEQSKKGQPALKKEVSDLQDINDGAGS, 0.13
400E16I49, RPFKEQSKKGQPALKKEVSDLQDINYGAGS, 0.12
400E17I56, RPFKEQSSKGQPALKKEVSDLQDINYGAGS, 0.1
400E18I99, RPQKEQSSKGQPALKKEVSDLQDINYGAGS, 0.09
400E19I127, RPQKEQSSKGQPALKKEVSDLQAINYGAGS, 0.08
400E20I145, RPQKEQSSKGQPALKKEVSDLQAINYGARS, 0.07
400E21I174, RPQKEQSSKGQPALKKEVSDFQAINYGARS, 0.06
400E22I219, RPQKEQSSKGQPALKKEVSDFQAINYGVRS, 0.05
