402E0I0, YTVLNYTENLVYIHVDLQFVVYHSSAQDIK, 0.34
402E1I3, YTVLNYTENLVYINVDLQFVVYHSSAQDIK, 0.26
402E2I8, YTVLNYTENLVYINVDLQFVVYHSSAKDIK, 0.25
402E3I17, YTVLNYTENLVYINVDLQPVVYHSSAKDIK, 0.15
402E4I26, YTVLNYTENLVYINVDLQPVVYHSSQKDIK, 0.14
402E5I29, YTVLNLTENLVYINVDLQPVVYHSSQKDIK, 0.13
402E6I33, YTVLNLTENLVYINVDLQPVVYHSQQKDIK, 0.11
402E7I42, YTVLNLTENLVYINVDLQPVVYVSQQKDIK, 0.1
402E8I43, ATVLNLTENLVYINVDLQPVVYVSQQKDIK, 0.09
402E9I60, ATVLNLTDNLVYINVDLQPVVYVSQQKDIK, 0.07
402E10I100, ATVLNLTDNLVYINVDLQPVVYVSQQPDIK, 0.06
402E11I133, ATVLNLTDNLVYINVDLQPVVYVSQQPKIK, 0.05
402E12I154, ATVLNLTDNLVYINVDLQPVVYVEQQPKIK, 0.02
402E13I175, ATVLNLTDNLVYINVDLQPVVYVEQQPKIA, 0.01
