194E0I0, HAWTWVKRYQQYIEVLFFHGAQQKSDGSWL, 0.46
194E1I2, HAWTWVKRYQQYIEVLFFHGAQQKSIGSWL, 0.42
194E2I6, HAWTWVKRYQQYIEVLFFHGAQQKSTGSWL, 0.39
194E3I9, HAWTWVKRYQQYIEVLFFHGDQQKSTGSWL, 0.37
194E4I13, HAWTWVKRYQQYIEVLFFDGDQQKSTGSWL, 0.36
194E5I15, HAWTTVKRYQQYIEVLFFDGDQQKSTGSWL, 0.34
194E6I17, HAWTTVKRYQQYIEVLFFDGDQQKSTDSWL, 0.29
194E7I18, HAWTTVKRWQQYIEVLFFDGDQQKSTDSWL, 0.27
194E8I22, HAWTTVKRWQQYIEVLFFDVDQQKSTDSWL, 0.26
194E9I23, HAWTTVKRKQQYIEVLFFDVDQQKSTDSWL, 0.23
194E10I38, HAWTTVKRKQQYIEVLFFDWDQQKSTDSWL, 0.19
194E11I47, YAWTTVKRKQQYIEVLFFDWDQQKSTDSWL, 0.18
194E12I66, YAWTTVKRKQQYIEVLFFDWDQQKSTDQWL, 0.17
194E13I96, YAWTTVIRKQQYIEVLFFDWDQQKSTDQWL, 0.16
194E14I99, YAWTTVIRKQQYIEVFFFDWDQQKSTDQWL, 0.14
194E15I130, YAWTTVIRKQQYLEVFFFDWDQQKSTDQWL, 0.12
