370E0I0, AGPTVSTNPKQDGINPRWLKSPATIYPHLY, 0.27
370E1I9, AGPTVSTNPKYDGINPRWLKSPATIYPHLY, 0.24
370E2I10, AGPTVSKNPKYDGINPRWLKSPATIYPHLY, 0.23
370E3I22, AGPTVSKNPKYDGINPRWLKSPATIYPHFY, 0.22
370E4I35, AGPTVSKNPKYDGINPRWEKSPATIYPHFY, 0.2
370E5I47, AGPTVSKNPKWDGINPRWEKSPATIYPHFY, 0.19
370E6I48, AGPTVSKNPKWDGINPRWEKSPATIYPHFQ, 0.18
370E7I52, AGPTVSKNPKWDGINPRLEKSPATIYPHFQ, 0.17
370E8I88, AGPTVSKYPKWDGINPRLEKSPATIYPHFQ, 0.15
370E9I106, AGPTVSKYPKWDGINPRLEKSNATIYPHFQ, 0.14
370E10I117, AGPTVSKYEKWDGINPRLEKSNATIYPHFQ, 0.12
370E11I118, AGPTVSKYEKWDGINPRLEKSNATVYPHFQ, 0.11
370E12I126, AGPTVSKYEKWDGINPRLEKSNATVFPHFQ, 0.1
370E13I147, AGRTVSKYEKWDGINPRLEKSNATVFPHFQ, 0.09
370E14I175, AGRTVSKYEKWDGINPRLEKSNATVFPHFI, 0.08
370E15I183, AGRTVSKYEKWDGINPGLEKSNATVFPHFI, 0.07
370E16I207, AGRTVSKYEQWDGINPGLEKSNATVFPHFI, 0.06
370E17I210, AGRTVSKYEQWDGINPGLYKSNATVFPHFI, 0.05
