495E0I0, QRWHYVAPHARFSPNWARTTPDPGWAPIHW, 0.53
495E1I2, QRWHYVAPHARFDPNWARTTPDPGWAPIHW, 0.51
495E2I7, QRWHYVAPHARFDPQWARTTPDPGWAPIHW, 0.45
495E3I12, QRWHYVAPHARFDPQWARTTPDPQWAPIHW, 0.44
495E4I14, QRWHYVAPHARFDPQWARTTRDPQWAPIHW, 0.35
495E5I19, QRWHYVAPHARLDPQWARTTRDPQWAPIHW, 0.31
495E6I20, QRWHYVAPHARLDPQWARTTRDPQPAPIHW, 0.25
495E7I24, QRWHYVAPHARLDPQWWRTTRDPQPAPIHW, 0.24
495E8I25, QRWHYVAPHARLDPQWWRTTRDPQPAPIHF, 0.21
495E9I27, QRWHYVAPHARLDPQWWRTTRDPQPAPIRF, 0.19
495E10I41, QRWHYVAPHARLDEQWWRTTRDPQPAPIRF, 0.18
495E11I42, QRWHYVAPHARLDEQWWRTTRDIQPAPIRF, 0.17
495E12I50, QRWSYVAPHARLDEQWWRTTRDIQPAPIRF, 0.16
495E13I56, QRWSYVAPHARLDEQWWRTTRDIQPAPIRR, 0.15
495E14I59, QRWSYVAPHARLDEQWWRTTRDIQPAKIRR, 0.13
495E15I62, QRWSYVAPHARLDEQWERTTRDIQPAKIRR, 0.11
495E16I115, QRRSYVAPHARLDEQWERTTRDIQPAKIRR, 0.09
495E17I180, QRRSYVAPHARLDEQWEQTTRDIQPAKIRR, 0.08
495E18I195, QRRSYVAPHARLDVQWEQTTRDIQPAKIRR, 0.07
495E19I196, QARSYVAPHARLDVQWEQTTRDIQPAKIRR, 0.06
495E20I254, QARSYVAPHARLDVQWEQTTRDIQPQKIRR, 0.05
