163E0I0, WLDDPEPVFEWGQSLASKDDLTFVQRSKWR, 0.27
163E1I5, WLDDPEPVFEWGQSLASKDDLTFVQRIKWR, 0.26
163E2I6, WLDDPEPVFEQGQSLASKDDLTFVQRIKWR, 0.22
163E3I8, WLDDPEPVFEQGQSLASVDDLTFVQRIKWR, 0.21
163E4I15, WLDDPEYVFEQGQSLASVDDLTFVQRIKWR, 0.2
163E5I16, RLDDPEYVFEQGQSLASVDDLTFVQRIKWR, 0.19
163E6I19, RLDDPEYVFEQGQSLASVDDLTFVQRPKWR, 0.18
163E7I22, RLDDPEYVFEQGQSLASVFDLTFVQRPKWR, 0.16
163E8I28, RLDDYEYVFEQGQSLASVFDLTFVQRPKWR, 0.14
163E9I47, RLDDYEYVFEQGQSLASVFDLTDVQRPKWR, 0.13
163E10I50, RLDDYEYVFEQGQSLASVFDLTDVQRPKNR, 0.1
163E11I79, RLDDYEYVFEQGQSLASVFDLKDVQRPKNR, 0.09
163E12I88, RLDDYEYVFEQGQSLASVFDLKDVQRPKNV, 0.07
163E13I99, RLDDNEYVFEQGQSLASVFDLKDVQRPKNV, 0.05
163E14I185, RLDDNSYVFEQGQSLASVFDLKDVQRPKNV, 0.04
163E15I201, RLDDNSYVFEQGQELASVFDLKDVQRPKNV, 0.03
163E16I294, RLDDNSYVFEQGQEIASVFDLKDVQRPKNV, 0.02
