166E0I0, IIFPDVYQFEHWGSASAFIIFRERYKNDSH, 0.36
166E1I2, IIFPDVYQFEHWGSASAFINFRERYKNDSH, 0.33
166E2I4, IIFPDVYQFEHWSSASAFINFRERYKNDSH, 0.3
166E3I5, WIFPDVYQFEHWSSASAFINFRERYKNDSH, 0.27
166E4I6, WIFPDVYQFEHWSSADAFINFRERYKNDSH, 0.25
166E5I8, WIFPDVYQFEHWDSADAFINFRERYKNDSH, 0.24
166E6I11, WIFPDVYQFEWWDSADAFINFRERYKNDSH, 0.22
166E7I12, WIFPDVYQFEWWDIADAFINFRERYKNDSH, 0.18
166E8I13, WIFPDVYQFEWWDIADAFINFRERYKKDSH, 0.17
166E9I27, WIFPDVVQFEWWDIADAFINFRERYKKDSH, 0.16
166E10I42, WIFPDVVQFEWWDIADAFINFREQYKKDSH, 0.11
166E11I45, WIFPDVVQFEWWDIADAFINFREQYKKDSF, 0.1
166E12I54, WIFPDVVQFEWWDIADAFINFREQYEKDSF, 0.07
166E13I100, WIFPDVVQFEWWDIADAKINFREQYEKDSF, 0.06
166E14I111, WIFPDVVQFEWWDIADAKINFREQYEKDVF, 0.05
166E15I124, WIFPDVVWFEWWDIADAKINFREQYEKDVF, 0.04
