386E0I0, ERGKFQSDTQDWWGVQISRVFINPTFDLTL, 0.38
386E1I3, ERGKFQSDTQDWWGVQISRVFINPTFDLFL, 0.35
386E2I4, EWGKFQSDTQDWWGVQISRVFINPTFDLFL, 0.31
386E3I9, EWGKFQSDTYDWWGVQISRVFINPTFDLFL, 0.28
386E4I10, EWGKFQSDTYDWWGGQISRVFINPTFDLFL, 0.27
386E5I21, EWGKFQSDTYDWWGGQISRVFINPTFDQFL, 0.26
386E6I28, EWGKFQSDTYDWWGGQISRVFINPTRDQFL, 0.2
386E7I29, EWGKFQSDTYDWWGGQISRVFINPTREQFL, 0.16
386E8I35, EWGKKQSDTYDWWGGQISRVFINPTREQFL, 0.15
386E9I43, EWGKKQLDTYDWWGGQISRVFINPTREQFL, 0.12
386E10I106, EWGKKHLDTYDWWGGQISRVFINPTREQFL, 0.1
