281E0I0, NSKHVPYKEFSNRHSPSKVVLPKAVPKTQI, 0.48
281E1I4, NSKHVPYKEFSNRHSPSKVVLPKEVPKTQI, 0.46
281E2I5, NSKHVRYKEFSNRHSPSKVVLPKEVPKTQI, 0.43
281E3I6, NSKHVRYKEFSNRHSPSKVVLPKEVPKTQA, 0.41
281E4I7, NSKHVRYKEFSNRHSPSKVVLPKEKPKTQA, 0.4
281E5I8, NSKHVRYKEFSNRHSPSKVVLPKEKPKTIA, 0.39
281E6I9, NSKHVRYKEFSTRHSPSKVVLPKEKPKTIA, 0.38
281E7I10, NSKHVRYKESSTRHSPSKVVLPKEKPKTIA, 0.36
281E8I13, NSKHVRYKESSTRHSPSKVVLPKEKPKTIW, 0.34
281E9I15, NSKHVRYKEQSTRHSPSKVVLPKEKPKTIW, 0.28
281E10I16, NSKPVRYKEQSTRHSPSKVVLPKEKPKTIW, 0.26
281E11I24, NSKPVRYKEQSTRHSPSKVVLPREKPKTIW, 0.24
281E12I25, NSKPVRYKEQSTRHSPSKVVLPRWKPKTIW, 0.21
281E13I30, NSKPVRYKEQSTRHSPIKVVLPRWKPKTIW, 0.2
281E14I38, NSKPVRYKEQSTRHSEIKVVLPRWKPKTIW, 0.19
281E15I40, NSKPVRYKEQSHRHSEIKVVLPRWKPKTIW, 0.18
281E16I51, NSKPVRYKEQSHRHNEIKVVLPRWKPKTIW, 0.17
281E17I88, NSKPVRYKEQSHRHNELKVVLPRWKPKTIW, 0.16
281E18I94, NSKPVRYKEQSHRHNELKVVLPRWKPKTSW, 0.14
281E19I99, NSKPVRYKEQSHRHNELKVVLPRWKPKTSH, 0.13
281E20I116, NSKRVRYKEQSHRHNELKVVLPRWKPKTSH, 0.12
281E21I212, NSKRVRYKEQSHRHNELKVVLPRWKHKTSH, 0.11
281E22I219, VSKRVRYKEQSHRHNELKVVLPRWKHKTSH, 0.1
281E23I257, VSKRVRYKEQSHRRNELKVVLPRWKHKTSH, 0.09
281E24I309, VSKRVRYKEQSHRRNELKVVLPTWKHKTSH, 0.08
281E25I326, VSKRVRKKEQSHRRNELKVVLPTWKHKTSH, 0.07
281E26I403, VSKRVRKKEQSHRRNELKVTLPTWKHKTSH, 0.06
281E27I460, VSARVRKKEQSHRRNELKVTLPTWKHKTSH, 0.05
