197E0I0, GNYSQKYLKQPEGHPVSVLFSEYLHIGLEN, 0.29
197E1I3, GNYSQKYLKQPEGHPVSVLFSEYYHIGLEN, 0.24
197E2I8, GNYSQKNLKQPEGHPVSVLFSEYYHIGLEN, 0.21
197E3I14, GNYSQKNLKQPEGHPVSVLFSHYYHIGLEN, 0.18
197E4I39, GNYSQKNLKQPEGHPVSVLFSHAYHIGLEN, 0.17
197E5I45, GNYSQKNLKQPLGHPVSVLFSHAYHIGLEN, 0.16
197E6I59, GNYSQKNLKQPLGHPVSVLFSHAYHPGLEN, 0.15
197E7I68, GNYSQKNLKQPLGHPVSQLFSHAYHPGLEN, 0.14
197E8I73, GNYSQKNLKQPLGHPVSQLFSHAYHYGLEN, 0.13
197E9I104, GIYSQKNLKQPLGHPVSQLFSHAYHYGLEN, 0.12
197E10I124, GIYSQKNLKQPLGHYVSQLFSHAYHYGLEN, 0.11
197E11I151, GIYSQKNLKQPLGHQVSQLFSHAYHYGLEN, 0.09
197E12I189, GIYSQKNLKQPLGSQVSQLFSHAYHYGLEN, 0.08
197E13I193, GIYSQKNLKQPLGSQVSQLFSHAYHYGLEI, 0.07
197E14I212, GIYSQKNLKQPLGSQVSQLFRHAYHYGLEI, 0.06
