442E0I0, YGFVYEGWTYAERWIPQISTHAHNYRYPFG, 0.5
442E1I7, YGFVYEGWTYAERWIPQISTHAHNYRYNFG, 0.48
442E2I8, YGFVYEGWTYAERWIPQISTVAHNYRYNFG, 0.43
442E3I10, YGFVIEGWTYAERWIPQISTVAHNYRYNFG, 0.36
442E4I11, YGFVIEGWTYAERWIPQISTVAHNYRYVFG, 0.35
442E5I15, YGRVIEGWTYAERWIPQISTVAHNYRYVFG, 0.27
442E6I16, YGRVIEGWTYAERWIPQISTVAHPYRYVFG, 0.26
442E7I17, YGRVIEGWTYEERWIPQISTVAHPYRYVFG, 0.25
442E8I19, YGRVIEGWTYELRWIPQISTVAHPYRYVFG, 0.24
442E9I31, YGRVIEGWTYELRAIPQISTVAHPYRYVFG, 0.23
442E10I32, YGRVIEGWTYLLRAIPQISTVAHPYRYVFG, 0.21
442E11I34, YGRVIEGWTYLSRAIPQISTVAHPYRYVFG, 0.18
442E12I43, YGRVIEPWTYLSRAIPQISTVAHPYRYVFG, 0.17
442E13I93, YGRVIEPWTYLSRAIPQISTVAPPYRYVFG, 0.14
442E14I103, YGRVIEPWTYLSRAIPQISTVAPPKRYVFG, 0.13
442E15I109, YGRVIEPWTYLSEAIPQISTVAPPKRYVFG, 0.12
442E16I110, YGRVIAPWTYLSEAIPQISTVAPPKRYVFG, 0.11
442E17I131, YGRVIAPWTYLSEAIPQVSTVAPPKRYVFG, 0.1
442E18I135, YGRVIAPWTYLSEAIPQVSTVAPGKRYVFG, 0.06
442E19I170, YGRVIAPWTYQSEAIPQVSTVAPGKRYVFG, 0.05
442E20I205, YGRVIAPWTDQSEAIPQVSTVAPGKRYVFG, 0.04
