411E0I0, KAEHHETNKNEASHVHDRLDWRWTEIYNSK, 0.25
411E1I12, KAEHSETNKNEASHVHDRLDWRWTEIYNSK, 0.21
411E2I14, KAEHSETNKNEASHVHDRLDWRWTEQYNSK, 0.2
411E3I18, KAEHSETNKNEASHVHDRLDWRYTEQYNSK, 0.17
411E4I40, KAEHSETNKNEWSHVHDRLDWRYTEQYNSK, 0.14
411E5I45, KAEHSETNKNEWSHVLDRLDWRYTEQYNSK, 0.13
411E6I50, KTEHSETNKNEWSHVLDRLDWRYTEQYNSK, 0.12
411E7I56, KTEHSETNKNEWSHELDRLDWRYTEQYNSK, 0.11
411E8I61, KTEHSETNKNEWSHELDRLDWRYFEQYNSK, 0.1
411E9I87, FTEHSETNKNEWSHELDRLDWRYFEQYNSK, 0.09
411E10I90, FTEHEETNKNEWSHELDRLDWRYFEQYNSK, 0.07
411E11I92, FEEHEETNKNEWSHELDRLDWRYFEQYNSK, 0.05
411E12I99, FEEHEETNKNEWSHELDRLDWRYFEQANSK, 0.04
411E13I130, FEEHEETNKNEWSHELDRLDWHYFEQANSK, 0.03
411E14I199, FEEHEETNKNEWSHELDVLDWHYFEQANSK, 0.02
