485E0I0, IYFIFGVTLNFVQLVQEGIIIKWGTIPSAG, 0.32
485E1I6, IYFIFGVTLNRVQLVQEGIIIKWGTIPSAG, 0.23
485E2I9, IYFIFGVTLNRVQLVQEGIIIKQGTIPSAG, 0.21
485E3I12, IYFIFGVNLNRVQLVQEGIIIKQGTIPSAG, 0.18
485E4I17, IYFIFGVNLSRVQLVQEGIIIKQGTIPSAG, 0.17
485E5I24, IYFIFGVNLSRVILVQEGIIIKQGTIPSAG, 0.16
485E6I27, IYFIFGVNLSRVILVQEGIIIKQGTIPSVG, 0.14
485E7I31, IYFIFGVNLSRVILVTEGIIIKQGTIPSVG, 0.13
485E8I39, IYFIFGVNLSRVILVTEGIIIKQGTIPSVT, 0.12
485E9I74, IYFIFGVNLSRVILVTEGIIIKQGTRPSVT, 0.1
485E10I78, VYFIFGVNLSRVILVTEGIIIKQGTRPSVT, 0.09
485E11I105, VYFIFGVNLSRVILVTEGIIIKQGTRPSVL, 0.08
485E12I138, VYFIFGVNLSRVILVTEGIIIKQGTRPSVI, 0.07
