35E0I0, YKKKQHNLSGIFGAEPYGADTVNFQVSNWG, 0.4
35E1I5, YKKKQHNLSGIFGAEPYGEDTVNFQVSNWG, 0.38
35E2I6, YKKKQHNLSGIFQAEPYGEDTVNFQVSNWG, 0.35
35E3I7, YKKKQHNLSGIFQAEPYPEDTVNFQVSNWG, 0.34
35E4I8, YKKKQHNLSGIFQAEPYPEDTVNFQVINWG, 0.31
35E5I10, YKKKQHNLSGIFQANPYPEDTVNFQVINWG, 0.3
35E6I12, YKKKQHNLSGIFIANPYPEDTVNFQVINWG, 0.29
35E7I13, YKNKQHNLSGIFIANPYPEDTVNFQVINWG, 0.26
35E8I15, YKNKQHNLSGIFIANPYPEDTVNFQVIDWG, 0.23
35E9I16, YKNKQHNLSGIFEANPYPEDTVNFQVIDWG, 0.2
35E10I19, YKNKQHNLSGIFEANPYPEDTVDFQVIDWG, 0.17
35E11I36, YKNKQHNLSGIFEANPYPEDTVDNQVIDWG, 0.16
35E12I45, YKNKQHNLSGIFEANPYPEDTFDNQVIDWG, 0.13
35E13I47, HKNKQHNLSGIFEANPYPEDTFDNQVIDWG, 0.12
35E14I56, HKNKQHNLSGIFEANPYPEDTFDNQVIDWV, 0.1
35E15I62, HKNKQHNLSGIFEANPQPEDTFDNQVIDWV, 0.09
35E16I63, HKNKQWNLSGIFEANPQPEDTFDNQVIDWV, 0.08
35E17I71, HKNKQWNLSGIFEANPQPEDTLDNQVIDWV, 0.05
35E18I84, HKNKQWNLSGIFEANPQPEDTLDNQVIDLV, 0.04
