142E0I0, PNKREWSHTNLYTAEQWNIHWYDHIKNTPG, 0.34
142E1I1, PNKREWSHTNLYTAEQWNIEWYDHIKNTPG, 0.26
142E2I2, PNKREWSHTNLYTAEQWNIEWYDHIKNIPG, 0.24
142E3I4, PNKREWSHTNLYTWEQWNIEWYDHIKNIPG, 0.23
142E4I5, PNKREWSHTNLYTWEQWNIEWYDHIKNIQG, 0.2
142E5I19, PNKREWSHTNLYTWEQWNIEVYDHIKNIQG, 0.19
142E6I20, PNKREWSHTNLNTWEQWNIEVYDHIKNIQG, 0.18
142E7I39, PNKREWSHSNLNTWEQWNIEVYDHIKNIQG, 0.15
142E8I55, PNKREWSHSNLNTWEQWNIEKYDHIKNIQG, 0.11
142E9I68, PWKREWSHSNLNTWEQWNIEKYDHIKNIQG, 0.1
142E10I70, PWKREWSHSNLNTWEQWNIEKYDHIKNIQV, 0.09
142E11I71, PWKREWSHSNLNTWEQWNIEKYDHIKNIQQ, 0.08
142E12I86, PWKREWSHSNLNKWEQWNIEKYDHIKNIQQ, 0.06
142E13I121, EWKREWSHSNLNKWEQWNIEKYDHIKNIQQ, 0.05
142E14I125, EWKREWSHSNLNKWEQWNIEKYDHEKNIQQ, 0.03
142E15I158, EWKREWSHSNLNKWEQWNIEKYDHEKNIQF, 0.02
142E16I168, EWKREWSHSNLNKYEQWNIEKYDHEKNIQF, 0.01
