160E0I0, SHSHFNSDWPKYFHLIHIEAKYAYKNADQA, 0.41
160E1I1, SHSHFNSDWPKYFHLIHIEEKYAYKNADQA, 0.38
160E2I6, SHSYFNSDWPKYFHLIHIEEKYAYKNADQA, 0.37
160E3I7, SHSYFNSDWLKYFHLIHIEEKYAYKNADQA, 0.31
160E4I8, SHSYFNSDWLKYFHLIHIEEKYYYKNADQA, 0.3
160E5I15, SHSYFNSDWKKYFHLIHIEEKYYYKNADQA, 0.26
160E6I19, SHSYFNSDWKKYSHLIHIEEKYYYKNADQA, 0.25
160E7I20, STSYFNSDWKKYSHLIHIEEKYYYKNADQA, 0.22
160E8I23, STSYFNSDWKKYSHLIHIEEKYYYKNRDQA, 0.19
160E9I27, STSYFNSDWKKYSFLIHIEEKYYYKNRDQA, 0.17
160E10I28, STSYFNSDWKKYSFLIHIEEKYYTKNRDQA, 0.16
160E11I30, STSYFNSDWKKYSFLIHIEEKRYTKNRDQA, 0.14
160E12I32, STSYENSDWKKYSFLIHIEEKRYTKNRDQA, 0.13
160E13I48, STSYEQSDWKKYSFLIHIEEKRYTKNRDQA, 0.11
160E14I53, STSQEQSDWKKYSFLIHIEEKRYTKNRDQA, 0.1
160E15I65, KTSQEQSDWKKYSFLIHIEEKRYTKNRDQA, 0.08
160E16I81, KTSQEQSDWKKYSFLIHIEEKRNTKNRDQA, 0.07
160E17I99, KTSQEQSDWKKYSFLIYIEEKRNTKNRDQA, 0.06
160E18I148, KTSHEQSDWKKYSFLIYIEEKRNTKNRDQA, 0.04
160E19I205, KTSHEQWDWKKYSFLIYIEEKRNTKNRDQA, 0.03
160E20I254, KTSHEQWDWKKYSFLKYIEEKRNTKNRDQA, 0.02
