91E0I0, HKEHLPLTGANPREIRIFQNEFFHYWYYAA, 0.51
91E1I2, HKEHLPATGANPREIRIFQNEFFHYWYYAA, 0.5
91E2I3, HKEHLPATGANPREIRIFQNEFFHYTYYAA, 0.44
91E3I4, HKEHFPATGANPREIRIFQNEFFHYTYYAA, 0.38
91E4I5, HKEHFPATGANPREIKIFQNEFFHYTYYAA, 0.37
91E5I6, HKEHFPATGANPREIKIFQNEFFHYTYYAG, 0.33
91E6I16, HKNHFPATGANPREIKIFQNEFFHYTYYAG, 0.26
91E7I22, HKNHFPATGANPREQKIFQNEFFHYTYYAG, 0.2
91E8I26, HKNHFPATGRNPREQKIFQNEFFHYTYYAG, 0.19
91E9I43, HKNHFPATGRNPREQKIFQNEGFHYTYYAG, 0.17
91E10I44, HKNHFPATGRNPREQKIFQNEGFQYTYYAG, 0.14
91E11I45, HKNHFPATGRNPREQKIFQNEGFQYTYNAG, 0.13
91E12I48, HKNHFPAAGRNPREQKIFQNEGFQYTYNAG, 0.1
91E13I86, HKNHFPAAGRNPREQKIFQNEGFQYTYKAG, 0.09
91E14I130, HKNHFPAAGRNPREQKIFSNEGFQYTYKAG, 0.08
91E15I183, HKNHFPAAGRNPREQKIFSNEGQQYTYKAG, 0.07
91E16I195, HKNHFPAAGLNPREQKIFSNEGQQYTYKAG, 0.05
91E17I200, HKNHFPAAGLNPREQKIASNEGQQYTYKAG, 0.04
