99E0I0, QRIESFKWEPPGFFQHNVDRHDESGDHHLN, 0.46
99E1I5, QRIESFKWEPPGFFQHNVDRTDESGDHHLN, 0.43
99E2I8, QRIESFKWEPPGFQQHNVDRTDESGDHHLN, 0.41
99E3I9, QRIESQKWEPPGFQQHNVDRTDESGDHHLN, 0.39
99E4I11, QRIFSQKWEPPGFQQHNVDRTDESGDHHLN, 0.36
99E5I20, QRIFSQKWEPPGFQQHNVDRTDESGDHHWN, 0.35
99E6I21, QRIFSAKWEPPGFQQHNVDRTDESGDHHWN, 0.34
99E7I22, QRIFSAKWEPPGFQQHNVDRTDESGDHPWN, 0.29
99E8I50, QRIFSAKREPPGFQQHNVDRTDESGDHPWN, 0.27
99E9I54, QRIFSAKREPPGFQQHNVSRTDESGDHPWN, 0.26
99E10I65, QRIFSAKREPPGFQQHNVSRTDNSGDHPWN, 0.22
99E11I78, QRIFSAKREPPGFQQWNVSRTDNSGDHPWN, 0.17
99E12I93, QRIFSAKREPPGFQQWNTSRTDNSGDHPWN, 0.16
99E13I101, QYIFSAKREPPGFQQWNTSRTDNSGDHPWN, 0.13
99E14I114, QYIFSAKREPPGFQQWNTSRTDNSGDHPDN, 0.12
99E15I119, QYIFEAKREPPGFQQWNTSRTDNSGDHPDN, 0.09
99E16I166, QYIFEAKREPPGFQQWQTSRTDNSGDHPDN, 0.08
99E17I173, QYIFEAKREPPGFQQNQTSRTDNSGDHPDN, 0.07
99E18I202, QYIFEAKREPQGFQQNQTSRTDNSGDHPDN, 0.06
99E19I205, QYIFEAKREPQGFQQPQTSRTDNSGDHPDN, 0.05
99E20I243, QYIFEAKREPQGFQQPQTSREDNSGDHPDN, 0.04
