423E0I0, DERSALPRKYPAESWHKDELVHAESQIIKT, 0.5
423E1I2, DERSALPRKYPAESWHKDELVHAESQRIKT, 0.45
423E2I3, DERSALPRKYPAESWHKDELVAAESQRIKT, 0.41
423E3I4, DERSALPSKYPAESWHKDELVAAESQRIKT, 0.38
423E4I5, DERVALPSKYPAESWHKDELVAAESQRIKT, 0.37
423E5I6, DERVALPSKYPAESEHKDELVAAESQRIKT, 0.34
423E6I7, DERVALPSKYPAEAEHKDELVAAESQRIKT, 0.31
423E7I11, DERVALPKKYPAEAEHKDELVAAESQRIKT, 0.26
423E8I14, DERVALPKKYPAEAEHKNELVAAESQRIKT, 0.23
423E9I19, DERVALPKKYPAEAEHKNEDVAAESQRIKT, 0.22
423E10I33, GERVALPKKYPAEAEHKNEDVAAESQRIKT, 0.21
423E11I39, GERVALPKKYQAEAEHKNEDVAAESQRIKT, 0.2
423E12I46, GERVALPKKYQAEAEHKNEDVAAEGQRIKT, 0.19
423E13I48, GERVALPKKYQAEAEHKNERVAAEGQRIKT, 0.18
423E14I54, GERVALPKKYQAEAEHKNERVATEGQRIKT, 0.17
423E15I64, GERVALPKKYQAEAEHKNERVATEGQRDKT, 0.16
423E16I65, GERVALPKKYQAEAEHKNERVATEGQRDIT, 0.15
423E17I107, GERVALPKKYQAEAEDKNERVATEGQRDIT, 0.14
423E18I114, GPRVALPKKYQAEAEDKNERVATEGQRDIT, 0.13
423E19I145, GPRVALPKKYTAEAEDKNERVATEGQRDIT, 0.11
423E20I201, GPRVALPKKYTAEAEDKNERVAEEGQRDIT, 0.1
423E21I263, NPRVALPKKYTAEAEDKNERVAEEGQRDIT, 0.09
423E22I294, NPRVALPDKYTAEAEDKNERVAEEGQRDIT, 0.07
423E23I307, NPRVALPDKYTFEAEDKNERVAEEGQRDIT, 0.05
