312E0I0, NFDVQKTVSSENSWTTTDLNPHHTLADLFN, 0.44
312E1I1, NFDVQKTVSSENSWTGTDLNPHHTLADLFN, 0.43
312E2I3, NFDVQITVSSENSWTGTDLNPHHTLADLFN, 0.4
312E3I12, NFDVQITVSSENSVTGTDLNPHHTLADLFN, 0.39
312E4I14, NFDVQITVSSENSVTGTDLNPHHTLYDLFN, 0.31
312E5I17, NFDVQITVSNENSVTGTDLNPHHTLYDLFN, 0.27
312E6I20, NFDVQITVSNENSVDGTDLNPHHTLYDLFN, 0.26
312E7I23, NFDVQITVSNENSVDGTDLNPHHDLYDLFN, 0.21
312E8I29, NFDVQVTVSNENSVDGTDLNPHHDLYDLFN, 0.19
312E9I35, NFEVQVTVSNENSVDGTDLNPHHDLYDLFN, 0.16
312E10I64, NFESQVTVSNENSVDGTDLNPHHDLYDLFN, 0.14
312E11I66, NFEFQVTVSNENSVDGTDLNPHHDLYDLFN, 0.12
312E12I80, NFEFQVTVSNENSVDGTDLNPKHDLYDLFN, 0.11
312E13I90, NFEQQVTVSNENSVDGTDLNPKHDLYDLFN, 0.09
312E14I105, NFEQQVTVSNENSVDGTDLNPKHDLYDLDN, 0.07
312E15I109, IFEQQVTVSNENSVDGTDLNPKHDLYDLDN, 0.06
312E16I112, IFEQDVTVSNENSVDGTDLNPKHDLYDLDN, 0.05
312E17I190, IFELDVTVSNENSVDGTDLNPKHDLYDLDN, 0.04
312E18I216, IFELDVTVSNENSVDGTDLNPKHDLYDLDS, 0.03
312E19I235, IFELDVTVSNENVVDGTDLNPKHDLYDLDS, 0.01
