211E0I0, ENEHSEKADGRQRPFENAAAGWTEHSREPH, 0.32
211E1I1, ENEHIEKADGRQRPFENAAAGWTEHSREPH, 0.3
211E2I5, LNEHIEKADGRQRPFENAAAGWTEHSREPH, 0.28
211E3I6, LNEHIEKADGRSRPFENAAAGWTEHSREPH, 0.23
211E4I9, LNEHIEKADHRSRPFENAAAGWTEHSREPH, 0.22
211E5I11, LNEHIEKADHRRRPFENAAAGWTEHSREPH, 0.21
211E6I21, LNEHIEKADHRRRPFENAAAGWTNHSREPH, 0.2
211E7I28, LNEHIEKADHRRRPFENAAAGQTNHSREPH, 0.19
211E8I30, LNEHIEKVDHRRRPFENAAAGQTNHSREPH, 0.15
211E9I46, LNEYIEKVDHRRRPFENAAAGQTNHSREPH, 0.13
211E10I48, LNEYIEKVDLRRRPFENAAAGQTNHSREPH, 0.12
211E11I50, LNEYIEKVDLRRRPFESAAAGQTNHSREPH, 0.11
211E12I58, LNEYIEKVDLRRRPFESAAAGQTNHSRELH, 0.09
211E13I95, LNEYIEKVDLRRRPFESAAAGQTNHSRELY, 0.08
211E14I98, LNEYIEKVDLRRRPFESAAAGQTNHSRELQ, 0.07
211E15I125, LNEYIEKVDLRRNPFESAAAGQTNHSRELQ, 0.06
211E16I131, LNEYIEKFDLRRNPFESAAAGQTNHSRELQ, 0.05
211E17I141, LNEYIEKFDLRRNPFESAAAGQTNYSRELQ, 0.04
211E18I146, LNEYIEKDDLRRNPFESAAAGQTNYSRELQ, 0.03
211E19I161, LNEYIEKDDLRRNPFEIAAAGQTNYSRELQ, 0.02
211E20I164, LNEYIEKDDLRNNPFEIAAAGQTNYSRELQ, 0.01
