478E0I0, QASRNQDYVRFFHRAGIDYANVRSILVWAA, 0.4
478E1I2, QASRNQDYVRFFHRAGIDIANVRSILVWAA, 0.38
478E2I3, QASRNQDYVRKFHRAGIDIANVRSILVWAA, 0.36
478E3I6, QASRNQDYVRKFHRAEIDIANVRSILVWAA, 0.35
478E4I7, QASRNQDYVRKFHRAEIDIANVRSILVWAF, 0.33
478E5I8, QASRNQDYVRKFHRAEIDIANVRSILVSAF, 0.27
478E6I12, QASRNQDYVRKFHRAEIDIANVHSILVSAF, 0.25
478E7I54, QASRNQDYVNKFHRAEIDIANVHSILVSAF, 0.23
478E8I58, QASRNQDYVNKFHRNEIDIANVHSILVSAF, 0.19
478E9I62, RASRNQDYVNKFHRNEIDIANVHSILVSAF, 0.18
478E10I68, RASRNQDYVNKFHRNEIDIANVDSILVSAF, 0.17
478E11I73, FASRNQDYVNKFHRNEIDIANVDSILVSAF, 0.14
478E12I78, FASRNQDYVNKFSRNEIDIANVDSILVSAF, 0.13
478E13I100, FASRNQDYVNKFWRNEIDIANVDSILVSAF, 0.12
478E14I133, FASRNQDYVNKFWRNEKDIANVDSILVSAF, 0.11
478E15I167, FASRNQDYVNKFWRNEKDIANVDSILVSAL, 0.1
478E16I191, FASRNQDYVNKFWRNEKDIANVDSILVSAK, 0.09
478E17I199, FASRNQDYVNKFWRNEQDIANVDSILVSAK, 0.08
478E18I207, FASRNQLYVNKFWRNEQDIANVDSILVSAK, 0.06
