179E0I0, PLNGSVEYFFRLTTVHGWSLPREQPEERYR, 0.33
179E1I1, PLNGSVERFFRLTTVHGWSLPREQPEERYR, 0.32
179E2I3, PLNGSVERFSRLTTVHGWSLPREQPEERYR, 0.3
179E3I5, PLNGSVERFSRLTTVHGWSLPREQPEERNR, 0.24
179E4I9, NLNGSVERFSRLTTVHGWSLPREQPEERNR, 0.21
179E5I12, NLNGSVERFSRLTTVHGWSLKREQPEERNR, 0.2
179E6I14, NLNGSVERFSRLTTVWGWSLKREQPEERNR, 0.19
179E7I15, NLNGSVERFSRLTTVWGASLKREQPEERNR, 0.18
179E8I20, NLNGSVERFSRLTTVWGASLKREQPHERNR, 0.17
179E9I26, NLNGSVEGFSRLTTVWGASLKREQPHERNR, 0.15
179E10I55, NLNGSVEGFSRLTTVWGASLKREQPHEINR, 0.13
179E11I57, NLNGSVEGVSRLTTVWGASLKREQPHEINR, 0.12
179E12I64, NLNGSVEGVSRLTTVWGASLKQEQPHEINR, 0.1
179E13I66, NLNGSVEGVSRLTTVWGASLKQEQPHEINL, 0.09
179E14I87, NLNGSVEGVIRLTTVWGASLKQEQPHEINL, 0.08
179E15I90, NLNGSVEGVIRLTTVWGASLWQEQPHEINL, 0.07
179E16I111, NLNGLVEGVIRLTTVWGASLWQEQPHEINL, 0.06
179E17I125, NLNGLVEGVSRLTTVWGASLWQEQPHEINL, 0.05
179E18I187, NLNGLKEGVSRLTTVWGASLWQEQPHEINL, 0.04
179E19I216, NLNGLKEGVSRVTTVWGASLWQEQPHEINL, 0.03
179E20I239, NLNGLKEGVSRVTTVWSASLWQEQPHEINL, 0.02
