213E0I0, FAWGDGPEAFDELLAQFESIAAFVSSSKRA, 0.4
213E1I1, FAWGDGPEAFDELLAQFESIAAFVSSSKRT, 0.33
213E2I12, FAWGDGPEAFDELLAQFESIAASVSSSKRT, 0.29
213E3I20, FAWGDGPEAFSELLAQFESIAASVSSSKRT, 0.26
213E4I23, FAWGDGPEAFTELLAQFESIAASVSSSKRT, 0.24
213E5I36, FAWGDGPEAFTELLAVFESIAASVSSSKRT, 0.22
213E6I52, FAWGDGPEAFTELLAVFESIATSVSSSKRT, 0.19
213E7I54, FAWGDGPEAGTELLAVFESIATSVSSSKRT, 0.15
213E8I73, FAWWDGPEAGTELLAVFESIATSVSSSKRT, 0.14
213E9I82, FAWNDGPEAGTELLAVFESIATSVSSSKRT, 0.13
213E10I100, TAWNDGPEAGTELLAVFESIATSVSSSKRT, 0.12
213E11I124, TAWEDGPEAGTELLAVFESIATSVSSSKRT, 0.11
