74E0I0, NYEASGEFAIQHKYPWVYDIFYPINNTPGG, 0.34
74E1I1, NYEALGEFAIQHKYPWVYDIFYPINNTPGG, 0.33
74E2I2, NYEALGEFDIQHKYPWVYDIFYPINNTPGG, 0.32
74E3I3, NYEALGEFDIQHKIPWVYDIFYPINNTPGG, 0.3
74E4I4, NYEALGEFDIQHKIPWVYDIFYPINNTYGG, 0.29
74E5I7, NYEALGEFDIQHKIPWVYFIFYPINNTYGG, 0.27
74E6I14, NYEALGEFDIQHKIPWVHFIFYPINNTYGG, 0.25
74E7I19, NYEALGEFDIQHKIPWVHFIFYPINNTYGK, 0.22
74E8I75, NYEALGEFEIQHKIPWVHFIFYPINNTYGK, 0.18
74E9I111, YYEALGEFEIQHKIPWVHFIFYPINNTYGK, 0.17
74E10I117, YYEALGEFEIQHKIPWVHFIAYPINNTYGK, 0.16
74E11I165, YYEALGEFEIQHKIPWVHFIAYPINNTRGK, 0.15
74E12I168, YYEALGPFEIQHKIPWVHFIAYPINNTRGK, 0.13
74E13I195, YYEALGPFEIQHKIPWVHFIGYPINNTRGK, 0.11
74E14I222, YYEALGPFEQQHKIPWVHFIGYPINNTRGK, 0.1
74E15I241, YYEALGPFEQQHKIPWVHFIGYPINVTRGK, 0.09
74E16I245, YYEALGPFEQQHKIPWVHFIGYEINVTRGK, 0.08
74E17I246, PYEALGPFEQQHKIPWVHFIGYEINVTRGK, 0.07
74E18I253, PYEALGPFEQQHKIPLVHFIGYEINVTRGK, 0.05
74E19I294, PYSALGPFEQQHKIPLVHFIGYEINVTRGK, 0.04
74E20I366, PYSALGPFEQQHKIPYVHFIGYEINVTRGK, 0.03
