254E0I0, GSYRVRKVSIKVAHRIAKNAHGFFWFEDFW, 0.32
254E1I1, GSYRVRKVSIKVIHRIAKNAHGFFWFEDFW, 0.3
254E2I4, GSYRVRKVSIKVIHRIAKQAHGFFWFEDFW, 0.26
254E3I7, GSYRVRKVSIVVIHRIAKQAHGFFWFEDFW, 0.24
254E4I11, GSYRVRKVSIVVIIRIAKQAHGFFWFEDFW, 0.22
254E5I12, GSYRVRKVSIVVIIRIAKQAHGFFQFEDFW, 0.2
254E6I26, GSYRVRKVSIVVIIRIKKQAHGFFQFEDFW, 0.19
254E7I29, GSYRVRKDSIVVIIRIKKQAHGFFQFEDFW, 0.18
254E8I42, GSYRVRKDSITVIIRIKKQAHGFFQFEDFW, 0.16
254E9I57, GSYRVRKDSITVIIRIKEQAHGFFQFEDFW, 0.15
254E10I92, GSYRVRKDSITVIIRIKEQAHGQFQFEDFW, 0.12
254E11I97, GSYRVRKDSITVIIRIKEQAHGQFWFEDFW, 0.11
254E12I134, GSYRVRKDSITVIIWIKEQAHGQFWFEDFW, 0.1
254E13I142, GSYRVRKDGITVIIWIKEQAHGQFWFEDFW, 0.08
254E14I146, GSYRVRKDGITVIIWIKEQAHGQFWFEPFW, 0.07
254E15I183, GSYRVRKDGITVIIWQKEQAHGQFWFEPFW, 0.06
254E16I235, GSYRVRKDGITVIIWQKEQNHGQFWFEPFW, 0.04
254E17I237, GSYRVRKDGITVVIWQKEQNHGQFWFEPFW, 0.03
