382E0I0, VEDGWAHIEVNKLSPQVRTKRKTGEFANEW, 0.44
382E1I1, VEDGWAHIEVNKLSPQVRPKRKTGEFANEW, 0.41
382E2I6, VEDGWHHIEVNKLSPQVRPKRKTGEFANEW, 0.38
382E3I18, VEDGWHHIEINKLSPQVRPKRKTGEFANEW, 0.35
382E4I19, VEDGWHHIEINKLSPQVQPKRKTGEFANEW, 0.34
382E5I21, VEDGWHHIEINKLSPQVQPKRKTGEPANEW, 0.33
382E6I24, VEDGWHHIEINKLSQQVQPKRKTGEPANEW, 0.29
382E7I31, VEDGWHHIEINKLSQSVQPKRKTGEPANEW, 0.27
382E8I33, VEDGWHGIEINKLSQSVQPKRKTGEPANEW, 0.25
382E9I35, VEDGWHGIEINKLSQSVQPKRPTGEPANEW, 0.24
382E10I51, VYDGWHGIEINKLSQSVQPKRPTGEPANEW, 0.23
382E11I52, VYDGWHGIEINKLDQSVQPKRPTGEPANEW, 0.19
382E12I53, VYDGWHGIQINKLDQSVQPKRPTGEPANEW, 0.17
382E13I67, VYDGWHGIAINKLDQSVQPKRPTGEPANEW, 0.15
382E14I70, VYDGWHGIAINKLDQSVQPKRPTGFPANEW, 0.13
382E15I80, VYDGWWGIAINKLDQSVQPKRPTGFPANEW, 0.12
382E16I83, VYDGWWGIAINKLDQSVQPKHPTGFPANEW, 0.1
382E17I95, VYDGWWGIAINKLDQSVQPKHPTGFPDNEW, 0.08
382E18I107, VYDGWQGIAINKLDQSVQPKHPTGFPDNEW, 0.06
382E19I169, VYDGWQGIAINKLDQSVQPKHPTGQPDNEW, 0.04
382E20I197, VYDFWQGIAINKLDQSVQPKHPTGQPDNEW, 0.03
382E21I273, VYDFWQGIAINKLDQSVQPKHPTGQDDNEW, 0.02
382E22I307, VYDFWQGIAINKLDQSVQPKHPTGQDDNEL, 0.01
