191E0I0, ESALLNKGIQYTALHNDAHWLTDHIFATVV, 0.42
191E1I1, ESALLNKGIQYTALHNDAHWNTDHIFATVV, 0.38
191E2I8, ESALLNKGIQYTALHNNAHWNTDHIFATVV, 0.35
191E3I10, ESALLNKGIQYTALQNNAHWNTDHIFATVV, 0.31
191E4I20, ESALLNKGIQYTALQNNAHWNTDHIFATVE, 0.3
191E5I21, ESALLNKGIQYTKLQNNAHWNTDHIFATVE, 0.28
191E6I23, QSALLNKGIQYTKLQNNAHWNTDHIFATVE, 0.27
191E7I30, QSALLNKGIQYTKLQINAHWNTDHIFATVE, 0.24
191E8I40, QSALLNKGIQYTKLQINAPWNTDHIFATVE, 0.2
191E9I45, QSALLNKGIQYTKLQINAPWNTDHISATVE, 0.18
191E10I50, QSALLNKGIQYTKLQINAGWNTDHISATVE, 0.16
191E11I58, QSALLNKGIQYEKLQINAGWNTDHISATVE, 0.15
191E12I59, QSALLNKGIQYEKFQINAGWNTDHISATVE, 0.14
191E13I64, QSALLNKGIQYEKFQINAGRNTDHISATVE, 0.13
191E14I82, QSYLLNKGIQYEKFQINAGRNTDHISATVE, 0.11
191E15I105, QSYLLNKGIVYEKFQINAGRNTDHISATVE, 0.1
191E16I142, QSYLLNKGIVYEKFQINAGRNTDFISATVE, 0.08
191E17I182, QSYLLNKGIVYEKFQKNAGRNTDFISATVE, 0.07
