265E0I0, THVREKLIQIFQQQRQLTQTTHWEIEPIEY, 0.5
265E1I4, THVREKLIFIFQQQRQLTQTTHWEIEPIEY, 0.45
265E2I8, THVREKLIFIFQQQRQLTQRTHWEIEPIEY, 0.41
265E3I10, THVREKLIFIFQQQRQLTQRTHWEIEPIEG, 0.35
265E4I17, TLVREKLIFIFQQQRQLTQRTHWEIEPIEG, 0.33
265E5I22, TNVREKLIFIFQQQRQLTQRTHWEIEPIEG, 0.32
265E6I25, TNVREKLGFIFQQQRQLTQRTHWEIEPIEG, 0.3
265E7I27, TNVREKLGFIFQQQRQLTQRTQWEIEPIEG, 0.22
265E8I29, TNVREKLGFIFQQQRQLTQRTQWEIQPIEG, 0.21
265E9I31, TNVNEKLGFIFQQQRQLTQRTQWEIQPIEG, 0.18
265E10I44, TNVNEKLGFIFQQQRQLTQRTQWPIQPIEG, 0.16
265E11I47, TNVNEKLGFIFQQQVQLTQRTQWPIQPIEG, 0.15
265E12I49, TNVNEKLGFIFQQQVQLTQRTQWPIYPIEG, 0.14
265E13I69, TNVNEKLGFIFQQQVQLTDRTQWPIYPIEG, 0.13
265E14I72, TNVNEKLGFIFQQQVQLTDRTDWPIYPIEG, 0.11
265E15I78, TNVNEKLGFIFQQQVQLLDRTDWPIYPIEG, 0.1
265E16I102, TNVNEKLGFIFQQQVQLLTRTDWPIYPIEG, 0.08
265E17I106, TNNNEKLGFIFQQQVQLLTRTDWPIYPIEG, 0.07
265E18I135, TNNNEKTGFIFQQQVQLLTRTDWPIYPIEG, 0.04
