450E0I0, LLVFRQADTIRGGNDIKPFFPSEQYGWALE, 0.3
450E1I1, LLVFRQADTIRGGNDIKPFFPSEQYGYALE, 0.26
450E2I3, LLVFRQADLIRGGNDIKPFFPSEQYGYALE, 0.25
450E3I8, LLVFRQADLINGGNDIKPFFPSEQYGYALE, 0.21
450E4I19, LLVFRQADLINGGNDIKPFFPSEQRGYALE, 0.2
450E5I32, LLVFRQADLINGGNDIKPFFPFEQRGYALE, 0.18
450E6I35, LLVFRQPDLINGGNDIKPFFPFEQRGYALE, 0.13
450E7I39, LLVFRQPDLINGGNDIKPFFPFEQDGYALE, 0.11
450E8I61, LLVFRQPDLINGGNDIKPFFPFEQDGYNLE, 0.1
450E9I64, LLVFRQPDLINGGNDIKPFFPFEQPGYNLE, 0.09
450E10I88, LLVFRQPDLINGGNDIKPFFPFEQPQYNLE, 0.08
450E11I139, LLVFRQPDLINGGNDHKPFFPFEQPQYNLE, 0.07
450E12I143, LLVFRQPVLINGGNDHKPFFPFEQPQYNLE, 0.06
450E13I152, LLVFRQPVLINGGNDHKPFFGFEQPQYNLE, 0.05
450E14I223, LLVFRQPVLINGGNDHKPFFGFEQPQKNLE, 0.03
450E15I268, YLVFRQPVLINGGNDHKPFFGFEQPQKNLE, 0.02
450E16I292, YLVFEQPVLINGGNDHKPFFGFEQPQKNLE, 0.01
