1E0I0, GYSPVSRFYQAHKKNDLAFFSIHREIHNFH, 0.54
1E1I1, GYSPVSRFYQAHKKNDLAFFSITREIHNFH, 0.5
1E2I2, GYSPVSRFYQAHKKLDLAFFSITREIHNFH, 0.47
1E3I3, GYSPVSRFYQAHKNLDLAFFSITREIHNFH, 0.37
1E4I6, GYSPVSRFYQAHKNLDLAFFSITREIHNSH, 0.35
1E5I7, GYSPTSRFYQAHKNLDLAFFSITREIHNSH, 0.28
1E6I9, GYSPTSRFYQAHKNLDLADFSITREIHNSH, 0.27
1E7I20, GYSPTSRFPQAHKNLDLADFSITREIHNSH, 0.24
1E8I29, GYSPTSRFPQAHKNLDLADFSITREIKNSH, 0.21
1E9I35, GYSPTSRFPQAHKNLDLADFSITREIKNLH, 0.2
1E10I41, GYSPTSSFPQAHKNLDLADFSITREIKNLH, 0.17
1E11I56, GYQPTSSFPQAHKNLDLADFSITREIKNLH, 0.15
1E12I65, GYQPTSSFPQAHKNLDLAWFSITREIKNLH, 0.14
1E13I69, GYQPTSSFPQAHKNLDLAWFRITREIKNLH, 0.13
1E14I77, GYQPTSSFPQAHKNLDLAWFRRTREIKNLH, 0.12
1E15I105, GYQPTSSFPQAHKNLDLWWFRRTREIKNLH, 0.11
1E16I107, GYQPLSSFPQAHKNLDLWWFRRTREIKNLH, 0.1
1E17I118, GYQTLSSFPQAHKNLDLWWFRRTREIKNLH, 0.09
1E18I124, GYQTLSYFPQAHKNLDLWWFRRTREIKNLH, 0.07
1E19I156, GYQTLSYFPQKHKNLDLWWFRRTREIKNLH, 0.06
1E20I169, GYQTLSYFPQKHKNLDLWWFERTREIKNLH, 0.05
1E21I189, GYQTLSYFPQKHKQLDLWWFERTREIKNLH, 0.04
1E22I262, GYQTLSYFPQKHKQLDLWWFIRTREIKNLH, 0.03
