234E0I0, VEYGEYLWVDETQWDDVGFRRLRIFAHWWL, 0.55
234E1I1, VEYSEYLWVDETQWDDVGFRRLRIFAHWWL, 0.54
234E2I4, VEYSEYLWVDETQWDDVGFRRLRIKAHWWL, 0.47
234E3I5, VEYSEYLWVDETQWDDVGFRRLRIKVHWWL, 0.46
234E4I6, VEYSEYLWVDETQWDDVGFIRLRIKVHWWL, 0.4
234E5I9, VEYVEYLWVDETQWDDVGFIRLRIKVHWWL, 0.36
234E6I11, VGYVEYLWVDETQWDDVGFIRLRIKVHWWL, 0.35
234E7I18, VGYVEYLWVDETQWDDVGFIRLRIKVHFWL, 0.32
234E8I19, VGYVEGLWVDETQWDDVGFIRLRIKVHFWL, 0.29
234E9I43, VGYVEGLWVDETQWDDVGFIRLRIKVHEWL, 0.26
234E10I54, VGYVEGLWVDETRWDDVGFIRLRIKVHEWL, 0.23
234E11I63, VGYVEGLWVDETRWDDVGFIRLRIKVIEWL, 0.22
234E12I64, VGYVEGLWVDETRWDDVGFIRLRIKVIEKL, 0.2
234E13I91, VGYVEGLWVDETRWDDVGFIRLRTKVIEKL, 0.19
234E14I101, VGYVEGLWVDETRWDDVGFINLRTKVIEKL, 0.13
234E15I102, VGYVEGLWVDETRWDDVGFINLRTKVIEKI, 0.12
234E16I107, VGYVEQLWVDETRWDDVGFINLRTKVIEKI, 0.11
234E17I115, VGYVEQLWVHETRWDDVGFINLRTKVIEKI, 0.1
234E18I120, VGYVEQLWVHETRWDDWGFINLRTKVIEKI, 0.08
234E19I165, VGYVEQLWVHETRWDDWGFINVRTKVIEKI, 0.06
234E20I172, VGYVEQLWVHETRTDDWGFINVRTKVIEKI, 0.05
