427E0I0, HVVYEKQTNRTHHWHRLIKWFHSDTNGSDV, 0.42
427E1I8, HVVYEKQTERTHHWHRLIKWFHSDTNGSDV, 0.4
427E2I11, HVVYEKQTERTHHWHRLIKWFHSDTNGSDA, 0.38
427E3I13, HVVYEKQTERTHHWHRLIKWFHQDTNGSDA, 0.35
427E4I16, HVVYEKQTERTHHWHRGIKWFHQDTNGSDA, 0.33
427E5I17, HVVYEKQTEQTHHWHRGIKWFHQDTNGSDA, 0.32
427E6I21, HVVYEKQTEQTHHWHRGIKWFHQDTNVSDA, 0.28
427E7I23, HVVYEKQTEQTHHPHRGIKWFHQDTNVSDA, 0.24
427E8I38, HVVYEKQTEQTHHPHRGIKWFHQGTNVSDA, 0.23
427E9I40, HVVYEKQTEQTHHPHQGIKWFHQGTNVSDA, 0.22
427E10I45, HVVYEKQTEQTHHPHQGIKWRHQGTNVSDA, 0.21
427E11I46, HVVYEKQTEQTHKPHQGIKWRHQGTNVSDA, 0.2
427E12I50, HVVYEKQTEQKHKPHQGIKWRHQGTNVSDA, 0.19
427E13I51, VVVYEKQTEQKHKPHQGIKWRHQGTNVSDA, 0.18
427E14I52, VVVYEKQTEQKHQPHQGIKWRHQGTNVSDA, 0.16
427E15I61, VDVYEKQTEQKHQPHQGIKWRHQGTNVSDA, 0.15
427E16I68, VDVYEKQTEQPHQPHQGIKWRHQGTNVSDA, 0.11
427E17I109, GDVYEKQTEQPHQPHQGIKWRHQGTNVSDA, 0.1
427E18I120, GDVYEKQTEQPHQPHQGIKWDHQGTNVSDA, 0.07
427E19I137, GDVYEKQTEQPFQPHQGIKWDHQGTNVSDA, 0.06
427E20I171, GDVYEKQTEQPFQPHQGIKWDHQGTSVSDA, 0.04
427E21I173, GDVYLKQTEQPFQPHQGIKWDHQGTSVSDA, 0.03
427E22I176, GDVYLKITEQPFQPHQGIKWDHQGTSVSDA, 0.02
