413E0I0, LRTGHATGGNGLKWYGNKTHPKISKLYLQP, 0.35
413E1I1, LRTGHATVGNGLKWYGNKTHPKISKLYLQP, 0.34
413E2I6, LRTGHATVGNGLKWYGNKTHPKIVKLYLQP, 0.33
413E3I7, LRTGHATVGNGLKWYGNKTHPKTVKLYLQP, 0.31
413E4I9, LRTGHATVYNGLKWYGNKTHPKTVKLYLQP, 0.29
413E5I16, LRTGHATVYNGLKWYGNKTGPKTVKLYLQP, 0.27
413E6I22, LRTGHATVYNGLKWYGNKTGPKNVKLYLQP, 0.2
413E7I43, LRTGHATVYNGLKWYGNKTGPKNVKLALQP, 0.19
413E8I47, LRTGHATDYNGLKWYGNKTGPKNVKLALQP, 0.17
413E9I57, LRTGHATDYNGLKYYGNKTGPKNVKLALQP, 0.16
413E10I89, LRTGHATDWNGLKYYGNKTGPKNVKLALQP, 0.14
413E11I95, LRTGHATDWNGLKYYGNKTGPKNDKLALQP, 0.13
413E12I104, LRTGHATDWNGLKYYGNKTQPKNDKLALQP, 0.12
413E13I112, LRTGHYTDWNGLKYYGNKTQPKNDKLALQP, 0.11
413E14I160, LRTGHYTDWNGTKYYGNKTQPKNDKLALQP, 0.1
413E15I162, LRTGNYTDWNGTKYYGNKTQPKNDKLALQP, 0.09
413E16I182, LRTGNYTDWNGTKYYGNKTQPKNDNLALQP, 0.07
413E17I211, LRTGNYTDWNGTKYHGNKTQPKNDNLALQP, 0.06
413E18I271, LRTGNYTDWNGTKYHGNKTQPKNDNLALQF, 0.05
