429E0I0, ERWKWDTDGPTKFADRWSTWATWSAWKEIG, 0.52
429E1I6, ERWDWDTDGPTKFADRWSTWATWSAWKEIG, 0.5
429E2I8, ERWDWDTDGPTKFADRWSTRATWSAWKEIG, 0.48
429E3I9, ERGDWDTDGPTKFADRWSTRATWSAWKEIG, 0.46
429E4I10, ERGDWDTDGPTKFADRWSTRATQSAWKEIG, 0.43
429E5I11, ERGDQDTDGPTKFADRWSTRATQSAWKEIG, 0.41
429E6I15, ERGDQDTDGPTKFSDRWSTRATQSAWKEIG, 0.38
429E7I17, ERGDQDTDGPTKFSDQWSTRATQSAWKEIG, 0.37
429E8I19, ERGDQDTDGPTKFTDQWSTRATQSAWKEIG, 0.35
429E9I20, ERGDQDTDGPTKFTDQWSQRATQSAWKEIG, 0.33
429E10I37, ERGDQDTDGPTKFTDQWSLRATQSAWKEIG, 0.32
429E11I39, ERGDQDTDGPTKFTDQWSLRATQSAWKYIG, 0.31
429E12I40, ERGDQDTDGPTKFTDQWSLRATQSRWKYIG, 0.26
429E13I50, ERGDQDTDGPKKFTDQWSLRATQSRWKYIG, 0.23
429E14I52, ERGDQDTDGPKKFTDQWNLRATQSRWKYIG, 0.19
429E15I53, ERGDQDTDGPKKFTDQWNLRGTQSRWKYIG, 0.17
429E16I77, ERGDQDTDGPKKNTDQWNLRGTQSRWKYIG, 0.16
429E17I80, ERGDQDTDGPKKNTDQWNLRGEQSRWKYIG, 0.15
429E18I103, ERGTQDTDGPKKNTDQWNLRGEQSRWKYIG, 0.13
429E19I114, ERGTQDTDGPKKNTDQWNLRGEQSRWKYII, 0.12
429E20I128, ERGTQDTDGPKKNTDQWNLLGEQSRWKYII, 0.1
429E21I133, ERRTQDTDGPKKNTDQWNLLGEQSRWKYII, 0.08
429E22I145, ERRTQDTDGPKKNTDQWNLLGEQSRWKYIY, 0.07
