336E0I0, ISSRTHAATHHYKQEPLFFLIKLIKKIPAK, 0.52
336E1I2, ISSRTHAATHGYKQEPLFFLIKLIKKIPAK, 0.46
336E2I3, ISSRTHAATHGYKQEPLFFLIWLIKKIPAK, 0.42
336E3I12, ISSRTHASTHGYKQEPLFFLIWLIKKIPAK, 0.39
336E4I14, ISSRTHASTHGYKQEPLFFLIWLIKKQPAK, 0.34
336E5I19, ISSRTHASTEGYKQEPLFFLIWLIKKQPAK, 0.33
336E6I22, ISSRTHASLEGYKQEPLFFLIWLIKKQPAK, 0.32
336E7I27, ISSRSHASLEGYKQEPLFFLIWLIKKQPAK, 0.29
336E8I28, IESRSHASLEGYKQEPLFFLIWLIKKQPAK, 0.23
336E9I31, IESRSHASLEGYKQEPLFFLINLIKKQPAK, 0.2
336E10I34, IESRSHASLEGYKQEPLFQLINLIKKQPAK, 0.19
336E11I35, IESLSHASLEGYKQEPLFQLINLIKKQPAK, 0.18
336E12I39, IESLSHASLEGYKREPLFQLINLIKKQPAK, 0.17
336E13I41, IESLSHASLEGQKREPLFQLINLIKKQPAK, 0.15
336E14I50, IESLSHARLEGQKREPLFQLINLIKKQPAK, 0.13
336E15I78, IESLSHARLEGQFREPLFQLINLIKKQPAK, 0.12
336E16I100, IESLSHARLEGQFREPLFQPINLIKKQPAK, 0.11
336E17I142, IESLNHARLEGQFREPLFQPINLIKKQPAK, 0.09
336E18I155, IEQLNHARLEGQFREPLFQPINLIKKQPAK, 0.08
336E19I209, IEQRNHARLEGQFREPLFQPINLIKKQPAK, 0.07
336E20I265, IEQRNHTRLEGQFREPLFQPINLIKKQPAK, 0.06
336E21I305, IEQRNQTRLEGQFREPLFQPINLIKKQPAK, 0.05
336E22I306, IEQRNYTRLEGQFREPLFQPINLIKKQPAK, 0.04
336E23I345, IEQRNYTRLEGYFREPLFQPINLIKKQPAK, 0.03
336E24I415, IEQRNYTRLEGPFREPLFQPINLIKKQPAK, 0.02
