50E0I0, WASSNIYLKWTDKTANFKNAHKSTFKVRPE, 0.36
50E1I1, WASSNIYLKWTDKTANFKNAHKSTFVVRPE, 0.34
50E2I5, WASSNIYLKWTDKTTNFKNAHKSTFVVRPE, 0.33
50E3I7, WASSNIYLKWTDKTTNFKNAHKSTFVVRTE, 0.27
50E4I8, WASSNIYLKYTDKTTNFKNAHKSTFVVRTE, 0.23
50E5I12, WASSNIYLKYTDKTTNFKNALKSTFVVRTE, 0.22
50E6I14, WANSNIYLKYTDKTTNFKNALKSTFVVRTE, 0.18
50E7I15, WANSNIYLKYTDKTTNFKNALKSTFDVRTE, 0.17
50E8I20, WANSNIYLKYTDKTTNSKNALKSTFDVRTE, 0.14
50E9I23, WANSNIYLKYTDKTTNSKNALKSVFDVRTE, 0.11
50E10I24, WANSNIYLKYTDKTTNSKNALKSVFDVRTT, 0.1
50E11I27, WANSNIYLKYTDKTTNSKNALKSVFDHRTT, 0.09
50E12I50, WANSNIYLKYTDKTTNSKNALKSVFDTRTT, 0.08
50E13I86, WANSNIYLDYTDKTTNSKNALKSVFDTRTT, 0.04
50E14I110, WANSNIYLDYTDKTTNSKNALKSVLDTRTT, 0.03
50E15I119, EANSNIYLDYTDKTTNSKNALKSVLDTRTT, 0.02
