316E0I0, ESAKVGKQNHTKFPRRFYQAPRRAAVASIK, 0.39
316E1I1, ESAKVGKINHTKFPRRFYQAPRRAAVASIK, 0.36
316E2I2, ESAKVGKINHNKFPRRFYQAPRRAAVASIK, 0.35
316E3I7, ESAKVGKINHNKFPRRFYQAPRVAAVASIK, 0.34
316E4I8, ESAKVGKINHAKFPRRFYQAPRVAAVASIK, 0.3
316E5I12, ESAKVGKINHAKFPRRFYQAPRNAAVASIK, 0.25
316E6I13, ESAKVGKINHAKFPRRFYQAPRNAEVASIK, 0.24
316E7I14, ESAKVGKINHAKFPTRFYQAPRNAEVASIK, 0.23
316E8I16, ESAKVGKINHAKFPTRFYQAPRNAEVASYK, 0.22
316E9I20, ESAKVGKINHAKFETRFYQAPRNAEVASYK, 0.19
316E10I33, ESAKVGKINHAKFRTRFYQAPRNAEVASYK, 0.18
316E11I38, ESAKVGKINHAKFRTSFYQAPRNAEVASYK, 0.17
316E12I46, ESAKVGKTNHAKFRTSFYQAPRNAEVASYK, 0.15
316E13I60, ESAKVGKTNHAKTRTSFYQAPRNAEVASYK, 0.13
316E14I74, EQAKVGKTNHAKTRTSFYQAPRNAEVASYK, 0.11
316E15I117, EQAKVGKTNHQKTRTSFYQAPRNAEVASYK, 0.1
316E16I123, EQAKVVKTNHQKTRTSFYQAPRNAEVASYK, 0.09
316E17I158, EQAKSVKTNHQKTRTSFYQAPRNAEVASYK, 0.07
316E18I189, EQAKSVKTNHQKTRTSFYQAPRNAEVASYV, 0.06
