198E0I0, FGPEVGWKNSVFFYWNFGVSVLQIFYDSTI, 0.41
198E1I1, FGPEVGWKNSVFFYWNFGVSVLQWFYDSTI, 0.4
198E2I2, FGPEVGWKNGVFFYWNFGVSVLQWFYDSTI, 0.38
198E3I14, FGPEVGWKNGVFFYWNFGVSVLQWFYDWTI, 0.32
198E4I17, FGPEVGWKNGVFFYINFGVSVLQWFYDWTI, 0.24
198E5I21, FGPEVGWKNGVFFYINEGVSVLQWFYDWTI, 0.2
198E6I22, FGPEVGWKNGVFFYINEGVSVLQGFYDWTI, 0.18
198E7I31, FGREVGWKNGVFFYINEGVSVLQGFYDWTI, 0.15
198E8I32, FGREVGWKNGVFIYINEGVSVLQGFYDWTI, 0.14
198E9I37, FGREVGWKNGVFQYINEGVSVLQGFYDWTI, 0.13
198E10I54, FGREVGWKNGVFQVINEGVSVLQGFYDWTI, 0.12
198E11I57, FGREQGWKNGVFQVINEGVSVLQGFYDWTI, 0.09
198E12I62, FGREQGWFNGVFQVINEGVSVLQGFYDWTI, 0.04
198E13I127, FGREQGIFNGVFQVINEGVSVLQGFYDWTI, 0.03
