212E0I0, IRHPFSIKAPHSHVSINKGTIYSYGFEWSF, 0.39
212E1I2, IRHPFSIKAPHSHVSINKGTIYSYGFEWIF, 0.35
212E2I11, IRHPFSHKAPHSHVSINKGTIYSYGFEWIF, 0.31
212E3I12, IRHPFSHKAPHSHVVINKGTIYSYGFEWIF, 0.28
212E4I14, IRHPFSHKASHSHVVINKGTIYSYGFEWIF, 0.27
212E5I19, IRHPFSHKASHSRVVINKGTIYSYGFEWIF, 0.26
212E6I26, IRHPFSHKASHSRVVINKGFIYSYGFEWIF, 0.25
212E7I29, IRHPFSHKASHSRVVINKRFIYSYGFEWIF, 0.19
212E8I30, IRHPFSHKASHSRVVINKRFIYFYGFEWIF, 0.18
212E9I34, IRHPFSHKASHSRVVINKRFIYFYGFEWQF, 0.17
212E10I35, IRHPFSHKASHSRVVINKRFIDFYGFEWQF, 0.16
212E11I44, IRPPFSHKASHSRVVINKRFIDFYGFEWQF, 0.13
212E12I60, IRPPFSEKASHSRVVINKRFIDFYGFEWQF, 0.11
212E13I61, IRPPFSEKASHSRVVINKRFEDFYGFEWQF, 0.1
212E14I62, IRPPFSEDASHSRVVINKRFEDFYGFEWQF, 0.08
212E15I70, IRPGFSEDASHSRVVINKRFEDFYGFEWQF, 0.07
212E16I128, IRPGFSEDASHSRVVINKRFEDFQGFEWQF, 0.06
212E17I158, IRPGFSEDASHSRVVINKRFEDNQGFEWQF, 0.03
212E18I180, IRPGFQEDASHSRVVINKRFEDNQGFEWQF, 0.02
212E19I197, IRPGFQEDQSHSRVVINKRFEDNQGFEWQF, 0.01
