424E0I0, WLDKKPHFPWTRFKGPDYPQATQHDNLQVN, 0.32
424E1I3, WLDKKYHFPWTRFKGPDYPQATQHDNLQVN, 0.27
424E2I9, WLRKKYHFPWTRFKGPDYPQATQHDNLQVN, 0.26
424E3I18, WLRKKYHFPWTRFWGPDYPQATQHDNLQVN, 0.2
424E4I30, WLRKKYHFPKTRFWGPDYPQATQHDNLQVN, 0.17
424E5I62, WLRKKYGFPKTRFWGPDYPQATQHDNLQVN, 0.16
424E6I67, WQRKKYGFPKTRFWGPDYPQATQHDNLQVN, 0.15
424E7I100, WQRKKYGFPKTRFWGPDYPQATQHDNLVVN, 0.13
424E8I125, WQRKKYGFPKTRFWGPDYPQATQPDNLVVN, 0.12
424E9I168, WQRKKYGFPKTRFWGPDYPQATQPDNLVIN, 0.11
424E10I182, WQRKKYGFPKTRFWGPDYPYATQPDNLVIN, 0.1
424E11I185, WQRKKYGFQKTRFWGPDYPYATQPDNLVIN, 0.09
424E12I193, WQRKNYGFQKTRFWGPDYPYATQPDNLVIN, 0.08
424E13I200, WQRKNYGFQKTRIWGPDYPYATQPDNLVIN, 0.05
424E14I270, WQRKNYGFQKTRIWGPYYPYATQPDNLVIN, 0.04
