403E0I0, YSFGVKGDKYARGTVVYDNYLWWPILPEKH, 0.39
403E1I1, YSFGVAGDKYARGTVVYDNYLWWPILPEKH, 0.27
403E2I2, WSFGVAGDKYARGTVVYDNYLWWPILPEKH, 0.24
403E3I8, WSFGVAGDKYARGTVRYDNYLWWPILPEKH, 0.22
403E4I11, WSFGVAGDKYARGTVYYDNYLWWPILPEKH, 0.2
403E5I15, WSFGVAGDKYQRGTVYYDNYLWWPILPEKH, 0.18
403E6I25, WSFGVAGDKYQRGTVYYDNSLWWPILPEKH, 0.17
403E7I30, WSFGVAGDKQQRGTVYYDNSLWWPILPEKH, 0.14
403E8I35, WSFGVAGDKQQRGTVYYDNSLWWPILPEKR, 0.13
403E9I36, WSFGVAGDKQQRGTVYYDNSLWGPILPEKR, 0.12
403E10I45, WSFGVAGDKQQRGTVYYDNSLWGPKLPEKR, 0.11
403E11I93, WSFGVAGDKQQRGTVYYDNSLWGPKLPEIR, 0.1
403E12I120, WSFGVAGDKQQRGTVYYDHSLWGPKLPEIR, 0.09
403E13I133, WSFGVAGDKQQRGTVYTDHSLWGPKLPEIR, 0.08
403E14I134, WSFGVAGDKQQRGTVYTDHSLWGPKRPEIR, 0.06
403E15I155, WSFGVAGDKQQRGTVYTDHSLWGPKRLEIR, 0.04
