207E0I0, NLDYIASGRWHKAKVLITGQWNYRFHTGDI, 0.3
207E1I8, NLDYIASGRWHKAKVLIPGQWNYRFHTGDI, 0.29
207E2I11, NLDYIASGRWHKAKVLIPGQWNYRFHTYDI, 0.25
207E3I12, NLDYIASGRWHKAKVLIPGQKNYRFHTYDI, 0.24
207E4I14, NLDYIASGRWHKAKVLIPGQKNYRFHTYDE, 0.22
207E5I16, NLDYIASGRWHKAKVLIPGQKNYRFHTYFE, 0.19
207E6I18, NLDEIASGRWHKAKVLIPGQKNYRFHTYFE, 0.18
207E7I20, NLDEIASGRWHKAKVLIPGQKNYRFHQYFE, 0.16
207E8I42, NLDEIASGRWHKAKVLIPGQKNYRFAQYFE, 0.15
207E9I49, NLDEIASGRWHKAKVLIPQQKNYRFAQYFE, 0.14
207E10I54, NLDEIASGRWHKAKVLIPQQKNYRFEQYFE, 0.1
207E11I59, NLDEIASSRWHKAKVLIPQQKNYRFEQYFE, 0.07
207E12I74, NLDEIASSREHKAKVLIPQQKNYRFEQYFE, 0.06
207E13I79, NLDEIASFREHKAKVLIPQQKNYRFEQYFE, 0.05
207E14I95, NLDFIASFREHKAKVLIPQQKNYRFEQYFE, 0.04
207E15I124, NLDFIASFREHKAKVLIPQQKNYRNEQYFE, 0.03
