438E0I0, FNRTQLWHYQPDAGEPHHRHFIPDPNIRWT, 0.45
438E1I4, FNRTQLWHSQPDAGEPHHRHFIPDPNIRWT, 0.44
438E2I7, FNRTQLWWSQPDAGEPHHRHFIPDPNIRWT, 0.43
438E3I8, FNRTQLWWSQPDAGEPHHRHFIPDPNIDWT, 0.41
438E4I9, FNRTQLWWSQPDAGEPHFRHFIPDPNIDWT, 0.35
438E5I13, FNRTQLWWSQPDAGGPHFRHFIPDPNIDWT, 0.29
438E6I14, FNRTQLWWSQPDEGGPHFRHFIPDPNIDWT, 0.24
438E7I19, FNRTQLWWSQPDEGGPHFRSFIPDPNIDWT, 0.21
438E8I28, FNRTQLWWSQPDEGGPHFESFIPDPNIDWT, 0.2
438E9I30, FNRTQLWWSQPDEGQPHFESFIPDPNIDWT, 0.18
438E10I42, FNRTILWWSQPDEGQPHFESFIPDPNIDWT, 0.17
438E11I46, FNRTILWWGQPDEGQPHFESFIPDPNIDWT, 0.15
438E12I52, FNRTRLWWGQPDEGQPHFESFIPDPNIDWT, 0.14
438E13I53, FNRTRLWWGQPDEGQPHFESFIPDINIDWT, 0.12
438E14I54, FNRTRLWWGQPDEGQPHFRSFIPDINIDWT, 0.11
438E15I63, FNRTRLWWGQPDEGQPHFRSFIPDINQDWT, 0.1
438E16I65, FNRTRLWWEQPDEGQPHFRSFIPDINQDWT, 0.08
438E17I73, FNRTRLWWEQPDEGQPHFRSFIPDINQDYT, 0.07
438E18I79, FWRTRLWWEQPDEGQPHFRSFIPDINQDYT, 0.06
438E19I88, FYRTRLWWEQPDEGQPHFRSFIPDINQDYT, 0.05
438E20I93, FYRTRLWKEQPDEGQPHFRSFIPDINQDYT, 0.04
438E21I97, FYRTRLEKEQPDEGQPHFRSFIPDINQDYT, 0.03
438E22I116, FYRTRLEKEQPDEGQPKFRSFIPDINQDYT, 0.02
438E23I215, FYRTRLEKEQPHEGQPKFRSFIPDINQDYT, 0.01
