367E0I0, QSVTSRGSIINEPNSWWHALEWSNSDDSFR, 0.28
367E1I4, QSVTSRGSITNEPNSWWHALEWSNSDDSFR, 0.27
367E2I9, QSVTSRGSITNEPNSWWHALEWSNSDDSFQ, 0.24
367E3I27, QSVTSRTSITNEPNSWWHALEWSNSDDSFQ, 0.23
367E4I29, QSVTSRTSITNEPNSWWHALEWSNSSDSFQ, 0.22
367E5I32, QSVTSRTSITNEPNSWWHALEDSNSSDSFQ, 0.21
367E6I55, HSVTSRTSITNEPNSWWHALEDSNSSDSFQ, 0.2
367E7I60, HSETSRTSITNEPNSWWHALEDSNSSDSFQ, 0.18
367E8I67, HSEQSRTSITNEPNSWWHALEDSNSSDSFQ, 0.17
367E9I86, HSEQSRTSITNERNSWWHALEDSNSSDSFQ, 0.14
367E10I99, HSEQSRTSITNERNSEWHALEDSNSSDSFQ, 0.1
367E11I120, HSEQPRTSITNERNSEWHALEDSNSSDSFQ, 0.09
367E12I131, HHEQPRTSITNERNSEWHALEDSNSSDSFQ, 0.08
367E13I167, HHEQPRTSITNERNSEWHALEDDNSSDSFQ, 0.06
367E14I171, HHEQPRTSITNEFNSEWHALEDDNSSDSFQ, 0.05
367E15I190, HHEQPRTSITNEFNSEWHALEDDNSSQSFQ, 0.04
367E16I245, HHEQPRTSITNEDNSEWHALEDDNSSQSFQ, 0.03
