497E0I0, KVADEWPKGRSFRQKKYDSGNGNAIWKGGH, 0.35
497E1I2, KVADEWLKGRSFRQKKYDSGNGNAIWKGGH, 0.29
497E2I7, KVALEWLKGRSFRQKKYDSGNGNAIWKGGH, 0.27
497E3I10, KVALEWLKGRSFRQKKYDSGNRNAIWKGGH, 0.25
497E4I12, KVALEWLKGRSFRQKKYDSGNRNDIWKGGH, 0.21
497E5I15, KVASEWLKGRSFRQKKYDSGNRNDIWKGGH, 0.2
497E6I32, QVASEWLKGRSFRQKKYDSGNRNDIWKGGH, 0.19
497E7I37, QVASEWLKGRSFRQKKYTSGNRNDIWKGGH, 0.15
497E8I43, QVASEWLKGRSFRQKTYTSGNRNDIWKGGH, 0.14
497E9I60, QVASEWLKGRSFRQKTYTSGNTNDIWKGGH, 0.12
497E10I77, QVASEWLKGRVFRQKTYTSGNTNDIWKGGH, 0.1
497E11I107, QVASEQLKGRVFRQKTYTSGNTNDIWKGGH, 0.08
497E12I109, QVASEQLKGRVFRQKTYTSGNTNNIWKGGH, 0.05
497E13I116, QVAREQLKGRVFRQKTYTSGNTNNIWKGGH, 0.04
497E14I151, QVAREQLKGRVFSQKTYTSGNTNNIWKGGH, 0.03
497E15I211, QVAREQNKGRVFSQKTYTSGNTNNIWKGGH, 0.02
497E16I217, QVAREQNKGRVFSQKTYTSGNTNNIWKGGR, 0.01
