454E0I0, HDGIQTWEHLYEPRGASWRWAEFYEYPFDR, 0.59
454E1I4, HDGIQTWEHLYEPRGASWRWAEIYEYPFDR, 0.55
454E2I5, HDGIQTWEHLYEPRGASWRWAEIYLYPFDR, 0.54
454E3I6, HDGIQIWEHLYEPRGASWRWAEIYLYPFDR, 0.49
454E4I11, HDGIQIWEHLYEPRGASWRWAEIYLYPFDK, 0.48
454E5I14, HDGIQIWEHLYEPRGASWRWAEIYDYPFDK, 0.44
454E6I19, HDAIQIWEHLYEPRGASWRWAEIYDYPFDK, 0.43
454E7I20, HDAIQINEHLYEPRGASWRWAEIYDYPFDK, 0.37
454E8I27, HDAIQINEHLYEPRGASWRFAEIYDYPFDK, 0.36
454E9I30, HDAIQINEHLYEPRGASWRFAEIYDYPFQK, 0.34
454E10I32, HDAQQINEHLYEPRGASWRFAEIYDYPFQK, 0.32
454E11I35, HDAQQINEHLYEPRGASWRFAEIYDGPFQK, 0.3
454E12I37, HDAQQINEHLKEPRGASWRFAEIYDGPFQK, 0.29
454E13I46, HDAQQINEHEKEPRGASWRFAEIYDGPFQK, 0.25
454E14I49, HDAQQINEHEQEPRGASWRFAEIYDGPFQK, 0.21
454E15I51, HDAQYINEHEQEPRGASWRFAEIYDGPFQK, 0.19
454E16I68, HDAQYINEHEQEPRGASWRFAELYDGPFQK, 0.16
454E17I103, HDAQYINEHEQEPRGASWIFAELYDGPFQK, 0.15
454E18I104, HDAQYINEHEQEPRGASWIFRELYDGPFQK, 0.13
454E19I106, HDAQYINEHEQEPRGASAIFRELYDGPFQK, 0.1
454E20I132, HDAQYINEHEQEPRGASAIFRELYDGPGQK, 0.09
454E21I138, HDSQYINEHEQEPRGASAIFRELYDGPGQK, 0.08
454E22I184, HDSQYINEHEQEPRGASAIFRELYDGLGQK, 0.07
454E23I219, HDSQYINEHEQEPAGASAIFRELYDGLGQK, 0.05
454E24I221, HDSQYINEHEQEPDGASAIFRELYDGLGQK, 0.04
454E25I294, HDSQYINEHEQEPDGASAIFRELKDGLGQK, 0.03
454E26I378, HDSQYINEHEQEPDGASAIFNELKDGLGQK, 0.02
