181E0I0, SIKHTKNLLWQHDWFSPYFWQIPLEVNQVD, 0.35
181E1I5, SIKHTKNLPWQHDWFSPYFWQIPLEVNQVD, 0.3
181E2I7, SIKHTKNLPWQHDWFSPYFWQIVLEVNQVD, 0.28
181E3I9, SIKHTKNLPWQHDWFSPYFDQIVLEVNQVD, 0.25
181E4I13, SIKHTKNLPWQLDWFSPYFDQIVLEVNQVD, 0.2
181E5I18, SIKHTKNLPWQLDWFSPYFDYIVLEVNQVD, 0.19
181E6I24, PIKHTKNLPWQLDWFSPYFDYIVLEVNQVD, 0.17
181E7I39, PIKHTKNLPWQLDWFRPYFDYIVLEVNQVD, 0.15
181E8I43, PIKHDKNLPWQLDWFRPYFDYIVLEVNQVD, 0.14
181E9I51, PIKHDKNLPWQLDWFRPYFDFIVLEVNQVD, 0.12
181E10I52, PIKHDKNLPQQLDWFRPYFDFIVLEVNQVD, 0.1
181E11I63, PIKHDKNLPQQLDWFRPYFDFIRLEVNQVD, 0.09
181E12I68, PIKHDKNLPQQLDWFRPQFDFIRLEVNQVD, 0.07
181E13I70, PIKHDKNLPKQLDWFRPQFDFIRLEVNQVD, 0.06
181E14I93, PIKHDKNLPKQLDWERPQFDFIRLEVNQVD, 0.05
181E15I126, PIKHDKNLPKQLDWERPQFDFIRLEVNDVD, 0.04
181E16I160, PIKHDKNLPKQLDWTRPQFDFIRLEVNDVD, 0.03
181E17I259, PIKHDKNLPKQLDWTRPQFKFIRLEVNDVD, 0.02
