477E0I0, NQYQQTFDSALTFHLLYFYKQSTYFFERHR, 0.4
477E1I1, NQYQQTFDSALTFHLLYFYKQSTYIFERHR, 0.38
477E2I5, NQYQQTFDSALTFALLYFYKQSTYIFERHR, 0.33
477E3I7, NQYQQTFDSALTFALLYFYKQSTEIFERHR, 0.32
477E4I12, NQYQQTFDSALQFALLYFYKQSTEIFERHR, 0.28
477E5I20, NEYQQTFDSALQFALLYFYKQSTEIFERHR, 0.26
477E6I26, NEYQQTYDSALQFALLYFYKQSTEIFERHR, 0.23
477E7I28, NEYQQTYVSALQFALLYFYKQSTEIFERHR, 0.18
477E8I30, NEYQQTYVSALQFYLLYFYKQSTEIFERHR, 0.15
477E9I50, NEYQQTYVSALQFYLLYVYKQSTEIFERHR, 0.12
477E10I68, NEYQQTYVSALQFILLYVYKQSTEIFERHR, 0.1
477E11I77, NEYQQTYVSALQFILLYVYKQSTEIFERHD, 0.09
477E12I91, NEYQQTYVSALQFILSYVYKQSTEIFERHD, 0.08
477E13I96, NEYQQWYVSALQFILSYVYKQSTEIFERHD, 0.07
477E14I182, NEYQQWYVSALQFILSTVYKQSTEIFERHD, 0.06
477E15I187, NEYQQWYVSALQFILSTVYKQSREIFERHD, 0.04
