395E0I0, DTFINLWKWPTRIPNHWYNYTYKVDTNDDL, 0.38
395E1I1, DTFINLWKWPTRIPNHQYNYTYKVDTNDDL, 0.32
395E2I3, DTFINLWKWPVRIPNHQYNYTYKVDTNDDL, 0.3
395E3I10, DTFINLWKWPVRIPNRQYNYTYKVDTNDDL, 0.29
395E4I12, DTFINLWKEPVRIPNRQYNYTYKVDTNDDL, 0.27
395E5I13, DTFINLWKEPVRIPNRQYNYTDKVDTNDDL, 0.23
395E6I14, DTFINLWKEPVRLPNRQYNYTDKVDTNDDL, 0.21
395E7I15, DTYINLWKEPVRLPNRQYNYTDKVDTNDDL, 0.19
395E8I16, DTYINLWKEYVRLPNRQYNYTDKVDTNDDL, 0.17
395E9I17, DTYINLWKEYVRLPNRQYEYTDKVDTNDDL, 0.15
395E10I39, DTYINLWKEYVRLPNRQYEYTDKVDTNDNL, 0.13
395E11I40, WTYINLWKEYVRLPNRQYEYTDKVDTNDNL, 0.12
395E12I49, WTYINLWKEYVRLPNAQYEYTDKVDTNDNL, 0.11
395E13I59, WTAINLWKEYVRLPNAQYEYTDKVDTNDNL, 0.1
395E14I96, WTAINLWKEYVRLSNAQYEYTDKVDTNDNL, 0.09
395E15I161, WTAINLWKEYVRLSNAQYEYTDKVGTNDNL, 0.08
395E16I198, WTAINLWKEYVRLSNAQYEYTDKVGVNDNL, 0.07
395E17I201, WTAINLWKEYVGLSNAQYEYTDKVGVNDNL, 0.05
