231E0I0, AHQWGLWEIGWLETYGEGKTAGKPWKITEI, 0.38
231E1I1, AHQWGLWEIGWLETYGVGKTAGKPWKITEI, 0.34
231E2I4, AHQWGLWEIGWLETYGVGKTAGKPWKITKI, 0.27
231E3I8, AHQWGLDEIGWLETYGVGKTAGKPWKITKI, 0.25
231E4I13, AHQWGLDEIGWLEAYGVGKTAGKPWKITKI, 0.23
231E5I24, AHQVGLDEIGWLEAYGVGKTAGKPWKITKI, 0.21
231E6I28, AKQVGLDEIGWLEAYGVGKTAGKPWKITKI, 0.19
231E7I29, AKQVGLDEIGWLEAYGVGKPAGKPWKITKI, 0.18
231E8I31, AKQVGLDEIGWLEAYNVGKPAGKPWKITKI, 0.17
231E9I44, AKQVGLDEIGWHEAYNVGKPAGKPWKITKI, 0.14
231E10I52, AKQVGLDEIGWHEAYNVSKPAGKPWKITKI, 0.13
231E11I73, AKQVGLDEIGWHEAYNVDKPAGKPWKITKI, 0.11
231E12I77, AKQVGLDEIGWHEAYNVDKVAGKPWKITKI, 0.09
231E13I88, AKQVGLDEIGWHEAYHVDKVAGKPWKITKI, 0.08
231E14I152, AKQVGLDEIGWHEAYHVDKVAGKPWKITKS, 0.07
231E15I186, AKQVGLDEIGKHEAYHVDKVAGKPWKITKS, 0.06
231E16I198, AKQVGLDELGKHEAYHVDKVAGKPWKITKS, 0.05
231E17I212, AKNVGLDELGKHEAYHVDKVAGKPWKITKS, 0.04
