248E0I0, QFGPWWYFTQYDPSETQGTETIVILVVTGG, 0.44
248E1I4, QFGPWWYFTQYDPSETQGTYTIVILVVTGG, 0.41
248E2I7, QFGPWWYFTQYDPSETQGTYTIVILVVTGK, 0.4
248E3I13, QFGPWGYFTQYDPSETQGTYTIVILVVTGK, 0.36
248E4I18, QFGPWGYFTQYDPSEDQGTYTIVILVVTGK, 0.35
248E5I20, QFGPWGYFTQYDGSEDQGTYTIVILVVTGK, 0.34
248E6I21, QFGPWGYFTQYDGSEDLGTYTIVILVVTGK, 0.31
248E7I22, QFNPWGYFTQYDGSEDLGTYTIVILVVTGK, 0.3
248E8I24, QFNPWGYFTQYDGSEHLGTYTIVILVVTGK, 0.28
248E9I26, QFNPWGYFTQLDGSEHLGTYTIVILVVTGK, 0.25
248E10I36, QFNPWGSFTQLDGSEHLGTYTIVILVVTGK, 0.24
248E11I38, QFNPWGSFTQLDGSEHLGTYTIVIKVVTGK, 0.2
248E12I40, QFNPWGSFTQLDGSEQLGTYTIVIKVVTGK, 0.17
248E13I42, QFNPWGSFTQLDGSEQLGTYTIVIKVVTQK, 0.16
248E14I58, QFNPWGSFTQLDGSESLGTYTIVIKVVTQK, 0.14
248E15I69, QFNPWGSFTQLDGSESLGTYTIVIKVSTQK, 0.13
248E16I125, QFNPWGSFTQLDGSESLGTYTIVIKVYTQK, 0.12
248E17I215, QFEPWGSFTQLDGSESLGTYTIVIKVYTQK, 0.11
248E18I237, QFEPWGSFTQLDGSESLGTYTIVIKVYFQK, 0.1
248E19I241, QFEPWGSFTRLDGSESLGTYTIVIKVYFQK, 0.08
248E20I303, QFEPWGSFTRLDGSESLGTYTIVIKVYDQK, 0.07
248E21I328, QFEDWGSFTRLDGSESLGTYTIVIKVYDQK, 0.05
