286E0I0, PGPDPFWFFQREWNDDYYVKAQKSTATQRW, 0.35
286E1I3, PGPDPFWFFQREWNDDYYVKAQKSTATQRA, 0.34
286E2I4, PGPDPFWFFQREWNDDYYVKNQKSTATQRA, 0.3
286E3I5, PGPDPFWFFQREWNDDYYVKNQKSTATQRN, 0.27
286E4I28, PGPDPFWFFQREWNLDYYVKNQKSTATQRN, 0.21
286E5I30, PGPDPFWFFQREWNLDYYRKNQKSTATQRN, 0.19
286E6I32, PGPDPFWFFQREWNLDYYRKNQKSTAHQRN, 0.18
286E7I35, PGPDPFWFFQREWNLDYYRKNQKSSAHQRN, 0.16
286E8I44, PGPDPFWFFQREWNLDYYRKNQKYSAHQRN, 0.14
286E9I61, PGPDPFWFFQREWNLDYYRKNQKNSAHQRN, 0.13
286E10I62, PGPDPFWNFQREWNLDYYRKNQKNSAHQRN, 0.11
286E11I63, PGPDPFWNQQREWNLDYYRKNQKNSAHQRN, 0.09
286E12I66, PGPDPFWNQQREWNLDYYRKNQKNSYHQRN, 0.07
286E13I80, PGPDPFENQQREWNLDYYRKNQKNSYHQRN, 0.05
286E14I94, PGPDHFENQQREWNLDYYRKNQKNSYHQRN, 0.04
