128E0I0, NYQLRDQKAWKSASSVYGYNPPPEAHWFVW, 0.44
128E1I3, NYQLRDQKAWKSASSVYGYNPPPEAHWFIW, 0.39
128E2I5, NYQLRDQKAWKSASSVYGYNPPPVAHWFIW, 0.33
128E3I7, NYQLRDQKAWKSASSVYGYNPPPVYHWFIW, 0.32
128E4I9, NYQLRDQKAWKSASSSYGYNPPPVYHWFIW, 0.31
128E5I11, NYQLRDQKGWKSASSSYGYNPPPVYHWFIW, 0.29
128E6I16, NYQLRDQKGWKSASSSYGYNPPPVYEWFIW, 0.23
128E7I19, VYQLRDQKGWKSASSSYGYNPPPVYEWFIW, 0.22
128E8I29, VYQLRDQKGWKSESSSYGYNPPPVYEWFIW, 0.2
128E9I36, VYVLRDQKGWKSESSSYGYNPPPVYEWFIW, 0.19
128E10I37, VYVLRDQKGVKSESSSYGYNPPPVYEWFIW, 0.16
128E11I38, VYVLRDQKGVASESSSYGYNPPPVYEWFIW, 0.15
128E12I44, VYVLRDQKGVASESSSYGYNPQPVYEWFIW, 0.13
128E13I93, VYVLRDQKGVASESSSYGYNPQPVYEWFEW, 0.11
128E14I135, VYVLRDQKGVASESNSYGYNPQPVYEWFEW, 0.1
128E15I169, VYVLRDQKGVASESNSTGYNPQPVYEWFEW, 0.09
128E16I180, VYVLRDQKGVASENNSTGYNPQPVYEWFEW, 0.08
128E17I249, VYVLRDQKGVASENNSTGYNPQPVYEWFEQ, 0.07
128E18I254, VYELRDQKGVASENNSTGYNPQPVYEWFEQ, 0.06
128E19I259, VYELRDYKGVASENNSTGYNPQPVYEWFEQ, 0.05
