272E0I0, ESNFNTLVWFHFIPGSKVTGATAQHESHDK, 0.45
272E1I1, ESNFNTLVWFHFIPGSKVTGATAQHESHRK, 0.41
272E2I2, ESNFNTLVWFHFIPGSKVTIATAQHESHRK, 0.38
272E3I3, ESNFNTLVWFHFIPGSKVTIATKQHESHRK, 0.36
272E4I10, ESNFNTLVIFHFIPGSKVTIATKQHESHRK, 0.34
272E5I11, ESNFNTLVIFPFIPGSKVTIATKQHESHRK, 0.32
272E6I14, ESNFNTLVIFPFIPGSKVTIATKQHESGRK, 0.31
272E7I17, ESNFNTLVIFPFIPGSKVTTATKQHESGRK, 0.3
272E8I18, ESNVNTLVIFPFIPGSKVTTATKQHESGRK, 0.26
272E9I25, ESNVNTLVIFPFIPGSKVETATKQHESGRK, 0.25
272E10I27, ESNVDTLVIFPFIPGSKVETATKQHESGRK, 0.23
272E11I29, ESNVDTNVIFPFIPGSKVETATKQHESGRK, 0.2
272E12I39, ESNVDTNVIFPFIPGSKVETATKQFESGRK, 0.17
272E13I53, ESNVDTNVIFPFIPGSTVETATKQFESGRK, 0.16
272E14I55, ESNVDYNVIFPFIPGSTVETATKQFESGRK, 0.15
272E15I58, ESNVDYVVIFPFIPGSTVETATKQFESGRK, 0.13
272E16I59, ESNVDYVSIFPFIPGSTVETATKQFESGRK, 0.12
272E17I67, ESNVDYVSIFPFIPESTVETATKQFESGRK, 0.11
272E18I71, ESNVRYVSIFPFIPESTVETATKQFESGRK, 0.1
272E19I79, ESNVRYVSIFPFIPESTVETNTKQFESGRK, 0.09
272E20I85, ESNVRYVSIFPFIPESTVETNNKQFESGRK, 0.07
272E21I103, ESNVRYVSIFPFIPESTVDTNNKQFESGRK, 0.06
272E22I165, ESNVRYVSIFPFIPESTVDNNNKQFESGRK, 0.05
