76E0I0, IFLQKNKRIQSFWDVKETRGVFTHELGSEI, 0.26
76E1I8, IFLQKNKRPQSFWDVKETRGVFTHELGSEI, 0.23
76E2I10, IFLQKNIRPQSFWDVKETRGVFTHELGSEI, 0.21
76E3I26, IFLQKNIRPQSFWDVKETRGVFTHELGSEG, 0.2
76E4I34, IFLQKNIRPQSFWDVFETRGVFTHELGSEG, 0.18
76E5I35, IFLQKNIRPQSFWDVFEARGVFTHELGSEG, 0.15
76E6I38, IFLQKNIRPQSFWDVFEATGVFTHELGSEG, 0.14
76E7I46, IFLQKNIRPQSFWDVFEATGVFTSELGSEG, 0.12
76E8I50, IFLQKNIRPQSFVDVFEATGVFTSELGSEG, 0.09
76E9I68, IFLQKNIRPQSFVDVFEATGVFTSELGQEG, 0.08
76E10I75, IFLQKNIRPQSFVDVFEATGVFTSELGQEL, 0.07
76E11I78, IFLQKNIRPQSFVDVFEATGVFTSELLQEL, 0.06
76E12I81, IFLQKNQRPQSFVDVFEATGVFTSELLQEL, 0.05
