208E0I0, HSKRWTNRFNNHIGEQRGTPHVFIGKSDVF, 0.37
208E1I5, HSKRWTNRFNNHIGEQRGVPHVFIGKSDVF, 0.34
208E2I7, HSKRWTNRFNNHIGEQFGVPHVFIGKSDVF, 0.32
208E3I8, HSKRWTNRFNNHIGEQFGVDHVFIGKSDVF, 0.31
208E4I13, HSKRWTNRFNNHIGEQFGVDHVFKGKSDVF, 0.29
208E5I22, HSKRWTNRFNNSIGEQFGVDHVFKGKSDVF, 0.25
208E6I33, HSKRWTVRFNNSIGEQFGVDHVFKGKSDVF, 0.21
208E7I34, SSKRWTVRFNNSIGEQFGVDHVFKGKSDVF, 0.19
208E8I35, SSKRWTVRFNNSIGEQFGVDHVQKGKSDVF, 0.18
208E9I58, SSKRWTVRFNNSIGEQFGVDQVQKGKSDVF, 0.16
208E10I72, SSKRWTVRFLNSIGEQFGVDQVQKGKSDVF, 0.13
208E11I78, QSKRWTVRFLNSIGEQFGVDQVQKGKSDVF, 0.12
208E12I133, QSKRWTVRFLNSIQEQFGVDQVQKGKSDVF, 0.1
208E13I186, QSKRWTVRFLNSIQEQFGVDQVQKGKSNVF, 0.07
