37E0I0, QPPGNYQTAEYDDFWYVRVSHPQLSEAYVA, 0.25
37E1I3, QPPGNYQTAEYDDFWYARVSHPQLSEAYVA, 0.23
37E2I6, QPPGNYQTAEYDDFWKARVSHPQLSEAYVA, 0.22
37E3I8, QPPGNYQTAEYDDFWKARVSSPQLSEAYVA, 0.21
37E4I11, QPPGNYQTAEYDDFWKARTSSPQLSEAYVA, 0.18
37E5I13, QPDGNYQTAEYDDFWKARTSSPQLSEAYVA, 0.17
37E6I19, QPDGNYQTAEYDDFWKARTTSPQLSEAYVA, 0.16
37E7I25, QPDGNYQTAEIDDFWKARTTSPQLSEAYVA, 0.15
37E8I50, QPDGNYQTAKIDDFWKARTTSPQLSEAYVA, 0.13
37E9I51, QPDGNYQTAKIDDFYKARTTSPQLSEAYVA, 0.11
37E10I52, QPDGNYQTAKILDFYKARTTSPQLSEAYVA, 0.09
37E11I57, QPDGNYQTAKILDFYEARTTSPQLSEAYVA, 0.06
37E12I64, QPDGNYQTAKILDFYEARTTSPQLQEAYVA, 0.05
