430E0I0, PPNLNLPLFKNVIYRKWGAYWVDREEYSFH, 0.43
430E1I14, PPNLNLPLFKNVIYRKWGAYKVDREEYSFH, 0.37
430E2I15, PPNLNLPLFKNVIYRKWGAYKVDREPYSFH, 0.36
430E3I16, PPNLNLPLFKNVIYHKWGAYKVDREPYSFH, 0.34
430E4I20, PPNLNLLLFKNVIYHKWGAYKVDREPYSFH, 0.31
430E5I21, PPNLNLLLFKNVIYHKWGAYVVDREPYSFH, 0.28
430E6I22, PPNLNLLLFKNPIYHKWGAYVVDREPYSFH, 0.27
430E7I25, PPNLNLYLFKNPIYHKWGAYVVDREPYSFH, 0.26
430E8I32, PPNLNLYLFKNPNYHKWGAYVVDREPYSFH, 0.25
430E9I34, PPNLNLYLFKNPNYHKVGAYVVDREPYSFH, 0.23
430E10I35, PGNLNLYLFKNPNYHKVGAYVVDREPYSFH, 0.21
430E11I39, PGNLNLYLFKNPNYHKVGASVVDREPYSFH, 0.2
430E12I40, PGNLNLYLFKNPNYHKVGASVVDREPYSFP, 0.19
430E13I43, PGNLNLYLFKNPNYHKVGASVVDREPHSFP, 0.16
430E14I60, PGNLNLYLFKNPNYHEVGASVVDREPHSFP, 0.15
430E15I108, PGNLNEYLFKNPNYHEVGASVVDREPHSFP, 0.14
430E16I122, PGNLNEYYFKNPNYHEVGASVVDREPHSFP, 0.12
430E17I144, PGNLNEYYFKNPNYHEVGASVVIREPHSFP, 0.11
430E18I145, PGNLNEYYFKNPNYHEPGASVVIREPHSFP, 0.1
430E19I184, PGNLNEYYFKNPNYHEGGASVVIREPHSFP, 0.08
430E20I243, PGNLNEYYFKNPNYHEGGASVVIREPHSFE, 0.07
430E21I245, PGNLNEGYFKNPNYHEGGASVVIREPHSFE, 0.06
430E22I328, PGNLNEGYFKNPNYHEGGASVVIREYHSFE, 0.05
430E23I406, PGNLNEGYFKNPNYHEGGASVDIREYHSFE, 0.04
