283E0I0, PILYPQKFGYFVWLLFVWKDPRYHSDYKID, 0.42
283E1I1, PILYPQKFGYFVWLLFVWKDPRYASDYKID, 0.41
283E2I2, PILYPQKFGYFVWLLFVWKDQRYASDYKID, 0.38
283E3I3, PILYPQKFGYFVWLLFVWKDQRYASDNKID, 0.33
283E4I5, PILYPQKFGYFVWLLFVWKDQRYASVNKID, 0.29
283E5I12, PILYPQKFGYFVWLLDVWKDQRYASVNKID, 0.26
283E6I15, PILYPQKFGYFVWLLDVWKDQRYASVNKIW, 0.25
283E7I16, PILYPQKFGVFVWLLDVWKDQRYASVNKIW, 0.24
283E8I32, PILYPQKFGVFVWLLDVWKDQGYASVNKIW, 0.23
283E9I47, PILQPQKFGVFVWLLDVWKDQGYASVNKIW, 0.2
283E10I49, PILQPQKFGVFVWLLDVWKDQGYASRNKIW, 0.19
283E11I51, PILQPQKFGVFVWLLDVAKDQGYASRNKIW, 0.18
283E12I57, PQLQPQKFGVFVWLLDVAKDQGYASRNKIW, 0.15
283E13I59, PQLQPQKFGVVVWLLDVAKDQGYASRNKIW, 0.13
283E14I66, PQLQPQKFGVVVNLLDVAKDQGYASRNKIW, 0.12
283E15I67, PQLQEQKFGVVVNLLDVAKDQGYASRNKIW, 0.1
283E16I72, PQLQEQKFGVVVNLLDSAKDQGYASRNKIW, 0.06
283E17I126, PQLQEQKFGVVGNLLDSAKDQGYASRNKIW, 0.05
