301E0I0, VDYYYDVPYTVVSHAYEAFEATQHRGAIWY, 0.32
301E1I4, VDYYYDVPYTVVSHAYEAFEAWQHRGAIWY, 0.3
301E2I5, VDYYYDVPYTVISHAYEAFEAWQHRGAIWY, 0.27
301E3I12, VDYYYDVPYTVKSHAYEAFEAWQHRGAIWY, 0.24
301E4I13, VDYYYDVPYTVKSHAYEAFEAWQPRGAIWY, 0.2
301E5I14, VDYYYDVPYVVKSHAYEAFEAWQPRGAIWY, 0.18
301E6I30, VDYYYDVPYVEKSHAYEAFEAWQPRGAIWY, 0.15
301E7I32, VDYYDDVPYVEKSHAYEAFEAWQPRGAIWY, 0.14
301E8I48, VDYYDDVPYVEKSHAYEAFEAWQPRGKIWY, 0.13
301E9I115, VDYYDDVPYVEKSHAYEAFEAWQPRGPIWY, 0.12
301E10I135, VDYYDDVPYVEKSHAYEAFEQWQPRGPIWY, 0.08
301E11I138, YDYYDDVPYVEKSHAYEAFEQWQPRGPIWY, 0.07
301E12I154, YDYYDSVPYVEKSHAYEAFEQWQPRGPIWY, 0.05
