406E0I0, FWTRKFGHWALQANVRGLRTQWHWALGDPN, 0.6
406E1I1, FWTRKFGHWALNANVRGLRTQWHWALGDPN, 0.45
406E2I3, FWTRKFGFWALNANVRGLRTQWHWALGDPN, 0.39
406E3I4, FWTRKFGFWALNANVRGLRTQWHWPLGDPN, 0.35
406E4I6, FWTRKFGVWALNANVRGLRTQWHWPLGDPN, 0.31
406E5I7, FWTRKFGVGALNANVRGLRTQWHWPLGDPN, 0.3
406E6I10, FWTRKFGVGALNANVRGLRTQWHWRLGDPN, 0.28
406E7I14, FWTRKFGVGALNANVRGLRTQWHWRLGDPW, 0.27
406E8I17, FWTRKFGVGALNANVQGLRTQWHWRLGDPW, 0.26
406E9I19, FWTRKFGVGALNANVQGLRTQWNWRLGDPW, 0.23
406E10I26, DWTRKFGVGALNANVQGLRTQWNWRLGDPW, 0.2
406E11I28, DWTRKFGVGALNANVQGLRTQWNWRLGSPW, 0.18
406E12I44, DWTRKFGVGALNANFQGLRTQWNWRLGSPW, 0.15
406E13I46, DWTRKFGVGALNANFQGLKTQWNWRLGSPW, 0.13
406E14I51, DWTRKFGVGAPNANFQGLKTQWNWRLGSPW, 0.12
406E15I60, DWTRKFGVGAPNANFQGLKTQWNWRLGSGW, 0.09
406E16I61, DWTRKFGVGAPGANFQGLKTQWNWRLGSGW, 0.08
406E17I78, DWTRKFGVGAPGANFQGLKTDWNWRLGSGW, 0.07
406E18I121, DWTREFGVGAPGANFQGLKTDWNWRLGSGW, 0.06
406E19I150, DWTREFGVGAPGANFQGLKTDWNWKLGSGW, 0.05
406E20I163, DHTREFGVGAPGANFQGLKTDWNWKLGSGW, 0.04
