89E0I0, GVPLKFAPIAGHPSVKPQEARNDDLLIEKE, 0.4
89E1I2, GVPLKFAPIAGHPSVKPQEARNDDLDIEKE, 0.34
89E2I3, GVPLRFAPIAGHPSVKPQEARNDDLDIEKE, 0.33
89E3I6, TVPLRFAPIAGHPSVKPQEARNDDLDIEKE, 0.31
89E4I9, TVILRFAPIAGHPSVKPQEARNDDLDIEKE, 0.25
89E5I14, TVILRFAPIAGVPSVKPQEARNDDLDIEKE, 0.23
89E6I19, TVILRFAPIAGVPSVKPQEARNDDLDIEEE, 0.2
89E7I25, TVILRFAPIAGVHSVKPQEARNDDLDIEEE, 0.19
89E8I27, TVILRFAPIAGVHSVKPQEARNRDLDIEEE, 0.15
89E9I29, TVILRFAPIAGVHSVKPQSARNRDLDIEEE, 0.14
89E10I53, TVILRFAPIAGVHSVKPQSARNRDLYIEEE, 0.13
89E11I63, TVILRFARIAGVHSVKPQSARNRDLYIEEE, 0.12
89E12I65, TVILRAARIAGVHSVKPQSARNRDLYIEEE, 0.1
89E13I78, TVILRAARIAGVHSVEPQSARNRDLYIEEE, 0.09
89E14I108, TVILRAARIAGVHSVEPQSARNRDLYIEFE, 0.07
