377E0I0, IKTTTIWQLPTPFQDEKEEGANGPPGPHTD, 0.33
377E1I2, IKTTTIWQRPTPFQDEKEEGANGPPGPHTD, 0.31
377E2I5, IKTTTIWQRPTPFQDEKEEGANGTPGPHTD, 0.3
377E3I7, INTTTIWQRPTPFQDEKEEGANGTPGPHTD, 0.28
377E4I10, INTTTIWQRPTPFQDEKEEGANGTPGPHED, 0.27
377E5I16, INTTTIWQRPTPFQDEKEEGANGTPGPHLD, 0.22
377E6I28, INTTTIWQRPTPFQDEKEEGTNGTPGPHLD, 0.19
377E7I30, INTTTIWQRPTPFQDEKEEGTNGTPGPKLD, 0.17
377E8I39, INTTTIWQRPTPFQDEKEEGTNGTPGPYLD, 0.16
377E9I42, INTTTIEQRPTPFQDEKEEGTNGTPGPYLD, 0.13
377E10I45, INTTTIEQRPTPFQDEKEEGWNGTPGPYLD, 0.12
377E11I49, INWTTIEQRPTPFQDEKEEGWNGTPGPYLD, 0.11
377E12I55, INWTTIEQRPTPFQDEKEEGWVGTPGPYLD, 0.08
377E13I56, IGWTTIEQRPTPFQDEKEEGWVGTPGPYLD, 0.07
377E14I60, IGWTTIEQRPTPFQTEKEEGWVGTPGPYLD, 0.05
377E15I68, IGWTTIEQRPTPFQTEKEEGWVGTPFPYLD, 0.04
