29E0I0, RFVWQLHRWEEPYNNRHEIQSGIQIHHRGQ, 0.5
29E1I1, RFVWQLHRWEEPYNNDHEIQSGIQIHHRGQ, 0.45
29E2I2, RFVWQLHRWEEPYNNDHEIQSGIQIDHRGQ, 0.4
29E3I3, RFNWQLHRWEEPYNNDHEIQSGIQIDHRGQ, 0.38
29E4I4, QFNWQLHRWEEPYNNDHEIQSGIQIDHRGQ, 0.36
29E5I6, QFNWQLHRWEEPYNNDHEIQSGIQIDHRGR, 0.35
29E6I7, QFNWQLHRWEEPYANDHEIQSGIQIDHRGR, 0.33
29E7I12, QFNWQLHRWTEPYANDHEIQSGIQIDHRGR, 0.29
29E8I20, QFNWQLHVWTEPYANDHEIQSGIQIDHRGR, 0.22
29E9I23, QFNWQLHVWTEPYANVHEIQSGIQIDHRGR, 0.19
29E10I36, QFNWQPHVWTEPYANVHEIQSGIQIDHRGR, 0.18
29E11I55, QFNWQPHVWTEPYANVHEQQSGIQIDHRGR, 0.17
29E12I69, QFNWQQHVWTEPYANVHEQQSGIQIDHRGR, 0.15
29E13I79, QFNWQQHVWTEPYANVHEQQSGISIDHRGR, 0.14
29E14I84, QFNWQQHVWTEGYANVHEQQSGISIDHRGR, 0.13
29E15I113, QFNWQQGVWTEGYANVHEQQSGISIDHRGR, 0.12
29E16I147, QFNWQQGVWTEGYANVHEQQSGISIDHRGV, 0.11
29E17I156, QFNSQQGVWTEGYANVHEQQSGISIDHRGV, 0.1
29E18I163, QFNSQQGVWTEGYANVHEQQWGISIDHRGV, 0.09
29E19I165, QFNSQPGVWTEGYANVHEQQWGISIDHRGV, 0.08
29E20I185, QFNSQPGVWTEGYANVHEQQWGISQDHRGV, 0.07
29E21I205, QFNSQPGVWTEGYANVHEKQWGISQDHRGV, 0.06
29E22I217, QFNSQPGIWTEGYANVHEKQWGISQDHRGV, 0.05
