102E0I0, KRGADPVFHFHEGNDEHYKWIAATNWANFT, 0.39
102E1I1, KRGADPVFWFHEGNDEHYKWIAATNWANFT, 0.37
102E2I2, KRGADPVFWFHEGNDEHAKWIAATNWANFT, 0.34
102E3I4, KRGADPVFWFREGNDEHAKWIAATNWANFT, 0.33
102E4I5, KRGADPVFWFREGNDEHAKWIAATPWANFT, 0.3
102E5I19, KRGADPVGWFREGNDEHAKWIAATPWANFT, 0.28
102E6I26, KRGADPVGWFREGNSEHAKWIAATPWANFT, 0.27
102E7I40, KRGADPVGWFREGNSVHAKWIAATPWANFT, 0.24
102E8I65, KRGADPVGWFREGNSVHAKWIIATPWANFT, 0.22
102E9I68, KRGALPVGWFREGNSVHAKWIIATPWANFT, 0.2
102E10I72, KRGALPVGWFREGNSVHAKYIIATPWANFT, 0.18
102E11I84, KRGALPVGWFREGNSVHAKYIFATPWANFT, 0.17
102E12I87, KRGALPVGWFREGNSVHAKYIFATPKANFT, 0.15
102E13I104, KRGANPVGWFREGNSVHAKYIFATPKANFT, 0.14
