85E0I0, HISDWLHDTNQHRLEKHFDTNVNDWERSRH, 0.41
85E1I2, HISDWLHDTNPHRLEKHFDTNVNDWERSRH, 0.35
85E2I3, HISDWLHDTNPHRLEKHFDTNVNDAERSRH, 0.28
85E3I4, HIIDWLHDTNPHRLEKHFDTNVNDAERSRH, 0.25
85E4I11, HAIDWLHDTNPHRLEKHFDTNVNDAERSRH, 0.21
85E5I12, HAIDWKHDTNPHRLEKHFDTNVNDAERSRH, 0.2
85E6I22, HAIDWKRDTNPHRLEKHFDTNVNDAERSRH, 0.19
85E7I23, HAIDWKRDTNPHDLEKHFDTNVNDAERSRH, 0.18
85E8I24, HAIDWIRDTNPHDLEKHFDTNVNDAERSRH, 0.17
85E9I31, HAIDWIRDNNPHDLEKHFDTNVNDAERSRH, 0.15
85E10I46, HAIDWIRDNNPHDAEKHFDTNVNDAERSRH, 0.14
85E11I56, HAIDWIRDNNPHDAEKHFDTNVNDAEQSRH, 0.1
85E12I89, HAIDWIRDNNEHDAEKHFDTNVNDAEQSRH, 0.09
85E13I121, AAIDWIRDNNEHDAEKHFDTNVNDAEQSRH, 0.08
85E14I203, AAIDWIRDNNVHDAEKHFDTNVNDAEQSRH, 0.07
85E15I235, AAIDWIRDNNVHDAEKHFDTNVNDIEQSRH, 0.06
85E16I280, AAIDWIRDNNVHDAEKHFDNNVNDIEQSRH, 0.05
