333E0I0, ELAKTTWNVHYHWSYNVVYRAHDRDDQYFT, 0.47
333E1I3, ELAKTTWNVHHHWSYNVVYRAHDRDDQYFT, 0.46
333E2I5, ELAKTTWNVHHHWSYLVVYRAHDRDDQYFT, 0.42
333E3I7, GLAKTTWNVHHHWSYLVVYRAHDRDDQYFT, 0.38
333E4I8, GLAKTRWNVHHHWSYLVVYRAHDRDDQYFT, 0.36
333E5I12, GLSKTRWNVHHHWSYLVVYRAHDRDDQYFT, 0.31
333E6I18, GLSKTRWNVHHHWSYLVVYQAHDRDDQYFT, 0.3
333E7I21, GLSKTGWNVHHHWSYLVVYQAHDRDDQYFT, 0.28
333E8I32, GLSKTGWNVHHHKSYLVVYQAHDRDDQYFT, 0.25
333E9I33, GLSKTGWNVHHHKSYLVVYQAHERDDQYFT, 0.24
333E10I35, GLSKTGWNVRHHKSYLVVYQAHERDDQYFT, 0.23
333E11I38, GLSKTGWNVRHHKSYLVVYQAHERDDQYFE, 0.19
333E12I51, GLSKTGWNVRHHKSYLVVYQAHERDDQSFE, 0.18
333E13I56, GLSKTGWNVRHHKSYLVVYQPHERDDQSFE, 0.14
333E14I79, GLSKTGWNVRHHKSYLVVYQQHERDDQSFE, 0.12
