287E0I0, ERYFGYHRDKQIQDRVIGVYGRTPAHKVQT, 0.37
287E1I1, ERYFGYHRDKQIQDRVIGVYERTPAHKVQT, 0.35
287E2I3, ERYFGYHRWKQIQDRVIGVYERTPAHKVQT, 0.33
287E3I7, ERYFGYHRWKQIQDRVIGVYERTPAHKVTT, 0.29
287E4I13, ERYFGYHRWKQIQDRVIGVYERTNAHKVTT, 0.25
287E5I16, ERYFGYHRWKQIQDLVIGVYERTNAHKVTT, 0.24
287E6I21, ERYFGYHRWKQIQDLVAGVYERTNAHKVTT, 0.23
287E7I27, ERYFGYHRWKQIQDNVAGVYERTNAHKVTT, 0.17
287E8I41, ERYFGYHRWKQIQDNVAGVYERTNEHKVTT, 0.12
287E9I61, ERYFGYHRWKQTQDNVAGVYERTNEHKVTT, 0.11
287E10I88, ERYFGYPRWKQTQDNVAGVYERTNEHKVTT, 0.1
287E11I110, ERYFGYPRWKYTQDNVAGVYERTNEHKVTT, 0.09
287E12I126, ERYFGYPRWKYTQDNVAGVYERANEHKVTT, 0.08
287E13I179, ERYFGYFRWKYTQDNVAGVYERANEHKVTT, 0.07
