253E0I0, LTPAWPSQQVGKTSLRKVNVAAPRWHGQTW, 0.44
253E1I3, LTPAWPSQQVGKTSLDKVNVAAPRWHGQTW, 0.37
253E2I4, LTPAWPSQQVGKTSLDKVYVAAPRWHGQTW, 0.29
253E3I6, LTPAWPSQQVGKTSLDKVYVAAPRWHTQTW, 0.27
253E4I8, LTPAWPSQWVGKTSLDKVYVAAPRWHTQTW, 0.25
253E5I11, LTPAWPSQWVGKTSLDKVYVAAPRNHTQTW, 0.24
253E6I25, LTPAWPSQWVGKTSLDKVYVAAPRNHTRTW, 0.23
253E7I29, LTPAWPSQWVGKTSLDKVYVAAPPNHTRTW, 0.22
253E8I30, VTPAWPSQWVGKTSLDKVYVAAPPNHTRTW, 0.21
253E9I41, KTPAWPSQWVGKTSLDKVYVAAPPNHTRTW, 0.2
253E10I52, KTPAWPSQWVGKTSLDKVYVAAPPSHTRTW, 0.19
253E11I53, KTPAWWSQWVGKTSLDKVYVAAPPSHTRTW, 0.18
253E12I54, KTPAWWSQWVGKTSLDKVYVAAPPSFTRTW, 0.16
253E13I63, KTPATWSQWVGKTSLDKVYVAAPPSFTRTW, 0.15
253E14I67, KTPANWSQWVGKTSLDKVYVAAPPSFTRTW, 0.14
253E15I74, KTPANWSQWVGKTSLDVVYVAAPPSFTRTW, 0.13
253E16I89, KTPSNWSQWVGKTSLDVVYVAAPPSFTRTW, 0.11
253E17I101, KTLSNWSQWVGKTSLDVVYVAAPPSFTRTW, 0.1
253E18I113, KTLSNWSQWVGKTSLDYVYVAAPPSFTRTW, 0.09
253E19I129, KTLSNWSQWVGKTSLDYVYVAAPPSFTRTR, 0.08
253E20I133, KTLSNWSQEVGKTSLDYVYVAAPPSFTRTR, 0.07
253E21I153, KTLSNWSQEVGKTSLDYVIVAAPPSFTRTR, 0.06
