293E0I0, STINTTNQELFEDPNTYAANFGYIQGSRYT, 0.33
293E1I1, STINTTNLELFEDPNTYAANFGYIQGSRYT, 0.3
293E2I2, STINTTNLELFEDPNTYAANFGYYQGSRYT, 0.29
293E3I3, SKINTTNLELFEDPNTYAANFGYYQGSRYT, 0.26
293E4I4, SKINTTNLELFEDPNTYAANFGYYQGSRTT, 0.23
293E5I8, SKILTTNLELFEDPNTYAANFGYYQGSRTT, 0.21
293E6I9, SKILTTNLELFEKPNTYAANFGYYQGSRTT, 0.17
293E7I24, SKILTTNLELFEKPNSYAANFGYYQGSRTT, 0.15
293E8I29, SKILTTNLELFEKPNSYAAYFGYYQGSRTT, 0.12
293E9I30, SKILTTNLELFEKPNSYAARFGYYQGSRTT, 0.11
293E10I75, SKILTTNLELFEKPNSYAARFGYFQGSRTT, 0.08
293E11I128, SKILTTNLELFEKWNSYAARFGYFQGSRTT, 0.07
293E12I207, SKILTTNLELFEDWNSYAARFGYFQGSRTT, 0.06
293E13I212, IKILTTNLELFEDWNSYAARFGYFQGSRTT, 0.05
293E14I219, IKILTTNLELFEDWNSYDARFGYFQGSRTT, 0.04
293E15I237, IKILTTNLELFEDWNSYNARFGYFQGSRTT, 0.03
293E16I291, IKIYTTNLELFEDWNSYNARFGYFQGSRTT, 0.02
293E17I323, IKIYTTNLWLFEDWNSYNARFGYFQGSRTT, 0.01
