489E0I0, VRQDHRWATGVFHWNLGINFHLNWVKGPQR, 0.34
489E1I18, VRQDHRWATGVFRWNLGINFHLNWVKGPQR, 0.27
489E2I21, VRQDHRWATGVFRWNLGINFYLNWVKGPQR, 0.2
489E3I22, VRQDGRWATGVFRWNLGINFYLNWVKGPQR, 0.17
489E4I27, VRQDGRWATGVFRWNLGINFYLNPVKGPQR, 0.14
489E5I30, VRQDGRWATGVFRWNLGINFYLNPVKGPQN, 0.13
489E6I48, VRQDGRWATGVFRWNLGINGYLNPVKGPQN, 0.12
489E7I55, VRQDGRWATGVFRWNLGINGYLNPVKGPYN, 0.11
489E8I90, VRQDGRWKTGVFRWNLGINGYLNPVKGPYN, 0.1
489E9I94, VRQDGRWKTGVFRWNLGINGYKNPVKGPYN, 0.09
489E10I102, LRQDGRWKTGVFRWNLGINGYKNPVKGPYN, 0.08
489E11I130, LRQDGRWKTGVFRWNLGINGYGNPVKGPYN, 0.06
