144E0I0, IDYHWKSYLTTSYGIVQNIWKDSQPKHPFV, 0.4
144E1I1, IDYHWKSYLTTSYGIVQNIWKDSQPKHPDV, 0.35
144E2I4, IDYHWKSYLTTSYGGVQNIWKDSQPKHPDV, 0.34
144E3I6, IDYHWKQYLTTSYGGVQNIWKDSQPKHPDV, 0.31
144E4I11, IDNHWKQYLTTSYGGVQNIWKDSQPKHPDV, 0.28
144E5I12, IDNHWKQYLTTSYGGVQNIWKDWQPKHPDV, 0.27
144E6I22, IDNHWKQYLTTSYGGVQNIEKDWQPKHPDV, 0.24
144E7I29, IDNHWKVYLTTSYGGVQNIEKDWQPKHPDV, 0.22
144E8I37, IDNHWKVYLTTSYGGQQNIEKDWQPKHPDV, 0.21
144E9I44, IDNHWKVYITTSYGGQQNIEKDWQPKHPDV, 0.19
144E10I45, IDNHDKVYITTSYGGQQNIEKDWQPKHPDV, 0.18
144E11I46, IDNHDKVYITTSYGGQQNIEKDWQWKHPDV, 0.17
144E12I48, IDNHDKVYITTSYGGQQNIEKDWQWKYPDV, 0.16
144E13I66, IDNHDKVYITTSYGGQQNIDKDWQWKYPDV, 0.15
144E14I80, IDNHDKVYITTRYGGQQNIDKDWQWKYPDV, 0.12
144E15I82, IDNHDKVYITTRYGGQKNIDKDWQWKYPDV, 0.11
144E16I102, IDNDDKVYITTRYGGQKNIDKDWQWKYPDV, 0.1
144E17I103, IDNEDKVYITTRYGGQKNIDKDWQWKYPDV, 0.09
144E18I138, IDNEDKVYITTRYGGQKNIDKDEQWKYPDV, 0.07
144E19I144, IDNEDKIYITTRYGGQKNIDKDEQWKYPDV, 0.06
144E20I156, ITNEDKIYITTRYGGQKNIDKDEQWKYPDV, 0.05
144E21I165, ITNEDKIYITTRYGGQKNFDKDEQWKYPDV, 0.03
144E22I188, ITNEDKIYRTTRYGGQKNFDKDEQWKYPDV, 0.02
