393E0I0, QWFTRAWVLLSNGVSENDINYRTYLAVRVT, 0.33
393E1I1, QWFTRAWVLLSNGVSENDINYRTYLSVRVT, 0.31
393E2I3, QWFTRAWVLLSNGVSENDINYRTYLSVLVT, 0.28
393E3I7, QGFTRAWVLLSNGVSENDINYRTYLSVLVT, 0.26
393E4I11, QGFTRAWVLESNGVSENDINYRTYLSVLVT, 0.24
393E5I12, QGFTRAWVLESNGVSENDINYRTYLSVLVF, 0.22
393E6I21, QGFTRAWVLESNGVSENDINKRTYLSVLVF, 0.21
393E7I29, QGFTRAPVLESNGVSENDINKRTYLSVLVF, 0.2
393E8I35, QGFTDAPVLESNGVSENDINKRTYLSVLVF, 0.17
393E9I41, RGFTDAPVLESNGVSENDINKRTYLSVLVF, 0.16
393E10I51, RGFTDAPVLESNGVSENDINVRTYLSVLVF, 0.15
393E11I53, RGFTDAPVLESNGVSENDINVRQYLSVLVF, 0.14
393E12I65, RGFTDAPVLESNGVSENDINVRQGLSVLVF, 0.1
393E13I74, LGFTDAPVLESNGVSENDINVRQGLSVLVF, 0.09
393E14I77, LGFTDAPVLESNGVSQNDINVRQGLSVLVF, 0.08
393E15I101, LGFTDAPVLESNGVSQNPINVRQGLSVLVF, 0.06
393E16I143, LGFTDAPVLESNGVSQNPINVRQGLYVLVF, 0.05
393E17I151, LGFTDAPVLESNGVSQNPINVRTGLYVLVF, 0.04
393E18I173, DGFTDAPVLESNGVSQNPINVRTGLYVLVF, 0.03
