81E0I0, EAEESWTLIVHFLPFPHLTLVWDVEDIGEG, 0.41
81E1I1, EAEESWTLFVHFLPFPHLTLVWDVEDIGEG, 0.4
81E2I2, EAEESWTLFHHFLPFPHLTLVWDVEDIGEG, 0.39
81E3I3, EAEESWTLFHHFLPFPHLNLVWDVEDIGEG, 0.34
81E4I4, EAEESWTPFHHFLPFPHLNLVWDVEDIGEG, 0.33
81E5I18, EAEQSWTPFHHFLPFPHLNLVWDVEDIGEG, 0.31
81E6I23, EAEQSWTPIHHFLPFPHLNLVWDVEDIGEG, 0.3
81E7I25, EAEQSQTPIHHFLPFPHLNLVWDVEDIGEG, 0.29
81E8I28, EAEQSQTDIHHFLPFPHLNLVWDVEDIGEG, 0.27
81E9I33, EAEQSQTDIEHFLPFPHLNLVWDVEDIGEG, 0.24
81E10I36, EAEQSQTDIEHFLPFPHDNLVWDVEDIGEG, 0.23
81E11I49, EAEQSQTDIEHFLTFPHDNLVWDVEDIGEG, 0.21
81E12I59, EAEQSQTDIEHFLTFPHDNLVWDVLDIGEG, 0.2
81E13I66, EAEQSQTDIEHFLTFPHDNLVVDVLDIGEG, 0.19
81E14I68, EAEQSQTDIEHFLTQPHDNLVVDVLDIGEG, 0.18
81E15I80, ENEQSQTDIEHFLTQPHDNLVVDVLDIGEG, 0.16
81E16I82, ENEQSQTDIEHFLTQPHDNLVNDVLDIGEG, 0.14
81E17I90, ENEQSQTDIEHFLSQPHDNLVNDVLDIGEG, 0.13
81E18I93, ANEQSQTDIEHFLSQPHDNLVNDVLDIGEG, 0.12
81E19I109, ANEQSQTDFEHFLSQPHDNLVNDVLDIGEG, 0.09
81E20I116, GNEQSQTDFEHFLSQPHDNLVNDVLDIGEG, 0.08
81E21I159, GNEQKQTDFEHFLSQPHDNLVNDVLDIGEG, 0.07
81E22I172, GNEQQQTDFEHFLSQPHDNLVNDVLDIGEG, 0.05
81E23I182, GNEQQQTDFEHFLSQNHDNLVNDVLDIGEG, 0.04
