355E0I0, SYRLVVRIIWRLQFQSYESYQARSYWTGLG, 0.53
355E1I1, SYRLNVRIIWRLQFQSYESYQARSYWTGLG, 0.39
355E2I2, SYRLNVRIIWQLQFQSYESYQARSYWTGLG, 0.38
355E3I8, SYRLNVRIIWQLQFQSYESYQARSYWTKLG, 0.36
355E4I11, SYRLNVRIIWQLQFQSYESYQAKSYWTKLG, 0.35
355E5I13, SYRLNVRIIWQLQFQSYESYQAKSYWTALG, 0.33
355E6I17, KYRLNVRIIWQLQFQSYESYQAKSYWTALG, 0.32
355E7I22, KYRLNVRIIWQLQFQSYESYQPKSYWTALG, 0.29
355E8I46, KYRLNVRIIWQLQFQSYESYQPKSEWTALG, 0.21
355E9I66, KYRLNVRIIWQLQFQSYESAQPKSEWTALG, 0.17
355E10I72, KYRLNVRIWWQLQFQSYESAQPKSEWTALG, 0.16
355E11I109, KYRLNVLIWWQLQFQSYESAQPKSEWTALG, 0.14
355E12I137, KYRLNVLIWWQLQFQSYESAQPKSEWQALG, 0.12
355E13I144, KYRLNVLIWWQLQFQSYESAQPKSKWQALG, 0.1
355E14I145, KYRLNVLIWWQLQFQSYESFQPKSKWQALG, 0.09
355E15I185, KYPLNVLIWWQLQFQSYESFQPKSKWQALG, 0.07
355E16I230, LYPLNVLIWWQLQFQSYESFQPKSKWQALG, 0.06
