345E0I0, SGSLGKDPGNTATDSVAPSPTIDWEIDPTF, 0.41
345E1I2, SGSLGKDPGNHATDSVAPSPTIDWEIDPTF, 0.38
345E2I3, SGSLGKDPGNHATDSVAPSPTIDWEIPPTF, 0.36
345E3I19, SGSLGKDPPNHATDSVAPSPTIDWEIPPTF, 0.35
345E4I24, SGSLGKDPPNHATDSVAPYPTIDWEIPPTF, 0.26
345E5I34, SGSLGKDPPNHATDSVAPYPTIDWEIPPTD, 0.24
345E6I37, SGSLGKDPPNHATLSVAPYPTIDWEIPPTD, 0.22
345E7I38, SGSLGKDPPNHATLSGAPYPTIDWEIPPTD, 0.21
345E8I42, SGSLGKDPPNHATLSGAYYPTIDWEIPPTD, 0.19
345E9I55, SGSLGKDPPNVATLSGAYYPTIDWEIPPTD, 0.18
345E10I61, SGSLGKDPPNVATLVGAYYPTIDWEIPPTD, 0.16
345E11I91, SGSLGKDPPKVATLVGAYYPTIDWEIPPTD, 0.15
345E12I92, SGSLGKDPPKVATLVGAYQPTIDWEIPPTD, 0.13
345E13I122, SGSLGKDPPKVATLVGAYQPTIDWEIAPTD, 0.12
345E14I129, SGSLGKYPPKVATLVGAYQPTIDWEIAPTD, 0.1
345E15I143, SGSLGKYPPKVATLVGAGQPTIDWEIAPTD, 0.09
345E16I144, SGSLGKYPPKVATLVGAGQPTLDWEIAPTD, 0.08
