192E0I0, LVYDTPGWPWFWNGWTKVIDGSKSQTYNWQ, 0.41
192E1I1, LVYDTPGWPWFWNGWTKVIDGQKSQTYNWQ, 0.36
192E2I4, LVYDTPGWPWFWNGWTKVIDGQKSQTYNLQ, 0.35
192E3I5, LVYDTPGWPWFWNGWTKVIDGQKSQTVNLQ, 0.32
192E4I9, LVYDTPGWPWFENGWTKVIDGQKSQTVNLQ, 0.27
192E5I12, LVYDTPGWPWFENGWTKVIDFQKSQTVNLQ, 0.26
192E6I14, LVYDTPQWPWFENGWTKVIDFQKSQTVNLQ, 0.22
192E7I18, LVYDTPQWPWFENGWTKVIDFQKEQTVNLQ, 0.19
192E8I20, LVYDTPQWPWFENGWTKVIDFQKEQTVNEQ, 0.16
192E9I25, LVYDTPQWPWFENGWTDVIDFQKEQTVNEQ, 0.14
192E10I26, LVYDTPQWPWFEYGWTDVIDFQKEQTVNEQ, 0.12
192E11I35, LQYDTPQWPWFEYGWTDVIDFQKEQTVNEQ, 0.1
192E12I50, LQYDFPQWPWFEYGWTDVIDFQKEQTVNEQ, 0.09
192E13I58, GQYDFPQWPWFEYGWTDVIDFQKEQTVNEQ, 0.07
192E14I66, GQYDFPQWPWFEYGWTDVIDFKKEQTVNEQ, 0.06
192E15I70, GQYDFPQWPWFEYGWTDVKDFKKEQTVNEQ, 0.05
192E16I71, GQYDFPQWPWFEYGWTRVKDFKKEQTVNEQ, 0.04
