412E0I0, SKRDNFVHNRELEFIIYAHTIEIGRSKIWG, 0.38
412E1I3, SKRDNFVHSRELEFIIYAHTIEIGRSKIWG, 0.36
412E2I5, SKRDNFVHSRELEFIIGAHTIEIGRSKIWG, 0.32
412E3I7, SKRDNFVHSRELEFIIGAHHIEIGRSKIWG, 0.31
412E4I10, SKRDNPVHSRELEFIIGAHHIEIGRSKIWG, 0.29
412E5I17, SKRDNPVHKRELEFIIGAHHIEIGRSKIWG, 0.25
412E6I35, SKRDNPVHKRELEFIIGAHHIEIGRSKIWD, 0.23
412E7I37, SKRDNPVHKRELEAIIGAHHIEIGRSKIWD, 0.2
412E8I49, SKRDNPVHKRELEASIGAHHIEIGRSKIWD, 0.19
412E9I63, SKRDNPQHKRELEASIGAHHIEIGRSKIWD, 0.15
412E10I76, SKRDNPQHKREFEASIGAHHIEIGRSKIWD, 0.13
412E11I94, SKRDNPQHKREFEASIGAIHIEIGRSKIWD, 0.12
412E12I110, SKRDNPQHKREFEASIGAIHYEIGRSKIWD, 0.11
412E13I138, TKRDNPQHKREFEASIGAIHYEIGRSKIWD, 0.1
412E14I143, TKRDNPQHKREFEASIGAILYEIGRSKIWD, 0.09
412E15I153, TKRDNPQHKREFEASIGAILYEIGRSKIND, 0.08
412E16I199, NKRDNPQHKREFEASIGAILYEIGRSKIND, 0.07
412E17I274, NKRDNPQHKREFEASIGAILYEIGKSKIND, 0.05
