59E0I0, KPIHHSDELSNAHQKWRLLEFDHAPALKWI, 0.44
59E1I3, KPIHHSDELSNVHQKWRLLEFDHAPALKWI, 0.41
59E2I4, KPIHHSDELSNVHQKWRLLEFDHAEALKWI, 0.4
59E3I5, KPIHHSDELSNVHQKWRLLEFDHAEAAKWI, 0.38
59E4I8, KPIHHSDELSNVHQKWRLLETDHAEAAKWI, 0.32
59E5I11, KPIHHSDELSNVHQKERLLETDHAEAAKWI, 0.31
59E6I17, KPIHHSDELSNVHQKERLLETDHAEAAKVI, 0.29
59E7I28, KPIHHSDELSNVAQKERLLETDHAEAAKVI, 0.27
59E8I29, KPIHHSDELSNVAQKEILLETDHAEAAKVI, 0.24
59E9I32, KPIHHSDELSNVAQKEILLETDHAEAAKSI, 0.23
59E10I35, KPIHHSDELSNVAQKEILRETDHAEAAKSI, 0.22
59E11I38, KPIHHSDWLSNVAQKEILRETDHAEAAKSI, 0.21
59E12I41, KPIHHSDWKSNVAQKEILRETDHAEAAKSI, 0.2
59E13I45, KPIHHSDWKSNVAQKEILSETDHAEAAKSI, 0.19
59E14I48, KPIHHDDWKSNVAQKEILSETDHAEAAKSI, 0.17
59E15I58, KPIHHDDWKSNVARKEILSETDHAEAAKSI, 0.14
59E16I92, KPIHHDDWKSRVARKEILSETDHAEAAKSI, 0.12
59E17I96, KPIHHDDWKSRVARKEILSETDHAEAAKEI, 0.11
59E18I118, KPIHHDDWKSRVARKEIKSETDHAEAAKEI, 0.09
59E19I123, KPIHHDDWKSRVARKEITSETDHAEAAKEI, 0.08
59E20I128, KPDHHDDWKSRVARKEITSETDHAEAAKEI, 0.05
59E21I138, KPDHHDDWKSRVARKEATSETDHAEAAKEI, 0.04
59E22I197, TPDHHDDWKSRVARKEATSETDHAEAAKEI, 0.03
