134E0I0, PHRSLHTSLPHAQYYQVYRTHEEKAPSWGV, 0.47
134E1I3, PHRSLHTSLPHAQYYQVYRTHEEKAISWGV, 0.46
134E2I4, EHRSLHTSLPHAQYYQVYRTHEEKAISWGV, 0.43
134E3I6, EHRSLHTSLPHAVYYQVYRTHEEKAISWGV, 0.42
134E4I8, EHRWLHTSLPHAVYYQVYRTHEEKAISWGV, 0.38
134E5I20, EHRWLHTSLPHAVYYQVFRTHEEKAISWGV, 0.33
134E6I24, EHRWLHTSLPHAVYYQVFRTVEEKAISWGV, 0.32
134E7I27, EHRWLHTSLPHAVYYQVFRTLEEKAISWGV, 0.27
134E8I28, EHRWLHTSLPHKVYYQVFRTLEEKAISWGV, 0.26
134E9I31, EHRWLHTSYPHKVYYQVFRTLEEKAISWGV, 0.24
134E10I61, WHRWLHTSYPHKVYYQVFRTLEEKAISWGV, 0.23
134E11I66, WHRWLHTSYEHKVYYQVFRTLEEKAISWGV, 0.22
134E12I68, WHRWLHTSYEHKVYYQVFRTLEEKYISWGV, 0.2
134E13I74, WTRWLHTSYEHKVYYQVFRTLEEKYISWGV, 0.18
134E14I75, WTRWLHTSYEHKVYYQVFRTLEEKYISTGV, 0.16
134E15I78, WTRWLHTSYEHKVYYQVFRTLEEKDISTGV, 0.15
134E16I81, WTRWLHTSYEHKVYYQVFRTLIEKDISTGV, 0.13
134E17I89, WTRWLHTSYEHKKYYQVFRTLIEKDISTGV, 0.12
134E18I118, WTTWLHTSYEHKKYYQVFRTLIEKDISTGV, 0.11
