422E0I0, HRPGLGWSHQQLHLWINYYAKAIKSRTDEV, 0.34
422E1I2, HRPGAGWSHQQLHLWINYYAKAIKSRTDEV, 0.33
422E2I3, HRPGAGWSHQQLHLWINYYATAIKSRTDEV, 0.32
422E3I4, HRPIAGWSHQQLHLWINYYATAIKSRTDEV, 0.29
422E4I8, HRPIAGWSHQQLHLWINYAATAIKSRTDEV, 0.26
422E5I18, HRPIAGWSHQQLHLWINYAATAIKSRTDEE, 0.25
422E6I19, HRPIAGWSHQQDHLWINYAATAIKSRTDEE, 0.21
422E7I28, HRPIAGWSHQQDALWINYAATAIKSRTDEE, 0.19
422E8I34, HRPIAIWSHQQDALWINYAATAIKSRTDEE, 0.12
422E9I63, HRPVAIWSHQQDALWINYAATAIKSRTDEE, 0.11
422E10I116, HYPVAIWSHQQDALWINYAATAIKSRTDEE, 0.1
422E11I154, VYPVAIWSHQQDALWINYAATAIKSRTDEE, 0.09
422E12I212, VYPVAIWSHQQDALWINYAATAIKSRTREE, 0.08
422E13I237, VYPVAIWSHEQDALWINYAATAIKSRTREE, 0.07
422E14I306, VYEVAIWSHEQDALWINYAATAIKSRTREE, 0.06
422E15I320, VYRVAIWSHEQDALWINYAATAIKSRTREE, 0.05
422E16I372, VYRVAIWSNEQDALWINYAATAIKSRTREE, 0.04
422E17I400, VYRVAIWSNEQDALWINVAATAIKSRTREE, 0.03
422E18I447, VYRVAIWSNEQDALWINVAAQAIKSRTREE, 0.02
