258E0I0, QSLVHPQSNQSYPQYGRLTGEIDTWVSQDA, 0.43
258E1I1, QSLVHEQSNQSYPQYGRLTGEIDTWVSQDA, 0.31
258E2I3, QSLVHEQSNQSYPQYGRKTGEIDTWVSQDA, 0.27
258E3I5, QSDVHEQSNQSYPQYGRKTGEIDTWVSQDA, 0.25
258E4I6, QSDVHEQSNQSYPQYGRKSGEIDTWVSQDA, 0.24
258E5I17, QSDVHEQSNNSYPQYGRKSGEIDTWVSQDA, 0.23
258E6I25, QSDVHEQSNNSLPQYGRKSGEIDTWVSQDA, 0.21
258E7I28, QSDVHEQSNNSLPQYGRKSGEIDTVVSQDA, 0.2
258E8I44, QSDVHEQSNNSLPQYGRKDGEIDTVVSQDA, 0.19
258E9I45, QSDVHEQSNNSYPQYGRKDGEIDTVVSQDA, 0.18
258E10I48, QSDVHEQSNNSYPQYGRKDGELDTVVSQDA, 0.16
258E11I51, QSDVHEQSNNSYNQYGRKDGELDTVVSQDA, 0.15
258E12I57, QSDWHEQSNNSYNQYGRKDGELDTVVSQDA, 0.13
258E13I82, QSDWHEQSNNSYNQWGRKDGELDTVVSQDA, 0.12
258E14I123, QEDWHEQSNNSYNQWGRKDGELDTVVSQDA, 0.11
258E15I175, QEDWHEQSNNSYNQWGRKDLELDTVVSQDA, 0.1
258E16I179, QEDWHEDSNNSYNQWGRKDLELDTVVSQDA, 0.09
258E17I180, QEDWHEDSNNSYNQWGRKDLELDTVVSHDA, 0.07
258E18I182, QEDWHEDSKNSYNQWGRKDLELDTVVSHDA, 0.05
258E19I185, QEDWHEDSKNSYNEWGRKDLELDTVVSHDA, 0.04
258E20I214, QEDWHEDSKNSTNEWGRKDLELDTVVSHDA, 0.03
258E21I215, QEDWHEDSKNSTNEWGIKDLELDTVVSHDA, 0.02
