132E0I0, WLWHPLGQSFTTFVLGQNKRPEPKERTPVA, 0.42
132E1I2, WLWHPLGQSFTWFVLGQNKRPEPKERTPVA, 0.39
132E2I3, WLWYPLGQSFTWFVLGQNKRPEPKERTPVA, 0.37
132E3I7, WLWYPLGQSFTWFVLGQNKRPEPKEKTPVA, 0.31
132E4I8, WLWYPLPQSFTWFVLGQNKRPEPKEKTPVA, 0.27
132E5I14, WLWYPLPQSFTWFVLGQNKRPNPKEKTPVA, 0.24
132E6I19, WLLYPLPQSFTWFVLGQNKRPNPKEKTPVA, 0.23
132E7I32, WYLYPLPQSFTWFVLGQNKRPNPKEKTPVA, 0.22
132E8I34, WYLYPLPQSFTWFVLGQNKRPNLKEKTPVA, 0.18
132E9I35, WYLYPLPQSFTKFVLGQNKRPNLKEKTPVA, 0.17
132E10I45, WYLYPLPQSFTKFVLGQDKRPNLKEKTPVA, 0.15
132E11I56, WYLYPLPQSFTKFVLGQAKRPNLKEKTPVA, 0.14
132E12I58, WYLYPLPQSFTKFVLGQAKRKNLKEKTPVA, 0.11
132E13I61, WYLYPLPQSFTKSVLGQAKRKNLKEKTPVA, 0.09
132E14I82, WYLYPLPQSFTASVLGQAKRKNLKEKTPVA, 0.08
132E15I91, WYLYELPQSFTASVLGQAKRKNLKEKTPVA, 0.05
