359E0I0, EGKTPEQHFQTPKAIQIEIDHQAENDWIDT, 0.32
359E1I4, HGKTPEQHFQTPKAIQIEIDHQAENDWIDT, 0.31
359E2I7, HGKTPEQHFQTPKAIQIEIDSQAENDWIDT, 0.3
359E3I9, HDKTPEQHFQTPKAIQIEIDSQAENDWIDT, 0.29
359E4I19, HDKTPEQHFQTPKAIQIEIDSQFENDWIDT, 0.21
359E5I20, HDKTKEQHFQTPKAIQIEIDSQFENDWIDT, 0.19
359E6I25, HDKWKEQHFQTPKAIQIEIDSQFENDWIDT, 0.18
359E7I37, HDKWKEQHFQTPKAIQIEIKSQFENDWIDT, 0.17
359E8I39, HDKWKEQHFQTPKAIQIEIKNQFENDWIDT, 0.14
359E9I40, HDKWKEQKFQTPKAIQIEIKNQFENDWIDT, 0.13
359E10I41, HDKWKEQKFQTPKAIQIEIKNWFENDWIDT, 0.11
359E11I42, HDKWKEQKFQTPKAIQIEIKRWFENDWIDT, 0.1
359E12I45, HDKWKEQKFQTPKAIQIEIKRPFENDWIDT, 0.09
359E13I76, HDKWKEQKFQTPKAIGIEIKRPFENDWIDT, 0.08
359E14I95, HDKHKEQKFQTPKAIGIEIKRPFENDWIDT, 0.07
359E15I111, HDKHKEQKFQTPEAIGIEIKRPFENDWIDT, 0.06
359E16I176, HDKHKEQKFQTPEAPGIEIKRPFENDWIDT, 0.05
359E17I267, HDKHKEQKFQTIEAPGIEIKRPFENDWIDT, 0.04
