460E0I0, HVRYPKQQPYPPQKPQQVIHWRHFLHAPSN, 0.46
460E1I2, HVRYPKQQPYPPQPPQQVIHWRHFLHAPSN, 0.42
460E2I4, HVTYPKQQPYPPQPPQQVIHWRHFLHAPSN, 0.4
460E3I5, HVTYPKQQPYPPQPPQQVIHWRHFLPAPSN, 0.34
460E4I6, HVTYPKQQPYPPQPPQQVIHWRHFLPNPSN, 0.33
460E5I9, HVTVPKQQPYPPQPPQQVIHWRHFLPNPSN, 0.29
460E6I10, HVTVPKQQPYPPQPPQQVITWRHFLPNPSN, 0.23
460E7I11, HVRVPKQQPYPPQPPQQVITWRHFLPNPSN, 0.21
460E8I15, HVRVPKQQPYPPQPPQQVITWNHFLPNPSN, 0.19
460E9I16, HVRVPKQQPYPPQPPQQVITWNHNLPNPSN, 0.18
460E10I46, HVRVPKQQPNPPQPPQQVITWNHNLPNPSN, 0.16
460E11I62, HSRVPKQQPNPPQPPQQVITWNHNLPNPSN, 0.15
460E12I74, HSRVPKQQPNPPQPPQQVITWNVNLPNPSN, 0.12
460E13I92, HSRVLKQQPNPPQPPQQVITWNVNLPNPSN, 0.11
460E14I121, HSRVLKQQPNPPQPPQQVITANVNLPNPSN, 0.1
460E15I153, HSRVLKQQPNPPQPPQQVITANVNLPNQSN, 0.08
