350E0I0, LEERFLAIIPPQQYEPLQYPGSQGEEQPLH, 0.34
350E1I2, LEERFLAIIPPQQYEPLQYPGQQGEEQPLH, 0.33
350E2I6, LEERWLAIIPPQQYEPLQYPGQQGEEQPLH, 0.3
350E3I9, LEERWLAIIPPQQYEPLQNPGQQGEEQPLH, 0.28
350E4I11, LEERWLAIIPPQQYEPLQNPGQQGEEQLLH, 0.25
350E5I12, LEERWLAIIPPQQYEPLQNPDQQGEEQLLH, 0.23
350E6I13, LEERWLAIIPPQQYEPLQNPDQQGEEQLPH, 0.22
350E7I35, LEERWLAIIPHQQYEPLQNPDQQGEEQLPH, 0.21
350E8I37, LEERWLAIIIHQQYEPLQNPDQQGEEQLPH, 0.2
350E9I38, LEERWDAIIIHQQYEPLQNPDQQGEEQLPH, 0.18
350E10I61, LEERWDAIIIHQQYEPLQNPDQQGEEQLYH, 0.16
350E11I69, LEERWDAIIIHQQYNPLQNPDQQGEEQLYH, 0.13
350E12I78, LEERWDAIIIHQLYNPLQNPDQQGEEQLYH, 0.12
350E13I85, LEERWDAIIIHQLYNELQNPDQQGEEQLYH, 0.11
350E14I86, LEERWVAIIIHQLYNELQNPDQQGEEQLYH, 0.09
350E15I92, LEERWVAIIRHQLYNELQNPDQQGEEQLYH, 0.07
350E16I169, LEERWVAIIKHQLYNELQNPDQQGEEQLYH, 0.05
