338E0I0, RIAYPNEVEDSVKDDHIVRDVRKFYPRYES, 0.36
338E1I1, RIAYPNEVEDSVKDDHIVRDVRKFYPHYES, 0.34
338E2I3, RIAYPNEVEDSVKDDHIVRDVRKFYIHYES, 0.33
338E3I5, RIAYPNEVEDSVKDDHQVRDVRKFYIHYES, 0.27
338E4I12, RIAYPNEVEDSAKDDHQVRDVRKFYIHYES, 0.25
338E5I13, RIAYPNEVEDSAKDDHQVRDVDKFYIHYES, 0.22
338E6I14, RIAYPNEVEDSAKDDHQARDVDKFYIHYES, 0.2
338E7I17, RIAYPNEVEDSQKDDHQARDVDKFYIHYES, 0.19
338E8I26, RIAYPNEVEDSQKDDHQARDVDKFYIHYVS, 0.17
338E9I34, RIKYPNEVEDSQKDDHQARDVDKFYIHYVS, 0.15
338E10I35, VIKYPNEVEDSQKDDHQARDVDKFYIHYVS, 0.14
338E11I67, VIKYPNEVEDSQKDDHQARDVDKFYIHYVT, 0.13
338E12I71, VIKYPNEVEDSQKDDHQARDDDKFYIHYVT, 0.12
338E13I76, VIKYPNEVEDSQKDDHQARDDDKFEIHYVT, 0.11
338E14I80, VIKYPNEVEDSQKDDHQARDDDKFEIHYVP, 0.1
338E15I85, VIKYPNEVEDSQKDDHQARDDDKFEIYYVP, 0.09
338E16I99, VIKYPNEVEDSQKDDHQARDDDKFEVYYVP, 0.08
338E17I120, VIKYPNEVEDSQRDDHQARDDDKFEVYYVP, 0.07
338E18I126, GIKYPNEVEDSQRDDHQARDDDKFEVYYVP, 0.05
