271E0I0, THLWQWAVYHVKESDESIAQGLHNAPWQPR, 0.46
271E1I4, THLWQWAVYHVKESDESIAQGLHNAPWQPH, 0.44
271E2I5, THLWQWAVYHVKESDESYAQGLHNAPWQPH, 0.42
271E3I6, THLWQWAVYHVKESDESYAQFLHNAPWQPH, 0.39
271E4I14, THLWQWAVYHEKESDESYAQFLHNAPWQPH, 0.36
271E5I22, THLWQWAVYHEKESDWSYAQFLHNAPWQPH, 0.35
271E6I31, THLWQWLVYHEKESDWSYAQFLHNAPWQPH, 0.34
271E7I35, THLWQWLVYQEKESDWSYAQFLHNAPWQPH, 0.33
271E8I47, THLLQWLVYQEKESDWSYAQFLHNAPWQPH, 0.32
271E9I48, THLLQWLVYREKESDWSYAQFLHNAPWQPH, 0.31
271E10I49, THLLQWLVYREKESDWSYAQFLGNAPWQPH, 0.26
271E11I57, THLLQWLVYREKEWDWSYAQFLGNAPWQPH, 0.23
271E12I60, THLLQWLVYREKEWDWSYAQFLGNAPWQPF, 0.21
271E13I79, THLLQWLVYREKEWDNSYAQFLGNAPWQPF, 0.2
271E14I81, THLLQWLVYREKEWDNSYAQFLGNAPWQPI, 0.19
271E15I95, THLLQWLVYREKEIDNSYAQFLGNAPWQPI, 0.16
271E16I97, WHLLQWLVYREKEIDNSYAQFLGNAPWQPI, 0.13
271E17I116, WHLLQWLVYREKEIDNSYAQFLGNAPWQPL, 0.12
271E18I146, WLLLQWLVYREKEIDNSYAQFLGNAPWQPL, 0.11
271E19I207, WLLLQWLVYREKEIDNSYAQFLRNAPWQPL, 0.1
271E20I257, WLLLQWLVYREFEIDNSYAQFLRNAPWQPL, 0.05
271E21I339, WLLLQWLVYREFEIDNSYAQFLINAPWQPL, 0.03
271E22I343, WLLLWWLVYREFEIDNSYAQFLINAPWQPL, 0.02
271E23I353, WLLLWWLVYREFEIDNSYARFLINAPWQPL, 0.01
