30E0I0, WDHLPPYVFDKGHFKGGTSIIAENHNRSHL, 0.5
30E1I1, WDHLPPYVFDKGHFKGGTHIIAENHNRSHL, 0.48
30E2I2, WDHLPPYVFDKGHFKGGTHYIAENHNRSHL, 0.44
30E3I4, WDHLPPYVFDKGHFKGGTSYIAENHNRSHL, 0.43
30E4I6, WDHLPPYVFDKGHFKGGTSYIAENHNRSHA, 0.38
30E5I8, WDHLPPYVFDKGHFKGGTSYIAENHIRSHA, 0.36
30E6I15, WDHLPPYVFDKGHFKGGTSEIAENHIRSHA, 0.34
30E7I16, WDHLPPYVFDKGHPKGGTSEIAENHIRSHA, 0.33
30E8I17, WDHLPPYVFDKGHPKTGTSEIAENHIRSHA, 0.32
30E9I18, WDHLNPYVFDKGHPKTGTSEIAENHIRSHA, 0.28
30E10I19, WDHLNPYVFDKGHPKTGTSEIAENHIRRHA, 0.27
30E11I23, WDHLNPYVFDKGHPKTGTSEIAENIIRRHA, 0.25
30E12I24, WDHLNPYVKDKGHPKTGTSEIAENIIRRHA, 0.24
30E13I26, QDHLNPYVKDKGHPKTGTSEIAENIIRRHA, 0.22
30E14I32, QDHLNPYVKDKGHPKTGTSEIAENIIRNHA, 0.21
30E15I35, QDHLNPYVKDKGHPKTGTSEGAENIIRNHA, 0.2
30E16I36, QDHLNPYVKDKGHPKTGTSEGAKNIIRNHA, 0.15
30E17I46, QDHLNPYVKDKGHPKTGTSKGAKNIIRNHA, 0.11
30E18I67, QDHLNPYVKDKGHPKTGTSKGAKNIIRNIA, 0.09
30E19I81, QDHLNPYVKDKGHPKTGTSKGAKNIIREIA, 0.08
30E20I99, TDHLNPYVKDKGHPKTGTSKGAKNIIREIA, 0.06
30E21I161, TDHLNPYVKDKGHPKTGTSKGAKNILREIA, 0.05
30E22I168, TDHLNPYVKDKGHPKTGTSKVAKNILREIA, 0.04
30E23I238, TDHLNPYVKDKGHPKTGTSKSAKNILREIA, 0.03
