156E0I0, ITEKRKFFGVADTQPELKANWSPNHSGEDI, 0.42
156E1I1, ITEKRKFFGVYDTQPELKANWSPNHSGEDI, 0.34
156E2I2, ITEKRKFFGVYDRQPELKANWSPNHSGEDI, 0.29
156E3I5, ITEKRKFFGVYDRQPELKANWFPNHSGEDI, 0.26
156E4I7, ITEKRKFFGVYDRQPELKANWFPNQSGEDI, 0.23
156E5I11, ITEKRKFFGVYDRQPELKANWFENQSGEDI, 0.2
156E6I14, ITEKRKFFGVYDRQPELKANWFENQSHEDI, 0.18
156E7I15, ITEKRKFFGVYDRQPELKANWFEDQSHEDI, 0.17
156E8I23, ITEKRKFFGVYDNQPELKANWFEDQSHEDI, 0.15
156E9I27, ITEKRKFFGVYDNQPELKANWFEQQSHEDI, 0.13
156E10I30, ITEKRKFFGVYDNQPELKARWFEQQSHEDI, 0.12
156E11I36, ITEKRKFSGVYDNQPELKARWFEQQSHEDI, 0.1
156E12I48, ITEKRKFEGVYDNQPELKARWFEQQSHEDI, 0.06
156E13I49, ITEKRKFEGVYDNQPVLKARWFEQQSHEDI, 0.03
156E14I58, ITEKRKFEGVYDNQPVLKARWFEQQSHEDY, 0.02
156E15I145, ITEKRKFEKVYDNQPVLKARWFEQQSHEDY, 0.01
