79E0I0, ELANWLARIVLLLQGWHFLIQQWVRNVPWE, 0.35
79E1I1, ELANWLARIVLLLQGWHFLIQQWVRNVPWP, 0.34
79E2I5, EQANWLARIVLLLQGWHFLIQQWVRNVPWP, 0.28
79E3I6, EQANWLARIVLLLQGWHFIIQQWVRNVPWP, 0.26
79E4I8, EQANWLARIVLLLQPWHFIIQQWVRNVPWP, 0.21
79E5I10, EQANWLARIVLLLQPWHFIIQQWVFNVPWP, 0.18
79E6I13, EQANWLARIKLLLQPWHFIIQQWVFNVPWP, 0.17
79E7I14, EQANWLSRIKLLLQPWHFIIQQWVFNVPWP, 0.16
79E8I17, EQANWLSRIKLLLQPWHFIFQQWVFNVPWP, 0.14
79E9I28, EQANVLSRIKLLLQPWHFIFQQWVFNVPWP, 0.13
79E10I31, EQAKVLSRIKLLLQPWHFIFQQWVFNVPWP, 0.12
79E11I44, EQAKVLSRIKLLLQPWHFIFQQWVFNVPQP, 0.1
79E12I53, EQAKVLSRIKILLQPWHFIFQQWVFNVPQP, 0.08
79E13I54, EQAKVLSRIKILLQPKHFIFQQWVFNVPQP, 0.07
79E14I65, EQAKVLSRIKQLLQPKHFIFQQWVFNVPQP, 0.06
79E15I83, EQAKVLSRIKQLLQPKHFIFQQWVFNVQQP, 0.05
79E16I118, EQAKVLSRIKQLDQPKHFIFQQWVFNVQQP, 0.04
79E17I196, EQAKVLSRIKQLDQPKHFIFQQWVFNVLQP, 0.03
79E18I200, EQAKVLSRIKQLDQPKHFIQQQWVFNVLQP, 0.02
