161E0I0, AHGREPIHPHNASNGTAVKVVWSNLVIPAS, 0.42
161E1I1, AHRREPIHPHNASNGTAVKVVWSNLVIPAS, 0.4
161E2I6, AHRRQPIHPHNASNGTAVKVVWSNLVIPAS, 0.35
161E3I14, AHRRQPIHPHDASNGTAVKVVWSNLVIPAS, 0.3
161E4I21, AHRRQPIHPHDASNGTEVKVVWSNLVIPAS, 0.24
161E5I27, AHRRQPIHPHDASNGTEVKVVWSNLVIVAS, 0.19
161E6I48, YHRRQPIHPHDASNGTEVKVVWSNLVIVAS, 0.18
161E7I58, YHRRQPIHPDDASNGTEVKVVWSNLVIVAS, 0.15
161E8I59, YHRRQPIHPDDASNGTEVKVVLSNLVIVAS, 0.11
161E9I63, KHRRQPIHPDDASNGTEVKVVLSNLVIVAS, 0.1
161E10I71, KHRRQPIHPDDASNGTEVKVVLSNLVIVLS, 0.09
