87E0I0, EKLEDQKPGDINDFRKGQAKWGPYAIAVSQ, 0.29
87E1I9, EKLEDQKPGDINDFRKGQAKWGPYAIAVYQ, 0.26
87E2I17, EKNEDQKPGDINDFRKGQAKWGPYAIAVYQ, 0.23
87E3I22, EKNEDQKPGDINDFRPGQAKWGPYAIAVYQ, 0.2
87E4I37, EKNEDQKPGDINDFRPGQAKWGPYAIAVRQ, 0.19
87E5I38, EKNEDQKPGDINGFRPGQAKWGPYAIAVRQ, 0.18
87E6I41, EKNEDQKPGDINGFRPGQAKWGPAAIAVRQ, 0.17
87E7I44, EKNEDQKPGDINYFRPGQAKWGPAAIAVRQ, 0.16
87E8I46, EKNEDQKPGDINYFRPGQAKWGPAAIYVRQ, 0.15
87E9I52, EKNEDQKPWDINYFRPGQAKWGPAAIYVRQ, 0.14
87E10I75, EKNEDQKPWDINYFRPGQAKWGPARIYVRQ, 0.13
87E11I85, EKNEDQKPWDINYFRPGQAKWNPARIYVRQ, 0.12
87E12I88, EKNEDQKKWDINYFRPGQAKWNPARIYVRQ, 0.1
87E13I93, EKNEDQKKWDINYFRPGQAKWNPARIYVRP, 0.09
87E14I100, EKNEDQKKWDINYFRPGQAKWNPARIYVRD, 0.07
87E15I147, EKNEDQKKWDINYFRPGQAKYNPARIYVRD, 0.06
