461E0I0, TQDASKRSQNPLGNSTKNSYGAIKSSNPAR, 0.39
461E1I1, TQDASKRSQNPLGNATKNSYGAIKSSNPAR, 0.36
461E2I2, TQDASKRLQNPLGNATKNSYGAIKSSNPAR, 0.35
461E3I3, TQDASKRLQNKLGNATKNSYGAIKSSNPAR, 0.34
461E4I5, TQDASKRLQNKVGNATKNSYGAIKSSNPAR, 0.28
461E5I10, TQDASKRLQNKVGNATKNSYGAIKHSNPAR, 0.25
461E6I18, TQDASKRLQNKVGNATKNSYGAPKHSNPAR, 0.24
461E7I23, TYDASKRLQNKVGNATKNSYGAPKHSNPAR, 0.23
461E8I41, TYDASKRLQNKVGNATKNSYGTPKHSNPAR, 0.22
461E9I52, TYDASKRSQNKVGNATKNSYGTPKHSNPAR, 0.21
461E10I53, TYDASKRSQNKVGNATKNSYGTPKGSNPAR, 0.19
461E11I62, TYDASKRSQNKVGNATKNLYGTPKGSNPAR, 0.17
461E12I77, TYDASKRSQNKVGNATKNLYGTPKGSNEAR, 0.15
461E13I81, TYDASKRSQAKVGNATKNLYGTPKGSNEAR, 0.14
461E14I98, TYDASKRSFAKVGNATKNLYGTPKGSNEAR, 0.12
461E15I102, TYDASKRSHAKVGNATKNLYGTPKGSNEAR, 0.11
461E16I147, TYDASKRSHAKVGNATKNLKGTPKGSNEAR, 0.09
461E17I153, TYDASKRSHAKVGNATKNLKGTPKGYNEAR, 0.08
461E18I189, TYDASKRSHAKVGNATKNLKGTPKGLNEAR, 0.07
461E19I206, TYDASKRSHAKVGNATKNLKITPKGLNEAR, 0.06
461E20I246, TYDASKHSHAKVGNATKNLKITPKGLNEAR, 0.04
