294E0I0, KQGLIHRHKRGGNADDEIIGVEYDGSNDAG, 0.27
294E1I4, KQGLIHRHKRGGNADDEIIGVEIDGSNDAG, 0.25
294E2I13, KQGLIHKHKRGGNADDEIIGVEIDGSNDAG, 0.23
294E3I15, KQGLIHKHKRGGNADDDIIGVEIDGSNDAG, 0.21
294E4I20, KQGLIHKHKRGGNATDDIIGVEIDGSNDAG, 0.19
294E5I21, KQGLIHKHKRGGNATDDIPGVEIDGSNDAG, 0.17
294E6I27, KQGLIHKHKRGGNATDDIPGVEVDGSNDAG, 0.16
294E7I32, KQGLIHKHKRGGNATDNIPGVEVDGSNDAG, 0.15
294E8I34, KQGLIHKHKRGGNATDNIPGVTVDGSNDAG, 0.14
294E9I70, KQGLIHKHKRGGNATDNIPGVTVDGSLDAG, 0.13
294E10I77, KQGLIHKHKRGGNATKNIPGVTVDGSLDAG, 0.12
294E11I107, KQGLIHKHKRGGNATKNIPGVVVDGSLDAG, 0.11
294E12I123, KSGLIHKHKRGGNATKNIPGVVVDGSLDAG, 0.1
294E13I155, KSGLIHKHKRGGNATKNIPGVVVDGSLDAW, 0.09
294E14I175, KSGLIHKHKRGGNATKNIPGVVVDGNLDAW, 0.08
294E15I192, KSGLIRKHKRGGNATKNIPGVVVDGNLDAW, 0.07
294E16I204, KSGLIRKHKRGGNATKNIPGYVVDGNLDAW, 0.06
294E17I249, KSGLERKHKRGGNATKNIPGYVVDGNLDAW, 0.05
