168E0I0, HHAWKRTQPDIKLRTYIVGSHQNSIQPRDA, 0.2
168E1I7, HHAWKRFQPDIKLRTYIVGSHQNSIQPRDA, 0.19
168E2I20, HHAWKRFQPDIKLRTYIVGSHQNAIQPRDA, 0.16
168E3I23, HHAAKRFQPDIKLRTYIVGSHQNAIQPRDA, 0.14
168E4I34, HHAAKRVQPDIKLRTYIVGSHQNAIQPRDA, 0.13
168E5I58, HHAAKRVQPDIKLRTYIDGSHQNAIQPRDA, 0.1
168E6I77, HHAAKRVQPDIKLRTYTDGSHQNAIQPRDA, 0.09
168E7I160, HHAAKRVQPDIKLRTYTDTSHQNAIQPRDA, 0.08
168E8I199, HHAAKRVQPDIKLRTYTDTSHQNAIQPRDT, 0.07
168E9I255, HHAAKRVQPDIKLRTYTDTSHQNAIQPRDW, 0.06
168E10I271, HHAAKRVQPDIKLRTYTDTSHKNAIQPRDW, 0.04
