314E0I0, GHTWSQHQREPFKSFRFKYVVADWDRAVKK, 0.49
314E1I2, GHTWSQHQREPFNSFRFKYVVADWDRAVKK, 0.39
314E2I3, GTTWSQHQREPFNSFRFKYVVADWDRAVKK, 0.34
314E3I4, GTTWSQKQREPFNSFRFKYVVADWDRAVKK, 0.32
314E4I5, GTTWSQKQREPFNSFRFKYVVADWGRAVKK, 0.29
314E5I14, GTTWSQKQREPFNSFRIKYVVADWGRAVKK, 0.26
314E6I16, GTTWSQKFREPFNSFRIKYVVADWGRAVKK, 0.25
314E7I18, GTTLSQKFREPFNSFRIKYVVADWGRAVKK, 0.21
314E8I20, GTTLSQKFREPFNSFRIKYVVADIGRAVKK, 0.2
314E9I24, GKTLSQKFREPFNSFRIKYVVADIGRAVKK, 0.18
314E10I25, GKTLSQKFREPFNSFRIKYVVAGIGRAVKK, 0.14
314E11I32, GKTLSQKFREPFNSFRIKYVVAGIERAVKK, 0.13
314E12I54, GKTLSQKYREPFNSFRIKYVVAGIERAVKK, 0.11
314E13I90, GKTLSQKYREQFNSFRIKYVVAGIERAVKK, 0.1
314E14I105, GKTLSQKYREQFNSFRIKYVVAGIERDVKK, 0.09
314E15I180, GKTLSQKYREQFNSKRIKYVVAGIERDVKK, 0.08
314E16I201, GKTLSQKYREQFNSKRIKSVVAGIERDVKK, 0.07
