435E0I0, ATPPQLLFERGWLRWRPQYENVITASVNDP, 0.33
435E1I1, ATPPQLLFEVGWLRWRPQYENVITASVNDP, 0.29
435E2I2, ASPPQLLFEVGWLRWRPQYENVITASVNDP, 0.25
435E3I6, ASPPQLLFEVGWLRWRPQKENVITASVNDP, 0.23
435E4I12, ASPPQLLFEVGWLRWRPQKENVITASVNDG, 0.21
435E5I14, ASPPQLLFEVGWLRWRPQKENAITASVNDG, 0.18
435E6I19, ASPPQLLFEVGWLEWRPQKENAITASVNDG, 0.17
435E7I34, ASPPQLLFEVGWLEWQPQKENAITASVNDG, 0.15
435E8I35, ASPPQLLFEVGWLEWQPQKENRITASVNDG, 0.14
435E9I39, ASPPQQLFEVGWLEWQPQKENRITASVNDG, 0.13
435E10I42, ASPPQQLFEVGWLEWQPQKENNITASVNDG, 0.12
435E11I47, ASPPQQLFEVGGLEWQPQKENNITASVNDG, 0.11
435E12I73, ASPPQQLFEPGGLEWQPQKENNITASVNDG, 0.1
435E13I79, ASPPEQLFEPGGLEWQPQKENNITASVNDG, 0.09
435E14I87, ASPPEQLFEPRGLEWQPQKENNITASVNDG, 0.08
435E15I127, AQPPEQLFEPRGLEWQPQKENNITASVNDG, 0.07
435E16I142, AQPPEQLFEPRGLEWQPQKENNITTSVNDG, 0.06
435E17I147, AQPPEQLFQPRGLEWQPQKENNITTSVNDG, 0.05
435E18I164, AQPPEQLFQPRGLEWQPQKEYNITTSVNDG, 0.04
