499E0I0, IRENEKNQAKDWIPHWQPVAKHAKHWDLHP, 0.5
499E1I1, IRENEKNNAKDWIPHWQPVAKHAKHWDLHP, 0.47
499E2I2, IRENEWNNAKDWIPHWQPVAKHAKHWDLHP, 0.44
499E3I3, IRENEWNNEKDWIPHWQPVAKHAKHWDLHP, 0.4
499E4I4, IRENEWNNEKDWIPHWQPVAKHAKHHDLHP, 0.35
499E5I8, IRENEWNNEKDWIPHWQPVAKHAKHHDLHQ, 0.33
499E6I10, IRENEWNNEKDWIPHWQPVAKDAKHHDLHQ, 0.28
499E7I12, IRENEWNNEKDWIPHWQPVAKDAKHHDLRQ, 0.25
499E8I14, IRENEWNNEKDWIPHWQPVAKDVKHHDLRQ, 0.23
499E9I21, IRENEWNNEKDWIPHNQPVAKDVKHHDLRQ, 0.17
499E10I32, IRENEWNNEKDWIPHNQPVAKDVKHHELRQ, 0.13
499E11I49, IRENEWNNEKDWIPHNQPVAKDVKHHELRS, 0.12
499E12I69, IRENEWNNEKDWIPHNQPVAKDEKHHELRS, 0.11
499E13I79, ITENEWNNEKDWIPHNQPVAKDEKHHELRS, 0.1
499E14I95, ITENEWNNEKDWIPHNQPVAKDEKHEELRS, 0.09
499E15I150, ITENEWNNEKDWIPHNQPVAKFEKHEELRS, 0.06
499E16I207, ITENEWNNEKDWVPHNQPVAKFEKHEELRS, 0.05
499E17I231, ITENEWNNELDWVPHNQPVAKFEKHEELRS, 0.03
