247E0I0, QWHLPNSYNTNGYNHVANNAVKQEAQHGSA, 0.47
247E1I3, QWHLPNSYVTNGYNHVANNAVKQEAQHGSA, 0.4
247E2I6, QWHLPNPYVTNGYNHVANNAVKQEAQHGSA, 0.39
247E3I10, QWHLPNPYVTNGYNHVANNAVKQEEQHGSA, 0.37
247E4I13, QWHLPNPYVTNGYNHVANNAVKQEEQHGDA, 0.36
247E5I14, QWHLPNPYVTNGPNHVANNAVKQEEQHGDA, 0.35
247E6I16, QWHLPNPYVTNGPNHVANNAVKQEEQGGDA, 0.31
247E7I23, QWHLPNPYVTNGPNHVANNAVKQEEQGNDA, 0.3
247E8I24, QWHLPNPYVTNGPKHVANNAVKQEEQGNDA, 0.28
247E9I28, QWHLPNPYVTNGPKHVDNNAVKQEEQGNDA, 0.27
247E10I30, QWHLPSPYVTNGPKHVDNNAVKQEEQGNDA, 0.26
247E11I31, QWHLPSPYVTNGPKHVDNNAKKQEEQGNDA, 0.23
247E12I36, QWSLPSPYVTNGPKHVDNNAKKQEEQGNDA, 0.22
247E13I43, QWSLPSPYVTNGPKHVDNNAKKQEEQGLDA, 0.2
247E14I45, QWSLPSPYVTNGPKHVDNNAKKQNEQGLDA, 0.19
247E15I50, QWSLPSPGVTNGPKHVDNNAKKQNEQGLDA, 0.18
247E16I51, QWSLPSNGVTNGPKHVDNNAKKQNEQGLDA, 0.15
247E17I54, QWSLPSNGVTNGPKHQDNNAKKQNEQGLDA, 0.11
247E18I64, QWSLPSNGVTNGPKHQDQNAKKQNEQGLDA, 0.09
247E19I65, QWSLPSNGVTNIPKHQDQNAKKQNEQGLDA, 0.08
247E20I67, QWSLPSNGVSNIPKHQDQNAKKQNEQGLDA, 0.07
247E21I79, DWSLPSNGVSNIPKHQDQNAKKQNEQGLDA, 0.05
