183E0I0, KHWLWAARTAIQYEIRLFPELTFSWILDSL, 0.45
183E1I2, KHWLWAARTAIQGEIRLFPELTFSWILDSL, 0.44
183E2I4, KHWLWAARTAIQGEIRLFPELTFSWILTSL, 0.43
183E3I6, KHWLWAARTAIQGEIRLFPELTFLWILTSL, 0.42
183E4I9, KHWLDAARTAIQGEIRLFPELTFLWILTSL, 0.32
183E5I16, KHWLDAARTAIQGEVRLFPELTFLWILTSL, 0.31
183E6I17, KHWLDAARTAIQGEVRLFRELTFLWILTSL, 0.26
183E7I19, KHWLDAARTAIQGEVRLFRELTFLWIETSL, 0.24
183E8I21, KHWLDAARTAIQGEVRLFREDTFLWIETSL, 0.23
183E9I22, KHWLDAARTKIQGEVRLFREDTFLWIETSL, 0.2
183E10I24, KHWLDDARTKIQGEVRLFREDTFLWIETSL, 0.19
183E11I37, KHWLDDARTKIQGEVRLFREDTNLWIETSL, 0.1
183E12I44, KHDLDDARTKIQGEVRLFREDTNLWIETSL, 0.09
183E13I90, KHDLDDARTKIQGEVRLFREDTNLWIEQSL, 0.08
183E14I94, KHDLDDARTKIQGEVRLFREDTNLTIEQSL, 0.06
