326E0I0, YNEWAIADNSLTNHVIFFLFKLAYLVLKQD, 0.43
326E1I1, YNEWKIADNSLTNHVIFFLFKLAYLVLKQD, 0.37
326E2I8, YNEIKIADNSLTNHVIFFLFKLAYLVLKQD, 0.35
326E3I16, YNEIKIADNSLTNHVIFFLFKLRYLVLKQD, 0.32
326E4I24, YNEIKIADNSLTNHVIFFLFKLRTLVLKQD, 0.28
326E5I25, YNEIKIADNSLTNHVIFFLFKLRTSVLKQD, 0.27
326E6I40, YNEIKIADNSLTNHVIEFLFKLRTSVLKQD, 0.26
326E7I41, YNEIKIADNSLTNHVIELLFKLRTSVLKQD, 0.21
326E8I55, YNEIKIADNKLTNHVIELLFKLRTSVLKQD, 0.18
326E9I56, YNEIKIFDNKLTNHVIELLFKLRTSVLKQD, 0.16
326E10I58, YNEIKIFDNKLTNQVIELLFKLRTSVLKQD, 0.15
326E11I80, YNEIKIFRNKLTNQVIELLFKLRTSVLKQD, 0.13
326E12I81, YNEIKIFRNKLDNQVIELLFKLRTSVLKQD, 0.12
326E13I82, YNEIKIFRNKLDNQVIELLFILRTSVLKQD, 0.11
326E14I92, YNEIKIFRNKLDNQVIEQLFILRTSVLKQD, 0.09
326E15I105, YNEIKIFRNKLDNQVIEQLFIYRTSVLKQD, 0.08
326E16I117, YNEIKIFRNKLDNYVIEQLFIYRTSVLKQD, 0.07
326E17I127, YNEIKIFRNDLDNYVIEQLFIYRTSVLKQD, 0.06
326E18I180, YNEIKIFRPDLDNYVIEQLFIYRTSVLKQD, 0.05
326E19I182, YNEIKIFRPYLDNYVIEQLFIYRTSVLKQD, 0.04
