276E0I0, RFKTQGHIPWHIVFNQVWDKYIHYSPYNVL, 0.58
276E1I2, RFKTQGIIPWHIVFNQVWDKYIHYSPYNVL, 0.44
276E2I5, DFKTQGIIPWHIVFNQVWDKYIHYSPYNVL, 0.43
276E3I7, DFKTQGIIPWHIVFNQVWDKYIHYSPYTVL, 0.39
276E4I13, DFKTQGIIPWHIVFNQVWDKYIHYHPYTVL, 0.36
276E5I14, DFKTQGIIPWHIVFNQRWDKYIHYHPYTVL, 0.33
276E6I15, DTKTQGIIPWHIVFNQRWDKYIHYHPYTVL, 0.32
276E7I20, DTKTQGIIPWHIVFNQRQDKYIHYHPYTVL, 0.29
276E8I26, DTKTQGINPWHIVFNQRQDKYIHYHPYTVL, 0.26
276E9I29, DTKTQGINPWHIVLNQRQDKYIHYHPYTVL, 0.25
276E10I30, DTKTQGINPWHIFLNQRQDKYIHYHPYTVL, 0.23
276E11I35, DTKTQGINPWYIFLNQRQDKYIHYHPYTVL, 0.2
276E12I47, DTKTQGINPWYIFLNQRQDKYIHYRPYTVL, 0.18
276E13I54, DTKTQGINPWYIFLNQRQDKYIAYRPYTVL, 0.17
276E14I104, DTKTQGINPWYIFLNQRQDKYIAQRPYTVL, 0.15
276E15I107, DTKTRGINPWYIFLNQRQDKYIAQRPYTVL, 0.13
276E16I109, DTKTRGINPWYIFLNQRQDKYIAPRPYTVL, 0.12
276E17I161, DTKTRGINPWYIFLNQTQDKYIAPRPYTVL, 0.1
276E18I177, DTKTRGINPFYIFLNQTQDKYIAPRPYTVL, 0.09
276E19I223, DTKTRGINPFYIFLNQTQYKYIAPRPYTVL, 0.08
276E20I250, DTKTRGINPFYIFLNQTQPKYIAPRPYTVL, 0.07
276E21I338, DTKRRGINPFYIFLNQTQPKYIAPRPYTVL, 0.06
276E22I376, DTKRRGINPFYIFLNQEQPKYIAPRPYTVL, 0.05
276E23I431, DTKRRGINPFYIFLNQEQPKYIAPFPYTVL, 0.04
