96E0I0, PQHVFAEYEQRRSYQSAFFRGTTGHKGHEW, 0.41
96E1I2, PQHVFAEYEQRRSYQSAFFRGTTGHKNHEW, 0.36
96E2I3, PQHVFFEYEQRRSYQSAFFRGTTGHKNHEW, 0.22
96E3I13, PQHVFFEYEQRRSYQSAFFRGTTGYKNHEW, 0.2
96E4I16, PQHVFFEYEQRRSYQIAFFRGTTGYKNHEW, 0.18
96E5I25, PQHFFFEYEQRRSYQIAFFRGTTGYKNHEW, 0.17
96E6I34, PQHFFFEFEQRRSYQIAFFRGTTGYKNHEW, 0.16
96E7I41, PQHFFFEFEQRSSYQIAFFRGTTGYKNHEW, 0.15
96E8I44, PQSFFFEFEQRSSYQIAFFRGTTGYKNHEW, 0.13
96E9I51, PQSFFNEFEQRSSYQIAFFRGTTGYKNHEW, 0.1
96E10I74, PQSFFNEFEQRSDYQIAFFRGTTGYKNHEW, 0.09
96E11I86, PQSFFNEFEQRSDTQIAFFRGTTGYKNHEW, 0.08
96E12I128, PQSFFNEFEQRSDTRIAFFRGTTGYKNHEW, 0.07
