383E0I0, TEEVRTYFEIKPLIYDHITEYQADQFHYNK, 0.37
383E1I4, TEEVRTYFEIKPQIYDHITEYQADQFHYNK, 0.33
383E2I5, TEEVRTYFEIKPQIYDHITDYQADQFHYNK, 0.28
383E3I8, TEEVRTYFEKKPQIYDHITDYQADQFHYNK, 0.24
383E4I19, TESVRTYFEKKPQIYDHITDYQADQFHYNK, 0.23
383E5I20, TESVRTYFEKKPQIYDHITDYQADQFSYNK, 0.22
383E6I21, TESVRTYFEKKPQIYDHITDYQADQGSYNK, 0.19
383E7I22, TESVRTRFEKKPQIYDHITDYQADQGSYNK, 0.16
383E8I25, TESVRTRFEKKPQIYDHITDYQTDQGSYNK, 0.14
383E9I34, TESVRTRFEKKPQIYDHITDYQTEQGSYNK, 0.11
383E10I37, TSSVRTRFEKKPQIYDHITDYQTEQGSYNK, 0.1
383E11I40, TSSSRTRFEKKPQIYDHITDYQTEQGSYNK, 0.07
383E12I56, TSSSRTRFEKQPQIYDHITDYQTEQGSYNK, 0.06
383E13I61, TSSSRTRFEKQPQIYDHITDYQTEQQSYNK, 0.05
383E14I81, TSSSRTRFEKQPQIYDHITDYQREQQSYNK, 0.04
383E15I92, TSFSRTRFEKQPQIYDHITDYQREQQSYNK, 0.03
