467E0I0, DPDEGILGRDSTGHDAFKRADVQPYGDHSK, 0.38
467E1I1, DPDEGILGRDSTGHDAFKRADVQPYGDHST, 0.37
467E2I3, DPDEGILGRDSTGKDAFKRADVQPYGDHST, 0.36
467E3I7, DPDEGLLGRDSTGKDAFKRADVQPYGDHST, 0.34
467E4I8, DPDEGLLGRDWTGKDAFKRADVQPYGDHST, 0.32
467E5I11, DPDEGLLGRDWTGKDAFKRADVQPYGDEST, 0.29
467E6I20, DPDEGLLGRDWTGKDAFKRTDVQPYGDEST, 0.25
467E7I21, DPDEGLLGRDWTLKDAFKRTDVQPYGDEST, 0.22
467E8I28, DPDHGLLGRDWTLKDAFKRTDVQPYGDEST, 0.21
467E9I41, DPDHGLLGRDWTLKDAFKRTDVQPYGDHST, 0.2
467E10I42, DPDHGQLGRDWTLKDAFKRTDVQPYGDHST, 0.19
467E11I45, DPDHGYLGRDWTLKDAFKRTDVQPYGDHST, 0.16
467E12I51, DPDWGYLGRDWTLKDAFKRTDVQPYGDHST, 0.14
467E13I64, DPDWGYLGRDWTLKDAFKRTDEQPYGDHST, 0.13
467E14I72, DPDWGYLGRDWTLKDAFKRTDEQPYYDHST, 0.11
467E15I75, DDDWGYLGRDWTLKDAFKRTDEQPYYDHST, 0.1
467E16I81, DDDWGYLGRDWTLKDAIKRTDEQPYYDHST, 0.08
467E17I118, DDDWGYLGYDWTLKDAIKRTDEQPYYDHST, 0.07
467E18I175, DDDWGYLGYDWTLKDAIKRTDEQPYYDHSA, 0.06
467E19I198, DDDWGYLGYDWTLKDAIARTDEQPYYDHSA, 0.03
467E20I217, DDDWIYLGYDWTLKDAIARTDEQPYYDHSA, 0.02
