388E0I0, LNHISPPERFGSKQYPYILSVYPTGYSPSG, 0.45
388E1I2, LNHISPPERFGSKKYPYILSVYPTGYSPSG, 0.4
388E2I3, LNHISPPERFGSKKYPYILKVYPTGYSPSG, 0.39
388E3I5, LNHISPPHRFGSKKYPYILKVYPTGYSPSG, 0.36
388E4I8, LNHISPPHRFGSKKYPYIEKVYPTGYSPSG, 0.35
388E5I9, LNHISPPHRFGSKKYPYIEKVYPTGYSASG, 0.32
388E6I13, LNHISPPHRFGSKKYPYIGKVYPTGYSASG, 0.31
388E7I15, LNPISPPHRFGSKKYPYIGKVYPTGYSASG, 0.3
388E8I16, LNPISPPHRFGLKKYPYIGKVYPTGYSASG, 0.29
388E9I17, LNPISPPHRFGLKKYPYQGKVYPTGYSASG, 0.25
388E10I21, LNQISPPHRFGLKKYPYQGKVYPTGYSASG, 0.24
388E11I25, LNQISPPHRFGLDKYPYQGKVYPTGYSASG, 0.22
388E12I42, LNQFSPPHRFGLDKYPYQGKVYPTGYSASG, 0.21
388E13I51, LNQFSPPHRFGLDKYPYQGKVYPWGYSASG, 0.2
388E14I52, LNQFSIPHRFGLDKYPYQGKVYPWGYSASG, 0.18
388E15I64, LNQFYIPHRFGLDKYPYQGKVYPWGYSASG, 0.17
388E16I73, LNQFYIPWRFGLDKYPYQGKVYPWGYSASG, 0.16
388E17I77, LNQFYIKWRFGLDKYPYQGKVYPWGYSASG, 0.15
388E18I83, LNQFYIKWRFGLDKQPYQGKVYPWGYSASG, 0.14
388E19I98, LNQFYIKWRFGLDKQPTQGKVYPWGYSASG, 0.13
388E20I127, LNQFYIKWRQGLDKQPTQGKVYPWGYSASG, 0.11
388E21I130, LNQFYIKWRQGLDKQPTQGKVYPWHYSASG, 0.1
388E22I159, LNQFYIKWTQGLDKQPTQGKVYPWHYSASG, 0.09
388E23I197, LNQFYIDWTQGLDKQPTQGKVYPWHYSASG, 0.08
388E24I202, LNQFYIDWTQGLDKQPFQGKVYPWHYSASG, 0.06
388E25I237, LNQFYIDWTQGLDKQPFQGKVYPWHYSKSG, 0.05
388E26I284, LNQFYIGWTQGLDKQPFQGKVYPWHYSKSG, 0.04
388E27I346, LNQFNIGWTQGLDKQPFQGKVYPWHYSKSG, 0.03
