474E0I0, VDGHFHPWPRNTYEFDKDDGNKNDEAEEAL, 0.35
474E1I4, VDGHFHPLPRNTYEFDKDDGNKNDEAEEAL, 0.33
474E2I8, VDGHFFPLPRNTYEFDKDDGNKNDEAEEAL, 0.28
474E3I19, VDGHFFPLPRNEYEFDKDDGNKNDEAEEAL, 0.27
474E4I22, VDGHFFPLPRNEYHFDKDDGNKNDEAEEAL, 0.26
474E5I23, VDGHFFPLPRNEYHFDKDDWNKNDEAEEAL, 0.25
474E6I25, VDGEFFPLPRNEYHFDKDDWNKNDEAEEAL, 0.22
474E7I33, VDGEFFPLPRNEYHFDKDDWNKNDEKEEAL, 0.21
474E8I48, VDGEFFPLPRNEYHFDKDDWSKNDEKEEAL, 0.18
474E9I51, VDGEFFPLGRNEYHFDKDDWSKNDEKEEAL, 0.14
474E10I54, VDGEFFPLGRNEYHFDKDDWSKNTEKEEAL, 0.13
474E11I64, VDFEFFPLGRNEYHFDKDDWSKNTEKEEAL, 0.12
474E12I115, VDFEFFVLGRNEYHFDKDDWSKNTEKEEAL, 0.1
474E13I125, VDFEFFVLGRNEYHFDKDDWSKNTDKEEAL, 0.09
474E14I154, VDFEFFVLGRNEYHFDKDDNSKNTDKEEAL, 0.08
474E15I185, VDFEFFVLGRNEYHFDKDDNSKNYDKEEAL, 0.07
474E16I192, VDFEKFVLGRNEYHFDKDDNSKNYDKEEAL, 0.06
474E17I193, VDFEKFVLGRNYYHFDKDDNSKNYDKEEAL, 0.05
474E18I209, VDFEKFVLQRNYYHFDKDDNSKNYDKEEAL, 0.04
474E19I274, VDFEKFVLQRNYYHFDLDDNSKNYDKEEAL, 0.03
474E20I368, IDFEKFVLQRNYYHFDLDDNSKNYDKEEAL, 0.02
474E21I435, IDFEKFVLQRNYYHYDLDDNSKNYDKEEAL, 0.01
