360E0I0, QTRYKKEYFRIPAYWPVPIRPQYTDKWREW, 0.36
360E1I3, QTRYKTEYFRIPAYWPVPIRPQYTDKWREW, 0.35
360E2I6, QTRYKTEYFRIPAYSPVPIRPQYTDKWREW, 0.29
360E3I7, QTRYKTEYFRIPAYSPVFIRPQYTDKWREW, 0.25
360E4I9, QTRYKTSYFRIPAYSPVFIRPQYTDKWREW, 0.24
360E5I11, QTRVKTSYFRIPAYSPVFIRPQYTDKWREW, 0.2
360E6I25, QTRVKTSYFTIPAYSPVFIRPQYTDKWREW, 0.18
360E7I27, QTRVKTSYETIPAYSPVFIRPQYTDKWREW, 0.17
360E8I32, QTRVKTSYETIPAYKPVFIRPQYTDKWREW, 0.16
360E9I36, QTPVKTSYETIPAYKPVFIRPQYTDKWREW, 0.15
360E10I49, QTPVKTSYETIPAYKPVFIRPIYTDKWREW, 0.14
360E11I56, QTPVKTSYETIPAYKPVFIRPIYTDKWRET, 0.13
360E12I57, QTPVKTSYETIPASKPVFIRPIYTDKWRET, 0.12
360E13I88, QTPVKTSYETIPASKPVFIRPIYTDKGRET, 0.09
360E14I114, QTPVKTSYETIPASKPVFIRPIYTDKGYET, 0.07
360E15I119, QTPVKTSYETIPESKPVFIRPIYTDKGYET, 0.06
360E16I153, QTPVKTSYETIHESKPVFIRPIYTDKGYET, 0.04
360E17I171, QPPVKTSYETIHESKPVFIRPIYTDKGYET, 0.03
