202E0I0, DITVTENGAWAKLQPIWWLWILDYQQEDIL, 0.37
202E1I1, DITVTENGAWAKLQPIWWLWILDYQQEVIL, 0.34
202E2I2, DITVTPNGAWAKLQPIWWLWILDYQQEVIL, 0.32
202E3I5, DITVTPNGAWDKLQPIWWLWILDYQQEVIL, 0.28
202E4I16, DITVTPNGAWDKLQPIDWLWILDYQQEVIL, 0.23
202E5I19, DITVTPNGAWDKLQPIDWLWILDYQQEVIV, 0.21
202E6I31, DITVTPNGAWDKLQPIDWLWILDAQQEVIV, 0.2
202E7I43, DITVTPNGAWDKLQPIDWLWILDAQQEVIS, 0.19
202E8I44, DITVTPNGAWDKLQPIDWLWILDAQQEEIS, 0.18
202E9I56, DITVTPNGAWDKLQPIDWNWILDAQQEEIS, 0.16
202E10I59, DITVTPNGEWDKLQPIDWNWILDAQQEEIS, 0.15
202E11I118, DITVTPNGEWWKLQPIDWNWILDAQQEEIS, 0.14
202E12I125, DITVTPNGEWWKLQPIDWNWILDAQFEEIS, 0.13
202E13I139, DITVTPNGQWWKLQPIDWNWILDAQFEEIS, 0.12
202E14I140, DITVTPNGIWWKLQPIDWNWILDAQFEEIS, 0.11
202E15I162, DWTVTPNGIWWKLQPIDWNWILDAQFEEIS, 0.1
202E16I181, DWTVTLNGIWWKLQPIDWNWILDAQFEEIS, 0.06
202E17I236, DWTVTLNGIWWKLQPIDWFWILDAQFEEIS, 0.05
202E18I284, DWTVTLNGIWWKLQPIDWFWILDAQFEENS, 0.04
202E19I329, DWTVTLNGIWWKLQPIDWFWILDAIFEENS, 0.03
