288E0I0, QQHDWSPPSKTETSRNYLHREQTQLRHAKI, 0.24
288E1I5, QQHDWSPPSKTETSRNYQHREQTQLRHAKI, 0.2
288E2I12, QQGDWSPPSKTETSRNYQHREQTQLRHAKI, 0.18
288E3I13, QQGDWSAPSKTETSRNYQHREQTQLRHAKI, 0.15
288E4I32, QQGDWSAPLKTETSRNYQHREQTQLRHAKI, 0.14
288E5I35, QQGDWSAPLKTETSRNYQHREQTQLREAKI, 0.13
288E6I39, QQGDWSQPLKTETSRNYQHREQTQLREAKI, 0.11
288E7I55, QQGDWSQPLKTETSRNYQHREQSQLREAKI, 0.1
288E8I59, QQGDWSQPTKTETSRNYQHREQSQLREAKI, 0.09
288E9I91, QQGDWSQPTKTETSRNYQAREQSQLREAKI, 0.07
288E10I107, QQPDWSQPTKTETSRNYQAREQSQLREAKI, 0.05
288E11I108, QQPDWSQPTKTETSRPYQAREQSQLREAKI, 0.04
288E12I110, QQPDWSQPTKTYTSRPYQAREQSQLREAKI, 0.03
288E13I134, QQPDWSQPTKTYTSRPGQAREQSQLREAKI, 0.02
288E14I166, QQPDWSQPTKTNTSRPGQAREQSQLREAKI, 0.01
