398E0I0, HSTPYHAKSVPPLNEDDRLLGGKHPFDKTA, 0.31
398E1I2, HSTPYHAKSVPPLNLDDRLLGGKHPFDKTA, 0.3
398E2I5, ISTPYHAKSVPPLNLDDRLLGGKHPFDKTA, 0.28
398E3I6, ISTPYHAKSVPNLNLDDRLLGGKHPFDKTA, 0.23
398E4I10, ISTPYHAKSVPNLNLDDRLLGGKHQFDKTA, 0.21
398E5I12, ISTNYHAKSVPNLNLDDRLLGGKHQFDKTA, 0.2
398E6I16, ISTNYHAKSVPNLNLDDRLLGGKHQFDKTE, 0.17
398E7I21, YSTNYHAKSVPNLNLDDRLLGGKHQFDKTE, 0.16
398E8I28, YSTNYHAKSVKNLNLDDRLLGGKHQFDKTE, 0.09
398E9I65, QSTNYHAKSVKNLNLDDRLLGGKHQFDKTE, 0.08
398E10I84, QSTNYHAKSVKNLNLDDRELGGKHQFDKTE, 0.07
398E11I99, QSTNYHAKSVKNLNLDDRELGGKHQFDKFE, 0.05
398E12I105, QWTNYHAKSVKNLNLDDRELGGKHQFDKFE, 0.04
398E13I116, QWTNYHAKSVKNLNLDDKELGGKHQFDKFE, 0.03
398E14I139, QWTPYHAKSVKNLNLDDKELGGKHQFDKFE, 0.02
