343E0I0, SNVYVHFWFHHWDNWASQLAEFWEVNRWAH, 0.6
343E1I1, SNVYVTFWFHHWDNWASQLAEFWEVNRWAH, 0.59
343E2I4, SNVYVTFWFWHWDNWASQLAEFWEVNRWAH, 0.56
343E3I5, SNVYVTRWFWHWDNWASQLAEFWEVNRWAH, 0.52
343E4I6, SNVYVTRWFWHWDNWASQLAEFWWVNRWAH, 0.5
343E5I10, SNVYVTRWFWHWDNWASQPAEFWWVNRWAH, 0.42
343E6I12, SNVYVTRWFWHWDNWGSQPAEFWWVNRWAH, 0.39
343E7I13, SNVYVTRWFWHWDNWGSEPAEFWWVNRWAH, 0.37
343E8I22, SNVYVTRWFWHWDNWGSEPAEFWWVNEWAH, 0.34
343E9I24, SVVYVTRWFWHWDNWGSEPAEFWWVNEWAH, 0.31
343E10I26, SVVYVTRWFWHWDNWGSEPAEFWWVNEWTH, 0.27
343E11I27, SVVYVTRWFWHWDNWGSEPAEIWWVNEWTH, 0.25
343E12I30, SVVYVTRWFWHWDNWGSEPAEIWWVNEWTK, 0.23
343E13I31, SVVYVTRWFWDWDNWGSEPAEIWWVNEWTK, 0.2
343E14I41, SVVYVTRWFWDWDNWGSEPAEDWWVNEWTK, 0.19
343E15I42, SVVYVTRWQWDWDNWGSEPAEDWWVNEWTK, 0.18
343E16I50, SVVYVTRWQWDWDNWGSEPAEDWWQNEWTK, 0.16
343E17I66, SVVYVTRWQWDWDNWGSEPAEDWWQNEWTQ, 0.15
343E18I89, SVVYVTRWQWDWDNWGSEPARDWWQNEWTQ, 0.14
343E19I98, SVVYVTRWQWDWDNWGSEPARDWWQNEWTV, 0.13
343E20I141, SVVYVTRWQWDWDNAGSEPARDWWQNEWTV, 0.12
343E21I205, SVVYVTRWQWDWDNAGSEPARDWWQNEGTV, 0.11
343E22I213, SVVYVTRWQWDWDNAGSEPERDWWQNEGTV, 0.1
343E23I220, SVVYVTRWQWDWDNAGSEPERDWWQNEGTT, 0.09
343E24I252, SVVYVTRWQWDWSNAGSEPERDWWQNEGTT, 0.08
343E25I280, SVVYVTRWQWDWSNAGSEPEQDWWQNEGTT, 0.05
343E26I344, DVVYVTRWQWDWSNAGSEPEQDWWQNEGTT, 0.04
343E27I382, DVVYVTRWQWDWSNAGSEPEQDWWTNEGTT, 0.02
