51E0I0, HYTYWLPWKWHNHTFRFKPAYFRVALQEKI, 0.56
51E1I1, HYTYWLPWKWHNHTFRFKPAYFRVALQEKP, 0.53
51E2I2, HYTYWLPWKWHNHTFRFKNAYFRVALQEKP, 0.48
51E3I3, HYTYWLPWKWHNHTFRFKNAYFRVALQRKP, 0.47
51E4I5, HYTYWLPWKWHNHTFRFKNNYFRVALQRKP, 0.45
51E5I6, HYTYWLPWKEHNHTFRFKNNYFRVALQRKP, 0.43
51E6I13, HYTYWLPWKEHNHHFRFKNNYFRVALQRKP, 0.39
51E7I15, HYTYWLPWKEHNYHFRFKNNYFRVALQRKP, 0.36
51E8I24, HYTYWLPWKEHNYHFRFKNNYFRVAPQRKP, 0.3
51E9I28, HYTYWLPWKEHNVHFRFKNNYFRVAPQRKP, 0.28
51E10I29, HYTPWLPWKEHNVHFRFKNNYFRVAPQRKP, 0.23
51E11I32, HYTPWLPWKEHEVHFRFKNNYFRVAPQRKP, 0.2
51E12I34, HYTPWLPAKEHEVHFRFKNNYFRVAPQRKP, 0.19
51E13I42, HYTPWLPAKEHEVSFRFKNNYFRVAPQRKP, 0.18
51E14I49, HYTPWLPAKEHEVSFRFKNIYFRVAPQRKP, 0.17
51E15I53, HYTPWLPAKYHEVSFRFKNIYFRVAPQRKP, 0.14
51E16I62, HYTPWLPAKYHEVSFRFKNIYFRVQPQRKP, 0.13
51E17I66, HYRPWLPAKYHEVSFRFKNIYFRVQPQRKP, 0.12
51E18I67, HYRPWLPAKYHEVSFPFKNIYFRVQPQRKP, 0.11
51E19I106, HYRPWLPAKYHEVSAPFKNIYFRVQPQRKP, 0.1
51E20I188, HYRPWLIAKYHEVSAPFKNIYFRVQPQRKP, 0.09
51E21I224, HDRPWLIAKYHEVSAPFKNIYFRVQPQRKP, 0.08
51E22I236, HDRPWLIAKYHEVSAPFKNIYFRNQPQRKP, 0.06
51E23I295, HDRPWLIAKYHEVSAPFKYIYFRNQPQRKP, 0.05
51E24I304, HQRPWLIAKYHEVSAPFKYIYFRNQPQRKP, 0.04
