196E0I0, WIVWDTPIHYIPRHAYYSNYNRPFLYAYRH, 0.58
196E1I2, WIVWWTPIHYIPRHAYYSNYNRPFLYAYRH, 0.56
196E2I4, WIVWWTPIHYIPRHAYYSNKNRPFLYAYRH, 0.5
196E3I5, WIVWWTPIHYIPRHAYDSNKNRPFLYAYRH, 0.46
196E4I8, WIVNWTPIHYIPRHAYDSNKNRPFLYAYRH, 0.45
196E5I9, WIVNWTPIHYIPRHAYDSNKNRPFLYAYGH, 0.44
196E6I10, WIVNWTPIHYITRHAYDSNKNRPFLYAYGH, 0.38
196E7I13, WIVNWTPIHYITRHQYDSNKNRPFLYAYGH, 0.35
196E8I14, WILNWTPIHYITRHQYDSNKNRPFLYAYGH, 0.32
196E9I15, WILNWTPIHYITRHQYDSNKNRPFLYAYGS, 0.26
196E10I19, WALNWTPIHYITRHQYDSNKNRPFLYAYGS, 0.24
196E11I25, WALNWTPIHYITRHQYDSNKNNPFLYAYGS, 0.23
196E12I28, WALNWTPIHYITRHQYDSNKNNPFLYANGS, 0.21
196E13I37, WALNWTPIHYITVHQYDSNKNNPFLYANGS, 0.15
196E14I40, WALNWTPIHYITVHQYDSNKNNPFLYDNGS, 0.14
196E15I110, WALNWTPIHYYTVHQYDSNKNNPFLYDNGS, 0.13
196E16I161, WALNWTPIHYYTVHQPDSNKNNPFLYDNGS, 0.12
196E17I171, WALNWTPFHYYTVHQPDSNKNNPFLYDNGS, 0.11
196E18I206, WALNWTPFEYYTVHQPDSNKNNPFLYDNGS, 0.1
196E19I220, WALNWTPFEYYTVHQPDSNNNNPFLYDNGS, 0.09
196E20I227, WALNWTPFEYYTVHQPDSNNNNPFLLDNGS, 0.08
196E21I234, WALNWTPFEYYTVHQPDSNNNNPFLLDNGN, 0.06
196E22I302, WALNWTPFEPYTVHQPDSNNNNPFLLDNGN, 0.05
