67E0I0, QAGLRAASQQPTDHQRTSEIHLGSDQHFKI, 0.3
67E1I2, QAGLRAASQQPVDHQRTSEIHLGSDQHFKI, 0.29
67E2I5, QAGLRAASQQPVDHQRTSEIDLGSDQHFKI, 0.27
67E3I7, QAGLRAASQQPVDHQRTSEKDLGSDQHFKI, 0.21
67E4I8, QAGLRAASQQPVDHQRTSEKQLGSDQHFKI, 0.17
67E5I12, QAGLRAASQQPVDHQRTSEKQLGSDQGFKI, 0.16
67E6I15, QAGLRAASQQPVDHTRTSEKQLGSDQGFKI, 0.15
67E7I23, QAGERAASQQPVDHTRTSEKQLGSDQGFKI, 0.14
67E8I32, QAGERAASQQPEDHTRTSEKQLGSDQGFKI, 0.13
67E9I40, QAGERAASQQPEDGTRTSEKQLGSDQGFKI, 0.12
67E10I111, QAGERAASQQPEDGTRTSEKQLGSDQGIKI, 0.11
67E11I115, QAGERAASQQPEDGTRTSEKQLGDDQGIKI, 0.1
67E12I154, QAGEQAASQQPEDGTRTSEKQLGDDQGIKI, 0.09
67E13I155, QAGEQAASQQPEDGTRTSEKQLGDDQSIKI, 0.07
67E14I162, QAGEQAASQQPEDGTRTSEKQLDDDQSIKI, 0.06
67E15I168, QAGEQAASQQPEDGTRTSEKQLDDVQSIKI, 0.04
67E16I191, QALEQAASQQPEDGTRTSEKQLDDVQSIKI, 0.03
67E17I195, QALEQAASQQPEGGTRTSEKQLDDVQSIKI, 0.01
