148E0I0, WSAAWRPHHTFSDTTIIYHDFLFGQFWFSR, 0.51
148E1I1, WSAAWRPHHGFSDTTIIYHDFLFGQFWFSR, 0.46
148E2I2, WSAAWRPHHGFSDTTIIYHDFLFGQFWTSR, 0.43
148E3I5, WSAAWRPHHGFSDTTIIYHDFLFGQGWTSR, 0.38
148E4I6, WSAAWRPHHGFSDTTIIYHDFLFGQPWTSR, 0.35
148E5I7, WSAAWRPHHGFSDTTIIYHDFLGGQPWTSR, 0.34
148E6I8, WSAAWRPHHGFVDTTIIYHDFLGGQPWTSR, 0.33
148E7I10, WGAAWRPHHGFVDTTIIYHDFLGGQPWTSR, 0.32
148E8I12, WGAAQRPHHGFVDTTIIYHDFLGGQPWTSR, 0.29
148E9I14, WGAAQRPHHGFPDTTIIYHDFLGGQPWTSR, 0.26
148E10I28, WGGAQRPHHGFPDTTIIYHDFLGGQPWTSR, 0.25
148E11I31, WGGAQRPHHGFPGTTIIYHDFLGGQPWTSR, 0.24
148E12I34, WGGAQRPWHGFPGTTIIYHDFLGGQPWTSR, 0.23
148E13I38, WGGAERPWHGFPGTTIIYHDFLGGQPWTSR, 0.22
148E14I40, WQGAERPWHGFPGTTIIYHDFLGGQPWTSR, 0.21
148E15I46, WQGAERPWHGFPGTTIIYHDFLGGQPDTSR, 0.2
148E16I54, WQGAERPWYGFPGTTIIYHDFLGGQPDTSR, 0.19
148E17I57, PQGAERPWYGFPGTTIIYHDFLGGQPDTSR, 0.17
148E18I60, PQGAERPWYGFPGTTIIYHDFLGYQPDTSR, 0.15
148E19I75, PQGAERPWYGFPGTTIIYHDWLGYQPDTSR, 0.12
148E20I85, PQGAERPWGGFPGTTIIYHDWLGYQPDTSR, 0.1
148E21I89, PQGAERPWGGFPGTTIIYHDWLGYQPDTSH, 0.09
