120E0I0, DWFYTPIKNAWAYKHVHQSRTYSTYNVFYG, 0.35
120E1I4, DWFITPIKNAWAYKHVHQSRTYSTYNVFYG, 0.33
120E2I6, DWFITPIKNAWAYKHVDQSRTYSTYNVFYG, 0.32
120E3I10, DWFITPIKNAWAYKIVDQSRTYSTYNVFYG, 0.3
120E4I15, DWFITPIKNAWAYKIVFQSRTYSTYNVFYG, 0.27
120E5I22, DWFITPIKNAWAYKIVFQSRTYSTRNVFYG, 0.24
120E6I24, DWFITPIKNAWAYKIVFQSRTDSTRNVFYG, 0.22
120E7I35, DWFYTPIKNAWAYKIVFQSRTDSTRNVFYG, 0.21
120E8I82, DWFYTPIKNAWAYKIVFQSRTDSTRNVFPG, 0.19
120E9I83, DWFYTPIKNAWAYKIVFQSRTDSTRNVFDG, 0.18
120E10I97, DWFYTPIKNAPAYKIVFQSRTDSTRNVFDG, 0.15
120E11I101, DWFYTPIKNAPAYKIVFQWRTDSTRNVFDG, 0.14
120E12I102, DWGYTPIKNAPAYKIVFQWRTDSTRNVFDG, 0.12
120E13I125, DWGYTPIKNAPAYKIVFQWRTDSTRNPFDG, 0.11
120E14I132, DWGYTPQKNAPAYKIVFQWRTDSTRNPFDG, 0.08
120E15I180, DWGYTPQKNAPAYKIVYQWRTDSTRNPFDG, 0.07
120E16I232, DWGYTPQKNAPAYKIVLQWRTDSTRNPFDG, 0.06
