378E0I0, QNVFHKNLARAPFKLFVYKFIPNFRYGKTP, 0.39
378E1I1, QNVFHKNLARAPFKLFVYKEIPNFRYGKTP, 0.38
378E2I6, QNVFHKNLARAPFKLFVYKEIRNFRYGKTP, 0.34
378E3I11, QNVFHKNLARAPFKLFVYKEIRNFRRGKTP, 0.32
378E4I12, QNVFHKNLHRAPFKLFVYKEIRNFRRGKTP, 0.31
378E5I14, QNVFHKNLDRAPFKLFVYKEIRNFRRGKTP, 0.25
378E6I24, QNVFHKNLDRAPFKLFVDKEIRNFRRGKTP, 0.2
378E7I26, QNVFHKNLDRAPFELFVDKEIRNFRRGKTP, 0.19
378E8I37, QNVFFKNLDRAPFELFVDKEIRNFRRGKTP, 0.17
378E9I39, QNVFFKNLDRAPFELKVDKEIRNFRRGKTP, 0.16
378E10I41, QNVFFKNLDRAPFELSVDKEIRNFRRGKTP, 0.15
378E11I45, SNVFFKNLDRAPFELSVDKEIRNFRRGKTP, 0.13
378E12I46, SNVFFKNLDRAPFELSVDKEIRNFRLGKTP, 0.12
378E13I52, SNVFFKNLDRAPFELDVDKEIRNFRLGKTP, 0.1
378E14I53, SNVFFKNLDRAPFELDVDKEIRNLRLGKTP, 0.08
378E15I67, SNVFFKNLDRDPFELDVDKEIRNLRLGKTP, 0.07
378E16I86, SNVFFKNLDRDHFELDVDKEIRNLRLGKTP, 0.06
378E17I90, SNVFFKNLDRDHFELDVDKEIRNLRLGKTR, 0.05
378E18I103, SNVFFKNLDWDHFELDVDKEIRNLRLGKTR, 0.04
378E19I179, SNVFFKNLDWDHFELDVDKEIRNLDLGKTR, 0.03
378E20I257, SNVFEKNLDWDHFELDVDKEIRNLDLGKTR, 0.02
