227E0I0, YISNAVGKHRPWNRYWGIHWNIWKAQWKGI, 0.55
227E1I1, YISNAVGKHRPWNRYSGIHWNIWKAQWKGI, 0.44
227E2I2, YISNAVGKHRPWNRYSGIHWNIWKAQWKGE, 0.43
227E3I4, YISNAVGKHRPWNRYSGIHWNIWEAQWKGE, 0.36
227E4I9, YISNAVDKHRPWNRYSGIHWNIWEAQWKGE, 0.35
227E5I10, YISNAVDKHRPWNRYSGIQWNIWEAQWKGE, 0.25
227E6I24, YISNAVLKHRPWNRYSGIQWNIWEAQWKGE, 0.24
227E7I33, YISNAVLKHRPWNRYSGIQWNITEAQWKGE, 0.22
227E8I35, YISNAVLKHRPWNRYSGIQWNITVAQWKGE, 0.21
227E9I41, YISNAVLKHRPWNNYSGIQWNITVAQWKGE, 0.2
227E10I43, YISNAVLKHRPWNLYSGIQWNITVAQWKGE, 0.19
227E11I46, YTSNAVLKHRPWNLYSGIQWNITVAQWKGE, 0.17
227E12I58, YTSNAVLKHRPWNLYSGIQWNATVAQWKGE, 0.13
227E13I89, GTSNAVLKHRPWNLYSGIQWNATVAQWKGE, 0.12
227E14I119, GTSNAVLKHRPWNLYSGIQWNPTVAQWKGE, 0.1
227E15I152, GTSNAVSKHRPWNLYSGIQWNPTVAQWKGE, 0.09
227E16I185, GTSNAVSKHRPWNKYSGIQWNPTVAQWKGE, 0.07
227E17I196, GTSNAVSKHRPWNKYDGIQWNPTVAQWKGE, 0.04
227E18I242, GTSNAVSKHRPWNKYDGIQWNPTVAQWKGT, 0.03
227E19I280, QTSNAVSKHRPWNKYDGIQWNPTVAQWKGT, 0.02
