466E0I0, NFHQIYNAITQHHRWKGKGKEDLDLEWNLV, 0.29
466E1I7, NFHQIYNAITQHHRWKGKGAEDLDLEWNLV, 0.25
466E2I16, NFHQYYNAITQHHRWKGKGAEDLDLEWNLV, 0.23
466E3I19, NFHQYYNAITQHHRWKGLGAEDLDLEWNLV, 0.22
466E4I20, NEHQYYNAITQHHRWKGLGAEDLDLEWNLV, 0.19
466E5I22, NEHQYYNAITQHERWKGLGAEDLDLEWNLV, 0.18
466E6I28, NEHQYSNAITQHERWKGLGAEDLDLEWNLV, 0.17
466E7I56, NEGQYSNAITQHERWKGLGAEDLDLEWNLV, 0.16
466E8I59, NEGQYSNAITQHEDWKGLGAEDLDLEWNLV, 0.14
466E9I63, NEGQYSNAITQHEDWKGLGARDLDLEWNLV, 0.12
466E10I74, NEGQYSNALTQHEDWKGLGARDLDLEWNLV, 0.11
466E11I104, NEGQYSNALTQHEDWKGLEARDLDLEWNLV, 0.1
466E12I105, NEGQYSNALDQHEDWKGLEARDLDLEWNLV, 0.09
466E13I127, NEGQYSNALDQWEDWKGLEARDLDLEWNLV, 0.08
466E14I133, NEGQYSNALDQWEDWKGLELRDLDLEWNLV, 0.06
466E15I150, NEPQYSNALDQWEDWKGLELRDLDLEWNLV, 0.04
466E16I172, NEPQYSNALDWWEDWKGLELRDLDLEWNLV, 0.03
466E17I244, NEPQDSNALDWWEDWKGLELRDLDLEWNLV, 0.02
