407E0I0, GQIRGGADKAHPNNYEPLTQNDRELAAATW, 0.54
407E1I2, GQIRGGADKAHPNPYEPLTQNDRELAAATW, 0.51
407E2I5, LQIRGGADKAHPNPYEPLTQNDRELAAATW, 0.47
407E3I7, LQIRGGADKAHPNPYEPLSQNDRELAAATW, 0.46
407E4I11, LQIRGGADKSHPNPYEPLSQNDRELAAATW, 0.41
407E5I13, LQIRGGADKSTPNPYEPLSQNDRELAAATW, 0.38
407E6I15, LQIRGGADKSTPNPYEPLSTNDRELAAATW, 0.36
407E7I16, LQIRGGADTSTPNPYEPLSTNDRELAAATW, 0.3
407E8I17, LQIRYGADTSTPNPYEPLSTNDRELAAATW, 0.29
407E9I27, LQIRYGAKTSTPNPYEPLSTNDRELAAATW, 0.25
407E10I31, LQIRYGAKTSTPNPYEPLSTNSRELAAATW, 0.24
407E11I35, LQIRYGAKTSTPNPYEPLSKNSRELAAATW, 0.21
407E12I36, TQIRYGAKTSTPNPYEPLSKNSRELAAATW, 0.19
407E13I43, TQIRYGAKTSTPNKYEPLSKNSRELAAATW, 0.16
407E14I48, TQIRYGAKTSVPNKYEPLSKNSRELAAATW, 0.14
407E15I90, TQIRYGAKTSVLNKYEPLSKNSRELAAATW, 0.11
