329E0I0, QKEYHFEFGFNKGKSWHSRRSSEEKIHYET, 0.28
329E1I1, QKEYHFEFGWNKGKSWHSRRSSEEKIHYET, 0.27
329E2I2, QKEYHFEFGWNKGKSTHSRRSSEEKIHYET, 0.26
329E3I5, QKEYHFEFGWNKGKSTHSRRSSEEKIPYET, 0.25
329E4I9, QKEYHFEFGWNKGKSTHSRRSSLEKIPYET, 0.23
329E5I10, QKEYHFEFGWNRGKSTHSRRSSLEKIPYET, 0.2
329E6I13, QKEYHFEFGWGRGKSTHSRRSSLEKIPYET, 0.18
329E7I23, QKEYHFEFDWGRGKSTHSRRSSLEKIPYET, 0.17
329E8I26, QKERHFEFDWGRGKSTHSRRSSLEKIPYET, 0.16
329E9I43, QKERHFEFDWGRGKSTHSRRSSLEKIPYEK, 0.13
329E10I53, QKERHFEFDWGRGKSTWSRRSSLEKIPYEK, 0.12
329E11I88, QKERHFEFDWGRGKSTNSRRSSLEKIPYEK, 0.11
329E12I94, WKERHFEFDWGRGKSTNSRRSSLEKIPYEK, 0.1
329E13I102, WKERHFEFRWGRGKSTNSRRSSLEKIPYEK, 0.08
