139E0I0, TTVAIFDSAIGLILSYPVPQTGDGLHQPPW, 0.41
139E1I4, TTVAIFDSAIGLILSYPVPQTGKGLHQPPW, 0.36
139E2I5, TKVAIFDSAIGLILSYPVPQTGKGLHQPPW, 0.35
139E3I6, TKVAIFDSAIGLILSYIVPQTGKGLHQPPW, 0.33
139E4I8, IKVAIFDSAIGLILSYIVPQTGKGLHQPPW, 0.31
139E5I11, IKVAIQDSAIGLILSYIVPQTGKGLHQPPW, 0.29
139E6I13, IKVAIQDSAIGLILNYIVPQTGKGLHQPPW, 0.27
139E7I14, IKVAIQDSAIGLILNYIVPQTGKGLGQPPW, 0.21
139E8I16, IKVATQDSAIGLILNYIVPQTGKGLGQPPW, 0.2
139E9I26, IKVATQDSAINLILNYIVPQTGKGLGQPPW, 0.16
139E10I48, IKVATQDSAINLILNYIVPQDGKGLGQPPW, 0.15
139E11I60, IKVATQDSAINLILNYIVPQDGKGLGQPPV, 0.14
139E12I75, IKVATQDSAINLILNYIVFQDGKGLGQPPV, 0.13
139E13I103, IKNATQDSAINLILNYIVFQDGKGLGQPPV, 0.09
139E14I109, IKNATQDSAINLLLNYIVFQDGKGLGQPPV, 0.08
139E15I120, IKNATQDSAINLLLNYIVFQDGKGLGQGPV, 0.07
139E16I142, IKNATQDSAINLLLNYIVFQSGKGLGQGPV, 0.05
139E17I158, IKNATQDSAINVLLNYIVFQSGKGLGQGPV, 0.03
139E18I188, IKNATQDSAINVLLLYIVFQSGKGLGQGPV, 0.02
