401E0I0, KPEWTYSWFGAFPEIPTLAFHHPTYKRGSP, 0.62
401E1I1, KPEWTQSWFGAFPEIPTLAFHHPTYKRGSP, 0.57
401E2I4, KPEWTQSWFGAFPEIPTLAFHHKTYKRGSP, 0.54
401E3I5, KPEWTQSWFGAFEEIPTLAFHHKTYKRGSP, 0.47
401E4I8, KPEWTQSWFGAFEEIPTLAKHHKTYKRGSP, 0.4
401E5I10, QPEWTQSWFGAFEEIPTLAKHHKTYKRGSP, 0.37
401E6I15, QPEWTQSWFGAFEEIPTLAKHHKTYKRGIP, 0.35
401E7I16, QPEWTQTWFGAFEEIPTLAKHHKTYKRGIP, 0.31
401E8I18, QPEWTQTWFGRFEEIPTLAKHHKTYKRGIP, 0.29
401E9I19, QPEWTQTWFGRFEEIPTLAKHHKTYKRPIP, 0.27
401E10I27, QPEWTQTWFGRFEEIPTLAKHHKTYKRPIH, 0.26
401E11I30, QPEWTQGWFGRFEEIPTLAKHHKTYKRPIH, 0.23
401E12I31, QPEWTQGWFGRFEEIQTLAKHHKTYKRPIH, 0.21
401E13I32, QPEWTQGWFGRFEEIQTQAKHHKTYKRPIH, 0.2
401E14I36, QPEWWQGWFGRFEEIQTQAKHHKTYKRPIH, 0.19
401E15I39, QPEWWQGWFGRFEEIQTQAKHHKTYKRPIT, 0.18
401E16I44, QPEWWQGWFGRFEEIQTQAKHHKTYKRPIE, 0.16
401E17I52, QPEWWQGWFGRFEEIKTQAKHHKTYKRPIE, 0.15
401E18I62, QPEWWQGWFGRFEEIKTGAKHHKTYKRPIE, 0.14
401E19I80, QPEWWQGWFGRFEEIKTAAKHHKTYKRPIE, 0.12
401E20I87, QPEQWQGWFGRFEEIKTAAKHHKTYKRPIE, 0.1
401E21I172, QPEQWQGWFGRFEEEKTAAKHHKTYKRPIE, 0.09
401E22I224, QPEQPQGWFGRFEEEKTAAKHHKTYKRPIE, 0.08
401E23I225, QPEQPQGWFGRFEEEKTAADHHKTYKRPIE, 0.07
401E24I255, QPEQPQGVFGRFEEEKTAADHHKTYKRPIE, 0.06
401E25I275, QPEQPQGVFGRFEEEKTAADDHKTYKRPIE, 0.04
