300E0I0, PWIYPWTTKEKFKTYTPYFVSSTHATHPRE, 0.43
300E1I1, PWIYPWTTKEKFKTYTPYFVISTHATHPRE, 0.4
300E2I4, PWIYPWTTKEKFKTYTPYAVISTHATHPRE, 0.39
300E3I6, PWIYPWTTKEKFKWYTPYAVISTHATHPRE, 0.38
300E4I7, PWIYPWTTKEKFKDYTPYAVISTHATHPRE, 0.37
300E5I8, PWIYPWTTKEKFKDYTPYAVISTHATQPRE, 0.3
300E6I10, PWIYPWTTKEKFKDYTPYAVISTSATQPRE, 0.29
300E7I17, PWIYPWTTKEKFKDYTPYGVISTSATQPRE, 0.27
300E8I18, PWIYPWTTKEKFKDYTPYGVISTRATQPRE, 0.24
300E9I21, PWIYPWTTKEKFKDYTPVGVISTRATQPRE, 0.22
300E10I28, PWIYPWTTKEQFKDYTPVGVISTRATQPRE, 0.19
300E11I33, PWIYPWTTKEQFKPYTPVGVISTRATQPRE, 0.15
300E12I35, PWIYPWTTKEQFKPYTPVGVISTRATQPRR, 0.13
300E13I54, PWIYPWTTKEQFKPQTPVGVISTRATQPRR, 0.12
300E14I74, PWIYNWTTKEQFKPQTPVGVISTRATQPRR, 0.1
