186E0I0, QAKTDQIGFTWNPIYFVEGIRSGHGYQTKG, 0.39
186E1I1, QAKTDQIGFTWNPIYFVEGIRSGHGGQTKG, 0.35
186E2I2, QAKTDQIGFTWNPIYFVEGITSGHGGQTKG, 0.33
186E3I6, QAKTDQIGFTWNPIYRVEGITSGHGGQTKG, 0.3
186E4I7, QAKTDQIGFTWNDIYRVEGITSGHGGQTKG, 0.28
186E5I8, QGKTDQIGFTWNDIYRVEGITSGHGGQTKG, 0.24
186E6I16, QGKTDQIGFTWNDIYRVEGINSGHGGQTKG, 0.23
186E7I23, QGKTDQIGFTWNDIYRVAGINSGHGGQTKG, 0.22
186E8I26, QGKTDQIGFTWNDIYRVAGINSGHQGQTKG, 0.19
186E9I30, QGKTDQIGFTWNDSYRVAGINSGHQGQTKG, 0.18
186E10I33, QGKTDQIGFTWNDSYRVAGINSGHQGQTDG, 0.16
186E11I56, QGKTWQIGFTWNDSYRVAGINSGHQGQTDG, 0.14
186E12I58, QGKTWQIGWTWNDSYRVAGINSGHQGQTDG, 0.12
