98E0I0, EQINWPWKVNIQENFSQEEHFVKAHRTRHI, 0.47
98E1I2, EQINWPWPVNIQENFSQEEHFVKAHRTRHI, 0.45
98E2I3, EQINWPWPVNIQWNFSQEEHFVKAHRTRHI, 0.43
98E3I5, EQINWPWPVNIQWNFSQEEHFTKAHRTRHI, 0.38
98E4I6, EQINWPWPVNIQWNFSQEEHFTKRHRTRHI, 0.35
98E5I7, EQINWPWPVNIQWNFSQNEHFTKRHRTRHI, 0.3
98E6I9, EQINWPWPVNIQKNFSQNEHFTKRHRTRHI, 0.29
98E7I12, EQINWPWPVNIQKNFSQNEHFTKRHRTRAI, 0.26
98E8I20, EQINWPWPVTIQKNFSQNEHFTKRHRTRAI, 0.24
98E9I21, EQINWPWPVTSQKNFSQNEHFTKRHRTRAI, 0.23
98E10I23, EQINWPWPVTSQKNFSQNEHFTKRHRTRAP, 0.21
98E11I26, EQINWPWPVLSQKNFSQNEHFTKRHRTRAP, 0.19
98E12I27, EQINLPWPVLSQKNFSQNEHFTKRHRTRAP, 0.17
98E13I34, EQINLPWLVLSQKNFSQNEHFTKRHRTRAP, 0.15
98E14I57, EQINLPWGVLSQKNFSQNEHFTKRHRTRAP, 0.1
98E15I62, EQINLPFGVLSQKNFSQNEHFTKRHRTRAP, 0.09
98E16I146, EQINLPFGVLSQKNQSQNEHFTKRHRTRAP, 0.06
