285E0I0, WGVIWWNVRFLRQHDKKRRRKPVYVPNRWY, 0.3
285E1I1, WGVIWWNVRFLRQHDKKRRRNPVYVPNRWY, 0.29
285E2I3, WGVIWWNVRFLRQHDKKRRRNPVYVDNRWY, 0.24
285E3I4, WGVIWWNVRFLRQHDKKRRRNPVYVDNDWY, 0.23
285E4I11, WGVIWWNVRFLRQHDKKRRKNPVYVDNDWY, 0.19
285E5I13, WGVIWWNVRFLRQHDKKRRKNPQYVDNDWY, 0.18
285E6I14, WGVIWWNVRFLRQHQKKRRKNPQYVDNDWY, 0.17
285E7I22, WGVIWWNVRFLRQHQKKRRKNPQYVINDWY, 0.16
285E8I32, WGVIWWNVRVLRQHQKKRRKNPQYVINDWY, 0.14
285E9I52, WGVIWWNVRVVRQHQKKRRKNPQYVINDWY, 0.13
285E10I62, WGVIWWNVRVVRQEQKKRRKNPQYVINDWY, 0.11
285E11I63, WGVIWWNVRVVRQEQKKHRKNPQYVINDWY, 0.1
285E12I71, WGVIWWNVRVVRQGQKKHRKNPQYVINDWY, 0.09
285E13I84, WGVIWWNKRVVRQGQKKHRKNPQYVINDWY, 0.08
285E14I86, WGVIWWNFRVVRQGQKKHRKNPQYVINDWY, 0.07
285E15I116, WGVIWWNTRVVRQGQKKHRKNPQYVINDWY, 0.06
