222E0I0, RSVWAELVNHTHLVFKQGYVVTHKKEVRWV, 0.45
222E1I1, RSVWAELVNHTHLVFKQGYVVTHKKEVRGV, 0.38
222E2I2, RSVWAELVNHTHLVFKAGYVVTHKKEVRGV, 0.33
222E3I4, RSVWAELVNHTHLVFEAGYVVTHKKEVRGV, 0.3
222E4I10, RSVWARLVNHTHLVFEAGYVVTHKKEVRGV, 0.27
222E5I13, RSVWTRLVNHTHLVFEAGYVVTHKKEVRGV, 0.23
222E6I17, RSVWTRLVNHTHLVFEAGYVVTHKKEVRGA, 0.21
222E7I18, RSVWTRLVNKTHLVFEAGYVVTHKKEVRGA, 0.2
222E8I21, RSVWTRLVNKTHLVFEAGYVGTHKKEVRGA, 0.17
222E9I34, RSVWTRLVNKTHLVFEAGYVGTHKKEVRGI, 0.15
222E10I35, RSVWTRLVNKTHLVFEAGYVGTHKKEFRGI, 0.13
222E11I53, RSVWTRLVNKTHLEFEAGYVGTHKKEFRGI, 0.12
222E12I58, RSVWTRLVNKTHLEFEAGYVGDHKKEFRGI, 0.11
222E13I87, RSVWTTLVNKTHLEFEAGYVGDHKKEFRGI, 0.09
222E14I130, RSVWPTLVNKTHLEFEAGYVGDHKKEFRGI, 0.07
222E15I147, RSVWPTLVGKTHLEFEAGYVGDHKKEFRGI, 0.05
222E16I205, RSVWPTLVGKTHLEFEAGYVLDHKKEFRGI, 0.03
