173E0I0, HETQFKDDNWKEEGRVFDEGLVATHEGLDK, 0.28
173E1I2, HETQFKDDNWKEEGRVFDEGLVATHESLDK, 0.27
173E2I5, HKTQFKDDNWKEEGRVFDEGLVATHESLDK, 0.25
173E3I6, HKTQFKDDNWKEEGRVFSEGLVATHESLDK, 0.2
173E4I7, HKTQFKDDNWKEEGRVFSEGLVATHEKLDK, 0.19
173E5I13, HKTQFKDDNWTEEGRVFSEGLVATHEKLDK, 0.18
173E6I18, HKTRFKDDNWTEEGRVFSEGLVATHEKLDK, 0.16
173E7I19, HKTRFKDDNWTEEGRVFREGLVATHEKLDK, 0.12
173E8I20, HKTRNKDDNWTEEGRVFREGLVATHEKLDK, 0.11
173E9I35, HKTRNKDDNYTEEGRVFREGLVATHEKLDK, 0.08
173E10I56, HKTRNKDDNYTEGGRVFREGLVATHEKLDK, 0.07
173E11I72, HKTRNPDDNYTEGGRVFREGLVATHEKLDK, 0.06
173E12I77, HKTRNPDDNYTEGGRVFREGLVATDEKLDK, 0.05
173E13I112, HKTRNPDSNYTEGGRVFREGLVATDEKLDK, 0.04
