440E0I0, SNPILLADVSLSQVYGKVAYGIIDYSSDPW, 0.43
440E1I2, SNPILLADVSLSQVYGKVAYGIIDYSSFPW, 0.4
440E2I3, SNPILGADVSLSQVYGKVAYGIIDYSSFPW, 0.37
440E3I4, SNPILGARVSLSQVYGKVAYGIIDYSSFPW, 0.35
440E4I6, SNPILGARVSLSQVYGKVAYGINDYSSFPW, 0.27
440E5I13, SNPILGARVSLSQVYGKVAYGINDYSSFIW, 0.25
440E6I16, SNKILGARVSLSQVYGKVAYGINDYSSFIW, 0.24
440E7I17, SNKILGARDSLSQVYGKVAYGINDYSSFIW, 0.21
440E8I19, SNKILGARDSLSQVYGKVAYGINDYESFIW, 0.19
440E9I26, SNKILGARDSLSQVYGKVAYGINDWESFIW, 0.18
440E10I29, SNKNLGARDSLSQVYGKVAYGINDWESFIW, 0.15
440E11I33, SNKNLGDRDSLSQVYGKVAYGINDWESFIW, 0.14
440E12I37, SNKNLGDRDSLSQVYGKVAYGINDWESFWW, 0.13
440E13I70, SNKNLGDRDSLSNVYGKVAYGINDWESFWW, 0.11
440E14I88, SRKNLGDRDSLSNVYGKVAYGINDWESFWW, 0.1
440E15I89, SRKNLGDRDSLSNVYGKVAYGINDWEHFWW, 0.07
440E16I96, SRKNLGDRDSLSNVYGKVAYGINLWEHFWW, 0.05
440E17I147, SRKNLGDRDSLSNVYGKVAYGINLWEHDWW, 0.03
440E18I153, SRKNLGDRDSLSNVYGKVAYGINLWERDWW, 0.02
440E19I244, SRKNLGKRDSLSNVYGKVAYGINLWERDWW, 0.01
