73E0I0, VQNDTGQVYENLPDESRRPYGNGRNWISIP, 0.42
73E1I1, VQNDTNQVYENLPDESRRPYGNGRNWISIP, 0.39
73E2I2, VQNDTNQVYENLPDESRRPYGSGRNWISIP, 0.37
73E3I3, VQNITNQVYENLPDESRRPYGSGRNWISIP, 0.33
73E4I8, VQNITIQVYENLPDESRRPYGSGRNWISIP, 0.28
73E5I9, EQNITIQVYENLPDESRRPYGSGRNWISIP, 0.25
73E6I15, EQNITIQVYENLPDESRRPYQSGRNWISIP, 0.2
73E7I16, EQNITIQVYEQLPDESRRPYQSGRNWISIP, 0.18
73E8I18, EQNITIQVYEQLPWESRRPYQSGRNWISIP, 0.17
73E9I25, EQNITIQVYEQLPWRSRRPYQSGRNWISIP, 0.16
73E10I35, EQNITIQVYEQLPWLSRRPYQSGRNWISIP, 0.14
73E11I43, EQNITIQVYEQLPWLSRRPYQSGRNEISIP, 0.12
73E12I52, EQNITIQVYEQLPWTSRRPYQSGRNEISIP, 0.11
73E13I61, EQNITIQQYEQLPWTSRRPYQSGRNEISIP, 0.09
73E14I72, KQNITIQQYEQLPWTSRRPYQSGRNEISIP, 0.08
73E15I104, KQNKTIQQYEQLPWTSRRPYQSGRNEISIP, 0.05
