238E0I0, AHNSHTLGHVHHVQYQWVQFQIQSDLNFDL, 0.38
238E1I2, AKNSHTLGHVHHVQYQWVQFQIQSDLNFDL, 0.32
238E2I9, AKNSHTLGHVHHVQYQWVQFQIQSDLNLDL, 0.22
238E3I16, AKNSHTSGHVHHVQYQWVQFQIQSDLNLDL, 0.15
238E4I23, AKNSHTSGHQHHVQYQWVQFQIQSDLNLDL, 0.13
238E5I30, AKNSHTSGHQHHVQEQWVQFQIQSDLNLDL, 0.1
238E6I109, AKNSHTSGYQHHVQEQWVQFQIQSDLNLDL, 0.09
238E7I117, AKNSHTSGYQHHVQEQWVQFQIQLDLNLDL, 0.07
238E8I123, AKNSHTSGYQHHVQEQWVQFEIQLDLNLDL, 0.05
238E9I167, AKNSHTSGYQHHVQEQWNQFEIQLDLNLDL, 0.03
238E10I168, AKNSHTSGYQHHVQQQWNQFEIQLDLNLDL, 0.02
