387E0I0, TRDGVQQSTWVPNARQKSAWDENHGTSRWT, 0.37
387E1I3, TRDPVQQSTWVPNARQKSAWDENHGTSRWT, 0.36
387E2I10, TQDPVQQSTWVPNARQKSAWDENHGTSRWT, 0.35
387E3I11, TQTPVQQSTWVPNARQKSAWDENHGTSRWT, 0.34
387E4I16, SQTPVQQSTWVPNARQKSAWDENHGTSRWT, 0.33
387E5I17, SQTPVQQSTWVPNRRQKSAWDENHGTSRWT, 0.3
387E6I19, SQTPVQQSTWVPNRRQKSAWDEDHGTSRWT, 0.28
387E7I32, SQTPVQQSTWVYNRRQKSAWDEDHGTSRWT, 0.24
387E8I36, SQTPAQQSTWVYNRRQKSAWDEDHGTSRWT, 0.23
387E9I37, SQTPAQQSQWVYNRRQKSAWDEDHGTSRWT, 0.19
387E10I41, SQTPAQQSQDVYNRRQKSAWDEDHGTSRWT, 0.17
387E11I42, SQTPAQQSQDVYLRRQKSAWDEDHGTSRWT, 0.15
387E12I50, SQTPAQQSQDVYLRRQKSAWNEDHGTSRWT, 0.14
387E13I93, SQTPAQQSQVVYLRRQKSAWNEDHGTSRWT, 0.13
387E14I105, SQTPAQQSQVVYLYRQKSAWNEDHGTSRWT, 0.12
387E15I145, SQTPAQQSQVVYLYFQKSAWNEDHGTSRWT, 0.11
387E16I173, SQTPAQQSQDVYLYFQKSAWNEDHGTSRWT, 0.09
387E17I180, SQTPWQQSQDVYLYFQKSAWNEDHGTSRWT, 0.08
