468E0I0, LWEARTAIVALLDREQRLVLYNWPTRILYI, 0.26
468E1I3, LWEARTAIVALLDREQRLVLYNWATRILYI, 0.24
468E2I4, LWEARTAIVALLDREQRLVLYNWATRILKI, 0.23
468E3I5, LWEARTAIVALLDFEQRLVLYNWATRILKI, 0.19
468E4I8, LWEARTAIVALLDFEQRLVLYNWATRIHKI, 0.16
468E5I22, LWEARTDIVALLDFEQRLVLYNWATRIHKI, 0.14
468E6I41, LWEAITDIVALLDFEQRLVLYNWATRIHKI, 0.13
468E7I46, LWEAITDIVALLDFEQRLVLYNWANRIHKI, 0.11
468E8I55, LWEAITDIVALLDFEQRLVLYNWANLIHKI, 0.08
468E9I58, LWEAITDIVALLDFEQRLVLYNLANLIHKI, 0.07
468E10I64, LWEAITDSVALLDFEQRLVLYNLANLIHKI, 0.05
468E11I77, LWEAITDSVALLDFEQRLVLYNLANLYHKI, 0.04
468E12I127, LWEAITDSVALLDFEQRLVLYYLANLYHKI, 0.03
468E13I134, LWEAITDSVALLDFEQRLVLYYLANLYHKT, 0.02
