219E0I0, NIPYKIRFQYKEHIYRFKHGTWQSSHPGPN, 0.46
219E1I1, NIPYKIRFQYKEHIYQFKHGTWQSSHPGPN, 0.43
219E2I3, NIPYKIRFQYKEHIYQFKHGTWQSSHPGDN, 0.42
219E3I4, NIPYKIRFQYKEHIYQFKHGTWQSSHPIDN, 0.4
219E4I5, NIPYKIRFQYKNHIYQFKHGTWQSSHPIDN, 0.35
219E5I10, NIPYKIRFQYKNHIYQAKHGTWQSSHPIDN, 0.3
219E6I20, NIPYKIRFQYKNHIYQAKHGTWQSSHVIDN, 0.28
219E7I22, NIPYKIRFQYKNHIYQAKHGTRQSSHVIDN, 0.26
219E8I31, FIPYKIRFQYKNHIYQAKHGTRQSSHVIDN, 0.25
219E9I37, FIPYKIRFQYKNHIYQPKHGTRQSSHVIDN, 0.23
219E10I39, FIPYKIRFQYKNHIRQPKHGTRQSSHVIDN, 0.2
219E11I43, FIPYKIRTQYKNHIRQPKHGTRQSSHVIDN, 0.19
219E12I47, RIPYKIRTQYKNHIRQPKHGTRQSSHVIDN, 0.17
219E13I48, RIPEKIRTQYKNHIRQPKHGTRQSSHVIDN, 0.14
219E14I74, RIPEKIRTQYKNHIRQPKHGTRQSKHVIDN, 0.13
219E15I85, RIPEKIRTWYKNHIRQPKHGTRQSKHVIDN, 0.12
219E16I91, RIDEKIRTWYKNHIRQPKHGTRQSKHVIDN, 0.1
219E17I142, RIREKIRTWYKNHIRQPKHGTRQSKHVIDN, 0.09
219E18I150, RIREKIRTWYKNHIRQPKEGTRQSKHVIDN, 0.08
219E19I196, RIREKIRTWYKNHIRQPKRGTRQSKHVIDN, 0.06
219E20I206, RIREKIRTWYKNHIRQPKRGTRQSKQVIDN, 0.05
219E21I213, RIREKIRTWYKNHIRQPKRGTRQYKQVIDN, 0.04
