249E0I0, YQENNITNSKPISREPLAHTERSKNRDFWK, 0.43
249E1I1, YQELNITNSKPISREPLAHTERSKNRDFWK, 0.37
249E2I2, YQELNITNSKPISHEPLAHTERSKNRDFWK, 0.34
249E3I7, YQELNITNGKPISHEPLAHTERSKNRDFWK, 0.31
249E4I8, YQELEITNGKPISHEPLAHTERSKNRDFWK, 0.3
249E5I10, YQELEITNGKPISHEQLAHTERSKNRDFWK, 0.29
249E6I14, YQELEITNGKYISHEQLAHTERSKNRDFWK, 0.27
249E7I29, YQELEITNGKYISHEQLAHTERSKNRDFWF, 0.25
249E8I34, YQELEITNGKYISHEQLAHTERSKNRDFWG, 0.24
249E9I35, YQELEITNGYYISHEQLAHTERSKNRDFWG, 0.23
249E10I38, YQELEITNGYYISHEQVAHTERSKNRDFWG, 0.22
249E11I39, YQELDITNGYYISHEQVAHTERSKNRDFWG, 0.2
249E12I46, YQELDITNDYYISHEQVAHTERSKNRDFWG, 0.18
249E13I49, YQELDITNDYGISHEQVAHTERSKNRDFWG, 0.16
249E14I50, YQELDITNDYGISHEQVAHTERSKDRDFWG, 0.14
249E15I69, YQELDITNDYGISHEQVAHTERSKDYDFWG, 0.11
249E16I78, EQELDITNDYGISHEQVAHTERSKDYDFWG, 0.1
249E17I125, EQELDITNDYGISHEQVAHTERSKDYDFTG, 0.08
249E18I132, EQELDITNDYGISHEQVAVTERSKDYDFTG, 0.07
249E19I208, EQELDITNDYGISHEQVAVTTRSKDYDFTG, 0.05
249E20I214, EQELDITNDYGISHEQVAVTTRSKQYDFTG, 0.04
