385E0I0, DPFIEHTHTNHQYYWKKVQQAFAIKTRNSG, 0.45
385E1I3, DPFIEHTHTNHQYLWKKVQQAFAIKTRNSG, 0.4
385E2I4, DPFIEHTHTNPQYLWKKVQQAFAIKTRNSG, 0.38
385E3I6, DVFIEHTHTNPQYLWKKVQQAFAIKTRNSG, 0.36
385E4I7, DVFIEHTHTNGQYLWKKVQQAFAIKTRNSG, 0.34
385E5I11, DVFIEHTHTNGQYLWKKVQQAGAIKTRNSG, 0.33
385E6I22, DVFIEHTHTNGQYLWPKVQQAGAIKTRNSG, 0.3
385E7I23, DVFIEHTHTNGQGLWPKVQQAGAIKTRNSG, 0.29
385E8I26, DVFIEHTHTNGQGLWPKSQQAGAIKTRNSG, 0.27
385E9I27, DVFIEHTHTNNQGLWPKSQQAGAIKTRNSG, 0.22
385E10I45, DVFIEHTHTNNQGLWPKSQQAGSIKTRNSG, 0.21
385E11I48, DVFIEHTHTNEQGLWPKSQQAGSIKTRNSG, 0.18
385E12I50, DVFIEHTHTNEQGLWLKSQQAGSIKTRNSG, 0.17
385E13I52, DVFIEHTHYNEQGLWLKSQQAGSIKTRNSG, 0.16
385E14I57, DVFIEHTHYNEQGLWLKSQQAGSIKTRNSF, 0.14
385E15I59, DVFIEHTHYNEQGLWLKSQQAGSIKTRTSF, 0.1
385E16I67, DVFIEHTHQNEQGLWLKSQQAGSIKTRTSF, 0.09
385E17I68, DVFIEHTHQNEQGLWLKSQQAGSIKTRTSR, 0.08
385E18I96, DVFIEHTHQNEQGLELKSQQAGSIKTRTSR, 0.07
385E19I98, DVFIEHTDQNEQGLELKSQQAGSIKTRTSR, 0.06
385E20I106, DVFISHTDQNEQGLELKSQQAGSIKTRTSR, 0.05
385E21I161, DVFISHLDQNEQGLELKSQQAGSIKTRTSR, 0.04
