169E0I0, RLTFPNATWTVLKQAYRYRGHHFHQPAGRI, 0.41
169E1I1, DLTFPNATWTVLKQAYRYRGHHFHQPAGRI, 0.4
169E2I7, DLTFPNATWTVLKQAYRYRGWHFHQPAGRI, 0.36
169E3I10, DLTFPNATWTVLKQAIRYRGWHFHQPAGRI, 0.33
169E4I11, DLTFPNATWTVLKQAIRYRGWHFHQPSGRI, 0.32
169E5I13, DLTFPNATWTVLKQAIRYRGWLFHQPSGRI, 0.31
169E6I18, DLTFPNATWTVLKQAINYRGWLFHQPSGRI, 0.3
169E7I19, DLTGPNATWTVLKQAINYRGWLFHQPSGRI, 0.27
169E8I22, DLTGPNATWTVLKQAINYRGWLFHQPSGAI, 0.25
169E9I30, DLTGPNATWTVLKQAINYAGWLFHQPSGAI, 0.23
169E10I32, DLTGPNATWTVLKQAINYAGWLFHQPVGAI, 0.21
169E11I38, DLTGPNATWTVLYQAINYAGWLFHQPVGAI, 0.2
169E12I50, DLTGPNATWTVLYQAINYAGWLFYQPVGAI, 0.18
169E13I81, DLTGPNATWTVLYQAINYAGWLFYQPVGWI, 0.17
169E14I104, DLTGPNATWTVLIQAINYAGWLFYQPVGWI, 0.16
169E15I112, DLTGPNATWTVLIQAINYAGWLEYQPVGWI, 0.15
169E16I164, DLTGPNATWTVLIQAINYAGWLEEQPVGWI, 0.12
169E17I213, DLDGPNATWTVLIQAINYAGWLEEQPVGWI, 0.11
169E18I242, DLDGPNATWTVLIQAINYAGWFEEQPVGWI, 0.08
169E19I243, DLDGPNATWTVLIQAINYAGWFEEQPVGLI, 0.06
169E20I246, DLDGPNATWTVLIKAINYAGWFEEQPVGLI, 0.05
169E21I278, DLDGPNAPWTVLIKAINYAGWFEEQPVGLI, 0.04
169E22I280, DLDGPNAPWTVLIKSINYAGWFEEQPVGLI, 0.03
