243E0I0, NQTWTFNTQKLKPSPFQRPLHYVSVQHAGA, 0.45
243E1I3, NQTWTFNTQPLKPSPFQRPLHYVSVQHAGA, 0.41
243E2I5, NQTWTFNTQPHKPSPFQRPLHYVSVQHAGA, 0.38
243E3I13, NQTWTFNTQPHKLSPFQRPLHYVSVQHAGA, 0.33
243E4I15, NQTWTVNTQPHKLSPFQRPLHYVSVQHAGA, 0.26
243E5I22, NQTWTVNTQPHKLSPFQRPLSYVSVQHAGA, 0.23
243E6I27, NQTWTVNTQPHKLSPFQRPLSYVSVQGAGA, 0.2
243E7I31, YQTWTVNTQPHKLSPFQRPLSYVSVQGAGA, 0.19
243E8I36, YQTWTVNTQPHKLSPFQRPLYYVSVQGAGA, 0.16
243E9I65, GQTWTVNTQPHKLSPFQRPLYYVSVQGAGA, 0.13
243E10I77, GQTKTVNTQPHKLSPFQRPLYYVSVQGAGA, 0.12
243E11I86, GQTKTVNTQPHKLSPFQRPLYYVSVQGAGS, 0.11
243E12I105, GQTKTLNTQPHKLSPFQRPLYYVSVQGAGS, 0.09
243E13I108, GQTKTLNTQPHKASPFQRPLYYVSVQGAGS, 0.08
243E14I113, GQTKTLNTQPHEASPFQRPLYYVSVQGAGS, 0.05
243E15I114, GQTKTLNTQPHEAYPFQRPLYYVSVQGAGS, 0.04
243E16I141, GQTKTLNTQPHEARPFQRPLYYVSVQGAGS, 0.03
243E17I240, GYTKTLNTQPHEARPFQRPLYYVSVQGAGS, 0.02
