263E0I0, YLYIFEVFPTWHHIVSLPLGHFEKSKPHSV, 0.41
263E1I2, YLYIFEVFPTWHHIVSLPLGHFEKIKPHSV, 0.37
263E2I5, YLYIFEVFPTWHKIVSLPLGHFEKIKPHSV, 0.31
263E3I10, YLYIFEVFPTWHKLVSLPLGHFEKIKPHSV, 0.3
263E4I12, YLNIFEVFPTWHKLVSLPLGHFEKIKPHSV, 0.27
263E5I14, YLNIFEVFPTWHKLVSLPLGHFEKIKYHSV, 0.22
263E6I17, YLNIFEVFPTWHKLVSLELGHFEKIKYHSV, 0.17
263E7I25, ALNIFEVFPTWHKLVSLELGHFEKIKYHSV, 0.15
263E8I34, ALNIFEVFPTWHKLVSLELKHFEKIKYHSV, 0.14
263E9I36, ALNIFEVFPTWHKLVSLELKNFEKIKYHSV, 0.13
263E10I72, ALNIFEVFPTWHKLVSLELKNYEKIKYHSV, 0.12
263E11I124, ALNIFEVFPTWHKLVSLELDNYEKIKYHSV, 0.08
263E12I140, ALNIFEVFPTWHKLVSLELDNYEKQKYHSV, 0.07
263E13I193, ALNIFEWFPTWHKLVSLELDNYEKQKYHSV, 0.06
263E14I227, ALNIFEWFPGWHKLVSLELDNYEKQKYHSV, 0.05
263E15I234, ALNIFEWFPGWHKLVSLELDNYEKQKYHSN, 0.04
263E16I256, ALNIFEWFPGWHKLVSLELDNYEKQKYHEN, 0.03
263E17I302, ALNIFEWFPGWHKLVSLELDNYEKQVYHEN, 0.02
263E18I359, ELNIFEWFPGWHKLVSLELDNYEKQVYHEN, 0.01
