341E0I0, EGADTEVNDIYFKERPLTNFGARQERDPPH, 0.48
341E1I1, EGADTEVNDIYFKERPLTNFGARQERDPPA, 0.47
341E2I7, EGADTEVHDIYFKERPLTNFGARQERDPPA, 0.44
341E3I9, EGADTEVHDIYFKERPLTNFGAFQERDPPA, 0.4
341E4I10, EGADTEVHDIYFKERPITNFGAFQERDPPA, 0.33
341E5I12, EGADTEVHDIYFKERPITNFGAFQERQPPA, 0.3
341E6I15, EGADTEVHDIYFKERPITNFGAFQERQPPP, 0.29
341E7I16, EGADTEVHDIYFKERPITNDGAFQERQPPP, 0.25
341E8I26, EGADTEVHDIYFKERPITNDGAFQIRQPPP, 0.24
341E9I35, EGADTEVHDIYHKERPITNDGAFQIRQPPP, 0.23
341E10I43, EGADTEVHDIYQKERPITNDGAFQIRQPPP, 0.22
341E11I45, EGQDTEVHDIYQKERPITNDGAFQIRQPPP, 0.21
341E12I50, EGQYTEVHDIYQKERPITNDGAFQIRQPPP, 0.19
341E13I54, EGQYTEVHDIYYKERPITNDGAFQIRQPPP, 0.18
341E14I59, EGQYTEVHDIYYKERPITNDGAFQGRQPPP, 0.17
341E15I88, EGQYTEVHDIYYKERPITNDGPFQGRQPPP, 0.16
341E16I94, EGQYTEVFDIYYKERPITNDGPFQGRQPPP, 0.14
341E17I99, EGQYTEVFDIYNKERPITNDGPFQGRQPPP, 0.12
341E18I100, EGQYTEVFDIYNKERPKTNDGPFQGRQPPP, 0.11
341E19I103, EGQYTEVFDIYNKERPKTDDGPFQGRQPPP, 0.1
341E20I129, VGQYTEVFDIYNKERPKTDDGPFQGRQPPP, 0.08
341E21I140, VGQYTEVFGIYNKERPKTDDGPFQGRQPPP, 0.06
341E22I141, VGQYTEVFGIYNKERPKTDDGPFQGRQPVP, 0.05
341E23I217, VGQYTEVFGIYNKTRPKTDDGPFQGRQPVP, 0.03
