241E0I0, PVEASHTEGSQWIETYEHKDVVVKVAHLIQ, 0.39
241E1I1, PVEASHTEGSQWIETYEHKDVVVKNAHLIQ, 0.36
241E2I5, PVEASHTEGSQWIETYEHKDVVVKNAHLDQ, 0.31
241E3I9, PVEASHTEGSQWIETYEHKDVVAKNAHLDQ, 0.3
241E4I13, PVERSHTEGSQWIETYEHKDVVAKNAHLDQ, 0.29
241E5I17, PVERSHTEGSQWRETYEHKDVVAKNAHLDQ, 0.26
241E6I18, PVERSHTEWSQWRETYEHKDVVAKNAHLDQ, 0.25
241E7I20, PVERSHTEWSQWRETYEHKSVVAKNAHLDQ, 0.23
241E8I21, PVERSHTEWSQWRETNEHKSVVAKNAHLDQ, 0.21
241E9I24, PVERSHTEWSQWRETNEHKSVVAKNDHLDQ, 0.19
241E10I27, PVERSHTEWSEWRETNEHKSVVAKNDHLDQ, 0.18
241E11I30, PVERSHTEWSEWRETFEHKSVVAKNDHLDQ, 0.17
241E12I31, PVERSHTEWSEWRETFEHKSVVAKNDHLDL, 0.16
241E13I38, PVERSHTEWSEWRETFEHKSVVAKNDHDDL, 0.15
241E14I42, PVERSHTEWSEWRETFEHKSVVAKNDHDAL, 0.13
241E15I45, PVERSGTEWSEWRETFEHKSVVAKNDHDAL, 0.12
241E16I53, PVERSGTEWSEWRETFEHKYVVAKNDHDAL, 0.1
241E17I74, PVERSGTEWSEWRETFEHKYVVAKNDHDAV, 0.09
241E18I127, PVEDSGTEWSEWRETFEHKYVVAKNDHDAV, 0.08
241E19I128, PVEDSGTEDSEWRETFEHKYVVAKNDHDAV, 0.07
241E20I150, PVEDSGTEDFEWRETFEHKYVVAKNDHDAV, 0.06
241E21I221, PVEDSGTEQFEWRETFEHKYVVAKNDHDAV, 0.05
