295E0I0, EWSYNQFNQAVPSFNFHFQSKYQHFGWWEW, 0.45
295E1I1, EWHYNQFNQAVPSFNFHFQSKYQHFGWWEW, 0.44
295E2I4, EWHYNQFNQAVPSFNFHFQSKYQHQGWWEW, 0.37
295E3I9, EWHYNQFNQAVPSFNFSFQSKYQHQGWWEW, 0.34
295E4I12, EWHYNQDNQAVPSFNFSFQSKYQHQGWWEW, 0.29
295E5I22, EWHYNQDNQAVPSFNFSFQSKYQTQGWWEW, 0.26
295E6I33, EWHYNQDNQQVPSFNFSFQSKYQTQGWWEW, 0.22
295E7I34, EWHYNQDNQQVPSFNESFQSKYQTQGWWEW, 0.21
295E8I41, EWHYNQDNQQVPRFNESFQSKYQTQGWWEW, 0.19
295E9I45, EWHYNQDNQQVPRFNESFQSKYQTQGWWGW, 0.18
295E10I46, EWHYNQDNQQVPRFNESFQSKYQTQGWWGT, 0.16
295E11I49, EWHYNQDNQQVRRFNESFQSKYQTQGWWGT, 0.14
295E12I79, EWHYNQDNQQVRRFNESFQSKYYTQGWWGT, 0.13
295E13I88, EWHYNQDNQQVRRFNEWFQSKYYTQGWWGT, 0.12
295E14I99, EWHYEQDNQQVRRFNEWFQSKYYTQGWWGT, 0.11
295E15I183, EWHYEQDNQQVRRFNEWFQSKYDTQGWWGT, 0.1
295E16I232, EWHYEQDNQQVRRFNEWFQSKLDTQGWWGT, 0.09
295E17I245, EWHYEQDNEQVRRFNEWFQSKLDTQGWWGT, 0.07
295E18I310, EWHYEQDNEQVRNFNEWFQSKLDTQGWWGT, 0.06
