86E0I0, EPGANFQGTGGEDGATKVKLHQNTQAHTFN, 0.47
86E1I3, EPGANFQGTGGEDGATKVKLHQNTQAATFN, 0.45
86E2I4, EPGANFQGSGGEDGATKVKLHQNTQAATFN, 0.4
86E3I5, EPGANFQGSGGEDGATKVKLHQNTQVATFN, 0.38
86E4I8, EPGKNFQGSGGEDGATKVKLHQNTQVATFN, 0.33
86E5I9, EPGKNFQGSGGEWGATKVKLHQNTQVATFN, 0.32
86E6I18, EPGKNFQGSGGEWGATKVKLHQNTIVATFN, 0.3
86E7I23, EPGKNFQGSGGEWGATKVKLHQNTIVATLN, 0.26
86E8I25, EPGKNFQQSGGEWGATKVKLHQNTIVATLN, 0.24
86E9I30, EPGKNFQQSGKEWGATKVKLHQNTIVATLN, 0.22
86E10I31, EPGKNFQQSGKEWGATKVKLHQNTIVAALN, 0.21
86E11I32, EPGKNFQQSGKELGATKVKLHQNTIVAALN, 0.2
86E12I33, EPGKNFQQSGKELGATKVKLHTNTIVAALN, 0.19
86E13I38, EPGKNFQQSGKELGATKVKLHTNTWVAALN, 0.17
86E14I46, EQGKNFQQSGKELGATKVKLHTNTWVAALN, 0.15
86E15I47, EQGKNSQQSGKELGATKVKLHTNTWVAALN, 0.13
86E16I50, EQGKNSQQSGKELGATKVKLATNTWVAALN, 0.11
86E17I55, EQGKNSQQSGKELGATKVKLATNTWVDALN, 0.1
86E18I123, EQGKNSQQSGKELGATKVKLATNTVVDALN, 0.09
86E19I129, EQGKNSQQSGKELGATKVKLYTNTVVDALN, 0.07
86E20I133, EQGKNSQQSGKELGATKVKLYTNKVVDALN, 0.06
