397E0I0, IGWVVKQQRSHFWYIFQLDLIFHHPVQKVA, 0.32
397E1I6, IGWVVKAQRSHFWYIFQLDLIFHHPVQKVA, 0.3
397E2I11, IGWVVKAQRSHFWYIFQLDLIGHHPVQKVA, 0.26
397E3I14, IGWVVKAQRSHFWYIFQLDLIGHAPVQKVA, 0.24
397E4I15, IGWVVKAQRSHFWYIFQLDLYGHAPVQKVA, 0.23
397E5I28, IGWVVKAQRSHFWYVFQLDLYGHAPVQKVA, 0.2
397E6I36, IGWVVKAQRSHFWYVFQLDLYGVAPVQKVA, 0.19
397E7I41, IGWVVKAQRSHFEYVFQLDLYGVAPVQKVA, 0.18
397E8I43, IGWVVVAQRSHFEYVFQLDLYGVAPVQKVA, 0.17
397E9I47, IGWVVVAQRSHFEYVFQTDLYGVAPVQKVA, 0.15
397E10I57, IGWVVVQQRSHFEYVFQTDLYGVAPVQKVA, 0.14
397E11I68, IGWVVVQQRSHFEYVFQTDLYGVAPVQDVA, 0.13
397E12I70, IGWVVLQQRSHFEYVFQTDLYGVAPVQDVA, 0.12
397E13I84, IGKVVLQQRSHFEYVFQTDLYGVAPVQDVA, 0.11
397E14I90, IGKVVLQQRSHFENVFQTDLYGVAPVQDVA, 0.07
397E15I99, IGKVVLQQRSHFENVFQTDLYGVAPVLDVA, 0.06
397E16I104, IGKVVLQQRSKFENVFQTDLYGVAPVLDVA, 0.05
397E17I114, IGKVVLQQRSKFENVFQPDLYGVAPVLDVA, 0.03
