233E0I0, DTAWQSKIISWINHYWKWINDVHLIWADNI, 0.49
233E1I1, DTAWQSKGISWINHYWKWINDVHLIWADNI, 0.48
233E2I2, DTAWQSKGISWINHYWKYINDVHLIWADNI, 0.47
233E3I6, DTAWQSKGISWRNHYWKYINDVHLIWADNI, 0.46
233E4I9, DTAWGSKGISWRNHYWKYINDVHLIWADNI, 0.44
233E5I11, DTAWGSKGISWRNHYWKYINDVHLIWYDNI, 0.4
233E6I16, DTAIGSKGISWRNHYWKYINDVHLIWYDNI, 0.38
233E7I25, DTAIGSKGISWRNHYKKYINDVHLIWYDNI, 0.34
233E8I26, DTAIGSKGISWTNHYKKYINDVHLIWYDNI, 0.32
233E9I27, DTAIGSKGISWTNHYKKYINDVHLIWHDNI, 0.31
233E10I32, DTAIGSKGISWTNHYDKYINDVHLIWHDNI, 0.3
233E11I37, DTAIGKKGISWTNHYDKYINDVHLIWHDNI, 0.29
233E12I46, DTAIGKEGISWTNHYDKYINDVHLIWHDNI, 0.24
233E13I61, DTAIGKEGIDWTNHYDKYINDVHLIWHDNI, 0.23
233E14I69, DTAIGKEGIDWTNHYDKDINDVHLIWHDNI, 0.22
233E15I70, DTAIGKEGIDWTNHYDKDINDSHLIWHDNI, 0.21
233E16I72, DTAIGKEGIDWTNHYDRDINDSHLIWHDNI, 0.2
233E17I73, DTAIGKEGIDWTNEYDRDINDSHLIWHDNI, 0.19
233E18I74, DRAIGKEGIDWTNEYDRDINDSHLIWHDNI, 0.17
233E19I88, DRAIGKEGIDWTNEYDRDINDSLLIWHDNI, 0.15
233E20I92, DRAIGKEGIDWINEYDRDINDSLLIWHDNI, 0.14
233E21I122, FRAIGKEGIDWINEYDRDINDSLLIWHDNI, 0.13
233E22I124, FRAIGKEGIEWINEYDRDINDSLLIWHDNI, 0.12
233E23I170, FRAIGKEGIEWINEYDRDINDSLDIWHDNI, 0.11
233E24I231, FRAIGKEGIEWINEYDLDINDSLDIWHDNI, 0.09
233E25I241, FRAIGKELIEWINEYDLDINDSLDIWHDNI, 0.08
233E26I245, FRAIGKELIEWINEPDLDINDSLDIWHDNI, 0.07
233E27I257, FRAIGKELIEGINEPDLDINDSLDIWHDNI, 0.06
233E28I288, FRAIGKELIEGINEPDLDINKSLDIWHDNI, 0.05
233E29I298, FRAIGKELIEGINTPDLDINKSLDIWHDNI, 0.04
233E30I316, FRAIGKELIEGINTPDLDINKKLDIWHDNI, 0.03
233E31I383, FRAIGKELIEGINTPDLDINKKLDIWHDNK, 0.02
