331E0I0, LSTLVDHHKHGTGEQVASGGATHIKQYYND, 0.25
331E1I2, LSTLVDHHKHGYGEQVASGGATHIKQYYND, 0.22
331E2I4, LDTLVDHHKHGYGEQVASGGATHIKQYYND, 0.2
331E3I7, LDTLVDHHKHGYGEQVASGGATLIKQYYND, 0.18
331E4I12, LDTLVDHHKHGWGEQVASGGATLIKQYYND, 0.16
331E5I18, LDTLVEHHKHGWGEQVASGGATLIKQYYND, 0.14
331E6I28, LDTLVEHHKHGWGEQDASGGATLIKQYYND, 0.13
331E7I49, LDTLVEHHKHGWGEQDASGGGTLIKQYYND, 0.11
331E8I51, LDTLVEHHKHGWGEQDASGGGTLVKQYYND, 0.1
331E9I62, LDTLVEHHKHGWGEQDASGGGTLVKQYVND, 0.09
331E10I145, LDTLVEHHKHGWGEQDWSGGGTLVKQYVND, 0.07
331E11I147, LDTLVEHHKHGWGEQDWSGGGTLVFQYVND, 0.06
331E12I156, LDTLVEWHKHGWGEQDWSGGGTLVFQYVND, 0.04
331E13I248, LDNLVEWHKHGWGEQDWSGGGTLVFQYVND, 0.02
