471E0I0, GQRAIWTERLDKWTRWVKSPNEGDGYATAA, 0.37
471E1I6, GQRAIWTERLDKWTRWVKSTNEGDGYATAA, 0.34
471E2I12, GQRAIWTERLDKWTRWVKSTNEGDGYASAA, 0.27
471E3I13, GQRAIWTELLDKWTRWVKSTNEGDGYASAA, 0.25
471E4I16, GQRDIWTELLDKWTRWVKSTNEGDGYASAA, 0.24
471E5I17, GQRDIWTELLDKWTRWVKYTNEGDGYASAA, 0.2
471E6I19, GQRDIWTELLDKWTRWTKYTNEGDGYASAA, 0.18
471E7I20, GQRDIWTELLDKWTRWTKYTNEGDGYASFA, 0.17
471E8I21, GQRDIWTELLDKWTRGTKYTNEGDGYASFA, 0.16
471E9I25, GQRDIWTELLDKWTRGTKYTNEGGGYASFA, 0.12
471E10I39, GQRDIWNELLDKWTRGTKYTNEGGGYASFA, 0.1
471E11I40, GQRDIWNELLDKWTRGTKYTNEGGGGASFA, 0.07
471E12I103, GQRDIWNELLDKWTRGTKYKNEGGGGASFA, 0.05
471E13I164, GQRDIWNELLDKWTRGTKYKNEGGGGASFT, 0.04
471E14I205, GQRDIWNELLDKWTRGTKYKNEGGGGASFN, 0.03
471E15I248, GQRDIWNELLDKWTRGTKYKNEGGIGASFN, 0.02
