2E0I0, QQFSDFPVESDHDEGAERRYIWYSHRIIPD, 0.35
2E1I9, QQFSDFPVESDHDEGAERRIIWYSHRIIPD, 0.33
2E2I12, QQFSDFPVESDHEEGAERRIIWYSHRIIPD, 0.32
2E3I15, QQFSDFPVHSDHEEGAERRIIWYSHRIIPD, 0.31
2E4I22, QQFSPFPVHSDHEEGAERRIIWYSHRIIPD, 0.29
2E5I24, QQFSPFPVHEDHEEGAERRIIWYSHRIIPD, 0.26
2E6I29, QQQSPFPVHEDHEEGAERRIIWYSHRIIPD, 0.22
2E7I33, QFQSPFPVHEDHEEGAERRIIWYSHRIIPD, 0.2
2E8I40, QFQSPFPVHEDHEEGAERRIIKYSHRIIPD, 0.18
2E9I78, QFQSVFPVHEDHEEGAERRIIKYSHRIIPD, 0.16
2E10I98, QFQSVFPVHEDHEEGAEARIIKYSHRIIPD, 0.15
2E11I129, QFQSVFPVHEDHEEEAEARIIKYSHRIIPD, 0.13
2E12I135, QFQWVFPVHEDHEEEAEARIIKYSHRIIPD, 0.12
2E13I153, QFQWVFPVHEDHEEEAEARLIKYSHRIIPD, 0.11
2E14I159, QFQWVFPVHDDHEEEAEARLIKYSHRIIPD, 0.1
2E15I173, QFQQVFPVHDDHEEEAEARLIKYSHRIIPD, 0.09
2E16I190, QFQQWFPVHDDHEEEAEARLIKYSHRIIPD, 0.08
