109E0I0, RYFDPWLAKIHFAEDLEHIVTTHQFHYSHD, 0.6
109E1I1, RYFDPWLAKIHFAEDLVHIVTTHQFHYSHD, 0.55
109E2I2, RYFDPWLAKIHFAEDLVHIVTTHQFIYSHD, 0.51
109E3I4, RYFDPWLAKIHFAEDLVHIVTTKQFIYSHD, 0.48
109E4I7, RYFDPWLAKIFFAEDLVHIVTTKQFIYSHD, 0.46
109E5I8, RYFDPWLAKIFFAEDLVHIRTTKQFIYSHD, 0.42
109E6I9, RYFRPWLAKIFFAEDLVHIRTTKQFIYSHD, 0.38
109E7I13, RYFRPWLAKIFFAEDLVHIRTTKQIIYSHD, 0.36
109E8I18, RYFRPWLAKIFFAEDLDHIRTTKQIIYSHD, 0.31
109E9I20, QYFRPWLAKIFFAEDLDHIRTTKQIIYSHD, 0.27
109E10I36, QYFRPWLAKIFVAEDLDHIRTTKQIIYSHD, 0.26
109E11I37, QYFRPWLAKIFVAEDLDHVRTTKQIIYSHD, 0.25
109E12I45, QYFRPWLAKIFQAEDLDHVRTTKQIIYSHD, 0.22
109E13I48, QYFRPWLAKIFQANDLDHVRTTKQIIYSHD, 0.2
109E14I51, QYFIPWLAKIFQANDLDHVRTTKQIIYSHD, 0.19
109E15I64, QYFIPWLAKIFQANSLDHVRTTKQIIYSHD, 0.17
109E16I67, QYFIPWLAKIFQANSLDDVRTTKQIIYSHD, 0.13
109E17I130, QYFIEWLAKIFQANSLDDVRTTKQIIYSHD, 0.12
109E18I157, QYFIEWLAKIFQANSLDDVRTPKQIIYSHD, 0.11
109E19I171, QYFIEWLAKIFQANSLDDVRTPKQIFYSHD, 0.09
109E20I172, QYFIEWLAKIFQANSLDDVRTPKQQFYSHD, 0.07
109E21I198, QYFIEWLNKIFQANSLDDVRTPKQQFYSHD, 0.06
109E22I202, QYFIEWLNKIFQANSLDDVRTSKQQFYSHD, 0.03
109E23I227, QYFIEWLNKIFQANSLDDVRTSKQQFYSTD, 0.02
