61E0I0, YQAYQIRWATEPNVRGLIAQPRWGKQQGRV, 0.43
61E1I1, YQAYQKRWATEPNVRGLIAQPRWGKQQGRV, 0.38
61E2I2, YQAYQKRWATEPNVRGLIARPRWGKQQGRV, 0.36
61E3I3, YQAYQKRIATEPNVRGLIARPRWGKQQGRV, 0.3
61E4I7, YQAYQKRIATEPNVRGLIARPRFGKQQGRV, 0.27
61E5I12, YQAYQKREATEPNVRGLIARPRFGKQQGRV, 0.25
61E6I13, YQAYQKREATEPNVRGLIARPRIGKQQGRV, 0.22
61E7I16, YQAYQKREATEPNVRGLIARPRIGKQAGRV, 0.21
61E8I22, YQAYQKREATEPLVRGLIARPRIGKQAGRV, 0.15
61E9I25, YQAYQKREATEPLVRGTIARPRIGKQAGRV, 0.13
61E10I32, YQAYQKREATEPLVRGTIARPFIGKQAGRV, 0.12
61E11I41, YQAYQKREATEPLVRGTIARPFEGKQAGRV, 0.09
61E12I44, YQAYQKREATEPLVRGTIARPFEPKQAGRV, 0.07
61E13I75, YQAYQKREATEPLVRGTIARPFEQKQAGRV, 0.06
61E14I137, YQAYQKREATEPLVRGTIARPFEQKQQGRV, 0.05
