63E0I0, IPKRFGVSDGSKGQFYGDWIYWKIFYARNL, 0.41
63E1I1, IPKRTGVSDGSKGQFYGDWIYWKIFYARNL, 0.38
63E2I2, IPKRTGVSDGSKGQFYGDWIYLKIFYARNL, 0.3
63E3I4, IPKRTGVNDGSKGQFYGDWIYLKIFYARNL, 0.25
63E4I5, IPKRTGVNDGSKGQFYGDWIYTKIFYARNL, 0.24
63E5I12, IPKRTNVNDGSKGQFYGDWIYTKIFYARNL, 0.23
63E6I14, IPKRTNVNDNSKGQFYGDWIYTKIFYARNL, 0.2
63E7I16, IPKRTNVNDNSKGQFYGDWIYTKIFYARQL, 0.19
63E8I17, YPKRTNVNDNSKGQFYGDWIYTKIFYARQL, 0.16
63E9I73, YPKRLNVNDNSKGQFYGDWIYTKIFYARQL, 0.15
63E10I77, YPKRLNVNDNSKFQFYGDWIYTKIFYARQL, 0.14
63E11I78, YPKRLNVNDNSKFQFYGDWLYTKIFYARQL, 0.13
63E12I83, YPKRLNVNDNSKFQFYGDWLYTKIFYASQL, 0.12
63E13I105, YPKRLNVNDNSKFQFYGDWLYTKIFYTSQL, 0.08
63E14I118, YPKRLNVNDNSKFQFYGDWLYDKIFYTSQL, 0.07
63E15I128, YPKRLNVNDNSKFQFYGDWLYDKIKYTSQL, 0.06
63E16I181, LPKRLNVNDNSKFQFYGDWLYDKIKYTSQL, 0.05
63E17I280, LPKRLNVNDNSKFQFYDDWLYDKIKYTSQL, 0.04
