122E0I0, FRHWKWKEWRSRVRKSINTLINFGNGRNGH, 0.38
122E1I2, FRHWKWKEWRSRVRKSINTLIKFGNGRNGH, 0.37
122E2I6, FRHHKWKEWRSRVRKSINTLIKFGNGRNGH, 0.32
122E3I12, FRHHKWKEWRSRVRKIINTLIKFGNGRNGH, 0.3
122E4I13, FRHHKWKEWRSRVRKGINTLIKFGNGRNGH, 0.28
122E5I15, FRHHKWHEWRSRVRKGINTLIKFGNGRNGH, 0.27
122E6I17, FRPHKWHEWRSRVRKGINTLIKFGNGRNGH, 0.25
122E7I18, FRPHKWHEWRSRVRKGINTLIKFGNGRNAH, 0.22
122E8I27, FRPHKWHEWRSRVRKGINTLIKFGNGINAH, 0.2
122E9I35, FRPHKWHEWRSRPRKGINTLIKFGNGINAH, 0.18
122E10I48, FRPHKWHEHRSRPRKGINTLIKFGNGINAH, 0.17
122E11I68, FRPHKWHEHRSRPRKGINTLIKFGYGINAH, 0.15
122E12I103, FRPHKWHEHRSKPRKGINTLIKFGYGINAH, 0.12
122E13I115, FRPHKWHYHRSKPRKGINTLIKFGYGINAH, 0.11
122E14I127, FRPHKWHYHRSKPRKGINTLIKFGYGINAQ, 0.08
122E15I130, FRPHKWHYHRSKPRKGINTLIKFGYGINAR, 0.07
122E16I194, FRPHKWHYHRSKPVKGINTLIKFGYGINAR, 0.06
