182E0I0, STEEEATTGFKFHAWEKVGHHADRDNSRQW, 0.46
182E1I2, STKEEATTGFKFHAWEKVGHHADRDNSRQW, 0.42
182E2I3, STKEEATTGFKFEAWEKVGHHADRDNSRQW, 0.28
182E3I4, STKEEATTGFKFEAWEKVGHHADRFNSRQW, 0.27
182E4I9, STKEEATTGFKFEAWEKVGHHADRFNSRQV, 0.26
182E5I12, STKEEATTGFKFEAWEKVGEHADRFNSRQV, 0.25
182E6I25, STKEEATTGFKFEAWEKVGEHAHRFNSRQV, 0.22
182E7I29, STKEEATPGFKFEAWEKVGEHAHRFNSRQV, 0.21
182E8I30, STKEEATPGFKFEAWEKVDEHAHRFNSRQV, 0.2
182E9I31, STKEEATPGFKFELWEKVDEHAHRFNSRQV, 0.17
182E10I36, STKEEATPGFKFELWEKVDEHAYRFNSRQV, 0.15
182E11I43, STKEEATPGFKFELWEKVDTHAYRFNSRQV, 0.14
182E12I55, STKEEATPGFKFELWEKVDTEAYRFNSRQV, 0.12
182E13I92, STKEEATPGFKFELWEKVDHEAYRFNSRQV, 0.1
182E14I103, STKEEATPGFKFELWEKVDYEAYRFNSRQV, 0.09
182E15I155, STKEEATPGFKFELWEKEDYEAYRFNSRQV, 0.08
182E16I226, STKEEATPGFKFELWEKEDYEAARFNSRQV, 0.07
