463E0I0, RPPYEDSYFYVIIGYQRPRWTIVTQHPDEY, 0.39
463E1I2, RPPYEDSYFYVIIGYQRPRWTIVTQPPDEY, 0.32
463E2I4, RPPYEDSYFYVIIGYQRPRWTIVTQPRDEY, 0.31
463E3I6, RPPYEDSYFYVIIGYQRWRWTIVTQPRDEY, 0.3
463E4I7, RPPYEDSYFYVGIGYQRWRWTIVTQPRDEY, 0.29
463E5I16, QPPYEDSYFYVGIGYQRWRWTIVTQPRDEY, 0.25
463E6I20, QPPYVDSYFYVGIGYQRWRWTIVTQPRDEY, 0.24
463E7I25, QPPYQDSYFYVGIGYQRWRWTIVTQPRDEY, 0.23
463E8I26, QPPYQDSYFYVGIGYQRWRWTIVTQPRDHY, 0.18
463E9I33, QPPYQTSYFYVGIGYQRWRWTIVTQPRDHY, 0.13
463E10I34, QPPYQTSYFYVGIHYQRWRWTIVTQPRDHY, 0.11
463E11I41, QPPYNTSYFYVGIHYQRWRWTIVTQPRDHY, 0.09
463E12I48, QPPYNTSYVYVGIHYQRWRWTIVTQPRDHY, 0.08
463E13I98, QPPYNTSYVYVGIHYQRWRWTNVTQPRDHY, 0.06
