379E0I0, PPQGKHLPDFYAHQGSAQDQTIRILTQDEE, 0.45
379E1I1, PPSGKHLPDFYAHQGSAQDQTIRILTQDEE, 0.44
379E2I7, PPSGKHLPDTYAHQGSAQDQTIRILTQDEE, 0.42
379E3I11, PPSGKHLPDTYAHQGQAQDQTIRILTQDEE, 0.4
379E4I12, PPSGKHLPDTYTHQGQAQDQTIRILTQDEE, 0.39
379E5I17, PPSGKHLPDTYTHQGQAQDQTIRILTQAEE, 0.36
379E6I19, KPSGKHLPDTYTHQGQAQDQTIRILTQAEE, 0.34
379E7I21, KPSGKHLPDTYTHQGQAQDQTIRILTQAED, 0.33
379E8I24, KPSGKHLPDTYTHQGQAQDQTIRILTQRED, 0.32
379E9I27, KPSGKHLPDTYIHQGQAQDQTIRILTQRED, 0.3
379E10I29, KPSGKHLPDTYIHQGQAQDQTIEILTQRED, 0.28
379E11I32, KPSGKHLPDTYIHQGQKQDQTIEILTQRED, 0.26
379E12I36, KPSGKHLPDTYIHQGQKQDQTIEIETQRED, 0.24
379E13I42, KPSGKHLPDTYIHQGQKQDQTIEFETQRED, 0.2
379E14I46, KPSGKHLPDTYIHQGQKQDQTIEFETQFED, 0.19
379E15I57, KPSGKHLPDWYIHQGQKQDQTIEFETQFED, 0.18
379E16I65, KPSGKHLPDWYIHQGQKQDSTIEFETQFED, 0.17
379E17I67, KPSGKHLPDWYIHQGQKQDSTIEFETQFEQ, 0.15
379E18I71, KPSGKHQPDWYIHQGQKQDSTIEFETQFEQ, 0.14
379E19I75, KPSGKHQPDWYIHQGQKQDSTIWFETQFEQ, 0.12
379E20I89, KPSGKTQPDWYIHQGQKQDSTIWFETQFEQ, 0.11
379E21I103, KPSGKTQPDNYIHQGQKQDSTIWFETQFEQ, 0.09
379E22I107, KPSGKTQPDNYIHQGLKQDSTIWFETQFEQ, 0.07
