113E0I0, AIGGWNWNQNTWLVTVESPHVVVYVWAKNK, 0.41
113E1I1, AIGGWNWNQNTWLVTVESPHVVVYVYAKNK, 0.36
113E2I3, AIGGWNWNQNTWLVTVESPVVVVYVYAKNK, 0.33
113E3I5, AIGGWNWNQNTWLVTVESPVVVSYVYAKNK, 0.29
113E4I7, AIGGWNWNQNTWLVTVESPVVVSYVAAKNK, 0.25
113E5I8, AIGGWNWNQNLWLVTVESPVVVSYVAAKNK, 0.21
113E6I13, AIGGWNWNINLWLVTVESPVVVSYVAAKNK, 0.17
113E7I25, AIGGWNWNINLWLVTVEHPVVVSYVAAKNK, 0.15
113E8I34, AIGGWNWNINEWLVTVEHPVVVSYVAAKNK, 0.14
113E9I35, AIGGWNWNINEWLVTREHPVVVSYVAAKNK, 0.1
113E10I46, AIGGWNWNINEWLVTREHRVVVSYVAAKNK, 0.09
113E11I54, AIGGWNWFINEWLVTREHRVVVSYVAAKNK, 0.07
113E12I90, AIGTWNWFINEWLVTREHRVVVSYVAAKNK, 0.06
