94E0I0, YNRNVATESIAAVWPRKLHGLNDIAVIGGE, 0.41
94E1I4, YNRNVATESIAAVWPRKPHGLNDIAVIGGE, 0.37
94E2I6, YNRNVATESIAAVWERKPHGLNDIAVIGGE, 0.32
94E3I14, YNRNVATESGAAVWERKPHGLNDIAVIGGE, 0.28
94E4I15, YNDNVATESGAAVWERKPHGLNDIAVIGGE, 0.23
94E5I20, YNDNVAHESGAAVWERKPHGLNDIAVIGGE, 0.21
94E6I31, YLDNVAHESGAAVWERKPHGLNDIAVIGGE, 0.19
94E7I32, YLDNVAHESGAAVWERKPHGLNDIALIGGE, 0.18
94E8I46, LLDNVAHESGAAVWERKPHGLNDIALIGGE, 0.17
94E9I49, LLDNVAHESGAAVWERKPDGLNDIALIGGE, 0.14
94E10I51, LLDNVAHESGAAVGERKPDGLNDIALIGGE, 0.12
94E11I56, LLDNVAHESGAAAGERKPDGLNDIALIGGE, 0.11
94E12I75, LLDNVAHESGAAATERKPDGLNDIALIGGE, 0.1
94E13I96, LLDNDAHESGAAATERKPDGLNDIALIGGE, 0.09
