292E0I0, LAYHLFAKQEIWEVFFPKASNTDLRPFTQS, 0.42
292E1I1, LAYHLFAKQEIWYVFFPKASNTDLRPFTQS, 0.39
292E2I6, LAYHLFAKQEIWYVDFPKASNTDLRPFTQS, 0.36
292E3I7, LAYHLFAKQEIWYVDFPKASNTDLPPFTQS, 0.35
292E4I8, LAYHLRAKQEIWYVDFPKASNTDLPPFTQS, 0.33
292E5I14, LAYHARAKQEIWYVDFPKASNTDLPPFTQS, 0.32
292E6I15, LAYHARAKNEIWYVDFPKASNTDLPPFTQS, 0.26
292E7I19, LAYHARAKNEIWYVDFPKASTTDLPPFTQS, 0.25
292E8I22, LAYHARAKNEIWYVDFPEASTTDLPPFTQS, 0.23
292E9I25, LAYHARAKNEIWYVDYPEASTTDLPPFTQS, 0.22
292E10I32, LAYHARAKNEIWYVDYPEASTTDLPQFTQS, 0.19
292E11I33, LAYHARAKNEIWYVDYPVASTTDLPQFTQS, 0.18
292E12I37, LRYHARAKNEIWYVDYPVASTTDLPQFTQS, 0.16
292E13I38, LRYHARAKNEIWYVDYPVASTTDLPGFTQS, 0.15
292E14I54, LRYHARAKNEIWYVDYPVASTTDLYGFTQS, 0.13
292E15I57, LRYHARAKNEIWYVDYPVASTTDLYGFTDS, 0.12
292E16I59, LRYHARAKNEIWYVDTPVASTTDLYGFTDS, 0.1
292E17I61, LRWHARAKNEIWYVDTPVASTTDLYGFTDS, 0.09
292E18I84, LRWHARAKNEIWYVDTPVASQTDLYGFTDS, 0.08
292E19I125, LRWHARAKNEIWYVYTPVASQTDLYGFTDS, 0.06
