432E0I0, PGSIAYREKSIVWYVLFQYWASSREQAWSK, 0.48
432E1I1, PGSIAYREKSIVWYVLFQYWASSREQRWSK, 0.47
432E2I2, PGSIAYREKSIVWYVLFQYWASVREQRWSK, 0.45
432E3I5, PGSIAYREKSIVWYVLFQYWASVREQRWSP, 0.44
432E4I6, PGSIAYREKSIVWYVLFQYWASFREQRWSP, 0.42
432E5I9, PGSIAYREKSIVWYVLFQYWFSFREQRWSP, 0.37
432E6I12, PGSQAYREKSIVWYVLFQYWFSFREQRWSP, 0.34
432E7I13, PGSQAYREKSIVWYVLFQYRFSFREQRWSP, 0.31
432E8I14, PGSQAYEEKSIVWYVLFQYRFSFREQRWSP, 0.28
432E9I18, PGSQAYEEKSIVWYVLFQYRFSFREQRTSP, 0.26
432E10I27, PGSQAYEEKSIVWYVPFQYRFSFREQRTSP, 0.25
432E11I43, PGSQAYEEKSIDWYVPFQYRFSFREQRTSP, 0.22
432E12I56, PGSQAYEEKSIDVYVPFQYRFSFREQRTSP, 0.18
432E13I60, PGSQAYEEKSIDVYVPQQYRFSFREQRTSP, 0.16
432E14I61, PGSQAYEEKSIDVYVPQQYHFSFREQRTSP, 0.15
432E15I63, PGSQAYEEGSIDVYVPQQYHFSFREQRTSP, 0.13
432E16I69, PGSQAYEEGSIDVYVPQQYHFSFREQRTSK, 0.1
432E17I100, PGSQVYEEGSIDVYVPQQYHFSFREQRTSK, 0.09
432E18I177, PGSQVYEEGSIDVYVPQQYHFSFREQRTSY, 0.08
432E19I189, PGKQVYEEGSIDVYVPQQYHFSFREQRTSY, 0.07
