10E0I0, SIRRYKKHNEKLTVYFPGYKAFKIHKRAPQ, 0.39
10E1I3, SIRRYKKHNEKLTVYFPGYKAFKIHKRIPQ, 0.37
10E2I5, SIRRKKKHNEKLTVYFPGYKAFKIHKRIPQ, 0.34
10E3I7, SIRRKKKHNEKLTVYFPGYKAFKIHKTIPQ, 0.33
10E4I14, SIRRKKKHNEKLTVYFPGYKAFKIEKTIPQ, 0.3
10E5I20, SIRQKKKHNEKLTVYFPGYKAFKIEKTIPQ, 0.28
10E6I25, SIRQKKKHNEKLTVYQPGYKAFKIEKTIPQ, 0.26
10E7I26, SIRQKKKHNEKNTVYQPGYKAFKIEKTIPQ, 0.22
10E8I30, SIRQKKKHNEKNTVYQPGYKAIKIEKTIPQ, 0.2
10E9I31, SIRQKKKRNEKNTVYQPGYKAIKIEKTIPQ, 0.18
10E10I35, SIRQKKKRNEKNTVYQPGYKEIKIEKTIPQ, 0.17
10E11I38, SIRQKKKRNEKNTVYQPGYKEIKIEKTILQ, 0.16
10E12I39, SIRQKKKRNEKNTVYQAGYKEIKIEKTILQ, 0.14
10E13I45, SIRQKKKRNEKNTVYQAGYKEIKIRKTILQ, 0.08
10E14I48, SIRQSKKRNEKNTVYQAGYKEIKIRKTILQ, 0.07
10E15I124, VIRQSKKRNEKNTVYQAGYKEIKIRKTILQ, 0.05
