77E0I0, ADDYYSLVGFPTGLLFKNWPKGAQWFKHAN, 0.39
77E1I1, ADDYGSLVGFPTGLLFKNWPKGAQWFKHAN, 0.37
77E2I2, DDDYGSLVGFPTGLLFKNWPKGAQWFKHAN, 0.36
77E3I21, DDDYTSLVGFPTGLLFKNWPKGAQWFKHAN, 0.33
77E4I22, DDDYTSLVGFPYGLLFKNWPKGAQWFKHAN, 0.32
77E5I30, DDDYTSLVGFPYGLLFKNWPKGAQWFTHAN, 0.31
77E6I36, DDDYTSLVGFPYGLLFKNWPKGHQWFTHAN, 0.29
77E7I40, DDDYTSLVGFPYGLLFKNTPKGHQWFTHAN, 0.26
77E8I42, DDDYTYLVGFPYGLLFKNTPKGHQWFTHAN, 0.24
77E9I45, DDDYTYLVGFPYGLLFKNTPKGHQWFTEAN, 0.16
77E10I50, DDDATYLVGFPYGLLFKNTPKGHQWFTEAN, 0.14
77E11I75, DDDATYLVGFIYGLLFKNTPKGHQWFTEAN, 0.11
77E12I100, DDNATYLVGFIYGLLFKNTPKGHQWFTEAN, 0.1
77E13I123, DDNATYLVGFIYSLLFKNTPKGHQWFTEAN, 0.09
77E14I167, DDNARYLVGFIYSLLFKNTPKGHQWFTEAN, 0.08
