250E0I0, ITSNGGLFLEPTAESLGRHNDWPIAWPNYT, 0.51
250E1I2, ITSNGGLFLEPTAESLGRHNDWPIVWPNYT, 0.49
250E2I4, ITSNGGLFLEPRAESLGRHNDWPIVWPNYT, 0.44
250E3I10, ITSNGGLFLEPRAESLGRHNDWPIKWPNYT, 0.41
250E4I14, ITSNGGLFLEPRAGSLGRHNDWPIKWPNYT, 0.39
250E5I16, ITSNFGLFLEPRAGSLGRHNDWPIKWPNYT, 0.38
250E6I19, ITSNFGLFLEPRAGSLGRANDWPIKWPNYT, 0.29
250E7I22, ITSNFGLFLEPRAGSLGRANIWPIKWPNYT, 0.25
250E8I23, ITSNFGLFLEPRAGSLGRANIWPIKWANYT, 0.24
250E9I25, ITSNFGLSLEPRAGSLGRANIWPIKWANYT, 0.2
250E10I30, ITSNFGLSLEPRAKSLGRANIWPIKWANYT, 0.19
250E11I32, ITSNFGLSLEPRAKSLGRANIWPIKWAWYT, 0.17
250E12I33, ITSNFGLSLEPRAKSLGRANIWPIKSAWYT, 0.14
250E13I72, ITSNFGLSLEPVAKSLGRANIWPIKSAWYT, 0.13
250E14I82, ITSNFGLSLEGVAKSLGRANIWPIKSAWYT, 0.12
250E15I98, ITSNRGLSLEGVAKSLGRANIWPIKSAWYT, 0.1
250E16I127, ITSNRGLSLEGVAKSLGVANIWPIKSAWYT, 0.07
250E17I153, ITSNRGLSLEGVAKSLGVANEWPIKSAWYT, 0.05
250E18I206, ITSERGLSLEGVAKSLGVANEWPIKSAWYT, 0.04
250E19I208, ITSERGLSLEGVAKSLGVANEWPPKSAWYT, 0.03
