439E0I0, WEISHNYWVDNHKNDGKEKGGESLPPQAWT, 0.41
439E1I3, WEASHNYWVDNHKNDGKEKGGESLPPQAWT, 0.37
439E2I5, WEASHSYWVDNHKNDGKEKGGESLPPQAWT, 0.36
439E3I7, WEASHSYWVDNHKNDGLEKGGESLPPQAWT, 0.35
439E4I9, WEASHSYWVDNHKNDGLEKHGESLPPQAWT, 0.3
439E5I10, HEASHSYWVDNHKNDGLEKHGESLPPQAWT, 0.29
439E6I15, HEASHSYWTDNHKNDGLEKHGESLPPQAWT, 0.27
439E7I20, HEASHSYWTDWHKNDGLEKHGESLPPQAWT, 0.26
439E8I22, HEASHSYWTDWHKNDGLEKHGESLDPQAWT, 0.23
439E9I24, HEASHSYWTDWHKNDGLEKHGEQLDPQAWT, 0.19
439E10I45, HEASHSYWTDWHKNDGLEKHGEQLDPQDWT, 0.18
439E11I47, HEASHSYWTDWHKNDGLEKHEEQLDPQDWT, 0.16
439E12I65, HEASHSKWTDWHKNDGLEKHEEQLDPQDWT, 0.11
439E13I69, HEASHSKWTDWHKNEGLEKHEEQLDPQDWT, 0.09
439E14I76, HEASHSKWTDWHKNEGLEKHEEQLDPQQWT, 0.08
439E15I77, HEASHSKWTDWHKNEGLEKHEEQLDKQQWT, 0.07
439E16I87, HEASHSKWTDWHKNEGLEKNEEQLDKQQWT, 0.06
439E17I95, HEASHSKFTDWHKNEGLEKNEEQLDKQQWT, 0.04
439E18I98, HEASHSKFTDWHKNEGLEKNEEQLDKQLWT, 0.03
439E19I194, HEASHSKFRDWHKNEGLEKNEEQLDKQLWT, 0.02
439E20I200, HEASHSKFRTWHKNEGLEKNEEQLDKQLWT, 0.01
