262E0I0, AIGNPQNSAHPRLAADSAFESSWFTELLDS, 0.39
262E1I1, AIGNPQNSAHPRLAADSAFESSWFNELLDS, 0.33
262E2I2, AIGNPQNSAHPRLAADSAFEQSWFNELLDS, 0.28
262E3I3, AIGNPQNSAHPRLAAISAFEQSWFNELLDS, 0.26
262E4I4, AIGNPQNSAHPRLLAISAFEQSWFNELLDS, 0.24
262E5I5, AIGNPQNSAHPRLLAISAFEQSWFNELLDK, 0.23
262E6I8, AIGNPQNSAHPRLLAISKFEQSWFNELLDK, 0.22
262E7I9, AIGNPQWSAHPRLLAISKFEQSWFNELLDK, 0.21
262E8I15, AIGNPQWSAHPRLLAISKFEQNWFNELLDK, 0.18
262E9I16, AIGNPQWSAHPRLLAISKFEQPWFNELLDK, 0.17
262E10I20, AIGNPQWGAHPRLLAISKFEQPWFNELLDK, 0.16
262E11I21, AIGNPQWGSHPRLLAISKFEQPWFNELLDK, 0.15
262E12I28, AIGNPQWGSHPILLAISKFEQPWFNELLDK, 0.14
262E13I36, AIGNPQWGSHPILLAISKFEQPWFNELLDS, 0.13
262E14I40, AIGNPQWGSHPILLAISKFEQPWINELLDS, 0.12
262E15I48, AIGNPQWGSHPILLAISKFEQPWINELLDH, 0.11
262E16I72, AIGNPQWGSHPILLAISKFEQPWINENLDH, 0.1
262E17I74, AIGNPQWGSHPILLAKSKFEQPWINENLDH, 0.09
262E18I100, AIGNPQWGSHPILLAKSKFEQPWINLNLDH, 0.08
262E19I102, AIGNPQWGSKPILLAKSKFEQPWINLNLDH, 0.07
262E20I118, AIGNPQWGSKPILLAKSKFEQPFINLNLDH, 0.06
262E21I122, AIGNPQWGSKPGLLAKSKFEQPFINLNLDH, 0.05
262E22I125, AIGNPQWGSRPGLLAKSKFEQPFINLNLDH, 0.04
262E23I132, AIGNPQWGSRPGLLAKQKFEQPFINLNLDH, 0.03
262E24I134, AIGNPQWKSRPGLLAKQKFEQPFINLNLDH, 0.02
262E25I185, ALGNPQWKSRPGLLAKQKFEQPFINLNLDH, 0.01
