483E0I0, GHHTNRDDPGNRPTEYEIASDIFHTLYEGA, 0.5
483E1I3, GHHTNRDDPGNRPTEYEIASDIFVTLYEGA, 0.48
483E2I7, GHHTNRDDPGNRPTEYEIASDIKVTLYEGA, 0.45
483E3I13, GHHTNRDDPGNRPTEYEIASDIKPTLYEGA, 0.43
483E4I15, GHHTNRDDPGNRPTEYEIASDIKPTLYEGS, 0.42
483E5I20, GHPTNRDDPGNRPTEYEIASDIKPTLYEGS, 0.39
483E6I23, GHPTNRDKPGNRPTEYEIASDIKPTLYEGS, 0.35
483E7I24, GHPTNRDKPSNRPTEYEIASDIKPTLYEGS, 0.34
483E8I26, GHPTNRDKPSNRPTEYTIASDIKPTLYEGS, 0.33
483E9I30, KHPTNRDKPSNRPTEYTIASDIKPTLYEGS, 0.31
483E10I33, KHPTNRDKPSNRPTEYTIASDIKPTLYEKS, 0.3
483E11I36, KHPTNLDKPSNRPTEYTIASDIKPTLYEKS, 0.25
483E12I37, KHPTNLDKQSNRPTEYTIASDIKPTLYEKS, 0.21
483E13I40, KHPTNLDKQSNRPTEYTISSDIKPTLYEKS, 0.18
483E14I41, KHPTNLDKQSNRPTPYTISSDIKPTLYEKS, 0.17
483E15I43, KHPTNLDKQSNRPTPYTISSDIKPTLYEKP, 0.16
483E16I45, KHPTNLDKQSNRPTPYTISVDIKPTLYEKP, 0.15
483E17I54, KTPTNLDKQSNRPTPYTISVDIKPTLYEKP, 0.09
483E18I59, KTPTNLDKQSNRPTNYTISVDIKPTLYEKP, 0.08
483E19I97, KTPTNLDKQSNRPTNYTISVFIKPTLYEKP, 0.07
483E20I106, KTPLNLDKQSNRPTNYTISVFIKPTLYEKP, 0.06
483E21I204, KTPLNLDKQSNRPTNYTISVFIKPTLQEKP, 0.05
483E22I212, KTPLNLDKQSNRPTEYTISVFIKPTLQEKP, 0.04
