200E0I0, IIRLQPVDDLIEKPNDFESPALNFTLVAWE, 0.24
200E1I3, IIRLQPVDDLIEKPNDFESPALNFTLVLWE, 0.22
200E2I7, IIRLQPVDDLIEKPNDFESPALNFTPVLWE, 0.21
200E3I8, IIRLQPVDDQIEKPNDFESPALNFTPVLWE, 0.2
200E4I11, IWRLQPVDDQIEKPNDFESPALNFTPVLWE, 0.18
200E5I23, IWRLQPVDDQIEKRNDFESPALNFTPVLWE, 0.13
200E6I26, IWREQPVDDQIEKRNDFESPALNFTPVLWE, 0.12
200E7I30, IWREQPVDDQIEKRNDFESPKLNFTPVLWE, 0.11
200E8I40, IWREQPVDDQIAKRNDFESPKLNFTPVLWE, 0.09
200E9I41, IWREQPVDDQIAKRNDFENPKLNFTPVLWE, 0.07
200E10I45, IWREQPVDDQIAKRNDFENQKLNFTPVLWE, 0.06
200E11I80, IWREQPVDDDIAKRNDFENQKLNFTPVLWE, 0.05
200E12I81, IWREQPVDDDIAKRNDFENQFLNFTPVLWE, 0.04
200E13I102, IWREQPDDDDIAKRNDFENQFLNFTPVLWE, 0.03
200E14I155, IWREQPDHDDIAKRNDFENQFLNFTPVLWE, 0.02
