39E0I0, DTPNNAHKRDGTPLNEHAEVDFWAQEHFPF, 0.28
39E1I1, DTPNNAHKRDGTPLNEHALVDFWAQEHFPF, 0.27
39E2I3, DTPNNPHKRDGTPLNEHALVDFWAQEHFPF, 0.24
39E3I13, DTPNNPHKRDGTPLNEHALVDFWAQPHFPF, 0.22
39E4I18, DTPNNPHKRDGTPLNEHALVDRWAQPHFPF, 0.19
39E5I24, DTPNNPHKRDGTPLNEHALVDRGAQPHFPF, 0.18
39E6I40, DTENNPHKRDGTPLNEHALVDRGAQPHFPF, 0.17
39E7I45, DTENNPHKRDGTPLNEHALVDREAQPHFPF, 0.13
39E8I82, DTENNPHKRDGTPLNEHALVDREAQKHFPF, 0.12
39E9I111, DTENNPHKRDGTPLNEHRLVDREAQKHFPF, 0.11
39E10I119, DTENNPHKRDGTPLNEHRLFDREAQKHFPF, 0.1
39E11I130, DTENNPHKRDGTELNEHRLFDREAQKHFPF, 0.09
39E12I149, DTENNPLKRDGTELNEHRLFDREAQKHFPF, 0.08
