232E0I0, PELSPSTKDSTQTSLNITTPTSTALNFNRS, 0.29
232E1I1, PELSPSTKDSTQTSVNITTPTSTALNFNRS, 0.27
232E2I3, PELSPITKDSTQTSVNITTPTSTALNFNRS, 0.25
232E3I5, PELSNITKDSTQTSVNITTPTSTALNFNRS, 0.24
232E4I6, PELSNITKDSTQDSVNITTPTSTALNFNRS, 0.22
232E5I26, PELSNITKDSTQASVNITTPTSTALNFNRS, 0.21
232E6I30, PELSNITKDSTQASVNDTTPTSTALNFNRS, 0.19
232E7I49, PELSQITKDSTQASVNDTTPTSTALNFNRS, 0.17
232E8I53, PELSQITKDSTQASVNDTTPTSTALNDNRS, 0.16
232E9I59, PELSQITKDSTQASVNPTTPTSTALNDNRS, 0.15
232E10I61, PELSQITKDSTQASVNITTPTSTALNDNRS, 0.14
232E11I68, PELSQIAKDSTQASVNITTPTSTALNDNRS, 0.13
232E12I72, PELSQIAKDSTQASVNITTPTSTKLNDNRS, 0.12
232E13I85, PELSQIAKDSTQASVNITTWTSTKLNDNRS, 0.11
