381E0I0, YTSPHEESTWRSYGVRFQRVVVNIYRIVPR, 0.37
381E1I1, YTSPHEVSTWRSYGVRFQRVVVNIYRIVPR, 0.36
381E2I5, YTSPHEVYTWRSYGVRFQRVVVNIYRIVPR, 0.35
381E3I6, YTSPHEVYTWRSYGVRFQRVAVNIYRIVPR, 0.31
381E4I9, YTSPHEVYTWRSYGVRFQRVAVNIYRIVDR, 0.29
381E5I20, YTSPHEVYTDRSYGVRFQRVAVNIYRIVDR, 0.22
381E6I26, YTSPHEVYTDRSYGVRFQRVAVNIYRVVDR, 0.19
381E7I29, KTSPHEVYTDRSYGVRFQRVAVNIYRVVDR, 0.18
381E8I32, KTSPHEVYTDNSYGVRFQRVAVNIYRVVDR, 0.13
381E9I45, KTSPHEVYTDNSYGVRFQRVAVNIYRVNDR, 0.09
381E10I107, WTSPHEVYTDNSYGVRFQRVAVNIYRVNDR, 0.08
381E11I133, WTSPHEVYTDNSDGVRFQRVAVNIYRVNDR, 0.07
381E12I191, WTSPHEVYTDNSIGVRFQRVAVNIYRVNDR, 0.06
