351E0I0, YHWIIFYYYVRTPTVFQFRIQLYNSLFNHG, 0.3
351E1I6, YHWIIFYYYVRTPTVFQFRIQLYNSLFNHF, 0.29
351E2I11, YHTIIFYYYVRTPTVFQFRIQLYNSLFNHF, 0.24
351E3I13, YHTIIFYYYVRTPTVFQFRIQLYNSLTNHF, 0.22
351E4I15, YHTIIFYYYVRTPTVFQFRIRLYNSLTNHF, 0.21
351E5I16, YHTIIFYYYVRTPTVFQFRIRLYNELTNHF, 0.2
351E6I23, YHTIIFYYYVRTPTVFQSRIRLYNELTNHF, 0.17
351E7I44, YYTIIFYYYVRTPTVFQSRIRLYNELTNHF, 0.15
351E8I49, YYTVIFYYYVRTPTVFQSRIRLYNELTNHF, 0.14
351E9I66, YYTVIRYYYVRTPTVFQSRIRLYNELTNHF, 0.12
351E10I75, GYTVIRYYYVRTPTVFQSRIRLYNELTNHF, 0.11
351E11I92, GYTVIRIYYVRTPTVFQSRIRLYNELTNHF, 0.09
351E12I104, GYTVIRIYYVRTPTVFESRIRLYNELTNHF, 0.08
351E13I113, GYTVIRIYYVRTPTVFESRIRLYNELDNHF, 0.06
351E14I117, GYTVIRIYYVRTPTVFEFRIRLYNELDNHF, 0.05
351E15I135, GYTVIRIYYVRTPTVFEFRIRLYNELDWHF, 0.04
351E16I152, GYTVIRIYYVRTPTVFEFRIRLRNELDWHF, 0.03
351E17I247, GYTVIRIYYVVTPTVFEFRIRLRNELDWHF, 0.02
351E18I294, GYTVIRIYYVVTPTVFEFRIRLRNELDWIF, 0.01
