119E0I0, GYIRNGWRLRGQGYRNFPQSEVAHASSPYW, 0.41
119E1I1, GYIRNGWRLRGQGFRNFPQSEVAHASSPYW, 0.4
119E2I3, GYIRNGWRLRGQGFRNFPQSEVAHASGPYW, 0.37
119E3I4, GYIRNGWRLRGQGFRNFPQSEVAHASNPYW, 0.35
119E4I6, GYIRNGWRLRGQGFRNFPQFEVAHASNPYW, 0.33
119E5I8, GYIRFGWRLRGQGFRNFPQFEVAHASNPYW, 0.32
119E6I15, GYIEFGWRLRGQGFRNFPQFEVAHASNPYW, 0.29
119E7I18, GYIEFGWRLRGQGFRNFPQFEVAHASNPYK, 0.22
119E8I20, GYIEFGWRLRGQGFRNPPQFEVAHASNPYK, 0.2
119E9I31, GYHEFGWRLRGQGFRNPPQFEVAHASNPYK, 0.19
119E10I33, GYHEFGWRLRGQGFRNPPQFEVAIASNPYK, 0.16
119E11I40, GYHEFGWRLRGQGFRNAPQFEVAIASNPYK, 0.15
119E12I45, GYHEFGWRLRGQGFRNAPQFEVAIASNPQK, 0.12
119E13I51, GYHEFGWRLRGQGFRNAEQFEVAIASNPQK, 0.08
119E14I76, GYHQFGWRLRGQGFRNAEQFEVAIASNPQK, 0.07
119E15I81, GYHQFEWRLRGQGFRNAEQFEVAIASNPQK, 0.06
