480E0I0, AHRAGALHPFFGWHGQLLEYIPFTQPDNFE, 0.31
480E1I3, AHRAGALHPFFGWHGALLEYIPFTQPDNFE, 0.29
480E2I7, AHRAGALHPFFGYHGALLEYIPFTQPDNFE, 0.25
480E3I12, AHRAGALHPFFGYHGPLLEYIPFTQPDNFE, 0.23
480E4I13, AHRAGALHPFPGYHGPLLEYIPFTQPDNFE, 0.22
480E5I15, AHRAGALHPFPGYFGPLLEYIPFTQPDNFE, 0.2
480E6I19, AHRAGALHPFPGYFGPLREYIPFTQPDNFE, 0.19
480E7I25, AHRAGALHSFPGYFGPLREYIPFTQPDNFE, 0.18
480E8I32, AHRAGARHSFPGYFGPLREYIPFTQPDNFE, 0.17
480E9I34, AHRAGARHVFPGYFGPLREYIPFTQPDNFE, 0.16
480E10I44, AHRAGARHVFPGYFGPLREYAPFTQPDNFE, 0.15
480E11I52, AHRAGARHVFPGYFGPLREYQPFTQPDNFE, 0.14
480E12I63, WHRAGARHVFPGYFGPLREYQPFTQPDNFE, 0.12
480E13I107, WHRAGARHVFTGYFGPLREYQPFTQPDNFE, 0.11
480E14I113, WHRAGARNVFTGYFGPLREYQPFTQPDNFE, 0.1
480E15I118, WHRAGARNVFTGYFGILREYQPFTQPDNFE, 0.09
480E16I212, WHRAGARNVFTGYFGILREYQPWTQPDNFE, 0.08
480E17I233, WHRAGARNVFTGYFGIKREYQPWTQPDNFE, 0.06
