404E0I0, DRIVAWVFDDKVRDHTQQALPLRNTYPNYH, 0.34
404E1I8, VRIVAWVFDDKVRDHTQQALPLRNTYPNYH, 0.33
404E2I16, VRIVAWVFDDKVRDHTQQALPLRNRYPNYH, 0.3
404E3I18, VRIVAWVFDDKVRDHAQQALPLRNRYPNYH, 0.28
404E4I24, VRIVAWVFDDKVRDHAQQALPLRNRYPLYH, 0.26
404E5I37, VRTVAWVFDDKVRDHAQQALPLRNRYPLYH, 0.24
404E6I41, VRTVAWVFDDKVRDHAQQALILRNRYPLYH, 0.22
404E7I42, VRTVAWVIDDKVRDHAQQALILRNRYPLYH, 0.2
404E8I72, VRTVAWVIDDKVRDHAQQALILRNEYPLYH, 0.19
404E9I74, VRTVAWVIDDKVRDHAQQALILRNENPLYH, 0.17
404E10I76, VRTVANVIDDKVRDHAQQALILRNENPLYH, 0.16
404E11I83, VRTVANVIDDKVRDHAQQALILRNELPLYH, 0.15
404E12I90, VRTVANVIDDTVRDHAQQALILRNELPLYH, 0.13
404E13I92, VRTVANVIDDTVRDHAQQVLILRNELPLYH, 0.11
404E14I95, VRTVANVIDDTVRDHAQQVLILRNELSLYH, 0.08
404E15I113, VRTVANVIDDTVRDHKQQVLILRNELSLYH, 0.07
404E16I127, VRTVANVIDDTVRDHKQQNLILRNELSLYH, 0.04
404E17I144, VRTVANVIDDTVRDHKQQNLDLRNELSLYH, 0.03
404E18I219, VRTVANVIDDTVRDHKQSNLDLRNELSLYH, 0.01
