116E0I0, PSLHTYEEYDYFQGFFALLESPVPGANYNA, 0.46
116E1I3, PSLHTYEEYDYFQGFFAILESPVPGANYNA, 0.41
116E2I8, PSLHTIEEYDYFQGFFAILESPVPGANYNA, 0.36
116E3I10, PSLHTIEEYDYFQGFFAILESPVDGANYNA, 0.35
116E4I11, PSLHTIEEYDYFQGFFAILEVPVDGANYNA, 0.34
116E5I12, PSLHTIEEYDYFQGVFAILEVPVDGANYNA, 0.29
116E6I20, PSLHTIEEYDYFEGVFAILEVPVDGANYNA, 0.22
116E7I23, PSLHTIEEYDYFEGVFAILEVPVDGANYNR, 0.21
116E8I40, PSLHTIEEYDYFEGVFAILENPVDGANYNR, 0.17
116E9I57, PSLHTIEEYDDFEGVFAILENPVDGANYNR, 0.16
116E10I73, PSLHTIEEYNDFEGVFAILENPVDGANYNR, 0.15
116E11I82, PSLQTIEEYNDFEGVFAILENPVDGANYNR, 0.14
116E12I88, PSLQTIEEYNDFEGVFAILENPVDGANLNR, 0.12
116E13I102, PSLQTIEEYNDFEGVGAILENPVDGANLNR, 0.1
116E14I123, ESLQTIEEYNDFEGVGAILENPVDGANLNR, 0.08
116E15I163, ESLQTIELYNDFEGVGAILENPVDGANLNR, 0.07
116E16I205, ESLQTIELYNDFEGVGAILENPVDGANLNE, 0.06
116E17I279, ESLYTIELYNDFEGVGAILENPVDGANLNE, 0.05
116E18I361, ESLYTIELYNDFEGVGASLENPVDGANLNE, 0.04
