267E0I0, LFSPSTGTAGPFVQKWAKYKISNYGNWHKN, 0.47
267E1I2, LFSPSTGTAGPFVQKTAKYKISNYGNWHKN, 0.45
267E2I3, LFTPSTGTAGPFVQKTAKYKISNYGNWHKN, 0.41
267E3I5, LFTPSTGTAGPVVQKTAKYKISNYGNWHKN, 0.37
267E4I10, LFTPSTGTAGPVVQKTAKYKIFNYGNWHKN, 0.31
267E5I16, LSTPSTGTAGPVVQKTAKYKIFNYGNWHKN, 0.28
267E6I17, LSTPSTGTAGPVVQKTGKYKIFNYGNWHKN, 0.21
267E7I21, LSTPITGTAGPVVQKTGKYKIFNYGNWHKN, 0.17
267E8I26, LSTPITGTAGPVSQKTGKYKIFNYGNWHKN, 0.16
267E9I27, LSTPITGTAGLVSQKTGKYKIFNYGNWHKN, 0.15
267E10I45, LSTPITGTAGYVSQKTGKYKIFNYGNWHKN, 0.14
267E11I101, LSTPITQTAGYVSQKTGKYKIFNYGNWHKN, 0.13
267E12I112, LSTPITQTAGYVSVKTGKYKIFNYGNWHKN, 0.11
267E13I118, LSTPITQTAGYVSVKTGKYKIFNYGNKHKN, 0.1
267E14I132, LSTPITQTAGYVSVKTGKYKIFNKGNKHKN, 0.09
267E15I147, LSTPITQTAGYVSVKTGKYKIFNKGWKHKN, 0.07
267E16I180, LSTPITQTAGYVSVKTGKYKRFNKGWKHKN, 0.04
