204E0I0, TAEHSQQWRPTIKNPQLLSILNVFTEDKPV, 0.26
204E1I6, TAEHSQQWRPTIKNPQLLSILNVFLEDKPV, 0.25
204E2I9, TAEHSQQWRPTIKNPQLLSVLNVFLEDKPV, 0.21
204E3I10, TAEHSQQWRPTIKNPQALSVLNVFLEDKPV, 0.18
204E4I11, TREHSQQWRPTIKNPQALSVLNVFLEDKPV, 0.13
204E5I25, TREHSQQWRPTIKNPQALSNLNVFLEDKPV, 0.12
204E6I51, TREHSQQWRPTIKNPQALSNLNVFLEAKPV, 0.1
204E7I55, TREHSQQTRPTIKNPQALSNLNVFLEAKPV, 0.09
204E8I68, TREHSQQTRPTDKNPQALSNLNVFLEAKPV, 0.08
204E9I70, FREHSQQTRPTDKNPQALSNLNVFLEAKPV, 0.07
204E10I77, FFEHSQQTRPTDKNPQALSNLNVFLEAKPV, 0.06
204E11I83, FFEHSQQTRPDDKNPQALSNLNVFLEAKPV, 0.04
204E12I120, FFEDSQQTRPDDKNPQALSNLNVFLEAKPV, 0.03
204E13I154, FFEDSQQTRPDDKNPQALSNLNVFLEAKPW, 0.02
