170E0I0, FQEDAVYGKIEHTTREPVWPNIRSHRSEPR, 0.35
170E1I3, FQEDAPYGKIEHTTREPVWPNIRSHRSEPR, 0.33
170E2I5, FQEDAPYGKIEHTTREPVGPNIRSHRSEPR, 0.3
170E3I17, FQEDAPYGKIEHTTRIPVGPNIRSHRSEPR, 0.28
170E4I20, FQEDVPYGKIEHTTRIPVGPNIRSHRSEPR, 0.27
170E5I33, FQEDVPIGKIEHTTRIPVGPNIRSHRSEPR, 0.26
170E6I38, FQEDVPIGKIRHTTRIPVGPNIRSHRSEPR, 0.24
170E7I43, FQEDVPIGKIRHTTRIPVGPNIRSHRSEFR, 0.23
170E8I54, FQEYVPIGKIRHTTRIPVGPNIRSHRSEFR, 0.19
170E9I116, FQEYVPIGKIRITTRIPVGPNIRSHRSEFR, 0.16
170E10I117, FQEYTPIGKIRITTRIPVGPNIRSHRSEFR, 0.15
170E11I126, FQEYTPIGKIRITTRIPVNPNIRSHRSEFR, 0.14
170E12I141, FQEYTPIGKIRITTRIPVNPNIRSHRFEFR, 0.12
170E13I151, FQEYTPIGKIRITTRIPVNPPIRSHRFEFR, 0.11
170E14I162, FQEYTPIGKIRITTRIPVNPPIRSQRFEFR, 0.1
170E15I252, FQEYTPIGKIRITTRIPVNPIIRSQRFEFR, 0.09
