482E0I0, EYWIQYNGLLRVFVWGTFGYWNAEGKESED, 0.45
482E1I1, EYWIQYNGLLRVFVKGTFGYWNAEGKESED, 0.42
482E2I2, EYWIQYNGLLRVFVKGTFGYWNAEGKEWED, 0.4
482E3I6, EYWIQYDGLLRVFVKGTFGYWNAEGKEWED, 0.39
482E4I9, EYWIQYDGLLRVFVKGTFGYWNFEGKEWED, 0.35
482E5I14, EYWIQYDGLLRVFVKGTQGYWNFEGKEWED, 0.34
482E6I17, EYWIQYDGLLRVFIKGTQGYWNFEGKEWED, 0.32
482E7I19, EYWIQYDGSLRVFIKGTQGYWNFEGKEWED, 0.3
482E8I24, EYWIGYDGSLRVFIKGTQGYWNFEGKEWED, 0.29
482E9I27, EYWIGYDGSLRVFIKGTQGRWNFEGKEWED, 0.24
482E10I28, EYWIGYDGSLRVFIKGTQGPWNFEGKEWED, 0.23
482E11I39, EYQIGYDGSLRVFIKGTQGPWNFEGKEWED, 0.18
482E12I55, EYQIGYDGSLRVFIKGPQGPWNFEGKEWED, 0.17
482E13I61, EYQIGHDGSLRVFIKGPQGPWNFEGKEWED, 0.16
482E14I63, EYQIGHDGSLRVFIKGPQGPWNFEGKGWED, 0.11
482E15I66, EYQIGHDGSLRVFIKGPQPPWNFEGKGWED, 0.1
482E16I104, EYQIGHDGSLRVFIKGPQPPVNFEGKGWED, 0.09
482E17I128, EYQIGHDGSLRVFIKGPQPPVNFEGKGWEQ, 0.07
482E18I134, EYQIGHDGSLRVFIKGPQPPWNFEGKGWEQ, 0.06
