223E0I0, PNYFIEKTEHYEQHWFKPQLTWPQYLRLWH, 0.3
223E1I2, PNEFIEKTEHYEQHWFKPQLTWPQYLRLWH, 0.24
223E2I9, PNEFIEKTEHYEQHWFKPQLTTPQYLRLWH, 0.21
223E3I13, PNEFIEKTEHYEQHWFKPQLPTPQYLRLWH, 0.2
223E4I15, RNEFIEKTEHYEQHWFKPQLPTPQYLRLWH, 0.18
223E5I30, RNEFIEKTEHYEQHWFKPQLPHPQYLRLWH, 0.17
223E6I34, RNEFIEKTEHYEQWWFKPQLPHPQYLRLWH, 0.12
223E7I50, RNEFIEKTEHYEQWWFKPQLPHPDYLRLWH, 0.11
223E8I53, TNEFIEKTEHYEQWWFKPQLPHPDYLRLWH, 0.1
223E9I57, TNEFIEKTEHYEQWWFKPQLPHPDYLDLWH, 0.09
223E10I67, TNEFIEKTEHYEQWWFKPQRPHPDYLDLWH, 0.08
223E11I76, TNEFIEKTEHFEQWWFKPQRPHPDYLDLWH, 0.07
223E12I77, TNEFIEKTELFEQWWFKPQRPHPDYLDLWH, 0.06
223E13I85, TNEFIEKTELFEQWVFKPQRPHPDYLDLWH, 0.05
223E14I137, TNEFIEKTELFEQWVFKEQRPHPDYLDLWH, 0.04
223E15I183, TNEFIEKTDLFEQWVFKEQRPHPDYLDLWH, 0.03
223E16I202, TNEFIEKTDLFEQWVNKEQRPHPDYLDLWH, 0.02
223E17I222, TNEFIEKTDLFEQWVNKEQRPHPDYLDLWN, 0.01
