13E0I0, VDRKKLEPFKTPQAVHLRIKEIPDSVKIRQ, 0.36
13E1I1, VDRKKLEPEKTPQAVHLRIKEIPDSVKIRQ, 0.33
13E2I2, VDRKKLEPEKTPQRVHLRIKEIPDSVKIRQ, 0.3
13E3I4, VDRKELEPEKTPQRVHLRIKEIPDSVKIRQ, 0.27
13E4I7, VVRKELEPEKTPQRVHLRIKEIPDSVKIRQ, 0.24
13E5I9, VVRKELEPEKTPQGVHLRIKEIPDSVKIRQ, 0.23
13E6I11, VVRDELEPEKTPQGVHLRIKEIPDSVKIRQ, 0.21
13E7I14, VVRDELEQEKTPQGVHLRIKEIPDSVKIRQ, 0.17
13E8I17, VVRDELEQEKNPQGVHLRIKEIPDSVKIRQ, 0.15
13E9I22, VVLDELEQEKNPQGVHLRIKEIPDSVKIRQ, 0.13
13E10I24, VVLDELEQEKNPQGVHLDIKEIPDSVKIRQ, 0.08
13E11I27, VVLDELEQEKNPQGVHLDIKEIPDSVLIRQ, 0.07
13E12I31, VVLDELEQEKNPQGVHDDIKEIPDSVLIRQ, 0.06
13E13I66, VVLDELEQEKNPQGVHDDIKEIPDKVLIRQ, 0.04
13E14I111, VVLDELEQEKNPQGVHDDIKEIDDKVLIRQ, 0.03
