446E0I0, EDRWILPLRPQGAGKEHRVTVLKDGVEHIF, 0.33
446E1I5, TDRWILPLRPQGAGKEHRVTVLKDGVEHIF, 0.32
446E2I10, TDRWILPLRPQGAGKEHRVTVLKDDVEHIF, 0.3
446E3I12, TDRWILPLRPQGAGKEARVTVLKDDVEHIF, 0.26
446E4I14, TDRWILPLRPQGAGKEARVTVLKDDLEHIF, 0.24
446E5I16, TDRWILPLFPQGAGKEARVTVLKDDLEHIF, 0.23
446E6I19, TDRWILDLFPQGAGKEARVTVLKDDLEHIF, 0.21
446E7I37, TDRWGLDLFPQGAGKEARVTVLKDDLEHIF, 0.19
446E8I55, TDRWGLDLFPQGAGKEARVTLLKDDLEHIF, 0.16
446E9I57, TDRWGLDLFPGGAGKEARVTLLKDDLEHIF, 0.15
446E10I65, TDRWGLDLFPGGAGKEARVTLLKDDLEDIF, 0.13
446E11I90, TDRWGLDLFPGGAGKEARVTLLYDDLEDIF, 0.12
446E12I128, TDRWTLDLFPGGAGKEARVTLLYDDLEDIF, 0.11
446E13I139, TDRWTLDLFPGGAGKEARVTELYDDLEDIF, 0.09
446E14I203, TDRWTLDLFPGGAGKEARVFELYDDLEDIF, 0.05
446E15I217, TDRWTLDLFPGGAGKEARVFELYDNLEDIF, 0.03
446E16I261, TDRWTLDRFPGGAGKEARVFELYDNLEDIF, 0.02
