104E0I0, ISIRDAWIGEIVVTTPFYYNFNGHQVYRFK, 0.44
104E1I2, ISIRDAWIGEIVVTTPFYYNFNGHQVYRFA, 0.41
104E2I3, ISIRDAWINEIVVTTPFYYNFNGHQVYRFA, 0.38
104E3I4, ISIRDAWINEIVVTTPFYYNFNGHQVHRFA, 0.36
104E4I5, ISQRDAWINEIVVTTPFYYNFNGHQVHRFA, 0.35
104E5I8, ISQRDAWINEIVVTTPFYYNFNGHQVHEFA, 0.34
104E6I10, ISQRDAWINEIDVTTPFYYNFNGHQVHEFA, 0.31
104E7I13, ISQRDAWINEIDVTTPFDYNFNGHQVHEFA, 0.28
104E8I16, IAQRDAWINEIDVTTPFDYNFNGHQVHEFA, 0.27
104E9I19, IAQRDAWINERDVTTPFDYNFNGHQVHEFA, 0.26
104E10I20, IAQRDAWINERTVTTPFDYNFNGHQVHEFA, 0.25
104E11I21, IAQRDAWINERTVTTPFDYNFNDHQVHEFA, 0.24
104E12I28, IAQRDAWINERTRTTPFDYNFNDHQVHEFA, 0.23
104E13I35, IAQRDAWKNERTRTTPFDYNFNDHQVHEFA, 0.18
104E14I41, IAQRDAWKNERTRTTPFDYNFNDHQVHEEA, 0.16
104E15I59, IAQRDAYKNERTRTTPFDYNFNDHQVHEEA, 0.15
104E16I61, IAQRDAKKNERTRTTPFDYNFNDHQVHEEA, 0.14
104E17I66, IAQRDAKKNEATRTTPFDYNFNDHQVHEEA, 0.13
104E18I71, IAQRDAKKNEATDTTPFDYNFNDHQVHEEA, 0.11
104E19I85, IAQRDEKKNEATDTTPFDYNFNDHQVHEEA, 0.1
