339E0I0, FPGYKHQLDVSPLVFGYKRVSHNVIPRRVN, 0.31
339E1I2, FPGYKHQLDVSPLVFGYKRVPHNVIPRRVN, 0.3
339E2I4, FPDYKHQLDVSPLVFGYKRVPHNVIPRRVN, 0.26
339E3I5, GPDYKHQLDVSPLVFGYKRVPHNVIPRRVN, 0.25
339E4I9, GPDYKPQLDVSPLVFGYKRVPHNVIPRRVN, 0.24
339E5I16, GPDYKPQLDVSPYVFGYKRVPHNVIPRRVN, 0.22
339E6I27, GPDYKPQLDVSPYVFGYKRVPYNVIPRRVN, 0.17
339E7I42, GPDYKPQLDVIPYVFGYKRVPYNVIPRRVN, 0.16
339E8I63, GPDYKPQLDVIPYVFGYKRVPYNVIPRPVN, 0.13
339E9I124, GPDYKPQLDVIPRVFGYKRVPYNVIPRPVN, 0.12
339E10I205, GPDYNPQLDVIPRVFGYKRVPYNVIPRPVN, 0.11
339E11I222, GPDYNPQLDVIPRVFGYRRVPYNVIPRPVN, 0.1
339E12I264, GPDYNPQLDVIPRVFGYRRVPYNVIPRPVR, 0.09
