53E0I0, FKAKHEVPWSSDPRIPDLKYPFNFEQNIRT, 0.36
53E1I1, FKAKHEVPWSSDPRIPDLKGPFNFEQNIRT, 0.3
53E2I5, FKAKHEVPWSSDPRIRDLKGPFNFEQNIRT, 0.27
53E3I11, FKAKHEVPWSSDPRIRDLKGPFNFEQKIRT, 0.25
53E4I16, FKAKHEVPWSSQPRIRDLKGPFNFEQKIRT, 0.19
53E5I23, FKAKHEVPWSSQPRGRDLKGPFNFEQKIRT, 0.18
53E6I30, FKAKHEVPWSSQPQGRDLKGPFNFEQKIRT, 0.14
53E7I53, FKAKHEVEWSSQPQGRDLKGPFNFEQKIRT, 0.13
53E8I54, FKAKHEVFWSSQPQGRDLKGPFNFEQKIRT, 0.12
53E9I57, FKAKHEVFWSSQPQGRDIKGPFNFEQKIRT, 0.11
53E10I82, FKAKHEVFWSSQPQGRDIKGPFWFEQKIRT, 0.1
53E11I110, FPAKHEVFWSSQPQGRDIKGPFWFEQKIRT, 0.08
53E12I115, GPAKHEVFWSSQPQGRDIKGPFWFEQKIRT, 0.07
53E13I123, GPAKHEVFWSSQPQGPDIKGPFWFEQKIRT, 0.06
53E14I159, GPAKHEVFWSSQPQGPDIKGPIWFEQKIRT, 0.05
