353E0I0, ALTIFLRYSVRTETAVQATTIYVPQHQSNY, 0.36
353E1I8, ALTIFLRYSVRTETAVQATTIYVPQHQSNE, 0.29
353E2I16, ALTIFLRYSVRTETAVQATTIYVPQLQSNE, 0.24
353E3I21, ALTIFQRYSVRTETAVQATTIYVPQLQSNE, 0.2
353E4I25, ALTIFQRYSVRTETAVQATTIYAPQLQSNE, 0.17
353E5I27, ALTIFQRYSVRTETNVQATTIYAPQLQSNE, 0.1
353E6I63, ALTIFQRYSIRTETNVQATTIYAPQLQSNE, 0.09
353E7I89, ALTIFQRYSIRTETNVQATTIYANQLQSNE, 0.07
353E8I133, ALTIFQRYFIRTETNVQATTIYANQLQSNE, 0.06
353E9I183, QLTIFQRYFIRTETNVQATTIYANQLQSNE, 0.05
353E10I194, SLTIFQRYFIRTETNVQATTIYANQLQSNE, 0.04
