349E0I0, ETYYKLSSQHNIWWTFIFKVLYEPPNEQLL, 0.43
349E1I2, DTYYKLSSQHNIWWTFIFKVLYEPPNEQLL, 0.4
349E2I3, DTYYQLSSQHNIWWTFIFKVLYEPPNEQLL, 0.38
349E3I4, DTYYQLSSQHNIWWTFIFKVLYEPLNEQLL, 0.34
349E4I5, DTYYQLSSQHNIWWTFIFPVLYEPLNEQLL, 0.33
349E5I6, DTYYQLSSQHNIWWTVIFPVLYEPLNEQLL, 0.29
349E6I7, DTYYQQSSQHNIWWTVIFPVLYEPLNEQLL, 0.25
349E7I11, DTYYQQSSQHTIWWTVIFPVLYEPLNEQLL, 0.23
349E8I17, DTYVQQSSQHTIWWTVIFPVLYEPLNEQLL, 0.21
349E9I27, DTYVQQSSQHTIWWRVIFPVLYEPLNEQLL, 0.19
349E10I33, DTYVQQSSQHTIWWRVIFPVLYTPLNEQLL, 0.18
349E11I44, DTYVQQSSQHTIWWRVIFPVLYTPLNEQVL, 0.14
349E12I48, DTYVQQSSQNTIWWRVIFPVLYTPLNEQVL, 0.12
349E13I51, DTYDQQSSQNTIWWRVIFPVLYTPLNEQVL, 0.09
349E14I79, DTYDQQSSQNTIIWRVIFPVLYTPLNEQVL, 0.08
349E15I82, DTYDQQSSQNTIIWRVIFPVSYTPLNEQVL, 0.07
349E16I120, DTYDQQSSQNTIILRVIFPVSYTPLNEQVL, 0.06
349E17I133, DTYDQQSSQNTIIRRVIFPVSYTPLNEQVL, 0.03
349E18I174, DTYDQQSSQNTIIRRVVFPVSYTPLNEQVL, 0.02
349E19I200, DTYDQQSSQNTIIRRRVFPVSYTPLNEQVL, 0.01
