318E0I0, RGGIPRRIVDARHFYTDVTNYPNSGHIPEG, 0.47
318E1I1, RGGIPIRIVDARHFYTDVTNYPNSGHIPEG, 0.42
318E2I3, RGGIPIRIVDARHFYTDVTNYPNSGHEPEG, 0.38
318E3I4, RGGIPIRIVDARHFYTDVTNYPNSGHEPGG, 0.36
318E4I6, RGGIPIFIVDARHFYTDVTNYPNSGHEPGG, 0.32
318E5I16, RGRIPIFIVDARHFYTDVTNYPNSGHEPGG, 0.31
318E6I17, RGRIPIFIVDARHFYTDHTNYPNSGHEPGG, 0.3
318E7I19, RGRIPIFYVDARHFYTDHTNYPNSGHEPGG, 0.28
318E8I22, RGRIPIFYVDARHFYTDHTNYPISGHEPGG, 0.25
318E9I26, RGRIPIFYVDARHFYTDHTNYPISGHEPGN, 0.24
318E10I30, RGRIPIFYVDARHFYTDHTNYNISGHEPGN, 0.22
318E11I34, RGRIPIFYVDARHFYTDHTNYNISGSEPGN, 0.21
318E12I39, RGIIPIFYVDARHFYTDHTNYNISGSEPGN, 0.19
318E13I52, RGIIPIFYVDANHFYTDHTNYNISGSEPGN, 0.15
318E14I54, RGILPIFYVDANHFYTDHTNYNISGSEPGN, 0.13
318E15I56, RGILPIFYVDANHFYTSHTNYNISGSEPGN, 0.12
318E16I62, RGILPIFYVDANHFYTSHTNYVISGSEPGN, 0.1
318E17I80, RGILPIFYVDANHFRTSHTNYVISGSEPGN, 0.08
318E18I158, RGILPIFNVDANHFRTSHTNYVISGSEPGN, 0.07
