437E0I0, HWKVRKKQAVHHRYWAVGTVQPQIEWKGNG, 0.45
437E1I3, HWKVRKKQAVHHRYWAVGTVQPQHEWKGNG, 0.44
437E2I8, HKKVRKKQAVHHRYWAVGTVQPQHEWKGNG, 0.39
437E3I25, HKKVRVKQAVHHRYWAVGTVQPQHEWKGNG, 0.38
437E4I28, HKKVRVKQAVGHRYWAVGTVQPQHEWKGNG, 0.37
437E5I29, HKKPRVKQAVGHRYWAVGTVQPQHEWKGNG, 0.35
437E6I32, HKKPRVKQAVGHRYDAVGTVQPQHEWKGNG, 0.32
437E7I33, HKKPRVKQAVGRRYDAVGTVQPQHEWKGNG, 0.31
437E8I37, HKKPRVKQYVGRRYDAVGTVQPQHEWKGNG, 0.28
437E9I39, HKKPRVKQYVGRDYDAVGTVQPQHEWKGNG, 0.23
437E10I40, HKKPRVKQYVGRDYDAVGTVQPQHEWKING, 0.14
437E11I42, HKKPRIKQYVGRDYDAVGTVQPQHEWKING, 0.11
437E12I51, HKKPRIKQYVGRDYDALGTVQPQHEWKING, 0.08
437E13I70, HKKPRIKQYVGRDYDALGTVQPQHERKING, 0.06
437E14I91, HKKPRIKQYVGRDYDALGTVQPQHERKINE, 0.05
437E15I109, HKKPRIKQYVGRDYDALGTVQPKHERKINE, 0.04
437E16I119, HKKPRIKQYVGRDYDYLGTVQPKHERKINE, 0.02
