352E0I0, NVVFAFHTWDWNLFKPFLEAYIFGFFWQAN, 0.47
352E1I3, NVVFAFHTWDWNLFKPFLEAYIAGFFWQAN, 0.44
352E2I4, NVVFAFHEWDWNLFKPFLEAYIAGFFWQAN, 0.38
352E3I7, NVAFAFHEWDWNLFKPFLEAYIAGFFWQAN, 0.37
352E4I8, NVAFAFHEWDWNLFKPFLEAYIAAFFWQAN, 0.36
352E5I10, NVAFAFHEWDWNLFPPFLEAYIAAFFWQAN, 0.31
352E6I17, NVAFAFHEWDWNLFPPFLDAYIAAFFWQAN, 0.27
352E7I27, NVAFAFHEWDWNLFPPFLDAYIAAFIWQAN, 0.23
352E8I29, NVAFAFHEWDWNLFPPFLDAYIAAFEWQAN, 0.2
352E9I42, NVARAFHEWDWNLFPPFLDAYIAAFEWQAN, 0.17
352E10I47, NVARAFHEWDWNLFPPFLDAYIDAFEWQAN, 0.15
352E11I53, NVARAFHEWDWNLFPPFLDAYIDAFEAQAN, 0.13
352E12I55, NVARAFHEPDWNLFPPFLDAYIDAFEAQAN, 0.12
352E13I74, NVARIFHEPDWNLFPPFLDAYIDAFEAQAN, 0.11
352E14I82, NVARIQHEPDWNLFPPFLDAYIDAFEAQAN, 0.08
352E15I114, NVARIQHEPDWNLFPPFLDGYIDAFEAQAN, 0.07
