97E0I0, NSEQFWFRENQAAGSQKIQEPPDDISETYA, 0.37
97E1I1, NSEQFWFRENQAAGSQKIQEPPDDISETDA, 0.34
97E2I2, NSEQFWFRENQASGSQKIQEPPDDISETDA, 0.3
97E3I9, NSEQFWFRENQASGVQKIQEPPDDISETDA, 0.28
97E4I10, NSEQFWFRENQGSGVQKIQEPPDDISETDA, 0.27
97E5I11, NSEQFWFRESQGSGVQKIQEPPDDISETDA, 0.25
97E6I13, NSEQFWFRESQGSGVQKIQEPPDDIAETDA, 0.22
97E7I22, NSEQFWFRESQGSGVQKIQEPPDDIAETDV, 0.21
97E8I26, NSEQFWFRESQGSYVQKIQEPPDDIAETDV, 0.2
97E9I28, NSEQFRFRESQGSYVQKIQEPPDDIAETDV, 0.19
97E10I33, NSEQFRFRESQGSYVQKINEPPDDIAETDV, 0.11
97E11I35, NSEQFRFRESQGSYVQKINEPPDDIAETDY, 0.09
97E12I54, NSEQFRFRESQGSYVQKINEPPDDIASTDY, 0.07
97E13I109, NSEQFRFRESQGSYEQKINEPPDDIASTDY, 0.06
97E14I125, NSEQFRFRERQGSYEQKINEPPDDIASTDY, 0.05
