408E0I0, NVKREPDAAYSDHLFSEHHSVFFQDEHFKS, 0.41
408E1I1, NVKREPDAAYSDHGFSEHHSVFFQDEHFKS, 0.36
408E2I2, NVKREPDAEYSDHGFSEHHSVFFQDEHFKS, 0.34
408E3I6, NVKREPDAEYSDHKFSEHHSVFFQDEHFKS, 0.32
408E4I7, NVKREPDAEYSDNKFSEHHSVFFQDEHFKS, 0.3
408E5I16, NVKREPDAEYSDNKFSEHHSVTFQDEHFKS, 0.27
408E6I25, NVKREPDAEYSDNKFSEHHSITFQDEHFKS, 0.26
408E7I42, NVKREPDAEYSDNKFSEHHVITFQDEHFKS, 0.25
408E8I44, NVKREPDAEYSDNKFSEKHVITFQDEHFKS, 0.21
408E9I49, NVKREPDAEYSDNKFSEKHVITFQDEHFES, 0.18
408E10I52, NVKREPDAEYKDNKFSEKHVITFQDEHFES, 0.16
408E11I69, NVKREPDAEYKDNKFSEKHVITFQDEHFEY, 0.15
408E12I77, NVKREPDAEYKDNKFDEKHVITFQDEHFEY, 0.13
408E13I78, FVKREPDAEYKDNKFDEKHVITFQDEHFEY, 0.12
408E14I89, FVKREPDAEQKDNKFDEKHVITFQDEHFEY, 0.11
408E15I103, FVKREPDAEQYDNKFDEKHVITFQDEHFEY, 0.08
408E16I147, SVKREPDAEQYDNKFDEKHVITFQDEHFEY, 0.07
408E17I177, SVKREPDAEQYDNKFDEKYVITFQDEHFEY, 0.05
408E18I216, SVKREPDAEQYDNKFDEKYVITFQDEYFEY, 0.04
408E19I284, SVKREPDAEQYDNKFDEKYVITFQDEYFEK, 0.03
