405E0I0, IYGSARANQPPRFHVGWATHAAAVRHAGKT, 0.42
405E1I8, IYGSARANQPPRFHVGWATHSAAVRHAGKT, 0.41
405E2I11, IYGSLRANQPPRFHVGWATHSAAVRHAGKT, 0.4
405E3I14, IYGSLNANQPPRFHVGWATHSAAVRHAGKT, 0.38
405E4I15, IYGSLNANQPGRFHVGWATHSAAVRHAGKT, 0.35
405E5I21, IYGSLNANQPGRFHLGWATHSAAVRHAGKT, 0.34
405E6I24, IYGSLNANQPGRFHLGWATHSRAVRHAGKT, 0.33
405E7I26, IYGSLNANQPGRFHLGWATHSRAVRYAGKT, 0.31
405E8I29, IYDSLNANQPGRFHLGWATHSRAVRYAGKT, 0.3
405E9I37, IYDSLNANQPGRFGLGWATHSRAVRYAGKT, 0.21
405E10I38, IYDSLNANQPGRFGLGWATHSRAVRYGGKT, 0.18
405E11I41, IYDSLNANQPGRFGLGWATHSRAVRPGGKT, 0.17
405E12I46, HYDSLNANQPGRFGLGWATHSRAVRPGGKT, 0.16
405E13I48, HYDSLNANQPGRFGLDWATHSRAVRPGGKT, 0.12
405E14I51, HYDSLNANQPGRFGLDWATHARAVRPGGKT, 0.11
405E15I55, HYDSLNANQPGRFGLDWATNARAVRPGGKT, 0.07
405E16I69, HYDSLNANQPGRFGLDWATNARASRPGGKT, 0.04
405E17I107, HYDSLNANQPGRFGLDWATNSRASRPGGKT, 0.03
