215E0I0, PQDDLINHREKTQAYYPKAVFDRNNWTQEP, 0.38
215E1I1, PQDDLINHREKTQAYYPKWVFDRNNWTQEP, 0.35
215E2I2, PQDDLINHREKTQAYYPKWVFDRNNWTQEA, 0.28
215E3I4, PQDDLINHREKKQAYYPKWVFDRNNWTQEA, 0.23
215E4I7, PQDDLINHREKKQAYYPKWVFDRINWTQEA, 0.21
215E5I18, PQDDLINNREKKQAYYPKWVFDRINWTQEA, 0.19
215E6I25, PQDDLINNREKKQAYYPKWVFSRINWTQEA, 0.16
215E7I38, PQDDLINNREKKQAYYPKWSFSRINWTQEA, 0.15
215E8I49, PQDDLINNREKKQAYYIKWSFSRINWTQEA, 0.13
215E9I50, PQDDLINNREKKQAYYIKWSFQRINWTQEA, 0.12
215E10I55, PQDDLINNREKKQAYYIKNSFQRINWTQEA, 0.1
215E11I151, PQDDLNNNREKKQAYYIKNSFQRINWTQEA, 0.09
215E12I197, PQDDLNNVREKKQAYYIKNSFQRINWTQEA, 0.08
215E13I230, PQDDLNNVREKKQAYYIKNSFQRIQWTQEA, 0.05
215E14I307, PQLDLNNVREKKQAYYIKNSFQRIQWTQEA, 0.04
