375E0I0, TLDRWNKGYLWYRGLYYDLTAPKGLKPHNY, 0.47
375E1I1, TLDRWNKGYVWYRGLYYDLTAPKGLKPHNY, 0.44
375E2I2, TLDRRNKGYVWYRGLYYDLTAPKGLKPHNY, 0.38
375E3I6, TLDRRNKGYVWYRGLYRDLTAPKGLKPHNY, 0.35
375E4I8, TLDRRNKGYVWYRGLYRDLHAPKGLKPHNY, 0.34
375E5I10, TLDRTNKGYVWYRGLYRDLHAPKGLKPHNY, 0.32
375E6I14, TLDRTNKGYVWYRGLYRDLHAPKGLKPHNE, 0.3
375E7I15, TLDRTNKGYVWYRGLYRDLLAPKGLKPHNE, 0.29
375E8I26, TLDRTAKGYVWYRGLYRDLLAPKGLKPHNE, 0.27
375E9I28, TLDRTAKGYVFYRGLYRDLLAPKGLKPHNE, 0.25
375E10I29, TLDRTAKGYVFYRNLYRDLLAPKGLKPHNE, 0.24
375E11I39, TLDRTAKGYVFYRNLYRDLLRPKGLKPHNE, 0.23
375E12I47, TLDRTAKGYVFIRNLYRDLLRPKGLKPHNE, 0.2
375E13I51, TLDRTAKGYVFINNLYRDLLRPKGLKPHNE, 0.19
375E14I54, TLDRTAKGYVFINNLYRDLLRPKGLKPTNE, 0.18
375E15I68, TLDRTAKGYVFINNLFRDLLRPKGLKPTNE, 0.16
375E16I72, TLDRTAKGYVFINNLFRNLLRPKGLKPTNE, 0.13
375E17I88, TLDRDAKGYVFINNLFRNLLRPKGLKPTNE, 0.12
375E18I90, TLDADAKGYVFINNLFRNLLRPKGLKPTNE, 0.1
375E19I110, TLDADAKGYVFINNLFRNLLRPKGLKPVNE, 0.09
375E20I117, TLDAQAKGYVFINNLFRNLLRPKGLKPVNE, 0.08
