24E0I0, RNKWRYHVLWPTFLENEPTSNESNRQKHYL, 0.44
24E1I1, RNKWRYHVLWPTFLENEPTSNESNRQKHYK, 0.43
24E2I3, RNKQRYHVLWPTFLENEPTSNESNRQKHYK, 0.41
24E3I4, RNKQRYHVLWPTFLENEPTSAESNRQKHYK, 0.4
24E4I9, RNKQRYHVLQPTFLENEPTSAESNRQKHYK, 0.34
24E5I12, RNKQRYHVLQPTFLRNEPTSAESNRQKHYK, 0.31
24E6I13, RNKQRYHDLQPTFLRNEPTSAESNRQKHYK, 0.28
24E7I17, RNKQRYHDLQPTSLRNEPTSAESNRQKHYK, 0.26
24E8I19, RNKQRYHDLQPTQLRNEPTSAESNRQKHYK, 0.23
24E9I22, RNKQRYHDLQGTQLRNEPTSAESNRQKHYK, 0.19
24E10I25, RNKQRYHDLKGTQLRNEPTSAESNRQKHYK, 0.15
24E11I35, RNKQTYHDLKGTQLRNEPTSAESNRQKHYK, 0.13
24E12I39, RNKQTYHDLKGTQLRNEPTSAERNRQKHYK, 0.12
24E13I70, RNKQTDHDLKGTQLRNEPTSAERNRQKHYK, 0.1
24E14I73, FNKQTDHDLKGTQLRNEPTSAERNRQKHYK, 0.08
