396E0I0, NSFVYPVQDTTNADYLKAQYLATGHDQPIK, 0.36
396E1I2, NSFVYPVQDTTNADYNKAQYLATGHDQPIK, 0.32
396E2I3, NSFVYPVQDTTNADYNKAQYLATGHDQPDK, 0.29
396E3I8, NSFVYPVQDTTNAPYNKAQYLATGHDQPDK, 0.27
396E4I11, NSFVYPVQDTTNAPYNKAQYDATGHDQPDK, 0.25
396E5I16, NSFVYPVQDTTNAPYNKAQYDATGHFQPDK, 0.24
396E6I26, FSFVYPVQDTTNAPYNKAQYDATGHFQPDK, 0.22
396E7I49, FSFVYPVQDTDNAPYNKAQYDATGHFQPDK, 0.2
396E8I56, FSFVYPVQDTDNAPYNKAQYDANGHFQPDK, 0.19
396E9I59, FSFVYPVQDLDNAPYNKAQYDANGHFQPDK, 0.17
396E10I64, FSFVYPVQDLDNAPYNKAQYDKNGHFQPDK, 0.14
396E11I67, FSFVYPVQWLDNAPYNKAQYDKNGHFQPDK, 0.13
396E12I68, FRFVYPVQWLDNAPYNKAQYDKNGHFQPDK, 0.11
396E13I70, FRFVYPVQWLDNAQYNKAQYDKNGHFQPDK, 0.08
