481E0I0, GTTFDLHHKLGLNIWYEQWIKLFIHALGLQ, 0.33
481E1I2, FTTFDLHHKLGLNIWYEQWIKLFIHALGLQ, 0.31
481E2I7, FTTFYLHHKLGLNIWYEQWIKLFIHALGLQ, 0.3
481E3I9, FTTGYLHHKLGLNIWYEQWIKLFIHALGLQ, 0.22
481E4I14, FTTGYLHHKLGLNIWFEQWIKLFIHALGLQ, 0.21
481E5I15, FTTGYLHHKLGLNIWFEQWIKNFIHALGLQ, 0.17
481E6I23, FTTGYLHHKLGLNIDFEQWIKNFIHALGLQ, 0.15
481E7I32, FTTGYLHHKLGLNIDFEQDIKNFIHALGLQ, 0.11
481E8I47, FTTGYLHHKFGLNIDFEQDIKNFIHALGLQ, 0.09
481E9I73, FTGGYLHHKFGLNIDFEQDIKNFIHALGLQ, 0.07
481E10I120, FTGGYLHHKYGLNIDFEQDIKNFIHALGLQ, 0.06
