304E0I0, ALVPIHVKLDWTRRDSLWHASNKWVRQHDQ, 0.27
304E1I2, ALVPIHVKLDWTRRDSLWHASNKWVLQHDQ, 0.25
304E2I3, ALVSIHVKLDWTRRDSLWHASNKWVLQHDQ, 0.23
304E3I13, ALVSIHVKLDWTRRDSLWHKSNKWVLQHDQ, 0.21
304E4I16, ALVSFHVKLDWTRRDSLWHKSNKWVLQHDQ, 0.19
304E5I18, ALVSFNVKLDWTRRDSLWHKSNKWVLQHDQ, 0.12
304E6I67, ALVSFNVKLDWTRRDSLWHKSNLWVLQHDQ, 0.09
304E7I75, ALVSFNVKLDWTRRDSLEHKSNLWVLQHDQ, 0.08
304E8I121, ALVSFNVYLDWTRRDSLEHKSNLWVLQHDQ, 0.07
304E9I127, ALVSFNVYLDWTRRDSLEHKSNLWSLQHDQ, 0.06
304E10I177, ALVSFNVYLDWTRRDSLEHKSNLWSLQPDQ, 0.05
304E11I186, ALVSFNVYLDWTRRDSLEHKSNLWTLQPDQ, 0.04
304E12I229, ALVSFNVYLDWTRRDSLEHKSNLWTLQPDG, 0.03
304E13I277, ALVSFNVYLDWWRRDSLEHKSNLWTLQPDG, 0.02
