493E0I0, PVGGSIRWWTFKEFSEEKWFRWSGDFPPWG, 0.4
493E1I6, PVGGSIRWWTFKEFSEEKWFRWSGDKPPWG, 0.39
493E2I8, PVGGSIRWWTFKEFSEEKRFRWSGDKPPWG, 0.35
493E3I10, PVGGSIRWWIFKEFSEEKRFRWSGDKPPWG, 0.33
493E4I11, PVGGSIRWWIFKEFSFEKRFRWSGDKPPWG, 0.29
493E5I12, PVGGSIRWWIFKEDSFEKRFRWSGDKPPWG, 0.27
493E6I16, PVGGSIIWWIFKEDSFEKRFRWSGDKPPWG, 0.25
493E7I19, PVGGSIIWWIDKEDSFEKRFRWSGDKPPWG, 0.22
493E8I22, PVGGSIIWWIDKEDSFEKRFRWNGDKPPWG, 0.2
493E9I33, PVGGSIIWWIDKEDSFEKRFRNNGDKPPWG, 0.19
493E10I39, PVGGSIIWWIDKEDSFEKRFRNNGDHPPWG, 0.18
493E11I58, PVGGSIIWWIDKEDSFEKRFRNNGYHPPWG, 0.15
493E12I81, PVGGSIIWWIDKEDSFEKRFRNIGYHPPWG, 0.14
493E13I107, PVGGSIIWWIDKEDSFEKRFRNEGYHPPWG, 0.11
493E14I113, PVGGSIIWWIDKEASFEKRFRNEGYHPPWG, 0.1
493E15I118, PVGGSIIWWIDKEASFEKRFRNEGYHPPFG, 0.09
493E16I166, PVGGSIIWWIDKEASFEKRFRNEGYHPYFG, 0.08
493E17I187, PVGGSIIWTIDKEASFEKRFRNEGYHPYFG, 0.07
493E18I198, PVGGSIIWTIDKEASFEKRFRNEGYHSYFG, 0.06
493E19I290, PVGGSIIWTIDKEASFEKRFRNEGYHSYFQ, 0.05
