4E0I0, VVPWGQVIRYSYNQHLYAKKLDHLWVTYQS, 0.43
4E1I2, VVPWGQVIRYSYVQHLYAKKLDHLWVTYQS, 0.38
4E2I6, VVPWGQVIRYSYVQHLYAKKLDELWVTYQS, 0.27
4E3I7, VVPWGQVIRYSYVQHLYAKKLDELWVLYQS, 0.25
4E4I18, VVPWGQVIRYSYVQHLYAKKLDELWVLDQS, 0.22
4E5I24, VVPWGQVIRYSYVQHLYDKKLDELWVLDQS, 0.19
4E6I46, VVPWGQVIRYSYVQHLYDKDLDELWVLDQS, 0.18
4E7I56, VVPWGQVIRYSYVQHLYDTDLDELWVLDQS, 0.17
4E8I57, VVPWGYVIRYSYVQHLYDTDLDELWVLDQS, 0.15
4E9I59, VVPWGYVIRYSYVQHLYDTDLDALWVLDQS, 0.13
4E10I72, VVIWGYVIRYSYVQHLYDTDLDALWVLDQS, 0.12
4E11I110, VVIWGYVIRYSYVQHTYDTDLDALWVLDQS, 0.09
4E12I142, TVIWGYVIRYSYVQHTYDTDLDALWVLDQS, 0.07
4E13I178, TVIWGYVIEYSYVQHTYDTDLDALWVLDQS, 0.06
4E14I212, TVIWGYVIEYSYVQHTYDTDLDAPWVLDQS, 0.05
