121E0I0, ILWKANEESPDLAIFADDDFQFSVYSFLSW, 0.38
121E1I6, ILWVANEESPDLAIFADDDFQFSVYSFLSW, 0.32
121E2I11, ILWVANEESPDLAIFADDDFQFSVYSFLSQ, 0.3
121E3I12, ILWVANEESPDLAIFADDDFQFSVTSFLSQ, 0.28
121E4I15, ILWVANEESPDLAIFADDDVQFSVTSFLSQ, 0.27
121E5I16, ILWVANEESPDLAIFADDDVNFSVTSFLSQ, 0.26
121E6I20, ILWVANEESPDLAIFQDDDVNFSVTSFLSQ, 0.2
121E7I21, ILWVANESSPDLAIFQDDDVNFSVTSFLSQ, 0.19
121E8I26, ILWVANESSPDLAIFQLDDVNFSVTSFLSQ, 0.12
121E9I31, ILWVANESSPDLAIFQLDDVNFSVTSFLSD, 0.11
121E10I32, ILWVANESSLDLAIFQLDDVNFSVTSFLSD, 0.1
121E11I44, ILWVANESSLDLAGFQLDDVNFSVTSFLSD, 0.08
121E12I54, ILEVANESSLDLAGFQLDDVNFSVTSFLSD, 0.06
121E13I147, IAEVANESSLDLAGFQLDDVNFSVTSFLSD, 0.05
