126E0I0, VYQLTGWTVQRGEIGTNADTDETAIRFVFK, 0.41
126E1I1, VYQLTGWTVQRGVIGTNADTDETAIRFVFK, 0.36
126E2I2, VYQLWGWTVQRGVIGTNADTDETAIRFVFK, 0.34
126E3I5, VYQLWGWTVQRGVAGTNADTDETAIRFVFK, 0.33
126E4I6, VYQLWGWTVQRGVAGTNADTDETAIRWVFK, 0.31
126E5I10, VYQLWGWTVQRGVAGTNADTDEDAIRWVFK, 0.3
126E6I20, VYQLWGWTVQTGVAGTNADTDEDAIRWVFK, 0.23
126E7I24, VYQLWGVTVQTGVAGTNADTDEDAIRWVFK, 0.22
126E8I25, VYQLWGVNVQTGVAGTNADTDEDAIRWVFK, 0.19
126E9I26, VYHLWGVNVQTGVAGTNADTDEDAIRWVFK, 0.18
126E10I27, VYVLWGVNVQTGVAGTNADTDEDAIRWVFK, 0.17
126E11I37, VYVLWGVNVQTGVAGTNADHDEDAIRWVFK, 0.15
126E12I43, VYVLWGVNVQTGVAGTNADHDEDAIRNVFK, 0.14
126E13I45, VYVLWGVNVQTGVAGTNAIHDEDAIRNVFK, 0.13
126E14I60, VYVLWGVNVQTGVAGTNAIHDEDAIRNVFY, 0.12
126E15I64, SYVLWGVNVQTGVAGTNAIHDEDAIRNVFY, 0.11
126E16I66, SYVLWGVNVQTGVAGTNAILDEDAIRNVFY, 0.1
126E17I67, SYVLWGVNVNTGVAGTNAILDEDAIRNVFY, 0.09
126E18I74, SYVLFGVNVNTGVAGTNAILDEDAIRNVFY, 0.08
126E19I83, SYVLKGVNVNTGVAGTNAILDEDAIRNVFY, 0.07
126E20I143, SYVLKGVNVNTGVAGTNAILDYDAIRNVFY, 0.06
