391E0I0, YSSRGGWQNVPDNRGGNKPLFDVIGQYHIA, 0.36
391E1I7, YSSRGGWQNVPDNQGGNKPLFDVIGQYHIA, 0.34
391E2I9, YSSRGGWQNVPDNQGGNKPLTDVIGQYHIA, 0.26
391E3I12, YSSRGGWQNVPDNQGGNKPQTDVIGQYHIA, 0.25
391E4I15, YSSRGGPQNVPDNQGGNKPQTDVIGQYHIA, 0.19
391E5I29, YSSRGGSQNVPDNQGGNKPQTDVIGQYHIA, 0.18
391E6I42, YSSRGGSQNVPDNQGKNKPQTDVIGQYHIA, 0.17
391E7I43, YSSRGTSQNVPDNQGKNKPQTDVIGQYHIA, 0.16
391E8I47, YQSRGTSQNVPDNQGKNKPQTDVIGQYHIA, 0.15
391E9I48, YQSRGTSQNVPVNQGKNKPQTDVIGQYHIA, 0.14
391E10I50, YQTRGTSQNVPVNQGKNKPQTDVIGQYHIA, 0.13
391E11I73, YQTRGTSRNVPVNQGKNKPQTDVIGQYHIA, 0.12
391E12I76, YQTRGTSRNVPVNQGINKPQTDVIGQYHIA, 0.11
391E13I98, YQTRGTSRNVPVNQGINKPQTDVINQYHIA, 0.08
391E14I140, GQTRGTSRNVPVNQGINKPQTDVINQYHIA, 0.07
391E15I223, GQTRGTSRNVPVNQGINKPQTDVINQYHIR, 0.05
391E16I248, GQTRGTSRNVSVNQGINKPQTDVINQYHIR, 0.04
