118E0I0, FIQITYHDYVRHQALTRPASIVDRSLADLR, 0.45
118E1I1, FIQITYHDYVRHQALTRPASKVDRSLADLR, 0.41
118E2I4, FIQITYRDYVRHQALTRPASKVDRSLADLR, 0.36
118E3I5, FEQITYRDYVRHQALTRPASKVDRSLADLR, 0.21
118E4I10, FEQITYRDYVRHQALTRPASKVDRSLADLA, 0.2
118E5I24, FEQITYIDYVRHQALTRPASKVDRSLADLA, 0.19
118E6I33, FEQITYIDYVIHQALTRPASKVDRSLADLA, 0.17
118E7I44, FEQITYIDYVIHQALTRPASKVERSLADLA, 0.16
118E8I48, FEQITYIDYVIHQALTRPASKVTRSLADLA, 0.15
118E9I69, FEQITYIDYVIHQALTRPASKTTRSLADLA, 0.14
118E10I74, FEQITYIDYVIHQALTRPASKTTRILADLA, 0.13
118E11I102, FEQITYIDYVIHQALTRPASKTERILADLA, 0.12
118E12I137, FEQITYIDYVIHQALTRPASKTEDILADLA, 0.11
118E13I144, FEQITYIDYVIHQALTRPASKTEDILWDLA, 0.1
118E14I195, FEQGTYIDYVIHQALTRPASKTEDILWDLA, 0.09
118E15I237, FEQGTYIDYVIHQALTRPASKTSDILWDLA, 0.08
118E16I239, FEQGTYIWYVIHQALTRPASKTSDILWDLA, 0.07
118E17I255, FEQGTYIWYVIHQAPTRPASKTSDILWDLA, 0.06
118E18I296, FEQGTYIKYVIHQAPTRPASKTSDILWDLA, 0.03
118E19I313, FEQGTYIKYVIHQPPTRPASKTSDILWDLA, 0.02
