237E0I0, SWWLYINRWEGEPKGVYVHGPAWNVGRARS, 0.32
237E1I2, SWWLYINRWEGEIKGVYVHGPAWNVGRARS, 0.3
237E2I3, SFWLYINRWEGEIKGVYVHGPAWNVGRARS, 0.27
237E3I5, DFWLYINRWEGEIKGVYVHGPAWNVGRARS, 0.26
237E4I12, DFWLYINRFEGEIKGVYVHGPAWNVGRARS, 0.23
237E5I23, DFWLYINRFEGEIKGVYVHLPAWNVGRARS, 0.21
237E6I34, DFWLYINRFEGEIKGVYVHLPAWNAGRARS, 0.2
237E7I35, DFWLYINRFEGEIKGVYVHLPAINAGRARS, 0.17
237E8I76, DFWLYINRFEGEIKGVYVHDPAINAGRARS, 0.15
237E9I95, DFWLFINRFEGEIKGVYVHDPAINAGRARS, 0.14
237E10I97, DFWLFINRFEGEIKGVYVPDPAINAGRARS, 0.13
237E11I133, DFWLFINRFEGEQKGVYVPDPAINAGRARS, 0.1
237E12I165, DFWLFINRFEGEQKGVYVPDPAINAERARS, 0.08
237E13I174, DFWLFINRFEGEQKGVYVPDPAINASRARS, 0.07
