431E0I0, ILAYVNGWEFGGRVEDVHFLSYSARPQQAF, 0.31
431E1I4, ILAYVNGWEFGGRVEDVHFLSYSALPQQAF, 0.3
431E2I8, ILAYVNGWEFGGRVEDVHFLGYSALPQQAF, 0.28
431E3I9, ILRYVNGWEFGGRVEDVHFLGYSALPQQAF, 0.26
431E4I17, ILRYVNGWEFGGRVRDVHFLGYSALPQQAF, 0.22
431E5I25, ILRYVNGWEFEGRVRDVHFLGYSALPQQAF, 0.18
431E6I27, ILRYVNGWEFEGRVRDVHFVGYSALPQQAF, 0.16
431E7I54, ILRYVNGWEFEGRVRDVHFVGYSANPQQAF, 0.15
431E8I60, ILRYVNGWEFEGRVRDVHSVGYSANPQQAF, 0.13
431E9I63, ILRYVNGWKFEGRVRDVHSVGYSANPQQAF, 0.12
431E10I76, ILRYVNGWKFEGRVRDVHSVGYSANPQQAG, 0.11
431E11I107, ILRYVNGWKFEGRVRDVHSVGYSANPQQAK, 0.08
431E12I111, ILRYVNGWKFEGRVRDVHSVGYSYNPQQAK, 0.06
