354E0I0, GAHGSSRSQWPTSGGSWKGYDAFFEAYLIK, 0.32
354E1I1, GAHGSSRQQWPTSGGSWKGYDAFFEAYLIK, 0.28
354E2I2, GAHGSSRQQWPTSGGSHKGYDAFFEAYLIK, 0.25
354E3I4, EAHGSSRQQWPTSGGSHKGYDAFFEAYLIK, 0.22
354E4I9, EAEGSSRQQWPTSGGSHKGYDAFFEAYLIK, 0.2
354E5I10, EAEGSSRQQWPTSGGSHKIYDAFFEAYLIK, 0.19
354E6I13, EAEGSSRQQWPTSWGSHKIYDAFFEAYLIK, 0.16
354E7I16, EAEGSSRQQWPTSWGSHKIYDANFEAYLIK, 0.15
354E8I23, EAPGSSRQQWPTSWGSHKIYDANFEAYLIK, 0.14
354E9I38, EAPGKSRQQWPTSWGSHKIYDANFEAYLIK, 0.13
354E10I41, EAPGKSRDQWPTSWGSHKIYDANFEAYLIK, 0.12
354E11I51, EAPGKSRDQAPTSWGSHKIYDANFEAYLIK, 0.11
354E12I53, VAPGKSRDQAPTSWGSHKIYDANFEAYLIK, 0.1
354E13I58, VAPGKSRDQAPTSWGSRKIYDANFEAYLIK, 0.09
354E14I64, VAPGKSRDQAPTSWGSRKIYDANFEAYLRK, 0.08
354E15I83, VAPGKSRDQAPTSWFSRKIYDANFEAYLRK, 0.07
354E16I94, VAPGKSRDQAPTSSFSRKIYDANFEAYLRK, 0.06
