327E0I0, LVPSQYSSPSPEPSKDDNPHDTHNNTKTIN, 0.39
327E1I4, LVPSQYSSPSPEPSKDDNPHDTHNNTYTIN, 0.33
327E2I6, LVPSQYSSPSPEPSKDDNPHDLHNNTYTIN, 0.31
327E3I7, LVPSQYSSLSPEPSKDDNPHDLHNNTYTIN, 0.3
327E4I10, LVPSQYSSLSPEPSKDDNPHDLHNNQYTIN, 0.29
327E5I18, LVNSQYSSLSPEPSKDDNPHDLHNNQYTIN, 0.27
327E6I19, LVNSQYSSLSPEPSKDDTPHDLHNNQYTIN, 0.26
327E7I21, LVNSAYSSLSPEPSKDDTPHDLHNNQYTIN, 0.23
327E8I27, LVNSAYSSLSPEPSKDDTPHDLHNEQYTIN, 0.22
327E9I28, LVNSAYSSLSPEPSKDDTPHDLHNEIYTIN, 0.19
327E10I95, LVNSAYSSLEPEPSKDDTPHDLHNEIYTIN, 0.17
327E11I129, LVNSAYSSLEPEESKDDTPHDLHNEIYTIN, 0.14
327E12I144, LVNSAYSSLEPEESKDDTPHDLHNEIWTIN, 0.13
327E13I145, LVNSAYSSLEPEESKDDTSHDLHNEIWTIN, 0.12
327E14I194, LVNSAYSSLEPEESKDDTSEDLHNEIWTIN, 0.11
327E15I225, LVNSAYSSLEPEESKDDTSYDLHNEIWTIN, 0.1
