20E0I0, VVLIISVQSASDWTAKWVPANDAHEYSVQA, 0.34
20E1I2, VVLIISVQSASDWTAKWVPANDAHKYSVQA, 0.33
20E2I6, VVLINSVQSASDWTAKWVPANDAHKYSVQA, 0.28
20E3I9, VVLINSVQSASDWTKKWVPANDAHKYSVQA, 0.26
20E4I12, VVLINSVQSASDWTKKWLPANDAHKYSVQA, 0.21
20E5I26, VVLINSVQSASDWTKKWLNANDAHKYSVQA, 0.19
20E6I32, VVLINSVQSASLWTKKWLNANDAHKYSVQA, 0.15
20E7I39, VVLINSVQSKSLWTKKWLNANDAHKYSVQA, 0.14
20E8I44, IVLINSVQSKSLWTKKWLNANDAHKYSVQA, 0.13
20E9I91, IVLIDSVQSKSLWTKKWLNANDAHKYSVQA, 0.12
20E10I92, IVLIDSVQSKSLWTKWWLNANDAHKYSVQA, 0.11
20E11I97, IVLIDSVQSKSLWTKWNLNANDAHKYSVQA, 0.1
20E12I108, IVLIDSVQSKSLWTKWNLNANDAHKYNVQA, 0.08
20E13I141, IVLIDSVQSKSLWTEWNLNANDAHKYNVQA, 0.07
20E14I144, IVLIDSVQSKSLWTFWNLNANDAHKYNVQA, 0.06
20E15I190, IVLIDSVQSKSLWTFWNLNANDAHKYVVQA, 0.04
