68E0I0, FAKNKIRWVSDSYATFHWENTHIPRRGGKR, 0.47
68E1I7, FAKNKIRWVSDSYFTFHWENTHIPRRGGKR, 0.45
68E2I9, FAKNKIRWVSDSYFTEHWENTHIPRRGGKR, 0.4
68E3I11, FAKNKIRWVSDSYFTEHWENVHIPRRGGKR, 0.36
68E4I12, FAKNKIRWVSDTYFTEHWENVHIPRRGGKR, 0.35
68E5I14, FAKNKIRWVSDTYFTEHIENVHIPRRGGKR, 0.3
68E6I20, FAKNKIRWVSDTYFTEHIENVHIPRRGGKH, 0.29
68E7I28, FNKNKIRWVSDTYFTEHIENVHIPRRGGKH, 0.25
68E8I39, FNKNKIRWVSDTYFTEQIENVHIPRRGGKH, 0.21
68E9I47, FNKNKIRWVSDTYFTEQIENVTIPRRGGKH, 0.2
68E10I52, FNKNKIRWVSDTGFTEQIENVTIPRRGGKH, 0.19
68E11I54, FNKNKIRWVSDTGWTEQIENVTIPRRGGKH, 0.18
68E12I58, FNKNKIRWVSDTGWTEHIENVTIPRRGGKH, 0.17
68E13I60, FNKNKIRWVSTTGWTEHIENVTIPRRGGKH, 0.16
68E14I62, FNKNKIRWVSTTGWTEHIENVTIPFRGGKH, 0.15
68E15I70, YNKNKIRWVSTTGWTEHIENVTIPFRGGKH, 0.13
68E16I74, YNKNKIRWVSTTGWTEHIENVTIVFRGGKH, 0.12
68E17I96, SNKNKIRWVSTTGWTEHIENVTIVFRGGKH, 0.11
68E18I113, SNKNKIRWVSTTGWTEHIENVTIVFRGGKY, 0.09
