38E0I0, LRNPNYWTTYWKARKYYIEILTPIHAEQRL, 0.4
38E1I1, LRNPQYWTTYWKARKYYIEILTPIHAEQRL, 0.35
38E2I2, LRNPQYWTTYWKARKYYIEIETPIHAEQRL, 0.34
38E3I5, LRNPQYWTTYWKARKYYIEIWTPIHAEQRL, 0.31
38E4I7, LRNPQYWTTYWKARKYYIEIWTPIHAEQRK, 0.3
38E5I8, LRNPQYWTTYWKARKYYIEIWTPIDAEQRK, 0.29
38E6I11, LRNPQYWTTYWKARKYYIEIWTPIDNEQRK, 0.23
38E7I19, LRNPQYWTTYWKERKYYIEIWTPIDNEQRK, 0.22
38E8I26, LRNPQYWTTRWKERKYYIEIWTPIDNEQRK, 0.18
38E9I27, LYNPQYWTTRWKERKYYIEIWTPIDNEQRK, 0.16
38E10I31, LYNPQYWTTRWFERKYYIEIWTPIDNEQRK, 0.14
38E11I42, LYNPQYWQTRWFERKYYIEIWTPIDNEQRK, 0.13
38E12I44, LYNPQYWQTRWFERKYYIEIWTPQDNEQRK, 0.12
38E13I68, LYNPQYKQTRWFERKYYIEIWTPQDNEQRK, 0.09
38E14I72, LYNPQYKQTRWFERKGYIEIWTPQDNEQRK, 0.07
38E15I89, LYNPQYKQTRNFERKGYIEIWTPQDNEQRK, 0.06
38E16I90, LYNPQWKQTRNFERKGYIEIWTPQDNEQRK, 0.05
38E17I102, LYNPQWQQTRNFERKGYIEIWTPQDNEQRK, 0.04
38E18I162, LYNPQWQQYRNFERKGYIEIWTPQDNEQRK, 0.03
