498E0I0, WPVTRKREVAVGQHAPSWNTDFNELGSGYG, 0.34
498E1I2, WPVTRKREVAVGQHAPSWNTDFNELGSGYF, 0.33
498E2I3, WPVTRKREVAVGQHAPSWNTDFNELGSGTF, 0.32
498E3I9, WPVTRKREVAVGQHATSWNTDFNELGSGTF, 0.28
498E4I23, WPVTRKREVAVGQQATSWNTDFNELGSGTF, 0.25
498E5I25, WPVTGKREVAVGQQATSWNTDFNELGSGTF, 0.24
498E6I26, WPVTGKREVAVGVQATSWNTDFNELGSGTF, 0.23
498E7I33, WPVTGKREVAVGVQATSLNTDFNELGSGTF, 0.2
498E8I40, WPVTGKREVAVGVQATSLNTDFNELGSGDF, 0.13
498E9I42, WPVTGKREVAVGVQATSLNTDFNELGSGKF, 0.12
498E10I43, WPVTLKREVAVGVQATSLNTDFNELGSGKF, 0.11
498E11I60, WNVTLKREVAVGVQATSLNTDFNELGSGKF, 0.07
498E12I62, WNVTLKREVAVGVQATSLNTDFNELGSGKP, 0.06
498E13I79, WNVTLKREVAVGVQATSLNTDFNKLGSGKP, 0.05
498E14I114, WNYTLKREVAVGVQATSLNTDFNKLGSGKP, 0.04
