444E0I0, PWRFFNKAATREERAIREGKGIDVQALEVD, 0.3
444E1I2, PWRFFNKAATRAERAIREGKGIDVQALEVD, 0.28
444E2I6, PWRFFNKNATRAERAIREGKGIDVQALEVD, 0.21
444E3I9, PWRRFNKNATRAERAIREGKGIDVQALEVD, 0.2
444E4I10, PWRRFNKNATRAERAIREGKGINVQALEVD, 0.19
444E5I16, PWRRFNKNATRFERAIREGKGINVQALEVD, 0.13
444E6I19, PWRRFNKNATRFEPAIREGKGINVQALEVD, 0.11
444E7I54, PWRRFNKNATRFEPAIREGKGINVQALEHD, 0.1
444E8I65, PWRRFNKNATRFEVAIREGKGINVQALEHD, 0.09
444E9I94, PWRRFNKNATRFEVAIREGKGINVQALEQD, 0.06
444E10I122, PWRRFNKNATRFEVFIREGKGINVQALEQD, 0.05
444E11I125, PWRRFNKNATQFEVFIREGKGINVQALEQD, 0.04
444E12I137, PWRRFNKNATQFERFIREGKGINVQALEQD, 0.03
444E13I224, PWRRFNKNATQFERFIEEGKGINVQALEQD, 0.02
