279E0I0, HDAKALNPSTRVYFQKESGVEQINELQRYR, 0.26
279E1I2, HDAKAWNPSTRVYFQKESGVEQINELQRYR, 0.23
279E2I17, HDAKTWNPSTRVYFQKESGVEQINELQRYR, 0.22
279E3I18, HDAKTWNISTRVYFQKESGVEQINELQRYR, 0.2
279E4I24, HDAKTWNISTRVYFQKESGVSQINELQRYR, 0.16
279E5I33, HDAKTWNISTRVYFQKESGTSQINELQRYR, 0.14
279E6I38, HDWKTWNISTRVYFQKESGTSQINELQRYR, 0.13
279E7I44, HDWKTWNISTRVYFQKEGGTSQINELQRYR, 0.1
279E8I48, HDWKTWNISTRVYFQKEGGTSQINEDQRYR, 0.08
279E9I52, HDWKTWNISTRVYFQKEGITSQINEDQRYR, 0.07
279E10I53, HDWKTWNISTRVYFQKEEITSQINEDQRYR, 0.06
279E11I125, HDWKTWNISTRVYFQKEFITSQINEDQRYR, 0.05
279E12I153, HDWKTWNISTRVYFQKEFITSQINEDQRYF, 0.04
279E13I157, HDWKTWNISTRVYFQKEFITSQINEQQRYF, 0.03
