41E0I0, NRISHKTAHIWQDTPTDRDIWRQKSKILFT, 0.29
41E1I3, NRISHKTAHIWQDTPTDDDIWRQKSKILFT, 0.26
41E2I5, NRISHKTAHIWQDTPTDDDIWRQASKILFT, 0.24
41E3I60, NRISHKTGHIWQDTPTDDDIWRQASKILFT, 0.21
41E4I73, NRISHKTGHIAQDTPTDDDIWRQASKILFT, 0.2
41E5I74, NRISHKTGHIAQDTPTDDDIWQQASKILFT, 0.18
41E6I110, NRISHKTPHIAQDTPTDDDIWQQASKILFT, 0.17
41E7I142, NRISHKTPHIAQDTPTDDDIWQQASKILGT, 0.16
41E8I235, NRISHKTPHIAQDTYTDDDIWQQASKILGT, 0.15
41E9I240, NRISHKTPHIAQDTYTDDDIWQQFSKILGT, 0.14
41E10I297, NRISHKTPYIAQDTYTDDDIWQQFSKILGT, 0.12
41E11I317, NRISHKTPYIAQDVYTDDDIWQQFSKILGT, 0.07
41E12I346, NRISQKTPYIAQDVYTDDDIWQQFSKILGT, 0.06
