320E0I0, VPRQGHHEAGKGSFPSLETIFYIFIPYQVN, 0.4
320E1I7, VPRQGHHEAGKGSFPSLETIFYIFIPYQDN, 0.38
320E2I11, VPRQGHYEAGKGSFPSLETIFYIFIPYQDN, 0.31
320E3I13, VPRQGHYEAGKGSFPSLETIFYYFIPYQDN, 0.3
320E4I14, VPRQGTYEAGKGSFPSLETIFYYFIPYQDN, 0.28
320E5I15, VPRQGTYEAGKGSFPVLETIFYYFIPYQDN, 0.23
320E6I16, VPRQGTYEAGKGSFPVLETIFYYFQPYQDN, 0.21
320E7I17, VPRFGTYEAGKGSFPVLETIFYYFQPYQDN, 0.2
320E8I21, RPRFGTYEAGKGSFPVLETIFYYFQPYQDN, 0.18
320E9I23, RPRFGTYEAGNGSFPVLETIFYYFQPYQDN, 0.15
320E10I24, RPRFGTYEAGNASFPVLETIFYYFQPYQDN, 0.13
320E11I32, RPRFGTYEAGNASFPVFETIFYYFQPYQDN, 0.09
320E12I33, RPRSGTYEAGNASFPVFETIFYYFQPYQDN, 0.08
320E13I66, RPRSGTYEAGNASFPVFETIFYYFQPYVDN, 0.06
320E14I101, RPRSGTYEAGNASFPVFEQIFYYFQPYVDN, 0.05
320E15I168, RPRSGTYEAGNASFPVFEQIFYYFQPQVDN, 0.04
320E16I261, RPDSGTYEAGNASFPVFEQIFYYFQPQVDN, 0.03
