348E0I0, EHEAVIIDHLQPNDYSNGFQPWRYLPWHDN, 0.31
348E1I4, EHEAVIIKHLQPNDYSNGFQPWRYLPWHDN, 0.3
348E2I8, EHEAVIIKHLQWNDYSNGFQPWRYLPWHDN, 0.29
348E3I11, VHEAVIIKHLQWNDYSNGFQPWRYLPWHDN, 0.26
348E4I12, VHEAVIIKHLQWNDYVNGFQPWRYLPWHDN, 0.25
348E5I22, VHEAVIIKHLQWNDYVNGFQPWRYLAWHDN, 0.24
348E6I23, VHEAVIIKHLQWNDYVNGFQPWRYLAWNDN, 0.22
348E7I36, VHEAVIIKLLQWNDYVNGFQPWRYLAWNDN, 0.19
348E8I42, IHEAVIIKLLQWNDYVNGFQPWRYLAWNDN, 0.18
348E9I49, IHEAVIIKLLQWNDYVNGFQPWRYLAWNDW, 0.15
348E10I50, IHEAVIIKLLQWNDYVNGFQPLRYLAWNDW, 0.13
348E11I72, IHEAVIIKLLQWNDYVNGFQPLRYLAYNDW, 0.11
348E12I96, IHEAVIIKTLQWNDYVNGFQPLRYLAYNDW, 0.1
348E13I156, IHEAVIIKTLQWNDYVNGFQPLRRLAYNDW, 0.09
