330E0I0, AYNDKHIENTANVQQSVTRIFQQGADNHPW, 0.33
330E1I2, AYNDKHIEYTANVQQSVTRIFQQGADNHPW, 0.3
330E2I3, AYNDKHIEYTANVQQSVTTIFQQGADNHPW, 0.28
330E3I6, AYNDKHIEYTANVQQSVTTIFQQGKDNHPW, 0.2
330E4I16, AYNDKHIEYTANVQQSVTTIFQQGLDNHPW, 0.18
330E5I19, AYNDKHIEYTANVQQSVTTIFQQALDNHPW, 0.17
330E6I24, AYNDKHIEYTANVQQSVTTIWQQALDNHPW, 0.16
330E7I28, AYNDKHIEYTANVQQGVTTIWQQALDNHPW, 0.13
330E8I47, AYNDKHIEYTANVQQGVTTIWQDALDNHPW, 0.11
330E9I48, AYNDKHIEYTANVQQGVTTIWQDALDNHPI, 0.1
330E10I104, AYNDKHIEATANVQQGVTTIWQDALDNHPI, 0.09
330E11I146, GYNDKHIEATANVQQGVTTIWQDALDNHPI, 0.07
330E12I184, GYNDKHIEATANVQQGVTTIWQDALDNLPI, 0.05
330E13I280, GYNDKHIEATANVEQGVTTIWQDALDNLPI, 0.04
330E14I335, GYNDKHIEATANVEQGVTTIWNDALDNLPI, 0.03
