298E0I0, EINAARGVQLEWNDPYAPLVILNWNPKDTH, 0.37
298E1I1, EINAARGVQLEWNDPYAYLVILNWNPKDTH, 0.35
298E2I3, EINAARGVQLEWNAPYAYLVILNWNPKDTH, 0.34
298E3I6, EINAARGVQLEWNATYAYLVILNWNPKDTH, 0.33
298E4I10, EINAARGVQLEWNATYAYLVILNWNPKYTH, 0.31
298E5I13, EINAARGVYLEWNATYAYLVILNWNPKYTH, 0.29
298E6I19, EQNAARGVYLEWNATYAYLVILNWNPKYTH, 0.26
298E7I21, EQNAARGVYLEWNATYAYLVFLNWNPKYTH, 0.23
298E8I25, EQNAARGVYLEWNATYAYLVFINWNPKYTH, 0.22
298E9I27, EQNAARGVYLEWNATYAYLVFINWQPKYTH, 0.21
298E10I33, EQNAASGVYLEWNATYAYLVFINWQPKYTH, 0.19
298E11I40, EQNAASGVYLEDNATYAYLVFINWQPKYTH, 0.18
298E12I43, EQNAASGVYREDNATYAYLVFINWQPKYTH, 0.14
298E13I47, EQNAASGVYREDNATYAYLVFINWQPKYTK, 0.12
298E14I59, EQNAASGVYRELNATYAYLVFINWQPKYTK, 0.11
298E15I64, EQNAASGVYRELNATYSYLVFINWQPKYTK, 0.1
298E16I84, EQNAASGVARELNATYSYLVFINWQPKYTK, 0.08
298E17I122, EQNAASGVARELNATYSYLVFIAWQPKYTK, 0.07
298E18I143, EQNAASGVARNLNATYSYLVFIAWQPKYTK, 0.05
298E19I153, EQNAASVVARNLNATYSYLVFIAWQPKYTK, 0.04
