448E0I0, KIVGPSELYWWPFAYAADAKGLDNHLKKDV, 0.46
448E1I2, KIVGPSELYWWPFAYAADAKNLDNHLKKDV, 0.42
448E2I4, KIVGPSELYWWPFAAAADAKNLDNHLKKDV, 0.41
448E3I5, KIVGPSELYWWPFAAAADAKNLDNHLKRDV, 0.37
448E4I10, KIVGPSELYEWPFAAAADAKNLDNHLKRDV, 0.33
448E5I11, KIVGPSELYESPFAAAADAKNLDNHLKRDV, 0.32
448E6I12, KIHGPSELYESPFAAAADAKNLDNHLKRDV, 0.29
448E7I14, KIHGLSELYESPFAAAADAKNLDNHLKRDV, 0.26
448E8I15, KHHGLSELYESPFAAAADAKNLDNHLKRDV, 0.24
448E9I20, KHHGLSELYESPFAAAADAKNLDNHLKRRV, 0.23
448E10I24, KHHGLSELYESPFAAAHDAKNLDNHLKRRV, 0.22
448E11I33, KHHGLSELYESPFAAAHDAKNLDNRLKRRV, 0.21
448E12I39, KHHGLSELYESPFAAAHDAKNLDNDLKRRV, 0.2
448E13I42, KHHGLSELYESPFAAAHDAKNLDNDLKQRV, 0.18
448E14I45, KHHGLSELYEGPFAAAHDAKNLDNDLKQRV, 0.17
448E15I48, KHHGLSELYEGPFAAAHDAKNLDNDLKQRK, 0.16
448E16I49, KHHGLSELYEGPFAAAHDAKNLDNDLEQRK, 0.12
448E17I54, KHHGLSELYEGPFAAAHDAKNLDNDLEQRL, 0.11
448E18I88, KHHGLSELYEGPFAAAHDAKNLDNDLEQDL, 0.09
448E19I89, KHHGLSEIYEGPFAAAHDAKNLDNDLEQDL, 0.08
448E20I122, KHHGLSEIQEGPFAAAHDAKNLDNDLEQDL, 0.06
448E21I136, KHHGLQEIQEGPFAAAHDAKNLDNDLEQDL, 0.05
448E22I178, KHHGLQEIQEGPFASAHDAKNLDNDLEQDL, 0.04
448E23I184, KHHGLQEIFEGPFASAHDAKNLDNDLEQDL, 0.03
448E24I197, KHHGLQEIFEGPFASAHDAKNLDNDVEQDL, 0.02
