44E0I0, YKFIINQADDGSSDWDKRRFAARIPTSSHV, 0.38
44E1I2, YKFIINQADDGSSDWDKRRFAARNPTSSHV, 0.36
44E2I3, YKFIINSADDGSSDWDKRRFAARNPTSSHV, 0.35
44E3I5, YKFIINSADDGSSDWDKRRFDARNPTSSHV, 0.31
44E4I8, YKFIINSANDGSSDWDKRRFDARNPTSSHV, 0.28
44E5I12, YKFIINSANDGSSDWDKRRRDARNPTSSHV, 0.27
44E6I13, YKFIINSANDGSRDWDKRRRDARNPTSSHV, 0.24
44E7I19, YKFIINSANDGSVDWDKRRRDARNPTSSHV, 0.23
44E8I21, YKFEINSANDGSVDWDKRRRDARNPTSSHV, 0.2
44E9I23, YKFEINSANDGSVDWDKRRRDAKNPTSSHV, 0.18
44E10I31, YKFEINSANDGSVPWDKRRRDAKNPTSSHV, 0.17
44E11I35, YKFEINSANDGSVPWDKRRRDAKNPTSSHK, 0.16
44E12I40, YKFEINSANDGSVPWDKRRRDAKNPTSDHK, 0.14
44E13I45, YKFEINSANDGSVPYDKRRRDAKNPTSDHK, 0.13
44E14I63, YKFEINPANDGSVPYDKRRRDAKNPTSDHK, 0.12
44E15I77, YKFEINPWNDGSVPYDKRRRDAKNPTSDHK, 0.1
44E16I85, YKFEINPWNDGSVPYDKRRRDAKNITSDHK, 0.09
44E17I94, YKFEINPWNDGSVPYDKRRRDAKNKTSDHK, 0.08
44E18I106, YKFEINPWNDGSVIYDKRRRDAKNKTSDHK, 0.07
44E19I128, YKFEINPWNDGSVIYRKRRRDAKNKTSDHK, 0.06
44E20I149, YKFEINPWNDGSVIYRKRVRDAKNKTSDHK, 0.04
