218E0I0, KIISWWNHYDSLERNNLYPIVDEGYQHWDT, 0.42
218E1I1, KIISWWNHYDSLERNNLYPIVLEGYQHWDT, 0.41
218E2I2, KIISWWNHYDSLERNNLYPIVLEGYQIWDT, 0.35
218E3I3, KIISWWNHYDSLERNNLYPIVLEGYQIWDE, 0.33
218E4I6, KIISWWNHYDSLERNNLYPIVLEGYQIWDY, 0.32
218E5I7, KIISWWNHYDSLERNNLYPLVLEGYQIWDY, 0.26
218E6I9, KIISWWNHYDSLERNNLYPLVLEGYLIWDY, 0.22
218E7I15, KIISWWKHYDSLERNNLYPLVLEGYLIWDY, 0.21
218E8I18, KIISWWKHYDSLEANNLYPLVLEGYLIWDY, 0.18
218E9I19, KIISWWKHYDSLEANNLYPLVLEPYLIWDY, 0.17
218E10I23, KIISWWKHYDNLEANNLYPLVLEPYLIWDY, 0.15
218E11I37, KIISWQKHYDNLEANNLYPLVLEPYLIWDY, 0.14
218E12I40, KIYSWQKHYDNLEANNLYPLVLEPYLIWDY, 0.13
218E13I45, KIYDWQKHYDNLEANNLYPLVLEPYLIWDY, 0.07
218E14I113, KIYDWQKHYDNFEANNLYPLVLEPYLIWDY, 0.06
218E15I164, KIYDWHKHYDNFEANNLYPLVLEPYLIWDY, 0.05
218E16I167, KIYDWHKHYDNFEANNLYDLVLEPYLIWDY, 0.04
218E17I185, KIYDWHKHYDNFEANNLVDLVLEPYLIWDY, 0.03
218E18I222, KIYDWHKHYDNFEANNLVDLVLEPYLIWDD, 0.02
