123E0I0, EFWVEKRHKTTQLYDFVVVVGPAPAQKTEF, 0.44
123E1I1, EFWVEKRHKTTQLYDFVVVVGPAPAQKTEP, 0.43
123E2I5, EFWVEKRHKTTQLYDFVVVVGPWPAQKTEP, 0.39
123E3I6, EFWVEKRHKTTQLYDFVVVVGPKPAQKTEP, 0.33
123E4I11, ELWVEKRHKTTQLYDFVVVVGPKPAQKTEP, 0.28
123E5I22, ELWNEKRHKTTQLYDFVVVVGPKPAQKTEP, 0.24
123E6I25, ELWNEKRHKITQLYDFVVVVGPKPAQKTEP, 0.17
123E7I31, ELWNEKRHKITQLYDFVVVVGQKPAQKTEP, 0.16
123E8I40, ELWNEKRHKITQLYDYVVVVGQKPAQKTEP, 0.15
123E9I41, ELYNEKRHKITQLYDYVVVVGQKPAQKTEP, 0.14
123E10I42, ELYNEKRHKITQLYDYVVVVGQKPGQKTEP, 0.13
123E11I50, ELYNEKRHKITQLYDYVVVVGQKAGQKTEP, 0.1
123E12I56, ELYNEKRHKITQLYYYVVVVGQKAGQKTEP, 0.09
123E13I85, ELYNEKRHKIEQLYYYVVVVGQKAGQKTEP, 0.07
123E14I97, ELYNEKRHKIEQLYYYVVVVGTKAGQKTEP, 0.05
123E15I130, ELYNEKRHKIEQLYTYVVVVGTKAGQKTEP, 0.04
123E16I193, ELYNEKRHKIEQLYTYYVVVGTKAGQKTEP, 0.03
