479E0I0, LVVNERRPYPEVGRDHQIVGVGDVAQIDRR, 0.44
479E1I1, LVVNERRPYEEVGRDHQIVGVGDVAQIDRR, 0.39
479E2I2, LVVNERRPYEEVGRDHQIVGVGDVALIDRR, 0.36
479E3I5, LVVNERRPYEEVGRDHQIIGVGDVALIDRR, 0.31
479E4I9, LVVNERRPYEEVGRDHQIIGVGDVALIDQR, 0.28
479E5I10, LVVNERRPYEEVGRDHQLIGVGDVALIDQR, 0.27
479E6I13, LVVNERRPYEEVGRDHQLYGVGDVALIDQR, 0.25
479E7I14, LVVWERRPYEEVGRDHQLYGVGDVALIDQR, 0.24
479E8I16, LVVWERRPYEEVGRDHQLYGVGDVALRDQR, 0.23
479E9I25, LVVWERRPYEEVGRDHQLYGVGQVALRDQR, 0.21
479E10I36, IVVWERRPYEEVGRDHQLYGVGQVALRDQR, 0.2
479E11I52, IVVWERRPYEEVGRDHQLYGVGQVAWRDQR, 0.19
479E12I80, DVVWERRPYEEVGRDHQLYGVGQVAWRDQR, 0.18
479E13I84, DVVWERRPDEEVGRDHQLYGVGQVAWRDQR, 0.16
479E14I112, DVVWERRPDEEVGRDHQLYGVGQVAWKDQR, 0.14
479E15I118, DVVWERRPQEEVGRDHQLYGVGQVAWKDQR, 0.13
479E16I133, DVVWERRPQEEVGRDHQLYGVGQVAWKEQR, 0.11
479E17I141, DVVIERRPQEEVGRDHQLYGVGQVAWKEQR, 0.09
479E18I160, DVVIERRPQEEVGRDHQLYGVGQVAGKEQR, 0.07
479E19I244, DVVIERRPQEEVGRDHSLYGVGQVAGKEQR, 0.06
479E20I298, DVVIERRPQFEVGRDHSLYGVGQVAGKEQR, 0.05
479E21I335, DVVIERRFQFEVGRDHSLYGVGQVAGKEQR, 0.03
