268E0I0, VNEKWSAFKYIPIARNVHWHSHTAFEFILV, 0.33
268E1I3, VNEKWSAFKYIPIARNVHSHSHTAFEFILV, 0.26
268E2I11, VNEKWSAIKYIPIARNVHSHSHTAFEFILV, 0.24
268E3I20, VNEKWSAIKYIPIARNVHSHSHTLFEFILV, 0.21
268E4I25, VNEKWSAIKYIGIARNVHSHSHTLFEFILV, 0.2
268E5I27, VNEKWSAIKYIGIARNVHSHSHTLFENILV, 0.17
268E6I28, VNEKWSAIKYIGIARNVHSGSHTLFENILV, 0.16
268E7I31, VNEKWSAIKYIGIARNVHSGSHTLFQNILV, 0.15
268E8I42, VFEKWSAIKYIGIARNVHSGSHTLFQNILV, 0.13
268E9I63, VFEKWSAIKYIGIAKNVHSGSHTLFQNILV, 0.12
268E10I65, VFEKWSRIKYIGIAKNVHSGSHTLFQNILV, 0.11
268E11I70, VFEKWTRIKYIGIAKNVHSGSHTLFQNILV, 0.09
268E12I71, VFEKWTRIKYIGIAKNVHSGSATLFQNILV, 0.08
268E13I86, VFEKWTRIKYIGIVKNVHSGSATLFQNILV, 0.06
268E14I91, VFEKWTRIKYIGIVKNVDSGSATLFQNILV, 0.05
268E15I183, VFEKWTRIKYIGIVKNVDSGIATLFQNILV, 0.04
268E16I242, VFEKWTRIKYIYIVKNVDSGIATLFQNILV, 0.03
