365E0I0, WEWTFKGPKAWSYFDTPWTSLWGKPLLHKT, 0.4
365E1I2, WEWTFKGPKAWSYFDTPWTSLWGKYLLHKT, 0.37
365E2I3, WEWTFKGPKAWSYFDTPYTSLWGKYLLHKT, 0.34
365E3I8, WEWTFKGPKAWSYQDTPYTSLWGKYLLHKT, 0.33
365E4I10, WEWTFKGPKAWSYQDTDYTSLWGKYLLHKT, 0.31
365E5I12, WEWAFKGPKAWSYQDTDYTSLWGKYLLHKT, 0.29
365E6I14, WEQAFKGPKAWSYQDTDYTSLWGKYLLHKT, 0.24
365E7I20, WEQAFKGPKAWSYQDTDYTSLWGKYLLQKT, 0.21
365E8I28, WEQAFKGPKAWSYQDTDYTSLWGKYLLSKT, 0.19
365E9I36, FEQAFKGPKAWSYQDTDYTSLWGKYLLSKT, 0.18
365E10I40, FEQAFKGPKNWSYQDTDYTSLWGKYLLSKT, 0.16
365E11I41, FEQAFEGPKNWSYQDTDYTSLWGKYLLSKT, 0.1
365E12I45, FEQAFEGPKNWSYQWTDYTSLWGKYLLSKT, 0.09
365E13I46, FEQAFEGPKNWSYQWTKYTSLWGKYLLSKT, 0.08
365E14I47, FEQWFEGPKNWSYQWTKYTSLWGKYLLSKT, 0.07
365E15I77, FEQWFEGPKNWSYQWTKYTSLWGKYLNSKT, 0.06
365E16I92, FEQWFEGQKNWSYQWTKYTSLWGKYLNSKT, 0.04
365E17I95, FEQWFEGQKNWSYQWTKYTSLWVKYLNSKT, 0.02
