240E0I0, DVHFFGLKWWFIGTQAEWWWWDVASEHTHF, 0.48
240E1I3, DVHFFGLKWWFIGTQAEWWWWRVASEHTHF, 0.46
240E2I5, AVHFFGLKWWFIGTQAEWWWWRVASEHTHF, 0.44
240E3I14, AVHFSGLKWWFIGTQAEWWWWRVASEHTHF, 0.41
240E4I15, AVHFSGLKWWFIGTQAEWWWWRVDSEHTHF, 0.37
240E5I16, AVHFSGLKWWFIGTQAEWWWWRVDSEHSHF, 0.35
240E6I19, AVHFSGLKWWFIGTQFEWWWWRVDSEHSHF, 0.32
240E7I27, AVHFSGLKWWFIGTQFEWWWWRVDIEHSHF, 0.29
240E8I35, AVHFSGLKWWFIGTQFEWWWWRVDIDHSHF, 0.26
240E9I36, AVHFSGLKWWFIKTQFEWWWWRVDIDHSHF, 0.23
240E10I45, WVHFSGLKWWFIKTQFEWWWWRVDIDHSHF, 0.22
240E11I47, WVHFSGYKWWFIKTQFEWWWWRVDIDHSHF, 0.21
240E12I52, WVHFSGYKWWFIKTQFEWWWWRVDIDHSRF, 0.19
240E13I54, WVHFSGYKWDFIKTQFEWWWWRVDIDHSRF, 0.18
240E14I57, WVHFSGYKWDFIKTQFEWWWTRVDIDHSRF, 0.16
240E15I60, YVHFSGYKWDFIKTQFEWWWTRVDIDHSRF, 0.15
240E16I62, YVHFSGYKWDFIKTQFEWWWTRVIIDHSRF, 0.14
240E17I65, YVHFSVYKWDFIKTQFEWWWTRVIIDHSRF, 0.13
240E18I66, YVHFSVYKWDFIKTQFEWNWTRVIIDHSRF, 0.11
240E19I95, YVRFSVYKWDFIKTQFEWNWTRVIIDHSRF, 0.09
240E20I99, YVRFSVYKWDFIKTQFEWNWTRVIIDHSRP, 0.08
240E21I122, YVRFSVYEWDFIKTQFEWNWTRVIIDHSRP, 0.06
