129E0I0, RHSDQWTNTDYQYKQEAVEWTQRARKENLG, 0.39
129E1I5, RHSDQWTNTDYQYKQEAFEWTQRARKENLG, 0.36
129E2I6, RHSDQWTNTDYQYKQEAFEWTQVARKENLG, 0.33
129E3I7, RHSDQWTNTDYQYKQEAFEWTQDARKENLG, 0.29
129E4I9, RHSDQWTNTDYQWKQEAFEWTQDARKENLG, 0.23
129E5I10, RHSDQWTNTDYQWKQEAFEWNQDARKENLG, 0.22
129E6I11, RHSDQWTNTDYQWKQEAFEWNQDARKEALG, 0.16
129E7I21, RHSDQWTNTDYQWKQEAFEQNQDARKEALG, 0.15
129E8I26, RHSDQWTNTVYQWKQEAFEQNQDARKEALG, 0.14
129E9I43, RHSDQWTNTVYQWKQEAFEQDQDARKEALG, 0.13
129E10I46, RHKDQWTNTVYQWKQEAFEQDQDARKEALG, 0.12
129E11I73, RHKDQWTNTVYQWKQEAFEQQQDARKEALG, 0.11
129E12I93, RHKDQWTNTAYQWKQEAFEQQQDARKEALG, 0.1
129E13I94, RHKDQWTNTAYQPKQEAFEQQQDARKEALG, 0.07
129E14I167, RHKDQWTNTAYQPKQEAFEQQQDARKEALF, 0.05
129E15I249, RHKDQWTNTAYQPKYEAFEQQQDARKEALF, 0.04
129E16I264, YHKDQWTNTAYQPKYEAFEQQQDARKEALF, 0.03
