273E0I0, NTYKVPKFEEEHIWDNRKDKKGEKSRWQTK, 0.33
273E1I1, NTYKVPKFEEEHIWDNRKDKRGEKSRWQTK, 0.31
273E2I2, NTYKVPKFEEEHIWDNRKDKRGEKSRWQLK, 0.3
273E3I4, NTYKVPKFEEEHIWDNRKDKRGEKSRWELK, 0.28
273E4I5, PTYKVPKFEEEHIWDNRKDKRGEKSRWELK, 0.25
273E5I22, PTYKVPKFEEEHIWDNRKYKRGEKSRWELK, 0.22
273E6I23, PTYKQPKFEEEHIWDNRKYKRGEKSRWELK, 0.19
273E7I33, PTYKQPKFEEEHIWDNRKYKRHEKSRWELK, 0.18
273E8I34, PTYKQPKFEEEAIWDNRKYKRHEKSRWELK, 0.15
273E9I77, PTYKQPKFEEQAIWDNRKYKRHEKSRWELK, 0.13
273E10I83, PTYKQPKFEEQAIWDNRKIKRHEKSRWELK, 0.09
273E11I106, PTYKQPKFEEQAIWDNRKIKRHEKSRWELN, 0.06
273E12I121, PTYKQPKFEEQAITDNRKIKRHEKSRWELN, 0.05
273E13I134, PTYKQPKFEEQAGTDNRKIKRHEKSRWELN, 0.04
