153E0I0, ETRIGGWNDYTHLTTFPEAAILHWLEQGWQ, 0.37
153E1I2, ETRIGGWNDYTHYTTFPEAAILHWLEQGWQ, 0.35
153E2I5, ETRIGGWNDYTHYTTFPEAAILLWLEQGWQ, 0.32
153E3I7, ETRIGGWNDYTHYTTFFEAAILLWLEQGWQ, 0.3
153E4I11, ETRIGGWNDYTHVTTFFEAAILLWLEQGWQ, 0.29
153E5I14, ETRYGGWNDYTHVTTFFEAAILLWLEQGWQ, 0.27
153E6I17, ETRYSGWNDYTHVTTFFEAAILLWLEQGWQ, 0.26
153E7I19, ETRYSGWNDYTHVTRFFEAAILLWLEQGWQ, 0.22
153E8I21, ETRYSGWNDITHVTRFFEAAILLWLEQGWQ, 0.21
153E9I30, ETRYSGWNDISHVTRFFEAAILLWLEQGWQ, 0.2
153E10I31, ETRYSGWNDISHVTRFFEAAILRWLEQGWQ, 0.18
153E11I35, ETRYSGWNDISAVTRFFEAAILRWLEQGWQ, 0.17
153E12I68, ETRYSGWNKISAVTRFFEAAILRWLEQGWQ, 0.16
153E13I78, EVRYSGWNKISAVTRFFEAAILRWLEQGWQ, 0.14
153E14I92, EVRYSGWNKISAVTRFFEAAILRWLEQGWT, 0.13
153E15I132, SVRYSGWNKISAVTRFFEAAILRWLEQGWT, 0.12
