277E0I0, LDFAWSNNWFLNYFWLVKNHHHFFGRQANR, 0.31
277E1I7, LDFAWSNNWFLNYIWLVKNHHHFFGRQANR, 0.3
277E2I11, LDFAWSNNWFLNYIWLVKNHHHFFERQANR, 0.23
277E3I17, LDFAWSNNWFLNYIALVKNHHHFFERQANR, 0.22
277E4I22, LDFAWSNNWFLNYIVLVKNHHHFFERQANR, 0.21
277E5I27, LDEAWSNNWFLNYIVLVKNHHHFFERQANR, 0.2
277E6I39, LDEAWSNNWFLNYIVLVKNSHHFFERQANR, 0.19
277E7I42, LDEAWSNNWFLNYIVLVKNSHHFFERQALR, 0.18
277E8I62, LDEAWSNNWFLNYIVLVKNSHDFFERQALR, 0.16
277E9I69, LDEAWSNQWFLNYIVLVKNSHDFFERQALR, 0.15
277E10I73, LDEAWSNQWFLNYIVLVKNSHDQFERQALR, 0.14
277E11I75, LDEAWSNQWFLNYIVLVKNSHDQFERRALR, 0.12
277E12I84, LDEAWSNQWFLNYIVLVKNAHDQFERRALR, 0.11
277E13I105, LDEAWSNQIFLNYIVLVKNAHDQFERRALR, 0.1
277E14I136, LDEAWSNQIFLNYIVLVKNAHDQFERRATR, 0.09
277E15I204, LDEAWSNQIFLNYIVLVKNAHDQFEQRATR, 0.08
277E16I226, LDEAWSNQIFLNYIVLVKNAHDQFEQNATR, 0.06
277E17I265, LDEAWGNQIFLNYIVLVKNAHDQFEQNATR, 0.05
277E18I331, LDEAWGVQIFLNYIVLVKNAHDQFEQNATR, 0.04
277E19I335, LDEAWGVQIFLNYIVLVKNIHDQFEQNATR, 0.03
277E20I358, LDEAWGVQIFLNYIVLVKNIHDWFEQNATR, 0.02
277E21I360, LDEAWGVQIFLNYIVLVKNIHDWFEQPATR, 0.01
