484E0I0, LQHQIQFSKQQLWVYDLLDWIFRGPAWRQI, 0.35
484E1I1, LQHQIQFSKQQLYVYDLLDWIFRGPAWRQI, 0.34
484E2I2, FQHQIQFSKQQLYVYDLLDWIFRGPAWRQI, 0.33
484E3I4, FQHQIQFSKQQLYVYDLLDWIFRGPAWFQI, 0.31
484E4I5, FQHQIQLSKQQLYVYDLLDWIFRGPAWFQI, 0.29
484E5I10, FQHQIQLSKQQLYVYDLLDYIFRGPAWFQI, 0.26
484E6I15, FQHQIQLSKQQLYVYDLLDYIFRGPIWFQI, 0.17
484E7I17, FQHQIQLSKQQLYVYDLDDYIFRGPIWFQI, 0.16
484E8I18, FQSQIQLSKQQLYVYDLDDYIFRGPIWFQI, 0.15
484E9I20, FQSQIQLSKQQLYVYALDDYIFRGPIWFQI, 0.13
484E10I22, FQSQIQLSEQQLYVYALDDYIFRGPIWFQI, 0.11
484E11I28, FQSQIQLSEQQLYVYALDDYIFRGPIKFQI, 0.1
484E12I45, FQSQIQLSEQQLYVYALDDYIFRGPIKFVI, 0.08
484E13I60, FQSQIQLSEQQLYVYALDDYDFRGPIKFVI, 0.07
484E14I110, FQSQEQLSEQQLYVYALDDYDFRGPIKFVI, 0.06
484E15I112, FQSQEQLSESQLYVYALDDYDFRGPIKFVI, 0.05
