492E0I0, QNHKRIGQNFWLVAFWHTRQLWPWVGFIVR, 0.31
492E1I1, QNHKRIGQNFWLVAFWHTRQLWPWVGFYVR, 0.3
492E2I8, TNHKRIGQNFWLVAFWHTRQLWPWVGFYVR, 0.28
492E3I12, TNHKRIGQNFWLVAFWHTRTLWPWVGFYVR, 0.25
492E4I26, TNHKRIGQNFWLVAFEHTRTLWPWVGFYVR, 0.24
492E5I38, TNHKRIGQNFWLVAFEHTRTLWPWVGLYVR, 0.22
492E6I43, TNHKRIGQNFWLVAFEHTRTLWWWVGLYVR, 0.2
492E7I46, TNHKRIGQNFWLVAFEHTRTLWWWVGGYVR, 0.19
492E8I62, TNHKRIGQNFWLVAFEHTRTLWWWVGYYVR, 0.18
492E9I74, TNHKPIGQNFWLVAFEHTRTLWWWVGYYVR, 0.17
492E10I86, TNHKPIGGNFWLVAFEHTRTLWWWVGYYVR, 0.15
492E11I94, TNHKPIGGVFWLVAFEHTRTLWWWVGYYVR, 0.14
492E12I96, TNHKDIGGVFWLVAFEHTRTLWWWVGYYVR, 0.13
492E13I124, TNHKDWGGVFWLVAFEHTRTLWWWVGYYVR, 0.12
492E14I127, TNHKDWGGSFWLVAFEHTRTLWWWVGYYVR, 0.11
492E15I137, TNHKDWGGSFWLVAFEHARTLWWWVGYYVR, 0.1
492E16I143, TNHKDWGGSFELVAFEHARTLWWWVGYYVR, 0.09
492E17I150, TNHKDWGGSFELVAFEYARTLWWWVGYYVR, 0.08
492E18I219, TNHKDWGGSFELVAFPYARTLWWWVGYYVR, 0.07
492E19I294, TNHKDWGGSFELVAFPYARTLWWWEGYYVR, 0.06
492E20I358, TNHKDWGGSFELVAFPYARTLIWWEGYYVR, 0.05
492E21I372, TNHKDWGGSFELVAFPYARTLIWNEGYYVR, 0.04
492E22I383, TNHKIWGGSFELVAFPYARTLIWNEGYYVR, 0.03
492E23I384, TNHKIWGGSFELVAFPYARTLIWNEGYYVG, 0.02
