392E0I0, VYNKRKIRTSVLKLYWAGIREWIARHVISN, 0.41
392E1I1, VYNKRKIRTSVLKKYWAGIREWIARHVISN, 0.38
392E2I3, VYNKRKIRTSVLKKYTAGIREWIARHVISN, 0.26
392E3I5, VYNKRKIRTSVLKKYTAGIREWIARHVFSN, 0.25
392E4I6, VYNKRKIRTSVLKKDTAGIREWIARHVFSN, 0.23
392E5I9, VYNKRKIRTSVLKKDTAGIREWIARLVFSN, 0.21
392E6I16, VYNKRKIRTSVLKKDTAGIREWIARLVFRN, 0.17
392E7I21, VYNKHKIRTSVLKKDTAGIREWIARLVFRN, 0.16
392E8I42, VYNKHKIRTSVLKKDTAGIREWNARLVFRN, 0.14
392E9I49, VYNKNKIRTSVLKKDTAGIREWNARLVFRN, 0.13
392E10I51, VYNKNKIRTEVLKKDTAGIREWNARLVFRN, 0.12
392E11I56, VYNKNKIRTEVLKRDTAGIREWNARLVFRN, 0.1
392E12I122, VYNKNKIRTEVLKRDTAGIREWNAILVFRN, 0.08
392E13I163, VYNKNKIRTEVLKRDTAGIFEWNAILVFRN, 0.07
392E14I181, VYNKNKIRTEVLKRDIAGIFEWNAILVFRN, 0.06
392E15I188, VYNKNKIRTTVLKRDIAGIFEWNAILVFRN, 0.05
392E16I252, VYNKNKIRTTVLKRDDAGIFEWNAILVFRN, 0.04
392E17I263, VYNKNKIRTDVLKRDDAGIFEWNAILVFRN, 0.02
