14E0I0, DLHLDNLIQNNYKKLLLYAEWETAQNYINY, 0.4
14E1I2, DLHLDNTIQNNYKKLLLYAEWETAQNYINY, 0.39
14E2I3, DDHLDNTIQNNYKKLLLYAEWETAQNYINY, 0.36
14E3I4, DDHLDNTIQNNYKKLLLKAEWETAQNYINY, 0.35
14E4I7, DDHLDNTIQNNYKKLLLVAEWETAQNYINY, 0.28
14E5I13, DDHLDNTIFNNYKKLLLVAEWETAQNYINY, 0.26
14E6I20, DDHLDNTIFNNYKKLLLVAEWETSQNYINY, 0.19
14E7I36, DDHLDNTIFNNYKKLLLVAEYETSQNYINY, 0.17
14E8I37, DDWLDNTIFNNYKKLLLVAEYETSQNYINY, 0.16
14E9I39, DDWLDNTIFNNYKKLLLVNEYETSQNYINY, 0.14
14E10I40, DQWLDNTIFNNYKKLLLVNEYETSQNYINY, 0.12
14E11I52, DQWLDNTIFNNYKKLDLVNEYETSQNYINY, 0.1
14E12I67, DQWLDNTIFNNYKKLDLVNEYETSYNYINY, 0.09
14E13I74, DQWLDNTIFNNYKKLDLVNEYETSYNYIKY, 0.08
14E14I102, DQWLDNTNFNNYKKLDLVNEYETSYNYIKY, 0.06
