260E0I0, YSHPSQFNTQDRIRFGNTWLYDGQPKPEAR, 0.37
260E1I1, YSHPSQFNTQDRIRFGNIWLYDGQPKPEAR, 0.28
260E2I9, YSHPSQFNTQDRIRFGNIWLYDGQPKPEER, 0.24
260E3I10, YSHPSQFNTQDRIWFGNIWLYDGQPKPEER, 0.23
260E4I31, YSHPLQFNTQDRIWFGNIWLYDGQPKPEER, 0.22
260E5I59, YSHPLQFNTQDRIWFGNIWLYDGQPKIEER, 0.21
260E6I68, YSHPLQFNFQDRIWFGNIWLYDGQPKIEER, 0.2
260E7I76, YSAPLQFNFQDRIWFGNIWLYDGQPKIEER, 0.19
260E8I82, YSAPLQFNFQDRIWFGNIWLYDGQPRIEER, 0.18
260E9I86, YSAPLQFEFQDRIWFGNIWLYDGQPRIEER, 0.17
260E10I91, YSAPLQFEFQKRIWFGNIWLYDGQPRIEER, 0.15
260E11I98, YSKPLQFEFQKRIWFGNIWLYDGQPRIEER, 0.14
260E12I102, YSKPLQFEFQKRIWFGNIWLYDGQPRIKER, 0.13
260E13I104, YSKFLQFEFQKRIWFGNIWLYDGQPRIKER, 0.11
260E14I123, YSKFLQFEFQKRIWFGVIWLYDGQPRIKER, 0.08
260E15I166, YSKFLQFEFQKRIWRGVIWLYDGQPRIKER, 0.07
260E16I171, YSKFQQFEFQKRIWRGVIWLYDGQPRIKER, 0.06
260E17I174, YAKFQQFEFQKRIWRGVIWLYDGQPRIKER, 0.05
260E18I189, YAKFPQFEFQKRIWRGVIWLYDGQPRIKER, 0.04
