133E0I0, GDTTSPHKIATRAFFGPWDYREKTHYKIQA, 0.45
133E1I3, GDTTSPHKIATRAFFGPWDYREKTTYKIQA, 0.44
133E2I5, GDTTSPHKIATRAFFGPWDYREKTTYKIEA, 0.38
133E3I6, GDTTSPHKIATRALFGPWDYREKTTYKIEA, 0.33
133E4I11, GDTTSPHKIATRALFGLWDYREKTTYKIEA, 0.26
133E5I14, GDGTSPHKIATRALFGLWDYREKTTYKIEA, 0.25
133E6I18, GDGTSPHKIATRALFGLWDYIEKTTYKIEA, 0.24
133E7I20, GDGTSPHKNATRALFGLWDYIEKTTYKIEA, 0.18
133E8I21, GDGTSPHKNATRALWGLWDYIEKTTYKIEA, 0.15
133E9I28, GDGTSPAKNATRALWGLWDYIEKTTYKIEA, 0.12
133E10I41, GDGTSGAKNATRALWGLWDYIEKTTYKIEA, 0.1
133E11I48, GDGTSGAKNATRALWGLWDYHEKTTYKIEA, 0.09
133E12I104, GDGTSRAKNATRALWGLWDYHEKTTYKIEA, 0.08
133E13I118, NDGTSRAKNATRALWGLWDYHEKTTYKIEA, 0.07
133E14I199, NDGTSRAKNATRALWGLWDYHEKTTDKIEA, 0.06
133E15I202, NDGTSRAKNATRALWGLWTYHEKTTDKIEA, 0.05
133E16I251, NDGTSRAKNATRALWGLWTYFEKTTDKIEA, 0.04
133E17I265, NDGTSRAKNATRALWGLWTYFEKTTDYIEA, 0.02
