337E0I0, DETERDEGPQEWANPLSNNENEFFVSHTTW, 0.39
337E1I3, DETERDEGPQEWANLLSNNENEFFVSHTTW, 0.36
337E2I4, DETERDEGPQEWANLLSNNENPFFVSHTTW, 0.3
337E3I7, DETERDEGPQEWANLLSNNENPFKVSHTTW, 0.27
337E4I9, DETERDEGPQEWANLLSNNENPFKVSHDTW, 0.26
337E5I11, DETERDEGPQEWANLLSNNENPFKVSLDTW, 0.21
337E6I15, DEWERDEGPQEWANLLSNNENPFKVSLDTW, 0.2
337E7I21, DEWERLEGPQEWANLLSNNENPFKVSLDTW, 0.19
337E8I24, DEWERLEGPQEWANLLSNNENPFKVSLDLW, 0.14
337E9I25, DEWERLEGPQEWANLESNNENPFKVSLDLW, 0.12
337E10I57, DEWERLEGPQEWANLESNNENPHKVSLDLW, 0.1
337E11I64, DEWERLENPQEWANLESNNENPHKVSLDLW, 0.09
337E12I71, DEWERLENPQEWANLESNNEQPHKVSLDLW, 0.08
337E13I104, DEWERLENPQEWANLELNNEQPHKVSLDLW, 0.07
337E14I166, DEWERLENPQEWANLELNNEQPSKVSLDLW, 0.06
337E15I197, EEWERLENPQEWANLELNNEQPSKVSLDLW, 0.05
337E16I271, EEWLRLENPQEWANLELNNEQPSKVSLDLW, 0.04
337E17I358, EEWLRLENPQEWANLELNNEQPVKVSLDLW, 0.03
337E18I434, EEWFRLENPQEWANLELNNEQPVKVSLDLW, 0.02
