9E0I0, WFLAYKKNINPVEVIQHFWRPKGVLVIHSK, 0.27
9E1I1, WFLAYKKNINPVEVIQLFWRPKGVLVIHSK, 0.26
9E2I4, WFLAYKKNINPVEVIQLFWRPEGVLVIHSK, 0.24
9E3I9, WFPAYKKNINPVEVIQLFWRPEGVLVIHSK, 0.22
9E4I15, WFPAYKKNINPVEVIQLFWRPEGVLDIHSK, 0.15
9E5I20, WFPAYKKNINPVEVIQLFWNPEGVLDIHSK, 0.13
9E6I47, WFPAYKKNINPVEVIQLFWNPDGVLDIHSK, 0.11
9E7I93, WFPAYKKNINPVEVIQLFWNPDGVLDIKSK, 0.1
9E8I107, WFPAYYKNINPVEVIQLFWNPDGVLDIKSK, 0.09
9E9I137, WQPAYYKNINPVEVIQLFWNPDGVLDIKSK, 0.08
9E10I141, WQKAYYKNINPVEVIQLFWNPDGVLDIKSK, 0.06
9E11I149, WQKAYYKNINPVEVIQLFWNPDGVLDNKSK, 0.05
