78E0I0, DPVRQKTQTLSETQIHERSLWLGEAVAHVR, 0.35
78E1I3, PPVRQKTQTLSETQIHERSLWLGEAVAHVR, 0.34
78E2I4, PPVFQKTQTLSETQIHERSLWLGEAVAHVR, 0.29
78E3I14, PPVFQKTQTLSETDIHERSLWLGEAVAHVR, 0.25
78E4I23, PPVFQKTQTLSETDIHERSLWLGEAVAPVR, 0.24
78E5I26, PDVFQKTQTLSETDIHERSLWLGEAVAPVR, 0.23
78E6I35, PDYFQKTQTLSETDIHERSLWLGEAVAPVR, 0.22
78E7I41, PDYFQKTQTLSETDWHERSLWLGEAVAPVR, 0.2
78E8I42, PDYFQKTQTLIETDWHERSLWLGEAVAPVR, 0.17
78E9I46, PDYFQKTQTLIETDWFERSLWLGEAVAPVR, 0.13
78E10I49, PDYFQKTQTTIETDWFERSLWLGEAVAPVR, 0.12
78E11I72, PDYFQKTQTTNETDWFERSLWLGEAVAPVR, 0.08
78E12I88, PDYFQKTRTTNETDWFERSLWLGEAVAPVR, 0.07
78E13I118, PDYFQKTRTTNETDWFEGSLWLGEAVAPVR, 0.06
78E14I130, PDYFQKTRTTNETDWFEGSLWLGEQVAPVR, 0.05
78E15I166, PDYFQKTRTTNETDWFEGSLWLGEQVSPVR, 0.04
78E16I178, PDYDQKTRTTNETDWFEGSLWLGEQVSPVR, 0.03
78E17I191, PDYDQKTRTGNETDWFEGSLWLGEQVSPVR, 0.02
78E18I211, PDYDQKTRTGNETDWFEGSLWLGEQVSPVH, 0.01
