321E0I0, VRSNQPIENDSFWAKLGQGFDFAGADSGQP, 0.42
321E1I3, VRSNQPIENDSFWAKGGQGFDFAGADSGQP, 0.41
321E2I6, VRSNQPIVNDSFWAKGGQGFDFAGADSGQP, 0.39
321E3I8, VRSNQPIVNDSFWAKGGQGFDFAGIDSGQP, 0.33
321E4I9, VRSNQPIVNDSFWAKGGQGFDFEGIDSGQP, 0.23
321E5I12, VRSVQPIVNDSFWAKGGQGFDFEGIDSGQP, 0.21
321E6I20, VRSVQPIVNDSFWAKGGQGFDFEGIKSGQP, 0.19
321E7I26, VRLVQPIVNDSFWAKGGQGFDFEGIKSGQP, 0.18
321E8I45, VRLVQPIVNDSFWAKGFQGFDFEGIKSGQP, 0.17
321E9I66, VRLVQPIVNDSFWANGFQGFDFEGIKSGQP, 0.16
321E10I71, VRLEQPIVNDSFWANGFQGFDFEGIKSGQP, 0.15
321E11I74, VRLEQPIVNDSFWANGFQGFDFEQIKSGQP, 0.14
321E12I80, VRLEQPIVNDSFWANGFQGFRFEQIKSGQP, 0.13
321E13I89, VRLEQPIVVDSFWANGFQGFRFEQIKSGQP, 0.12
321E14I103, VRLEQPIVVDSFWANGFQGFRFEQIFSGQP, 0.11
321E15I109, VRLEQPIVVDSKWANGFQGFRFEQIFSGQP, 0.1
321E16I117, VRLEQPIVVDSKWANGFQGFRFEQIFSRQP, 0.09
321E17I164, VRLEQPIVVDSKHANGFQGFRFEQIFSRQP, 0.08
321E18I216, VRLEQPWVVDSKHANGFQGFRFEQIFSRQP, 0.07
