303E0I0, QWQLIGKSSKRDSFNLQVYLFVHVTGSNFI, 0.3
303E1I6, DWQLIGKSSKRDSFNLQVYLFVHVTGSNFI, 0.28
303E2I8, DWQLIGKSSKRDSFNLQVYLFVHVTGSNVI, 0.27
303E3I11, DAQLIGKSSKRDSFNLQVYLFVHVTGSNVI, 0.26
303E4I17, DAQLIGKSSKRDSFNQQVYLFVHVTGSNVI, 0.25
303E5I18, DAQVIGKSSKRDSFNQQVYLFVHVTGSNVI, 0.24
303E6I19, DAQVIGKHSKRDSFNQQVYLFVHVTGSNVI, 0.23
303E7I24, DARVIGKHSKRDSFNQQVYLFVHVTGSNVI, 0.2
303E8I25, DARVIGKHSKRDSFNPQVYLFVHVTGSNVI, 0.17
303E9I27, DARVIGKHSKRDSFNPQLYLFVHVTGSNVI, 0.16
303E10I31, DARVIGKHSKRYSFNPQLYLFVHVTGSNVI, 0.15
303E11I34, DARVIGKHSKRYVFNPQLYLFVHVTGSNVI, 0.09
303E12I78, DARVIGKHSKRYVFNPQLYLFVSVTGSNVI, 0.08
303E13I102, DARVIGKHSKRYVFNPQLYLFESVTGSNVI, 0.07
303E14I112, DARVIGKHSKRYVFNPQLYLFNSVTGSNVI, 0.06
