27E0I0, NFLVVGYHGHWKQGERWKGKQDYQHAYTFV, 0.5
27E1I4, NFLVVGYHGHVKQGERWKGKQDYQHAYTFV, 0.46
27E2I9, NFLVVGYHGHVKQGERWKGKQDYQLAYTFV, 0.42
27E3I13, NFLVVGYHGHVFQGERWKGKQDYQLAYTFV, 0.37
27E4I14, NFLVVGYHGHVFQGERWKGKQDYQLPYTFV, 0.33
27E5I17, NFLVVGYHGPVFQGERWKGKQDYQLPYTFV, 0.25
27E6I29, NFLVVGYHGPVFQGERWKGKQDYQLPYTFE, 0.22
27E7I35, YFLVVGYHGPVFQGERWKGKQDYQLPYTFE, 0.21
27E8I40, YFLVVGYHGPVEQGERWKGKQDYQLPYTFE, 0.2
27E9I42, YFLVVGYHGPVEQGERWKGKQDYQQPYTFE, 0.17
27E10I45, YLLVVGYHGPVEQGERWKGKQDYQQPYTFE, 0.16
27E11I60, YLLVVGYHGPVEQGERPKGKQDYQQPYTFE, 0.15
27E12I65, YLLVVGYHGPVEQGERPKEKQDYQQPYTFE, 0.11
27E13I84, YLLVVGYHGPVEQGERPKERQDYQQPYTFE, 0.1
27E14I93, YLLVVGYHGPVEQGERPKERQDDQQPYTFE, 0.08
27E15I99, YLLVVGYVGPVEQGERPKERQDDQQPYTFE, 0.07
27E16I108, YLLVVGYVGPVEQGERPKETQDDQQPYTFE, 0.06
