357E0I0, VKDSLSEIWRYRDYAFILEKHIFRNKFHYV, 0.28
357E1I3, VKDSLHEIWRYRDYAFILEKHIFRNKFHYV, 0.26
357E2I4, VKDSLHEIWRARDYAFILEKHIFRNKFHYV, 0.25
357E3I7, VKDSLHEIWRARDYAFILEKHIFRNKFNYV, 0.24
357E4I9, VFDSLHEIWRARDYAFILEKHIFRNKFNYV, 0.23
357E5I39, VRDSLHEIWRARDYAFILEKHIFRNKFNYV, 0.22
357E6I45, VRDSLHEIWRARDYAFTLEKHIFRNKFNYV, 0.19
357E7I56, VRDLLHEIWRARDYAFTLEKHIFRNKFNYV, 0.18
357E8I65, VRDLLHEIWRARDYAFTLEKYIFRNKFNYV, 0.17
357E9I67, VRDILHEIWRARDYAFTLEKYIFRNKFNYV, 0.16
357E10I108, VRDILHEIWRIRDYAFTLEKYIFRNKFNYV, 0.14
357E11I127, VRDILSEIWRIRDYAFTLEKYIFRNKFNYV, 0.13
357E12I129, VRDILSEIWRIRDYAFELEKYIFRNKFNYV, 0.11
357E13I135, VRDILREIWRIRDYAFELEKYIFRNKFNYV, 0.1
357E14I162, VRDILREIWRIRDYAFELEKNIFRNKFNYV, 0.09
357E15I176, VRDILREIWRIRDYAFELEKNIFRNKFNYT, 0.08
357E16I181, VRDILREIWRIRDYDFELEKNIFRNKFNYT, 0.07
357E17I190, VRDIAREIWRIRDYDFELEKNIFRNKFNYT, 0.05
357E18I266, VRDIRREIWRIRDYDFELEKNIFRNKFNYT, 0.04
357E19I297, VRDIRREIWRIRDNDFELEKNIFRNKFNYT, 0.02
