491E0I0, RLSHSNDKPVRPWSNTSVKSPGEGSVLVKN, 0.31
491E1I1, RLSHSYDKPVRPWSNTSVKSPGEGSVLVKN, 0.3
491E2I2, RLSHSYDKTVRPWSNTSVKSPGEGSVLVKN, 0.27
491E3I3, RLSHSYDKTVRPWSNTGVKSPGEGSVLVKN, 0.25
491E4I7, RLNHSYDKTVRPWSNTGVKSPGEGSVLVKN, 0.23
491E5I15, RLNHSYDKTVRPWSNTGVKSPDEGSVLVKN, 0.18
491E6I22, RLNHSIDKTVRPWSNTGVKSPDEGSVLVKN, 0.17
491E7I32, RLNHSIDKTVRPWSNTGVKSPDEGSNLVKN, 0.14
491E8I62, RLNHSIDKTVRPWSNTGVKSPDEGINLVKN, 0.13
491E9I80, NLNHSIDKTVRPWSNTGVKSPDEGINLVKN, 0.11
491E10I87, NLNDSIDKTVRPWSNTGVKSPDEGINLVKN, 0.1
491E11I90, NLNDSPDKTVRPWSNTGVKSPDEGINLVKN, 0.09
491E12I93, NLNDSPDKTVRPWSNTGVKSPDEGIALVKN, 0.07
491E13I111, NLNDSPDKTVRPWSNTGVKSPDPGIALVKN, 0.06
491E14I119, NLNDSPDKTVRPWSNTGVKSPDHGIALVKN, 0.05
