141E0I0, AGADLAIYFEHVTGHLIIRWDKIFGHYVPN, 0.44
141E1I3, AGADLAIYFEHVTGHLIIRWDKGFGHYVPN, 0.43
141E2I9, AGADLAIYFEHVTGHGIIRWDKGFGHYVPN, 0.39
141E3I10, AGADLAIYFEHVTGHGIIRWDKGFGHYVLN, 0.32
141E4I13, AGADLAIYFEHVTGHGIIRWDKGFPHYVLN, 0.31
141E5I17, AGADDAIYFEHVTGHGIIRWDKGFPHYVLN, 0.26
141E6I18, AGADDAIYFEHVTGWGIIRWDKGFPHYVLN, 0.22
141E7I21, AGADDAIYFEKVTGWGIIRWDKGFPHYVLN, 0.19
141E8I29, AGWDDAIYFEKVTGWGIIRWDKGFPHYVLN, 0.16
141E9I41, AGWDDAIYFEKVKGWGIIRWDKGFPHYVLN, 0.13
141E10I55, AGWDDAIYFEKYKGWGIIRWDKGFPHYVLN, 0.12
141E11I84, AGWDDAIYFEQYKGWGIIRWDKGFPHYVLN, 0.11
141E12I92, HGWDDAIYFEQYKGWGIIRWDKGFPHYVLN, 0.1
141E13I142, HGWYDAIYFEQYKGWGIIRWDKGFPHYVLN, 0.08
141E14I188, HGWYDAIRFEQYKGWGIIRWDKGFPHYVLN, 0.07
141E15I243, HGWYDAIRFEQYKGWYIIRWDKGFPHYVLN, 0.06
141E16I254, HGWYDAIRFEQYKGWYIIRWDKGFPTYVLN, 0.05
141E17I300, HGWYDAIRFEQYKGWYIIRPDKGFPTYVLN, 0.04
141E18I386, HGWYDAIRFEQYKGWYIIRVDKGFPTYVLN, 0.03
