322E0I0, SNEYNYQWVVEDTDDIVGQYYDPNQYRQLI, 0.29
322E1I2, SNEYNYQWVVEDTDDQVGQYYDPNQYRQLI, 0.26
322E2I3, SNEYNYQWVVEWTDDQVGQYYDPNQYRQLI, 0.25
322E3I6, SNEYNYQWVVEWTDDQVGQYNDPNQYRQLI, 0.24
322E4I11, SNEYNYDWVVEWTDDQVGQYNDPNQYRQLI, 0.18
322E5I14, SNEYNYDWVVEWTDDQVGQYNDTNQYRQLI, 0.14
322E6I16, SNEYNYDWVVEWTDNQVGQYNDTNQYRQLI, 0.12
322E7I21, SNEYNKDWVVEWTDNQVGQYNDTNQYRQLI, 0.11
322E8I26, SNEYNKDWVVEQTDNQVGQYNDTNQYRQLI, 0.1
322E9I38, SNEYNKDWVVEQTDLQVGQYNDTNQYRQLI, 0.09
322E10I65, SNEYNKDWVVEQTDLQVGQYLDTNQYRQLI, 0.08
322E11I67, SNEYNKDWVVEQTDLQVPQYLDTNQYRQLI, 0.06
