368E0I0, DFYPHGQWPGFNIWAANNYTLPAIPFTQQS, 0.45
368E1I2, DFYPHGQWPGFNIWAANNYTLPAIPFTQPS, 0.42
368E2I8, DFYPHGQWPGFNIWRANNYTLPAIPFTQPS, 0.4
368E3I12, DFYPHGQWPKFNIWRANNYTLPAIPFTQPS, 0.39
368E4I15, DFYPHGQWPKFNIWRANNYTLPANPFTQPS, 0.35
368E5I16, DFYPHGQWPKINIWRANNYTLPANPFTQPS, 0.32
368E6I18, DFYPHGQWPKINIWRAYNYTLPANPFTQPS, 0.3
368E7I21, DFYPHGQWPKINIWRAYNYTNPANPFTQPS, 0.27
368E8I29, DFYPHGQWPKINIWRAYNYTNPANPPTQPS, 0.24
368E9I43, DFYPHGQWPKINIWRAYNYTNPANPPSQPS, 0.21
368E10I57, DFYPHGQWLKINIWRAYNYTNPANPPSQPS, 0.2
368E11I74, DFYPHGQWLKINIWRAYNKTNPANPPSQPS, 0.19
368E12I109, DFYPHGQWLKINIWRAYNKTRPANPPSQPS, 0.18
368E13I120, DFYPQGQWLKINIWRAYNKTRPANPPSQPS, 0.17
368E14I125, DFYPQGQWLKINIERAYNKTRPANPPSQPS, 0.16
368E15I128, DFYPQGQWLKINIERYYNKTRPANPPSQPS, 0.15
368E16I137, DFYPQGQWLKINIERYSNKTRPANPPSQPS, 0.14
368E17I142, DFYPQGQWLKINIERYPNKTRPANPPSQPS, 0.13
368E18I148, DFYPQGQWLKINIERYPNKTRPANPPSQPL, 0.12
368E19I150, DFYPQGQWLKINIEGYPNKTRPANPPSQPL, 0.11
368E20I174, DFYPQGQWLKINIEGRPNKTRPANPPSQPL, 0.09
