101E0I0, TQPNPLDIYVYERNRNTGPGHHDDYPSITH, 0.41
101E1I1, TQPNPLDIYVYERNINTGPGHHDDYPSITH, 0.32
101E2I2, TQPNPLDIYVYERNINTGPGHHDDYPSITR, 0.28
101E3I4, TQPNPLDIYVYERNINTGPGHHDDYPSDTR, 0.27
101E4I7, TQPNPLDIYVYERNINTGPKHHDDYPSDTR, 0.23
101E5I22, TQPNPLDIYVYERNINTGPKHHDDYPPDTR, 0.22
101E6I23, TQPNPLDIYVYERNINTGPKHQDDYPPDTR, 0.2
101E7I35, TQPNPLDIYVYERLINTGPKHQDDYPPDTR, 0.15
101E8I44, TQPNPLDIYVYERLINTGPKHQDDKPPDTR, 0.14
101E9I80, TQPNPLDIYVYERLINTGPKHQDDKPPWTR, 0.12
101E10I94, TQPNPLDIYVYERLINTGPKHEDDKPPWTR, 0.09
101E11I103, TQPNPLDKYVYERLINTGPKHEDDKPPWTR, 0.07
101E12I127, TQPNPLDKYVYERLINTRPKHEDDKPPWTR, 0.06
101E13I139, EQPNPLDKYVYERLINTRPKHEDDKPPWTR, 0.04
101E14I142, EQPNPLDKYVYERLINYRPKHEDDKPPWTR, 0.03
