18E0I0, YSIFTNSNVGPFGRPQGISNDGTQQDEQGD, 0.25
18E1I6, YSIFTNSNVGPFLRPQGISNDGTQQDEQGD, 0.23
18E2I8, YSIFTNSNVGPFLRPQGGSNDGTQQDEQGD, 0.21
18E3I12, YSIGTNSNVGPFLRPQGGSNDGTQQDEQGD, 0.2
18E4I24, YSIGTNSNVGPFLRPQGGSNDGSQQDEQGD, 0.19
18E5I25, YSIGTNSNVGPFLRTQGGSNDGSQQDEQGD, 0.17
18E6I44, YSIGTNSNVGPFLRTQGGSHDGSQQDEQGD, 0.15
18E7I94, YSIGTNINVGPFLRTQGGSHDGSQQDEQGD, 0.14
18E8I95, YSIGSNINVGPFLRTQGGSHDGSQQDEQGD, 0.12
18E9I109, QSIGSNINVGPFLRTQGGSHDGSQQDEQGD, 0.11
18E10I138, QSIGSNINVGPFLGTQGGSHDGSQQDEQGD, 0.1
18E11I192, QSIGSNINVGPFLGTQGGSHDGSQQDEQGV, 0.09
