175E0I0, FYQQSVPKGKARFTIVSPLFIYRQRHIRGA, 0.46
175E1I1, FYQQSVPKQKARFTIVSPLFIYRQRHIRGA, 0.39
175E2I6, FYQQSVPKQKARFTIVSPLFEYRQRHIRGA, 0.32
175E3I7, FYQQSVPKQKARFTIVSSLFEYRQRHIRGA, 0.31
175E4I8, FYQQSVPKQKTRFTIVSSLFEYRQRHIRGA, 0.28
175E5I13, FYQQSVPKQKTRFTPVSSLFEYRQRHIRGA, 0.27
175E6I15, FYQQSVPKQKTRFTPVSSIFEYRQRHIRGA, 0.22
175E7I16, FYQQSVPKQKTRFTPVSSIFEYRQRHNRGA, 0.21
175E8I24, FYQQSVPKQKTRFTPVSSIFEYRQRHDRGA, 0.2
175E9I26, DYQQSVPKQKTRFTPVSSIFEYRQRHDRGA, 0.18
175E10I32, DYQQSVPKQKTRFTPVSSIFEFRQRHDRGA, 0.16
175E11I36, DYQQSVPKQKTRFTPVSSIFEFRQRHDRIA, 0.15
175E12I40, DYQQSVPKQKTRFTPVSSIFEFRQRHDREA, 0.14
175E13I51, DYQQSVPKQKTRVTPVSSIFEFRQRHDREA, 0.13
175E14I57, DYQQSVPKQKTRVTPVSSIFEFRLRHDREA, 0.11
175E15I71, DYQQSVPKQKTRVTPVSSIFEARLRHDREA, 0.1
175E16I100, DYQQSVPKQKTRVTDVSSIFEARLRHDREA, 0.08
175E17I139, DYQQSVPKQKTRVTDVSFIFEARLRHDREA, 0.07
175E18I190, DYQQSVPKQKTRVTDVSFIFEARLRHKREA, 0.06
175E19I191, DYQQSVPKQKTRVTDNSFIFEARLRHKREA, 0.04
175E20I213, DQQQSVPKQKTRVTDNSFIFEARLRHKREA, 0.03
