188E0I0, KSSIGWLWWDIEVIEGAGYLDYRFQTIAPE, 0.32
188E1I3, LSSIGWLWWDIEVIEGAGYLDYRFQTIAPE, 0.31
188E2I4, LSSIGWLWWDLEVIEGAGYLDYRFQTIAPE, 0.3
188E3I7, LPSIGWLWWDLEVIEGAGYLDYRFQTIAPE, 0.27
188E4I10, YPSIGWLWWDLEVIEGAGYLDYRFQTIAPE, 0.26
188E5I16, YPSIGNLWWDLEVIEGAGYLDYRFQTIAPE, 0.2
188E6I17, YPSIGNLWWDLEVIEGAGYLDYRFQTIAPY, 0.18
188E7I20, YPSIGNLWWGLEVIEGAGYLDYRFQTIAPY, 0.17
188E8I22, YPKIGNLWWGLEVIEGAGYLDYRFQTIAPY, 0.15
188E9I24, YPKIGNLWWGLEVIEGAGYLDYRFNTIAPY, 0.14
188E10I32, YPKIGNLNWGLEVIEGAGYLDYRFNTIAPY, 0.13
188E11I43, YPKIGNLNWGLAVIEGAGYLDYRFNTIAPY, 0.12
188E12I44, YPKIGNLNWGLAVIEGAGYLDYQFNTIAPY, 0.07
188E13I60, YPKIGNLNWGLDVIEGAGYLDYQFNTIAPY, 0.06
188E14I64, YPKIGNLNVGLDVIEGAGYLDYQFNTIAPY, 0.05
188E15I74, YPKIGNLNVGLDVIEGAGYLDGQFNTIAPY, 0.04
188E16I135, YPKIGNLNVGLDVIEGAGYLDGQFNEIAPY, 0.03
188E17I198, YPKIFNLNVGLDVIEGAGYLDGQFNEIAPY, 0.02
188E18I237, YPKIFNLNVGLDVIEGAGYLDGQFNEIAGY, 0.01
