323E0I0, VNDSAEPKEDKIVYAKPPRVQDSHTNERVP, 0.32
323E1I2, VNDSAEPKEDKIVYAKPPRVQDSHTNERVT, 0.3
323E2I6, VNDSAEPKEDKIVYAKPPRKQDSHTNERVT, 0.25
323E3I7, VYDSAEPKEDKIVYAKPPRKQDSHTNERVT, 0.24
323E4I8, VYDSAEPKEDKIVYAKPPVKQDSHTNERVT, 0.22
323E5I9, VYDSAEPFEDKIVYAKPPVKQDSHTNERVT, 0.14
323E6I32, VYDSAEPFEDKIVYAKPPVKQDSHTNERYT, 0.13
323E7I34, VYDSAEPFEDKIVYAKPPVKQDSYTNERYT, 0.12
323E8I45, VYASAEPFEDKIVYAKPPVKQDSYTNERYT, 0.1
323E9I63, VYASAEPFEDKIVYAKPPVKQDSYTNERWT, 0.09
323E10I95, VYASAEPFEDKIVYAKPPVKQDSYTNERWI, 0.08
323E11I117, VYASAEPFEQKIVYAKPPVKQDSYTNERWI, 0.06
323E12I152, VYASAEPFEQKVVYAKPPVKQDSYTNERWI, 0.05
323E13I170, VYASAEPFEQKVVYAKPPVKQDSYTNEEWI, 0.04
323E14I221, VYASAEPFEQKVVYAKPPDKQDSYTNEEWI, 0.03
