64E0I0, GENTQKVEWPSKSQGQEKLTQWLQFPKIFQ, 0.37
64E1I2, GEQTQKVEWPSKSQGQEKLTQWLQFPKIFQ, 0.32
64E2I7, GEQTQKVEWPSKSQGQEKLTQWLQFLKIFQ, 0.3
64E3I9, IEQTQKVEWPSKSQGQEKLTQWLQFLKIFQ, 0.28
64E4I11, IEQTQKVEWPSKSQGQEKLTQWLQFLDIFQ, 0.27
64E5I20, IEQTQKVEWPSKSQGQEKLTQWKQFLDIFQ, 0.25
64E6I25, IEQTQKVEWPSKSQGQEKLTIWKQFLDIFQ, 0.22
64E7I27, IEQEQKVEWPSKSQGQEKLTIWKQFLDIFQ, 0.2
64E8I28, IEQEQKREWPSKSQGQEKLTIWKQFLDIFQ, 0.19
64E9I30, IEQEQKGEWPSKSQGQEKLTIWKQFLDIFQ, 0.17
64E10I33, IEQEQKGEWPSKDQGQEKLTIWKQFLDIFQ, 0.15
64E11I34, FEQEQKGEWPSKDQGQEKLTIWKQFLDIFQ, 0.14
64E12I43, FEQQQKGEWPSKDQGQEKLTIWKQFLDIFQ, 0.13
64E13I48, FEQQQKGEWPSKDQGQEKLTIWKQFLDIFP, 0.12
64E14I58, FEQQQKGEWPSKDQGQEKLTIWKQFLDKFP, 0.11
64E15I68, FEQQQKGEFPSKDQGQEKLTIWKQFLDKFP, 0.1
64E16I92, FEQQQKGEFPSKDQGQEKLTIWKQRLDKFP, 0.09
64E17I99, FEQQQKGEFPSKDQGQEKLTIWKQRLDKFN, 0.08
64E18I137, FEQQQKGEFPSKDQGTEKLTIWKQRLDKFN, 0.07
64E19I147, FEQQQKGEFPSKDQGTEKLLIWKQRLDKFN, 0.06
64E20I152, FEQQQKGEFQSKDQGTEKLLIWKQRLDKFN, 0.05
64E21I160, FEQQQKGEFQQKDQGTEKLLIWKQRLDKFN, 0.04
