71E0I0, IVAENGYRFKSGGYDYNWYLQTDQWEGSRD, 0.36
71E1I3, IVAENGYRFKSGGYDYNWYLQTPQWEGSRD, 0.35
71E2I5, IVAENGYRFKSGGYDYNWYLQTVQWEGSRD, 0.34
71E3I6, QVAENGYRFKSGGYDYNWYLQTVQWEGSRD, 0.32
71E4I10, QVAENGYRFKSGGYDYNWYLQTVQWEGRRD, 0.29
71E5I16, QVAENGYRFKSGLYDYNWYLQTVQWEGRRD, 0.27
71E6I25, QVAELGYRFKSGLYDYNWYLQTVQWEGRRD, 0.24
71E7I26, QVAELGYRFKSGLYDYNWYLGTVQWEGRRD, 0.19
71E8I33, QVAELGYRFKSGLYDYNPYLGTVQWEGRRD, 0.18
71E9I37, QVAELGYRFKSGLYDYNPYLYTVQWEGRRD, 0.17
71E10I42, QVAILGYRFKSGLYDYNPYLYTVQWEGRRD, 0.14
71E11I71, QVAILGYHFKSGLYDYNPYLYTVQWEGRRD, 0.13
71E12I139, QVAILGYHFKSGLYDYNPYLYTVQFEGRRD, 0.11
71E13I146, QVAILGYHFKSGLYDYNRYLYTVQFEGRRD, 0.1
71E14I168, QVAILGYHFKSGLYDYNRNLYTVQFEGRRD, 0.09
71E15I222, QVAILGYHFKSGLYDYNRNLYTEQFEGRRD, 0.08
71E16I232, QVAILGYHFRSGLYDYNRNLYTEQFEGRRD, 0.07
71E17I241, QVAILGYHFGSGLYDYNRNLYTEQFEGRRD, 0.06
71E18I245, QVAILGYHFGSGVYDYNRNLYTEQFEGRRD, 0.03
