62E0I0, RRAVNGWKWKIRRPEYDLSEHNIWFQNQVP, 0.62
62E1I1, RRAVNGWKWKIRRPGYDLSEHNIWFQNQVP, 0.56
62E2I2, RRAVNGWKWKNRRPGYDLSEHNIWFQNQVP, 0.45
62E3I3, RRAVNGWKWKNDRPGYDLSEHNIWFQNQVP, 0.42
62E4I5, RRAVNGWKWKNDRPGYDLSELNIWFQNQVP, 0.28
62E5I6, RRASNGWKWKNDRPGYDLSELNIWFQNQVP, 0.25
62E6I9, RRASNGWKWKNDRPGYDLSELNIWFQNLVP, 0.24
62E7I17, RRASNGWKWKNDRPGTDLSELNIWFQNLVP, 0.21
62E8I19, RFASNGWKWKNDRPGTDLSELNIWFQNLVP, 0.2
62E9I22, RFASNGWKWKNDRPGTDLSELNIWFQNLVL, 0.14
62E10I29, RFASNGWKWKNLRPGTDLSELNIWFQNLVL, 0.11
62E11I52, RFASNDWKWKNLRPGTDLSELNIWFQNLVL, 0.1
62E12I57, VFASNDWKWKNLRPGTDLSELNIWFQNLVL, 0.09
62E13I85, VFASNDTKWKNLRPGTDLSELNIWFQNLVL, 0.08
62E14I120, VFASNDTEWKNLRPGTDLSELNIWFQNLVL, 0.06
