256E0I0, FNGWTIILASAKSTYPRDETRADEGYWLNQ, 0.43
256E1I13, FNGWTIILASAKSTYPRDEWRADEGYWLNQ, 0.41
256E2I16, FNGWTIIHASAKSTYPRDEWRADEGYWLNQ, 0.36
256E3I17, FNGWTIIHASAKSTYPRDWWRADEGYWLNQ, 0.35
256E4I22, FNGWTIIHASAKSTYPRDWWRADEGYWLNH, 0.34
256E5I23, FNGWTIIHASAKSTYPRDWWRVDEGYWLNH, 0.32
256E6I28, FNGWTIIHASAASTYPRDWWRVDEGYWLNH, 0.31
256E7I47, FNGWTIIHASAASTYPRDWWRVDEKYWLNH, 0.3
256E8I51, FNGWTIIHASAASTYPRDWWRVDEKYWLNN, 0.27
256E9I59, FNGWTIIHASAASTYPRDWWRKDEKYWLNN, 0.21
256E10I83, FNGWTTIHASAASTYPRDWWRKDEKYWLNN, 0.19
256E11I84, FNGWTTIHASAASTYSRDWWRKDEKYWLNN, 0.18
256E12I88, FNGWTTIHASAASTYSRDWWRKDEKYKLNN, 0.14
256E13I118, FNGWTTIHASAASTYSRDWWRKVEKYKLNN, 0.13
256E14I119, FNGWTTIHASAASTYSRDWWRKVEKNKLNN, 0.12
256E15I132, FNGGTTIHASAASTYSRDWWRKVEKNKLNN, 0.1
256E16I133, FNGGTTIHASAASTYSRDWWRWVEKNKLNN, 0.08
256E17I163, FNGGTTIHASAASTYDRDWWRWVEKNKLNN, 0.06
