465E0I0, RRQTDVHHHDQAHAWFHSQITQNEPLYQLN, 0.36
465E1I2, RRQTDVHHHDQAVAWFHSQITQNEPLYQLN, 0.34
465E2I8, RRQLDVHHHDQAVAWFHSQITQNEPLYQLN, 0.31
465E3I10, RRQLDVHHHDQAVAWFHSQITQNEPLTQLN, 0.3
465E4I11, RRQLDVYHHDQAVAWFHSQITQNEPLTQLN, 0.26
465E5I14, RRQLDVYHHDQAVAWFHQQITQNEPLTQLN, 0.24
465E6I30, RRQLDVYHHDQAVAWFHQQITQNEPLEQLN, 0.2
465E7I39, RRQLDVYHHDQAVAWFHQQITQNEPLEALN, 0.19
465E8I50, REQLDVYHHDQAVAWFHQQITQNEPLEALN, 0.17
465E9I53, REQLDVYHHDQAVAWFHQQITQNEPYEALN, 0.15
465E10I59, REQLDVYHHDQAVAWFHQQITQNEIYEALN, 0.14
465E11I60, REQLDVYHHDSAVAWFHQQITQNEIYEALN, 0.13
465E12I62, REQLDVYHHDSAVAWFHQQITQNEITEALN, 0.12
465E13I67, REQLDVYHHDSAVAWFQQQITQNEITEALN, 0.1
465E14I78, REQLDVYHHDSAVAKFQQQITQNEITEALN, 0.09
465E15I79, REQLDVYHHDSAVAKSQQQITQNEITEALN, 0.08
465E16I93, REQLDVYHHDSAVAKSFQQITQNEITEALN, 0.07
465E17I114, REQLDVYHHDSAVAKSFQQITQNEILEALN, 0.06
465E18I137, REQLDVYHHSSAVAKSFQQITQNEILEALN, 0.05
