374E0I0, TYPNAFSPKFVFGLNLSIVNQSKNGVTTWN, 0.4
374E1I4, TYPNAFSPKFVFGLNLSIVNQSKNGVTTWK, 0.39
374E2I6, TYPNAFSPKRVFGLNLSIVNQSKNGVTTWK, 0.33
374E3I10, TYPNAFSPKRVFGLNLSIVNQSKNGVTTYK, 0.32
374E4I15, TYPNAFSPKRVFGLNLSIVNQSKNGVTRYK, 0.3
374E5I16, TYPNAFSPKRVFTLNLSIVNQSKNGVTRYK, 0.29
374E6I18, TYTNAFSPKRVFTLNLSIVNQSKNGVTRYK, 0.26
374E7I20, TYTRAFSPKRVFTLNLSIVNQSKNGVTRYK, 0.25
374E8I27, VYTRAFSPKRVFTLNLSIVNQSKNGVTRYK, 0.24
374E9I28, VYTRAFSPQRVFTLNLSIVNQSKNGVTRYK, 0.23
374E10I33, VYTRAFSPQRVFGLNLSIVNQSKNGVTRYK, 0.21
374E11I38, VYTRAFSPQRVFGLNLSIVNQSKNNVTRYK, 0.2
374E12I39, VYTRAFSPQRVFGLNLSDVNQSKNNVTRYK, 0.19
374E13I41, VYTRAFSPQRVFGLNLSDVNQSKNNVTRKK, 0.16
374E14I42, VYTRAFSPQRVSGLNLSDVNQSKNNVTRKK, 0.13
374E15I45, VYTRAFSPQRVSGLNLSDVNQSKNPVTRKK, 0.12
374E16I58, VITRAFSPQRVSGLNLSDVNQSKNPVTRKK, 0.08
