105E0I0, YFPQAPEILNELWNSWTIDDIKFAWAFRFE, 0.3
105E1I2, YFPQAPEILNELWNSVTIDDIKFAWAFRFE, 0.25
105E2I12, YFPQAPEILNELWNSVTIDDIKFAEAFRFE, 0.16
105E3I30, YFPQAPEILNELWNSRTIDDIKFAEAFRFE, 0.14
105E4I31, YFPQAPLILNELWNSRTIDDIKFAEAFRFE, 0.13
105E5I36, LFPQAPLILNELWNSRTIDDIKFAEAFRFE, 0.12
105E6I58, LFPQAPLILNELWNSRTIDDIKFQEAFRFE, 0.09
105E7I62, LFPQAPLILNELWNSRTIDDIHFQEAFRFE, 0.08
105E8I63, LFPQAPLILNELWNSRTIDDIHFQEARRFE, 0.06
105E9I78, LFPQAPLILNELWNSRTIDNIHFQEARRFE, 0.05
105E10I79, LFPQAPLILNELWNSRTIDNIHFQQARRFE, 0.04
