157E0I0, PYQQSYKDWEAQFTAKHPLWDFPRRFLTHQ, 0.4
157E1I7, PYQQSYKDWEAQFTAKHPLWDTPRRFLTHQ, 0.38
157E2I8, PYQQSYKDYEAQFTAKHPLWDTPRRFLTHQ, 0.36
157E3I13, VYQQSYKDYEAQFTAKHPLWDTPRRFLTHQ, 0.33
157E4I18, VYQQSYKDYEAQFTAKHPLWDTPRRLLTHQ, 0.32
157E5I20, VYQQSYKDYEAQFTAKHPLRDTPRRLLTHQ, 0.31
157E6I21, VYQQSYKDYEAQFTAKHPLRDTPRRLQTHQ, 0.29
157E7I31, VYQQSYKDYEAQFTAKHPLRDTPRRLQTGQ, 0.27
157E8I34, VYQQSYKDYEAQFTAKHPLRDTPRRLQTPQ, 0.23
157E9I35, PYQQSYKDYEAQFTAKHPLRDTPRRLQTPQ, 0.22
157E10I42, PYQQSYKDYEAQFEAKHPLRDTPRRLQTPQ, 0.17
157E11I45, PPQQSYKDYEAQFEAKHPLRDTPRRLQTPQ, 0.16
157E12I48, PQQQSYKDYEAQFEAKHPLRDTPRRLQTPQ, 0.15
157E13I53, PQQQSYKDYEAQFEAKHDLRDTPRRLQTPQ, 0.12
157E14I58, PQQQSYKDYEAQFEAKHDLRDTPRRLITPQ, 0.11
157E15I72, PQQQSYKDYEAQFEAKHDARDTPRRLITPQ, 0.1
157E16I77, PQQQSYKDYEAQFEAKHDARDQPRRLITPQ, 0.09
157E17I97, PQQQSYKDYEAQFEAKHDARDQPRRLWTPQ, 0.08
157E18I101, PQQQSYDDYEAQFEAKHDARDQPRRLWTPQ, 0.07
157E19I111, PQQQSYDDYEAQFEAKHDARDQPRPLWTPQ, 0.06
157E20I117, PQQQSYDDYEAQFEAKHDAREQPRPLWTPQ, 0.05
157E21I141, PQQQNYDDYEAQFEAKHDAREQPRPLWTPQ, 0.04
157E22I150, PQQQNYDDYEAQFEAKHDAREQPTPLWTPQ, 0.03
157E23I160, PQQQNYYDYEAQFEAKHDAREQPTPLWTPQ, 0.02
157E24I206, PQQQNYYDYEAQFEAKDDAREQPTPLWTPQ, 0.01
