278E0I0, IVGGRFIQHFRIKVIPIPYVTTFWGYAFKW, 0.42
278E1I2, IVGGRFIQHFRIKVIPIPYVYTFWGYAFKW, 0.4
278E2I3, IVGGRFIQHFRIKVIVIPYVYTFWGYAFKW, 0.36
278E3I4, IFGGRFIQHFRIKVIVIPYVYTFWGYAFKW, 0.29
278E4I7, IFGGRFIQHFRIKVIVIPYVYTFWGYAGKW, 0.24
278E5I19, IFGKRFIQHFRIKVIVIPYVYTFWGYAGKW, 0.22
278E6I32, IFGKRFIQHFRIKVYVIPYVYTFWGYAGKW, 0.21
278E7I43, IFGKRFIQRFRIKVYVIPYVYTFWGYAGKW, 0.2
278E8I46, IFGKRFIQRFRIKVYEIPYVYTFWGYAGKW, 0.19
278E9I52, IFGKRFIQRFRIKVYEIPYVYTLWGYAGKW, 0.18
278E10I54, IFGKRKIQRFRIKVYEIPYVYTLWGYAGKW, 0.17
278E11I68, IFGKRKIQRFRIKVYEAPYVYTLWGYAGKW, 0.16
278E12I80, IFGKRKIQRFRIKVYEAPYVYTLWGYLGKW, 0.15
278E13I86, IFGKRKIQRFRIKVYEAPYVYTLWGYLGKA, 0.13
278E14I90, IFGKRKIQRFRTKVYEAPYVYTLWGYLGKA, 0.12
278E15I109, IFGKRKIQRFRTKNYEAPYVYTLWGYLGKA, 0.11
278E16I112, IFGKGKIQRFRTKNYEAPYVYTLWGYLGKA, 0.09
278E17I118, IFGKGKIQRFRTSNYEAPYVYTLWGYLGKA, 0.07
278E18I163, IFGKGKIQRFRTNNYEAPYVYTLWGYLGKA, 0.06
278E19I205, IFGKGKIQRFRTNNYEAPYVYTFWGYLGKA, 0.05
