34E0I0, EAPPWPKIVFIIWQHVEQEGPELKTDHHWG, 0.36
34E1I1, EAPPWPKIVFPIWQHVEQEGPELKTDHHWG, 0.35
34E2I4, EAPPWPKIVFPIWQHVEQEGPELKTDHHSG, 0.32
34E3I6, EAPPWPKIVFPIWQHVEQEGPELRTDHHSG, 0.28
34E4I7, EAPPWPKIVFPIWPHVEQEGPELRTDHHSG, 0.26
34E5I8, EAPPWPKIVFPIWPHVEQEGPELRTDWHSG, 0.25
34E6I11, EAPPWPKNVFPIWPHVEQEGPELRTDWHSG, 0.22
34E7I14, EAYPWPKNVFPIWPHVEQEGPELRTDWHSG, 0.18
34E8I21, EAYPWPKNVFPIWPHVEQEGPELRTDWHTG, 0.16
34E9I31, EAYPWPKNVFPIWVHVEQEGPELRTDWHTG, 0.13
34E10I34, EAYPYPKNVFPIWVHVEQEGPELRTDWHTG, 0.11
34E11I41, EAYDYPKNVFPIWVHVEQEGPELRTDWHTG, 0.09
34E12I80, EAYDYPKNVFPIWSHVEQEGPELRTDWHTG, 0.07
34E13I120, EAYDYPKNVFPIWSHVEQEGPELRTDDHTG, 0.06
