488E0I0, IDKWVIFIRDLTFKRSDKTRYNLYWPQFGA, 0.39
488E1I2, IDKWVIFIRDLPFKRSDKTRYNLYWPQFGA, 0.35
488E2I3, IDKWVIFIRDLPFKRSDKTRYNLYDPQFGA, 0.31
488E3I5, IDKWVITIRDLPFKRSDKTRYNLYDPQFGA, 0.3
488E4I6, IDKQVITIRDLPFKRSDKTRYNLYDPQFGA, 0.26
488E5I9, IDKQVITIRDLPFRRSDKTRYNLYDPQFGA, 0.25
488E6I16, IDKQVITIRDLPFRRSDKTQYNLYDPQFGA, 0.24
488E7I18, HDKQVITIRDLPFRRSDKTQYNLYDPQFGA, 0.21
488E8I28, HDKQVITIRDLPFRRSGKTQYNLYDPQFGA, 0.16
488E9I29, HDKQVITIRDLPFRRSGKTQYNLLDPQFGA, 0.14
488E10I37, HDKQVITIRDLPFRRSGKTQYNLLDPQPGA, 0.12
488E11I49, HDKQVITIRDLPFERSGKTQYNLLDPQPGA, 0.1
488E12I59, HDKQVITIRDLDFERSGKTQYNLLDPQPGA, 0.09
488E13I65, YDKQVITIRDLDFERSGKTQYNLLDPQPGA, 0.08
488E14I88, YDKQVITISDLDFERSGKTQYNLLDPQPGA, 0.07
488E15I96, YDKQVITIYDLDFERSGKTQYNLLDPQPGA, 0.05
488E16I102, YDGQVITIYDLDFERSGKTQYNLLDPQPGA, 0.04
