319E0I0, FYHGPPVWTVPNVYFPHGGAYQHSFLRPNR, 0.46
319E1I2, FYHGPPIWTVPNVYFPHGGAYQHSFLRPNR, 0.44
319E2I3, FYHGPPIWTVPNVYFPHGGAYQHSFTRPNR, 0.39
319E3I7, FYHGPPIWTVPNVYFPHGGAYQHGFTRPNR, 0.38
319E4I13, FYHGPPIWTVPNVYFPHGGAYQEGFTRPNR, 0.35
319E5I17, FYHGPPIWDVPNVYFPHGGAYQEGFTRPNR, 0.33
319E6I22, FYTGPPIWDVPNVYFPHGGAYQEGFTRPNR, 0.32
319E7I23, QYTGPPIWDVPNVYFPHGGAYQEGFTRPNR, 0.29
319E8I26, QYTGPPIWDVPNVYFPHGGAYQEGFQRPNR, 0.26
319E9I28, QYTGPPIWDVPNVYFPHGDAYQEGFQRPNR, 0.23
319E10I30, QYTGPPIWDVPNVYFPHGDAYHEGFQRPNR, 0.21
319E11I31, QYTGPFIWDVPNVYFPHGDAYHEGFQRPNR, 0.2
319E12I34, QYTGPFIWDVPNVYFPHGDKYHEGFQRPNR, 0.16
319E13I41, QYTGPFIWDVPNVYAPHGDKYHEGFQRPNR, 0.14
319E14I48, QYTGPFIWDVPNVYAPGGDKYHEGFQRPNR, 0.12
319E15I58, QYTGPFIWNVPNVYAPGGDKYHEGFQRPNR, 0.11
319E16I60, QYTGPFIWNVPNVYAPGGDKYHEGFQRPNS, 0.1
319E17I80, QYTGPFIWNVPNVYAPGGDKYHEGFQRPGS, 0.09
319E18I82, QYTGPFIWNVTNVYAPGGDKYHEGFQRPGS, 0.08
319E19I95, QYTQPFIWNVTNVYAPGGDKYHEGFQRPGS, 0.06
319E20I110, QYTQPFIWNVTYVYAPGGDKYHEGFQRPGS, 0.05
319E21I112, QYTQPFIWNVEYVYAPGGDKYHEGFQRPGS, 0.04
319E22I156, QYTQPFIWNVEYVYAPGYDKYHEGFQRPGS, 0.02
319E23I158, QYTQPFIWNVEYVYAPGYDKYHEGFQRPYS, 0.01
