110E0I0, YHFLFLDLFEENSHINEVDFEWTFKKVYWW, 0.43
110E1I3, YHFLFLDLFEENSHINEADFEWTFKKVYWW, 0.39
110E2I4, YHFLFLDLFEANSHINEADFEWTFKKVYWW, 0.36
110E3I5, YHFLLLDLFEANSHINEADFEWTFKKVYWW, 0.28
110E4I7, YHFLLLDLFEANSHINEAKFEWTFKKVYWW, 0.26
110E5I8, YHFLLLDLFEANSHYNEAKFEWTFKKVYWW, 0.22
110E6I9, YHFLLLDLFEANSHANEAKFEWTFKKVYWW, 0.21
110E7I11, YHFLLLDLFEANSHANEAKFEWTFKKVVWW, 0.19
110E8I26, YHFLLLDNFEANSHANEAKFEWTFKKVVWW, 0.16
110E9I34, YHFLNLDNFEANSHANEAKFEWTFKKVVWW, 0.14
110E10I40, YHFLNLDNFEANSHANEAKFEWYFKKVVWW, 0.13
110E11I58, YHKLNLDNFEANSHANEAKFEWYFKKVVWW, 0.12
110E12I62, YHKLNLDNFEANSHANEAKFEWYFKDVVWW, 0.11
110E13I64, YHKLLLDNFEANSHANEAKFEWYFKDVVWW, 0.1
110E14I74, YHKLLLDNFEANSAANEAKFEWYFKDVVWW, 0.07
110E15I123, YHKLLLDNFEANSAANEAKFEWYSKDVVWW, 0.06
