239E0I0, SWLSAGGYEFEKQRTYAYSAWGRQGIWFHV, 0.32
239E1I1, SELSAGGYEFEKQRTYAYSAWGRQGIWFHV, 0.31
239E2I3, IELSAGGYEFEKQRTYAYSAWGRQGIWFHV, 0.28
239E3I14, IELSAGGYTFEKQRTYAYSAWGRQGIWFHV, 0.26
239E4I15, IELSAGGYTFEKQRTYAYSAWGRQGIWFYV, 0.24
239E5I16, IELSAGGYTFEKQRTYAYSAWGRQAIWFYV, 0.22
239E6I17, IELSAGGKTFEKQRTYAYSAWGRQAIWFYV, 0.18
239E7I19, IELSAGGKTFEPQRTYAYSAWGRQAIWFYV, 0.16
239E8I58, IELSAGGKTFEPQRTYAYSAWGRQAIDFYV, 0.15
239E9I67, IELSAEGKTFEPQRTYAYSAWGRQAIDFYV, 0.14
239E10I87, IELSAEGKTFEPQRGYAYSAWGRQAIDFYV, 0.13
239E11I117, IELSAEGKTFEPQRGYAYSNWGRQAIDFYV, 0.11
239E12I126, IELSAEGKTFEPQRGYAYDNWGRQAIDFYV, 0.1
239E13I175, IELSAEGKTFEPQRGYAGDNWGRQAIDFYV, 0.09
239E14I187, IELSAEGKTFEPQRGYAGDIWGRQAIDFYV, 0.08
239E15I190, IELSAEGKTFEPQPGYAGDIWGRQAIDFYV, 0.07
239E16I219, IELSAEGKTFEPQPGYAGDIWGRQKIDFYV, 0.05
239E17I275, IELSAEGKTFEPQPGYAGDIWGRQKIDFYI, 0.04
239E18I345, IELSAEGKTFEWQPGYAGDIWGRQKIDFYI, 0.03
