346E0I0, TRGPLEFPHTKRVLIWKYSQHNPDATHHHE, 0.4
346E1I1, TRGPLEFPHTKRVLIWKYSQHNPVATHHHE, 0.35
346E2I15, TRGPLEFPKTKRVLIWKYSQHNPVATHHHE, 0.31
346E3I17, TRGLLEFPKTKRVLIWKYSQHNPVATHHHE, 0.28
346E4I22, TRGLLEFPKTKRVLIQKYSQHNPVATHHHE, 0.27
346E5I35, TRGLLEFPKTQRVLIQKYSQHNPVATHHHE, 0.23
346E6I45, TRGLLEFPKTQRVLIQKYSQHGPVATHHHE, 0.2
346E7I54, TRGLLEFPKTQRVLIQKYFQHGPVATHHHE, 0.19
346E8I89, TRGLLEFPKTQRVLIQKYFQHGPVAYHHHE, 0.18
346E9I123, TRGLLEFPKTQRVLEQKYFQHGPVAYHHHE, 0.13
346E10I132, TRGLLEFPKTQRVLEQKYFQHGYVAYHHHE, 0.1
346E11I136, TRGLLEFPKTQRVLEQKYFQHGYVAKHHHE, 0.08
346E12I157, TRGLYEFPKTQRVLEQKYFQHGYVAKHHHE, 0.07
346E13I191, TRGLYEFPKTQRVKEQKYFQHGYVAKHHHE, 0.06
346E14I210, TRGLYEFPKTQRVFEQKYFQHGYVAKHHHE, 0.05
346E15I234, TRGLYEFPKTQRVFEQKYFQGGYVAKHHHE, 0.04
346E16I245, TRGLYEFQKTQRVFEQKYFQGGYVAKHHHE, 0.03
