33E0I0, NPYNDWREKQNRYEFTHPSILGTLLSLYPW, 0.44
33E1I1, NPYNAWREKQNRYEFTHPSILGTLLSLYPW, 0.41
33E2I2, NPYNAWREKQNRYEFTGPSILGTLLSLYPW, 0.35
33E3I4, NPYNAWRELQNRYEFTGPSILGTLLSLYPW, 0.33
33E4I10, NPYNAWRELQNRYEFTGPSILGGLLSLYPW, 0.31
33E5I12, NPYNAWRELKNRYEFTGPSILGGLLSLYPW, 0.27
33E6I15, NPYNAWRELKNRYEHTGPSILGGLLSLYPW, 0.26
33E7I28, NPYNAWRELKNRYIHTGPSILGGLLSLYPW, 0.24
33E8I30, NPYNAWRELKNRGIHTGPSILGGLLSLYPW, 0.23
33E9I35, NPYNAWRELKNRGIHQGPSILGGLLSLYPW, 0.21
33E10I43, NPYNAWRELKNRGIHQGASILGGLLSLYPW, 0.19
33E11I56, NPYNAWRELKNRGIHEGASILGGLLSLYPW, 0.18
33E12I58, NHYNAWRELKNRGIHEGASILGGLLSLYPW, 0.17
33E13I70, NHYNAWGELKNRGIHEGASILGGLLSLYPW, 0.16
33E14I72, NHYNAWGELKNIGIHEGASILGGLLSLYPW, 0.15
33E15I93, NHYNAWGELKNIGIHEGASILGGLLSLFPW, 0.14
33E16I104, NHDNAWGELKNIGIHEGASILGGLLSLFPW, 0.13
33E17I112, NHDNAWGELKNIGIHEGAKILGGLLSLFPW, 0.12
33E18I124, NHDNAWGELKNIGIFEGAKILGGLLSLFPW, 0.11
33E19I127, NHDNAWGELKNIGIFEGLKILGGLLSLFPW, 0.1
33E20I179, NHDNAWGELKNIGIFEGLKILGGLLSLFEW, 0.07
33E21I208, NHDNAWGELKNIGIFEGQKILGGLLSLFEW, 0.06
33E22I272, NHDNAWGELKNIGIFEGQKILGGLLSLFEQ, 0.05
33E23I308, NHDNAWGELKNWGIFEGQKILGGLLSLFEQ, 0.03
