203E0I0, KESEEVVTSVKPGFVIHTGKIVDHIAPFQQ, 0.35
203E1I2, KESEEVVTSVKPGFVIHTGKIVDHIPPFQQ, 0.33
203E2I5, KESREVVTSVKPGFVIHTGKIVDHIPPFQQ, 0.31
203E3I7, KESREVVTSVKPGFVIHTGKIVDHIPPFQY, 0.3
203E4I8, KESREVVTSVKPGDVIHTGKIVDHIPPFQY, 0.28
203E5I11, KESREVVTSVKPGDVIHTGKKVDHIPPFQY, 0.27
203E6I12, KETREVVTSVKPGDVIHTGKKVDHIPPFQY, 0.26
203E7I14, KEQREVVTSVKPGDVIHTGKKVDHIPPFQY, 0.19
203E8I16, KEQREVVTSVKTGDVIHTGKKVDHIPPFQY, 0.18
203E9I18, KEQREVVTSQKTGDVIHTGKKVDHIPPFQY, 0.16
203E10I24, KEQREVVTSQKTGDVIHTGKKPDHIPPFQY, 0.15
203E11I33, KEQREVVTSQKTRDVIHTGKKPDHIPPFQY, 0.11
203E12I34, KEQRSVVTSQKTRDVIHTGKKPDHIPPFQY, 0.1
203E13I35, KEQRSVVTSQKTRDVIYTGKKPDHIPPFQY, 0.06
203E14I53, KEQRSVVTSQKTRDVIYTGKKPDHSPPFQY, 0.05
203E15I77, KEQRSVVTSQKTRDVIYTGKKPDHSAPFQY, 0.04
203E16I133, KEQRSVVTSQKTRDVIYTGTKPDHSAPFQY, 0.03
