229E0I0, YTPFLWKATWRNGYTRPVQGPWEIVSSFNS, 0.32
229E1I3, YTPFLWKAGWRNGYTRPVQGPWEIVSSFNS, 0.26
229E2I15, YTPFPWKAGWRNGYTRPVQGPWEIVSSFNS, 0.25
229E3I18, YTPFPWKAGWRNGYTRPVQGPWEQVSSFNS, 0.24
229E4I19, YTPFPWKGGWRNGYTRPVQGPWEQVSSFNS, 0.21
229E5I21, YTPFPQKGGWRNGYTRPVQGPWEQVSSFNS, 0.2
229E6I22, YTPFPQKGGWRNGYTRPVQGPWEQVSYFNS, 0.16
229E7I36, YTPFPQQGGWRNGYTRPVQGPWEQVSYFNS, 0.15
229E8I38, YTPFPQQGGWRSGYTRPVQGPWEQVSYFNS, 0.12
229E9I44, YTPFPQQGLWRSGYTRPVQGPWEQVSYFNS, 0.11
229E10I53, YTPFPFQGLWRSGYTRPVQGPWEQVSYFNS, 0.1
229E11I96, YTPFPFQGLWLSGYTRPVQGPWEQVSYFNS, 0.09
229E12I126, YTPFPHQGLWLSGYTRPVQGPWEQVSYFNS, 0.08
229E13I132, YTPFPHQGLWLSGYTRPVQGPNEQVSYFNS, 0.07
229E14I161, YTPFPHQGLWKSGYTRPVQGPNEQVSYFNS, 0.06
229E15I194, YTPFPHQGDWKSGYTRPVQGPNEQVSYFNS, 0.05
