380E0I0, DVSSKNTPSDKKAIIKTEPRKIWKFGQAAI, 0.31
380E1I2, DVQSKNTPSDKKAIIKTEPRKIWKFGQAAI, 0.27
380E2I3, DVQSKNTPPDKKAIIKTEPRKIWKFGQAAI, 0.24
380E3I8, DVQSKNTPVDKKAIIKTEPRKIWKFGQAAI, 0.21
380E4I10, DVQSKNTPVDKKAIIKTEPRKIWHFGQAAI, 0.2
380E5I17, DVQSKNTPVDKKAIIKDEPRKIWHFGQAAI, 0.19
380E6I24, DVQSKNTPVDKKAIIKDYPRKIWHFGQAAI, 0.16
380E7I39, DVQSKNSPVDKKAIIKDYPRKIWHFGQAAI, 0.13
380E8I106, DVQSKNSPVDKKAIIKDYPRKIWHFGQAAN, 0.12
380E9I117, DVQSKNSPVDKKAIIKDYPRKIWHFGGAAN, 0.11
380E10I168, DVQSKNSPVDKKAIIKDYTRKIWHFGGAAN, 0.1
