5E0I0, QLHHISHVTPHITLARDVEEPHWNDVHIKY, 0.64
5E1I1, QLHHISHVTRHITLARDVEEPHWNDVHIKY, 0.63
5E2I2, QLHHISHVTRHITLARDVEEPHWNIVHIKY, 0.6
5E3I4, QLHHISHVTRHITLARDVEEPHWNIVHAKY, 0.51
5E4I5, QLHHISHVTRHPTLARDVEEPHWNIVHAKY, 0.49
5E5I7, QLHHISHVTRHPTLARDVEEKHWNIVHAKY, 0.46
5E6I8, QLHHISHVTRHPTLARDVEEKHSNIVHAKY, 0.45
5E7I12, QLHHISHVTRHPFLARDVEEKHSNIVHAKY, 0.43
5E8I13, QLIHISHVTRHPFLARDVEEKHSNIVHAKY, 0.41
5E9I19, QLIHISHFTRHPFLARDVEEKHSNIVHAKY, 0.36
5E10I22, QLIHISHFTRHPFLARDVREKHSNIVHAKY, 0.34
5E11I24, QLIHISHFTRHPFLARDVREKHSNIEHAKY, 0.32
5E12I26, QLIHISHFTRIPFLARDVREKHSNIEHAKY, 0.31
5E13I35, QLIHISHFTRIPFLARDVREKHENIEHAKY, 0.29
5E14I36, QLIHISHFTRNPFLARDVREKHENIEHAKY, 0.27
5E15I39, QLIHISHFTRNPFLALDVREKHENIEHAKY, 0.25
5E16I40, QLIHISHFTKNPFLALDVREKHENIEHAKY, 0.23
5E17I42, QLIHISHFTKNPFLALDVREKHENIEDAKY, 0.22
5E18I45, QLIHISHFTKNPFLALDVREKHENIEDAKF, 0.2
5E19I60, QLIHISHFTKNPFLALDVREKNENIEDAKF, 0.19
5E20I86, QLIHISHFTKNPFLALDVREKNSNIEDAKF, 0.17
5E21I88, QLSHISHFTKNPFLALDVREKNSNIEDAKF, 0.16
5E22I91, QLSSISHFTKNPFLALDVREKNSNIEDAKF, 0.15
5E23I108, QLSSISQFTKNPFLALDVREKNSNIEDAKF, 0.14
5E24I111, QLSSISQFTKNPFLALDVRHKNSNIEDAKF, 0.13
5E25I112, QLSSTSQFTKNPFLALDVRHKNSNIEDAKF, 0.11
5E26I120, QLSSFSQFTKNPFLALDVRHKNSNIEDAKF, 0.1
5E27I135, QLSSFSQFTKNPFLKLDVRHKNSNIEDAKF, 0.09
5E28I139, QLSSFSQFTKNPFLKLDVRHKNSNFEDAKF, 0.08
5E29I160, QLSSFSQFTKNPFLKLDVRHKNSVFEDAKF, 0.06
5E30I177, QLSSYSQFTKNPFLKLDVRHKNSVFEDAKF, 0.04
