289E0I0, ELPLQLGGKKATSDTPTGTPETWGIVGWHN, 0.36
289E1I3, ELPLQLGGKKRTSDTPTGTPETWGIVGWHN, 0.33
289E2I9, ELPLQLGGKKRTSDTPTGTPETWGIVGYHN, 0.3
289E3I13, ELPLQLGGKKRTSDTPTGTPETWGIVGYKN, 0.24
289E4I14, ELPLQLGGKKRTSDTQTGTPETWGIVGYKN, 0.2
289E5I18, ELPLQLGGKKRTSDTQTGGPETWGIVGYKN, 0.19
289E6I19, ELVLQLGGKKRTSDTQTGGPETWGIVGYKN, 0.17
289E7I22, ELKLQLGGKKRTSDTQTGGPETWGIVGYKN, 0.16
289E8I26, ELKLQLGGKKRTSDTNTGGPETWGIVGYKN, 0.15
289E9I35, ELKLQLGGKKRTSDTNTGGPLTWGIVGYKN, 0.14
289E10I38, ELKLQLGGKKRTSDTNTGGPFTWGIVGYKN, 0.13
289E11I115, ELKLQLGGKKRTSDTNTGGPFIWGIVGYKN, 0.12
289E12I152, ELKLQLGGKKRTSDTATGGPFIWGIVGYKN, 0.1
289E13I174, ELKLQLGGKKRTSDTATGGPFIWGIEGYKN, 0.09
