425E0I0, LPNWDISPKLLQTKAQVFVLNVTGPPAELS, 0.35
425E1I2, LYNWDISPKLLQTKAQVFVLNVTGPPAELS, 0.32
425E2I17, LYNWFISPKLLQTKAQVFVLNVTGPPAELS, 0.31
425E3I28, LYNWFISPKLLQTKQQVFVLNVTGPPAELS, 0.29
425E4I44, LYNWFIRPKLLQTKQQVFVLNVTGPPAELS, 0.27
425E5I51, LYNWFIRPKLLQPKQQVFVLNVTGPPAELS, 0.25
425E6I52, LYNWFIRPKLLQPKQQVDVLNVTGPPAELS, 0.24
425E7I53, LYNWFRRPKLLQPKQQVDVLNVTGPPAELS, 0.22
425E8I57, LYNWFRRPKLLQPKQQVDVLNVTRPPAELS, 0.21
425E9I63, LYNWFRRPKLLQPKQQIDVLNVTRPPAELS, 0.19
425E10I64, LYNWFRRPKLLQPKQQIDVLNVTRPRAELS, 0.18
425E11I74, LYNWFRTPKLLQPKQQIDVLNVTRPRAELS, 0.17
425E12I75, LYNWFRTPKLLQPKQQIDVLNVTRPRNELS, 0.14
425E13I90, LYNWFRTPKLLQPKQQIDVLNKTRPRNELS, 0.13
425E14I98, LYNWFRTPKLLQPKQQIDVLNKSRPRNELS, 0.12
425E15I99, LYNWFRTPKLLQPKQQIDVLNKSRPYNELS, 0.11
425E16I105, LYNWFRTPLLLQPKQQIDVLNKSRPYNELS, 0.1
425E17I113, LYNWFRTPLLLQPKQQIDVLNKSLPYNELS, 0.09
425E18I132, LYNWFRTPLLLQPKQQIYVLNKSLPYNELS, 0.08
425E19I184, LYNWFRTPLNLQPKQQIYVLNKSLPYNELS, 0.06
425E20I189, LYNWFRTPLNLQPKQQIYVLNKSLPYNELE, 0.05
425E21I249, LYNWFRTPLNLQPPQQIYVLNKSLPYNELE, 0.03
425E22I268, LYNWFRTPLNLQPPQQDYVLNKSLPYNELE, 0.02
