420E0I0, LGALSEWRIPEWYAHNPLPDDFVVRSGDAA, 0.51
420E1I2, LGALSEWRIREWYAHNPLPDDFVVRSGDAA, 0.44
420E2I6, LGALSEWRIREWYADNPLPDDFVVRSGDAA, 0.41
420E3I9, LGALSEWRIREWEADNPLPDDFVVRSGDAA, 0.37
420E4I10, LGALSEWRIFEWEADNPLPDDFVVRSGDAA, 0.26
420E5I11, LGALSEWEIFEWEADNPLPDDFVVRSGDAA, 0.24
420E6I18, LGALSEWEIFEWEADNPLPDDFVVRSPDAA, 0.21
420E7I31, LGALSEWEIFEWEADNPLLDDFVVRSPDAA, 0.16
420E8I42, LGALSEWEIFEWEADNPLLDDNVVRSPDAA, 0.14
420E9I43, LGALSEWEIFEWEAGNPLLDDNVVRSPDAA, 0.13
420E10I45, LGALSEWEIFEWEAVNPLLDDNVVRSPDAA, 0.12
420E11I49, LGALSEYEIFEWEAVNPLLDDNVVRSPDAA, 0.11
420E12I51, LGALSEYEIFEWEAVNPLLDDNVVRSTDAA, 0.09
420E13I60, LGALSEYEIFEYEAVNPLLDDNVVRSTDAA, 0.08
420E14I64, LGALSEYEIFEYEAVNPLDDDNVVRSTDAA, 0.07
420E15I74, LDALSEYEIFEYEAVNPLDDDNVVRSTDAA, 0.06
420E16I87, LDALSEYEIFEYEAINPLDDDNVVRSTDAA, 0.04
420E17I145, LDALSEYVIFEYEAINPLDDDNVVRSTDAA, 0.02
420E18I151, LDALSEYVIFEYEWINPLDDDNVVRSTDAA, 0.01
