136E0I0, GTDLESNYQKVDDQDWDQIVQHWQDQDHPN, 0.52
136E1I3, GTDLESNYQKVDDQDWDPIVQHWQDQDHPN, 0.51
136E2I4, GTDLESNYQKVDDQDWDPNVQHWQDQDHPN, 0.47
136E3I5, GTDLESNYQKVDDQDWYPNVQHWQDQDHPN, 0.46
136E4I9, GTDLESNYQKVDDQDWYPNVQHWQAQDHPN, 0.43
136E5I11, GTDLESNYQKRDDQDWYPNVQHWQAQDHPN, 0.4
136E6I16, GTDLESNLQKRDDQDWYPNVQHWQAQDHPN, 0.38
136E7I18, GTDLESNLQKRDDQDWYPNVQHGQAQDHPN, 0.32
136E8I25, GTDLESNLHKRDDQDWYPNVQHGQAQDHPN, 0.31
136E9I27, GTDLESNLHKRDDQDWYPNVQHEQAQDHPN, 0.29
136E10I35, GTDLNSNLHKRDDQDWYPNVQHEQAQDHPN, 0.24
136E11I44, GTDLNSNLVKRDDQDWYPNVQHEQAQDHPN, 0.22
136E12I49, GTDLNSNLVKRDDQDWYPNVQHEHAQDHPN, 0.2
136E13I50, GTDLNSNLVKYDDQDWYPNVQHEHAQDHPN, 0.19
136E14I57, GTDLNSNLVKYDDQDWTPNVQHEHAQDHPN, 0.18
136E15I58, GTDLNSNLVKYDDQDWTPNVQHEHAQDHPT, 0.17
136E16I61, GTDLNSNLVKYDDQDWTPNVQHEHAQDQPT, 0.16
136E17I62, GTDLNVNLVKYDDQDWTPNVQHEHAQDQPT, 0.14
136E18I69, GTDLNVNLVKYDDQDWTPNVQHYHAQDQPT, 0.13
136E19I83, GTDLNVNLVKYDDQDWFPNVQHYHAQDQPT, 0.11
136E20I90, GTDLNVNLVKYDDQDWFPYVQHYHAQDQPT, 0.08
136E21I104, GTDLNVNLVKYDDQPWFPYVQHYHAQDQPT, 0.07
136E22I114, GTDLNVNLVKYDDQPWGPYVQHYHAQDQPT, 0.06
136E23I125, GTDLNVNLVKYDEQPWGPYVQHYHAQDQPT, 0.05
136E24I135, GTDLNVNLVKVDEQPWGPYVQHYHAQDQPT, 0.04
136E25I196, GTDLNVNLVKVDEQPWGPYVQHYHDQDQPT, 0.03
136E26I274, GTDLNVNLVKVDEQPWGSYVQHYHDQDQPT, 0.02
136E27I341, GTDLNVNLVKVDEQPWGSYVQHYHDLDQPT, 0.01
