472E0I0, TKEEPSQFYWTNIGNVVVVAAAGTWNFPPP, 0.46
472E1I2, LKEEPSQFYWTNIGNVVVVAAAGTWNFPPP, 0.44
472E2I3, LKSEPSQFYWTNIGNVVVVAAAGTWNFPPP, 0.4
472E3I4, LKSEPSQFLWTNIGNVVVVAAAGTWNFPPP, 0.33
472E4I6, LKSNPSQFLWTNIGNVVVVAAAGTWNFPPP, 0.32
472E5I16, LKSNPSQFLWTNIGNVVVVAAAGTWNAPPP, 0.3
472E6I20, LKSNPSQFLWTNIGNVTVVAAAGTWNAPPP, 0.25
472E7I21, LKSNPSQFLWTNIGNVTVEAAAGTWNAPPP, 0.23
472E8I22, LKSNPSYFLWTNIGNVTVEAAAGTWNAPPP, 0.19
472E9I23, LKSNPSYFLWTNIGNVTVEAAAGTLNAPPP, 0.16
472E10I35, LKSNPSYFLWTNIGNVTVEAAAGTLNAPPQ, 0.12
472E11I36, LKSNPSYFLWTNIGKVTVEAAAGTLNAPPQ, 0.11
472E12I50, LKSNPSYFLWTNIGPVTVEAAAGTLNAPPQ, 0.09
472E13I70, LKSNPSYFLWTNIGPVTVEAAAGTLNAKPQ, 0.08
472E14I139, LKSNPSYFLWTNIGPVLVEAAAGTLNAKPQ, 0.07
472E15I212, LKSNPSYFLWTNIGPVLVEAIAGTLNAKPQ, 0.06
472E16I256, LKSNPSYFLWTNDGPVLVEAIAGTLNAKPQ, 0.05
472E17I345, LKSNPSYFLWTNDNPVLVEAIAGTLNAKPQ, 0.04
472E18I421, LKSNPSYFAWTNDNPVLVEAIAGTLNAKPQ, 0.03
