178E0I0, RNNAQSDFQPKPDRLRSGHYLPAIEQWNLD, 0.28
178E1I2, RNNAQSDFQPKPDRLRSGHYLYAIEQWNLD, 0.25
178E2I8, RNNAQSDFQPKPDRLNSGHYLYAIEQWNLD, 0.22
178E3I13, RNNAQSDFQPKPDRLNSGHYLYGIEQWNLD, 0.19
178E4I15, RNNAQSDFQPKPDRLNSGHYLYGWEQWNLD, 0.18
178E5I18, RNDAQSDFQPKPDRLNSGHYLYGWEQWNLD, 0.14
178E6I23, RNDAQSDFQPKPDRLNSGHYLQGWEQWNLD, 0.13
178E7I27, RNDAQSDFQPKPDLLNSGHYLQGWEQWNLD, 0.11
178E8I36, RNDAQSDFQPKPDLLNSGHYEQGWEQWNLD, 0.1
178E9I37, RNDAQSDFQPKPDLLNSGAYEQGWEQWNLD, 0.07
178E10I46, RNDAQSDFQPKPDLLNYGAYEQGWEQWNLD, 0.06
178E11I65, RNDAQSDFQPKPDLLNYGAYEIGWEQWNLD, 0.05
