324E0I0, GPPQHRYPHTGNSLTPTNWEFNKFNDKWTI, 0.4
324E1I1, GPPQHRDPHTGNSLTPTNWEFNKFNDKWTI, 0.35
324E2I7, GPPQHRDPHKGNSLTPTNWEFNKFNDKWTI, 0.32
324E3I10, GPPQHRDPHKGNSLTPTNPEFNKFNDKWTI, 0.29
324E4I14, GPPQPRDPHKGNSLTPTNPEFNKFNDKWTI, 0.26
324E5I15, GPPQPRDPHAGNSLTPTNPEFNKFNDKWTI, 0.25
324E6I17, GSPQPRDPHAGNSLTPTNPEFNKFNDKWTI, 0.24
324E7I21, GSPQPWDPHAGNSLTPTNPEFNKFNDKWTI, 0.2
324E8I23, GSPQPWDPHAGNSLTPTNPEFNKRNDKWTI, 0.19
324E9I35, GSPQPWDPHAGNELTPTNPEFNKRNDKWTI, 0.17
324E10I36, TSPQPWDPHAGNELTPTNPEFNKRNDKWTI, 0.16
324E11I38, TSPQPWDPHAGNELTPPNPEFNKRNDKWTI, 0.15
324E12I44, TSPQPWDPHAGNELQPPNPEFNKRNDKWTI, 0.14
324E13I52, TSPQPTDPHAGNELQPPNPEFNKRNDKWTI, 0.13
324E14I54, TSPQPTDPHAGNELQPWNPEFNKRNDKWTI, 0.12
324E15I85, TSPQPTDEHAGNELQPWNPEFNKRNDKWTI, 0.11
324E16I102, TSPQPTDEHAGNELQPWNPKFNKRNDKWTI, 0.1
324E17I122, TSPQPTDEHAGNELQPWNPKFNKRNDWWTI, 0.09
324E18I156, TSPQPTDEHAGNELQPWNDKFNKRNDWWTI, 0.08
324E19I164, TSPQPTDKHAGNELQPWNDKFNKRNDWWTI, 0.07
324E20I166, DSPQPTDKHAGNELQPWNDKFNKRNDWWTI, 0.06
324E21I226, DSNQPTDKHAGNELQPWNDKFNKRNDWWTI, 0.05
324E22I266, DSNQPTDKHAGNELQPWNDKFNKYNDWWTI, 0.04
