56E0I0, TLIVFNHKGYEDEYYFNHNLTDRNGSITHE, 0.47
56E1I2, TLIVFNHKGYEDEYYFNHNLTDRNYSITHE, 0.46
56E2I3, TLIVFNHKGYLDEYYFNHNLTDRNYSITHE, 0.42
56E3I4, TLIVFNHKGYLDEYYFNRNLTDRNYSITHE, 0.37
56E4I6, TLIVFNHKGYLDEYYFNRNLTDRNYSITDE, 0.35
56E5I7, TLIVFNHKGYLDEYYFNRNLTDRNYSITYE, 0.33
56E6I8, TLIVFNHKYYLDEYYFNRNLTDRNYSITYE, 0.27
56E7I11, TLIVFNHKYYLDEYYFNRNLTDFNYSITYE, 0.26
56E8I21, TLIVFNHKYYLDEKYFNRNLTDFNYSITYE, 0.23
56E9I24, TLIVFNHKYYLDEKYFNRNLTDFNYSVTYE, 0.22
56E10I28, TLIVFNHKYYLDEKYFNRNYTDFNYSVTYE, 0.19
56E11I32, TLIVDNHKYYLDEKYFNRNYTDFNYSVTYE, 0.18
56E12I41, TEIVDNHKYYLDEKYFNRNYTDFNYSVTYE, 0.17
56E13I48, TEIVDNHKYYLDEKYFNRNYTDFNYSVTNE, 0.15
56E14I49, TEIVDNHKYYLDEKYFNNNYTDFNYSVTNE, 0.13
56E15I51, TEIVDNHKYYLDEKYFNNNYTDFQYSVTNE, 0.12
56E16I59, TEQVDNHKYYLDEKYFNNNYTDFQYSVTNE, 0.09
56E17I76, TEQVDNHKYYLDEKYFNNNYTDFQFSVTNE, 0.08
56E18I102, FEQVDNHKYYLDEKYFNNNYTDFQFSVTNE, 0.04
56E19I111, FEQVDNHKYYLDEKYFNNNYTDFQFSVDNE, 0.03
56E20I165, FEQVDNHKYYLDEKYFNNNFTDFQFSVDNE, 0.02
