189E0I0, YLYHKDVRFIAQYFDYAAKPLFIRNGARHA, 0.45
189E1I1, YLYHKDVDFIAQYFDYAAKPLFIRNGARHA, 0.44
189E2I3, YLYHKDVDFIAQYFDYAAKELFIRNGARHA, 0.38
189E3I5, ILYHKDVDFIAQYFDYAAKELFIRNGARHA, 0.37
189E4I10, ILYHKDVDFIAQYFDYAAKELFIRNLARHA, 0.36
189E5I18, ILYHKDVDFIAQYYDYAAKELFIRNLARHA, 0.34
189E6I20, ILYHKDVDFIAQYYDYAAKELFIRNSARHA, 0.31
189E7I22, ILYHKDVDFIAQYYDQAAKELFIRNSARHA, 0.26
189E8I25, ILYHKDVDFIAQYYDQAAKELFIRNSAHHA, 0.24
189E9I36, ILYHKDVDFIAQYYDQAAKELFKRNSAHHA, 0.23
189E10I49, ILYHKDVDFIAQYYDQAAKELSKRNSAHHA, 0.21
189E11I57, ILYHKDVDFIDQYYDQAAKELSKRNSAHHA, 0.2
189E12I59, ILYHKDVDFIDQYYDQAAKELSKRNSAYHA, 0.19
189E13I125, ILYHKYVDFIDQYYDQAAKELSKRNSAYHA, 0.17
189E14I163, IKYHKYVDFIDQYYDQAAKELSKRNSAYHA, 0.15
189E15I182, IKYHKYVDFIDQYYDQAAKELSKRASAYHA, 0.14
189E16I189, IKYHKYVDFIDQYTDQAAKELSKRASAYHA, 0.11
189E17I197, IKYHKYVDFIDQYTDQAAKELSKEASAYHA, 0.09
189E18I207, IKYHKYVDFIDQPTDQAAKELSKEASAYHA, 0.07
189E19I278, IKYHKYVDFIDQPTDQAAKELSFEASAYHA, 0.06
189E20I295, SKYHKYVDFIDQPTDQAAKELSFEASAYHA, 0.05
