418E0I0, RFAILVTHTQFYGHYAFTQWHENTQPEWED, 0.47
418E1I2, RFAILVTFTQFYGHYAFTQWHENTQPEWED, 0.45
418E2I3, RFAILVTFTQFYGHYAFTQWHENTQPEWGD, 0.43
418E3I9, RHAILVTFTQFYGHYAFTQWHENTQPEWGD, 0.41
418E4I12, RHAILVTFTQFYPHYAFTQWHENTQPEWGD, 0.4
418E5I13, RHAILVTFTQRYPHYAFTQWHENTQPEWGD, 0.38
418E6I14, RHAILVGFTQRYPHYAFTQWHENTQPEWGD, 0.32
418E7I17, RHAILVGFTQRYPHQAFTQWHENTQPEWGD, 0.31
418E8I21, RHAILVGFTQRYPHQAFTQWHENTQPEWND, 0.28
418E9I26, NHAILVGFTQRYPHQAFTQWHENTQPEWND, 0.26
418E10I33, PHAILVGFTQRYPHQAFTQWHENTQPEWND, 0.25
418E11I38, PHAILVGFTQRYPHQQFTQWHENTQPEWND, 0.18
418E12I66, PHAILVGFTQRYYHQQFTQWHENTQPEWND, 0.17
418E13I80, PHAILVGFTQRYYHQQFLQWHENTQPEWND, 0.15
418E14I85, PHAILVGFQQRYYHQQFLQWHENTQPEWND, 0.14
418E15I118, PHAILVGFQQRYYHQQFLQWHENTQPEQND, 0.12
418E16I128, PEAILVGFQQRYYHQQFLQWHENTQPEQND, 0.1
418E17I137, PEAILVGFQQRPYHQQFLQWHENTQPEQND, 0.09
418E18I153, FEAILVGFQQRPYHQQFLQWHENTQPEQND, 0.08
418E19I172, FEAILVGFQQRPYPQQFLQWHENTQPEQND, 0.07
418E20I187, FEAILVGFQQRPYPQPFLQWHENTQPEQND, 0.05
418E21I230, FEAILVGFQQRPYPQPFLQWHEWTQPEQND, 0.04
418E22I251, FEAELVGFQQRPYPQPFLQWHEWTQPEQND, 0.03
