115E0I0, AANDWKSKSIGYVNSDKTQSTPQLEANIPI, 0.22
115E1I1, AANDWKSKSIGYVNSDKVQSTPQLEANIPI, 0.18
115E2I4, AANDWKSKSIGYVNSPKVQSTPQLEANIPI, 0.17
115E3I15, AAPDWKSKSIGYVNSPKVQSTPQLEANIPI, 0.16
115E4I16, AAPDWKSKSIGYVNSPKPQSTPQLEANIPI, 0.14
115E5I17, AAPDWKSKSIGYVNSPKPQSTPQLEANEPI, 0.13
115E6I24, AAPDWKSKSIGYVNSPKPQSRPQLEANEPI, 0.12
115E7I30, ANPDWKSKSIGYVNSPKPQSRPQLEANEPI, 0.11
115E8I52, ANPDWKSKSIGYNNSPKPQSRPQLEANEPI, 0.09
115E9I68, ANPDWKSKSIGYNNSRKPQSRPQLEANEPI, 0.07
115E10I85, GNPDWKSKSIGYNNSRKPQSRPQLEANEPI, 0.06
