441E0I0, PRRGIEAFSLAQLTDYWAFAYGFAHLVDPG, 0.43
441E1I1, PRRGIEAFSLGQLTDYWAFAYGFAHLVDPG, 0.39
441E2I7, PRRGIEAFSLGQLTDYDAFAYGFAHLVDPG, 0.3
441E3I9, PRRGIEAFSLGQLTDYDAFAYGFAHLLDPG, 0.28
441E4I17, PRRGIEAFSLGQLTDYDATAYGFAHLLDPG, 0.27
441E5I37, PRRGIEAFSLEQLTDYDATAYGFAHLLDPG, 0.25
441E6I46, PRRGIEAFSLEQLTDYDATAYGFIHLLDPG, 0.23
441E7I50, PREGIEAFSLEQLTDYDATAYGFIHLLDPG, 0.22
441E8I56, PREGIEAFSLEQLTDYDATAYGFIVLLDPG, 0.21
441E9I57, PREGIEAFSLEQLTDYDASAYGFIVLLDPG, 0.18
441E10I63, PREGIEAFSLEQNTDYDASAYGFIVLLDPG, 0.17
441E11I66, PREGIEAFSLEQNTDYDASAYGFIVLLDPQ, 0.15
441E12I70, PREGIEAFSLEQNTDYDASAYGFIVLLDFQ, 0.13
441E13I76, PREGIEAESLEQNTDYDASAYGFIVLLDFQ, 0.12
441E14I86, PREGIEAESLEQNTDYDASAPGFIVLLDFQ, 0.11
441E15I116, PREGIEAASLEQNTDYDASAPGFIVLLDFQ, 0.1
441E16I120, PGEGIEAASLEQNTDYDASAPGFIVLLDFQ, 0.09
441E17I143, PGEGIEAASLEQNTDYDASAPGFNVLLDFQ, 0.07
441E18I159, PGEGIEALSLEQNTDYDASAPGFNVLLDFQ, 0.06
441E19I182, PGEGIEALSLEQFTDYDASAPGFNVLLDFQ, 0.05
441E20I232, PFEGIEALSLEQFTDYDASAPGFNVLLDFQ, 0.03
441E21I261, PFEGIEALSLEQFTDFDASAPGFNVLLDFQ, 0.02
