206E0I0, DPVDSRFIPDYAYHSNAFLDEHQVLRQKIS, 0.37
206E1I4, DPVDSRFIPDYAYTSNAFLDEHQVLRQKIS, 0.33
206E2I6, DPVDSRFIPDYAYTSNAFLDEHQVLRSKIS, 0.29
206E3I16, DDVDSRFIPDYAYTSNAFLDEHQVLRSKIS, 0.27
206E4I25, DDVDSRFIPDYAYTSNATLDEHQVLRSKIS, 0.23
206E5I32, DDVDSRFIPDYAYTSNATLDEHQVLFSKIS, 0.21
206E6I36, DDVDSRFITDYAYTSNATLDEHQVLFSKIS, 0.19
206E7I39, DDVDSRFKTDYAYTSNATLDEHQVLFSKIS, 0.17
206E8I42, DDVDSRFKTDYYYTSNATLDEHQVLFSKIS, 0.15
206E9I48, DDWDSRFKTDYYYTSNATLDEHQVLFSKIS, 0.14
206E10I54, DDWDSRFKTDYYYTSNATLDEHQVLFSKIK, 0.13
206E11I84, DDLDSRFKTDYYYTSNATLDEHQVLFSKIK, 0.12
206E12I96, DDLDSRFKTDYYYTSNATLDEHQVLVSKIK, 0.1
206E13I127, DDLDSRFKTDYYYTSNATLDEHKVLVSKIK, 0.08
206E14I190, DDLDSREKTDYYYTSNATLDEHKVLVSKIK, 0.07
206E15I200, DDLDSREKTDYYYTSNATLNEHKVLVSKIK, 0.05
206E16I226, DDLDSREKTDYYYTSNATLNEHKVKVSKIK, 0.04
206E17I295, DDLDSREKTDYYYTSNATLNEHKTKVSKIK, 0.03
