80E0I0, KYHFQIWASLEGQEQIYQSQEGSYLWTIFR, 0.25
80E1I13, KYHFQIWSSLEGQEQIYQSQEGSYLWTIFR, 0.22
80E2I17, KYHFQIWSSLEGQEQIYQSQHGSYLWTIFR, 0.21
80E3I27, KYHFQIWSSLEGQEQQYQSQHGSYLWTIFR, 0.18
80E4I29, KYHFQIWSSLEGQEQQYQSVHGSYLWTIFR, 0.17
80E5I31, KYHFQIWSSLEGYEQQYQSVHGSYLWTIFR, 0.16
80E6I38, KYHFQIWSSLEGYEQQYQSVHGSYLWTIER, 0.14
80E7I55, KYHFSIWSSLEGYEQQYQSVHGSYLWTIER, 0.13
80E8I61, KYHFNIWSSLEGYEQQYQSVHGSYLWTIER, 0.12
80E9I103, KYHFNIWSSLEGYEQQYQSVHGSYLWTILR, 0.11
80E10I142, KYHFNIWSSLEGYEQQYQSVHGSQLWTILR, 0.1
80E11I148, KYHFNIWSSLEGQEQQYQSVHGSQLWTILR, 0.08
80E12I179, KYHFNIWSSLEGQEQQQQSVHGSQLWTILR, 0.07
80E13I226, KYHFNIWSSLEGQEQQQQSVHKSQLWTILR, 0.06
