152E0I0, EHLHSEKRLNFGTIHPHNHAWELRHLGHSV, 0.47
152E1I1, EHLHSEKRLNFGTIHEHNHAWELRHLGHSV, 0.46
152E2I3, EILHSEKRLNFGTIHEHNHAWELRHLGHSV, 0.41
152E3I6, EILHSEKRLNFGTIHEHNHAWELRELGHSV, 0.33
152E4I13, EILHSEKRLNFGTIHEWNHAWELRELGHSV, 0.3
152E5I17, EISHSEKRLNFGTIHEWNHAWELRELGHSV, 0.28
152E6I22, EISHSEKRLNFGTIHEQNHAWELRELGHSV, 0.26
152E7I23, EISHSEKRLNFGTIHEQNHAWNLRELGHSV, 0.21
152E8I30, EISHSEKRLNVGTIHEQNHAWNLRELGHSV, 0.2
152E9I39, EISHSEKRLNVGTIHEQNHAWNLRELGHSE, 0.19
152E10I48, EISHSEKRLNVGTIHEQNHGWNLRELGHSE, 0.15
152E11I66, EISHSEKRLNVGTIHEQNGGWNLRELGHSE, 0.12
152E12I138, EISHFEKRLNVGTIHEQNGGWNLRELGHSE, 0.11
152E13I149, EISHFEKRLNVGTIHEQNGGWNLRELGYSE, 0.1
152E14I157, EISHFEKRLNVGTIHEQNGGWNLRELGYSN, 0.07
152E15I203, SISHFEKRLNVGTIHEQNGGWNLRELGYSN, 0.06
152E16I214, SISHFEKRLNVGTIHEQNGGWNLRELQYSN, 0.05
152E17I268, SISHFEKRLNVGTIHEQNAGWNLRELQYSN, 0.04
152E18I286, SISHFEKRLNVGTIHEQNAGWNLRELQSSN, 0.03
