257E0I0, GSERPVSHVHHIPKNWHSVQAIEAHFVNLS, 0.42
257E1I5, GSERPASHVHHIPKNWHSVQAIEAHFVNLS, 0.41
257E2I6, GSERPASHVHHIPKNVHSVQAIEAHFVNLS, 0.35
257E3I10, GSERPASHVHHSPKNVHSVQAIEAHFVNLS, 0.34
257E4I11, GSERPASHVHHSPKNVHSVQAIEAIFVNLS, 0.33
257E5I13, GSERPASHVLHSPKNVHSVQAIEAIFVNLS, 0.3
257E6I15, GIERPASHVLHSPKNVHSVQAIEAIFVNLS, 0.27
257E7I16, GIERPASHVLHSPKNVHSVQAIEAINVNLS, 0.25
257E8I17, GIERPASHVLHSPKNEHSVQAIEAINVNLS, 0.23
257E9I18, GIERPASHQLHSPKNEHSVQAIEAINVNLS, 0.21
257E10I20, GIERPASHQLHSPKNEHSVQAIEAINVPLS, 0.2
257E11I25, GIERPYSHQLHSPKNEHSVQAIEAINVPLS, 0.19
257E12I29, GIERPYSHQLHSPKNEHSVQAIEAINVQLS, 0.17
257E13I39, GIERPYSHQLKSPKNEHSVQAIEAINVQLS, 0.15
257E14I57, GIERPYSHQLKSPKNEHDVQAIEAINVQLS, 0.14
257E15I84, GIERLYSHQLKSPKNEHDVQAIEAINVQLS, 0.13
257E16I116, GIERLYSHQLKSPKNEHDVQAIEALNVQLS, 0.12
257E17I132, GIERLDSHQLKSPKNEHDVQAIEALNVQLS, 0.1
257E18I135, GIERLDSHQLKSEKNEHDVQAIEALNVQLS, 0.08
257E19I145, GIERLDSHQLKSEKNELDVQAIEALNVQLS, 0.07
257E20I147, GIERLDSHQLKSEKNELDVQAIEASNVQLS, 0.06
257E21I157, GIERLDSHQLKSEKNELDVQAIEASNEQLS, 0.04
