32E0I0, RKPSNIRSKKYGNTSLDEDLRYLPVAAYGK, 0.31
32E1I2, RKPSNIRSKKYGNTSLDNDLRYLPVAAYGK, 0.28
32E2I6, RKPSFIRSKKYGNTSLDNDLRYLPVAAYGK, 0.26
32E3I12, RKPSFIRSKKYGNTSLDNDLEYLPVAAYGK, 0.22
32E4I13, RKPSFIRSKKYGNTSLDNDLEYLQVAAYGK, 0.18
32E5I14, RKPEFIRSKKYGNTSLDNDLEYLQVAAYGK, 0.17
32E6I20, RKPEFIRSKKYGNTSLDNDLEYLQVVAYGK, 0.16
32E7I46, RKPEFIRSKKYGNASLDNDLEYLQVVAYGK, 0.15
32E8I47, LKPEFIRSKKYGNASLDNDLEYLQVVAYGK, 0.14
32E9I50, LKPEFIRSKKYGNASLDNDLEYLEVVAYGK, 0.13
32E10I126, LKPKFIRSKKYGNASLDNDLEYLEVVAYGK, 0.12
32E11I127, NKPKFIRSKKYGNASLDNDLEYLEVVAYGK, 0.11
32E12I140, NKNKFIRSKKYGNASLDNDLEYLEVVAYGK, 0.1
32E13I173, NKNKFIRSKKYGNASLDNDLYYLEVVAYGK, 0.09
32E14I235, NKNKFIRSKKYGNASLDNDWYYLEVVAYGK, 0.08
