494E0I0, QDSFLIPLPPADYSKKADVQSYQHRHVVHE, 0.5
494E1I1, QDSFLIILPPADYSKKADVQSYQHRHVVHE, 0.47
494E2I4, QDSFLIILPPQDYSKKADVQSYQHRHVVHE, 0.38
494E3I16, QDSFLIILPPQDYSKKADVQSYQHRHVVYE, 0.35
494E4I19, QDSFLIILPPQDYSKLADVQSYQHRHVVYE, 0.33
494E5I20, QDSFLIILPPQDYSKLADVQSLQHRHVVYE, 0.32
494E6I26, QDSFLIILPPQDYSKLADVQSLQHRDVVYE, 0.3
494E7I36, QDSFLIILPPQDYSKLADVQSLQHRKVVYE, 0.28
494E8I38, EDSFLIILPPQDYSKLADVQSLQHRKVVYE, 0.27
494E9I47, EDSFEIILPPQDYSKLADVQSLQHRKVVYE, 0.24
494E10I48, EDSFEIILPPQDYSKLADEQSLQHRKVVYE, 0.21
494E11I49, EDSFEIILPPQDYSKLASEQSLQHRKVVYE, 0.2
494E12I50, EDSFEIILPPQIYSKLASEQSLQHRKVVYE, 0.19
494E13I61, EDSFEIILPPQIWSKLASEQSLQHRKVVYE, 0.18
494E14I75, LDSFEIILPPQIWSKLASEQSLQHRKVVYE, 0.16
494E15I83, LDSFEIILPPQIWLKLASEQSLQHRKVVYE, 0.15
494E16I87, LDSFEIILPPQIWLKLASEQSLDHRKVVYE, 0.13
494E17I88, LDSFEQILPPQIWLKLASEQSLDHRKVVYE, 0.12
494E18I94, LDSFEQILPPQINLKLASEQSLDHRKVVYE, 0.11
494E19I109, LDSFEQILPPQINLSLASEQSLDHRKVVYE, 0.07
494E20I136, LDSFEQILPPQINESLASEQSLDHRKVVYE, 0.06
494E21I155, LDSFEQILPPVINESLASEQSLDHRKVVYE, 0.05
