162E0I0, WADTYEKGKHNQLFLWIERFEFTQWARENF, 0.36
162E1I5, WADTYEKGKHNQLFLWIERFEFTQWANENF, 0.35
162E2I6, WIDTYEKGKHNQLFLWIERFEFTQWANENF, 0.31
162E3I9, WIDTYEKGKHNQLFLWIERFEFTQEANENF, 0.28
162E4I13, WIDTYEKGKHEQLFLWIERFEFTQEANENF, 0.2
162E5I15, WIDTYEKGKHEQLFLWIERFEFTQEANEWF, 0.19
162E6I27, WIDTYEKGYHEQLFLWIERFEFTQEANEWF, 0.15
162E7I33, WIDTYEKLYHEQLFLWIERFEFTQEANEWF, 0.13
162E8I48, WIDHYEKLYHEQLFLWIERFEFTQEANEWF, 0.12
162E9I55, WIDHYEKYYHEQLFLWIERFEFTQEANEWF, 0.1
162E10I60, WISHYEKYYHEQLFLWIERFEFTQEANEWF, 0.09
162E11I65, WISHYEKYYHEQLFLWIEEFEFTQEANEWF, 0.07
162E12I87, WISHYEKYYHEQLFLWIEEFEFTQEANEWG, 0.06
162E13I118, WISHYEKYYHEQQFLWIEEFEFTQEANEWG, 0.03
162E14I211, WISHYEKYYHEQQFLWIEEFEYTQEANEWG, 0.02
162E15I283, WISHYEKYYHEQQFLWHEEFEYTQEANEWG, 0.01
