366E0I0, RWAWNTRFAQGAKVWRRHGQINGGFKWFRW, 0.45
366E1I6, RWAWNTRFAQGAKVWRRHGGINGGFKWFRW, 0.43
366E2I8, RIAWNTRFAQGAKVWRRHGGINGGFKWFRW, 0.39
366E3I11, RIAWNTRFAQGAKVWRRHGGINGLFKWFRW, 0.35
366E4I12, RIAWNTRFAQGAKVWRRHGGINGLYKWFRW, 0.28
366E5I13, RIAWNTRFAQGAKVERRHGGINGLYKWFRW, 0.27
366E6I20, RIAWNTRFAQGAKVERRHGGINGLYKNFRW, 0.25
366E7I21, RIAWNTRFAQVAKVERRHGGINGLYKNFRW, 0.21
366E8I35, RIAWNTRFAQVAKVERRHGGINGLLKNFRW, 0.2
366E9I43, RIAWNTRFAQVAKVERIHGGINGLLKNFRW, 0.19
366E10I52, RIAWNTRFAQVAKVERIHGGIWGLLKNFRW, 0.18
366E11I59, RIAWNDRFAQVAKVERIHGGIWGLLKNFRW, 0.17
366E12I62, RIAWNDRFAQVAKFERIHGGIWGLLKNFRW, 0.14
366E13I94, RIAWNDREAQVAKFERIHGGIWGLLKNFRW, 0.13
366E14I95, RIAWNDREAQVAKFERINGGIWGLLKNFRW, 0.12
366E15I99, RIAWRDREAQVAKFERINGGIWGLLKNFRW, 0.11
366E16I105, RIAWTDREAQVAKFERINGGIWGLLKNFRW, 0.1
366E17I110, RFAWTDREAQVAKFERINGGIWGLLKNFRW, 0.09
366E18I186, REAWTDREAQVAKFERINGGIWGLLKNFRW, 0.08
366E19I207, REAWTDREAQVAKFERINGGINGLLKNFRW, 0.07
366E20I222, RDAWTDREAQVAKFERINGGINGLLKNFRW, 0.04
366E21I276, RDAWTDREAQVAKFEAINGGINGLLKNFRW, 0.03
