6E0I0, WPRNPKREKAIDIWWPFNTANPIDKQDWLE, 0.36
6E1I1, EPRNPKREKAIDIWWPFNTANPIDKQDWLE, 0.35
6E2I2, EPRNPKREKAIDIWWPFNTANPIDKQDNLE, 0.33
6E3I3, EPRNPKREKAIDIWWPFNKANPIDKQDNLE, 0.26
6E4I6, EPRNPKREKAIDIWWPFNKDNPIDKQDNLE, 0.25
6E5I10, EPRNPKREKAIQIWWPFNKDNPIDKQDNLE, 0.23
6E6I12, EPRNPKREKAIQIWWPFIKDNPIDKQDNLE, 0.2
6E7I15, EGRNPKREKAIQIWWPFIKDNPIDKQDNLE, 0.16
6E8I19, EGRNPKREKAPQIWWPFIKDNPIDKQDNLE, 0.13
6E9I25, EGRNPKREKAPQIWWPFIKDNPIEKQDNLE, 0.11
6E10I40, EGWNPKREKAPQIWWPFIKDNPIEKQDNLE, 0.08
6E11I48, EGWNPKREKAPQIWWPFIKDFPIEKQDNLE, 0.07
6E12I109, EGWNPKREKAPQIWWPFIKDFEIEKQDNLE, 0.05
6E13I203, EGWNPKREKAPQKWWPFIKDFEIEKQDNLE, 0.04
