107E0I0, QVYISEAVHYTVWPSGGYRVWPTESHYVVA, 0.37
107E1I5, QVYISEAVHYTVWPSGGYRVWPTEDHYVVA, 0.32
107E2I9, QVYISEAVHYTVWPVGGYRVWPTEDHYVVA, 0.26
107E3I23, QVYISEAVHYTVWPVGGYRVWPKEDHYVVA, 0.2
107E4I29, QVYISEAVIYTVWPVGGYRVWPKEDHYVVA, 0.19
107E5I36, QVNISEAVIYTVWPVGGYRVWPKEDHYVVA, 0.18
107E6I37, QVNISEAVIYTVWPVSGYRVWPKEDHYVVA, 0.17
107E7I45, QVNISENVIYTVWPVSGYRVWPKEDHYVVA, 0.16
107E8I55, QVNISEWVIYTVWPVSGYRVWPKEDHYVVA, 0.14
107E9I70, QVNISEWVIYTVIPVSGYRVWPKEDHYVVA, 0.13
107E10I78, QVNIHEWVIYTVIPVSGYRVWPKEDHYVVA, 0.12
107E11I124, QVNIHEWVIYTVIPVSGYRVWPKEDAYVVA, 0.11
107E12I128, QVNDHEWVIYTVIPVSGYRVWPKEDAYVVA, 0.1
107E13I136, QVNDHEWVIYTVIYVSGYRVWPKEDAYVVA, 0.09
107E14I147, QVNDHEWVIYTVIYVSGYRVWLKEDAYVVA, 0.08
107E15I179, QVNDHEWVIYTVIYVSGYRVWRKEDAYVVA, 0.07
107E16I186, QVNDHEWVIYTVIYVSGYRVDRKEDAYVVA, 0.05
107E17I212, QVNDHDWVIYTVIYVSGYRVDRKEDAYVVA, 0.04
