155E0I0, GILPHTRVAYPNIFYNGYVKAPAKGPHLEQ, 0.28
155E1I1, GILPHTRVAGPNIFYNGYVKAPAKGPHLEQ, 0.21
155E2I3, GILPITRVAGPNIFYNGYVKAPAKGPHLEQ, 0.19
155E3I13, GILPITSVAGPNIFYNGYVKAPAKGPHLEQ, 0.16
155E4I21, GILPITSVAGPNIFYNGYVKAPAKGSHLEQ, 0.15
155E5I35, GILPITSVAGPNIFYNGYVKAPAKGSNLEQ, 0.14
155E6I38, GILPITSVAGPNIFYNGYVKANAKGSNLEQ, 0.08
155E7I59, GIDPITSVAGPNIFYNGYVKANAKGSNLEQ, 0.07
155E8I119, GIDPITSVAGPNIFYNGYVKLNAKGSNLEQ, 0.06
155E9I133, GIDPWTSVAGPNIFYNGYVKLNAKGSNLEQ, 0.05
155E10I194, GIDPWTSVAGPNIFYNGYVKLNAKGSYLEQ, 0.04
