306E0I0, HVSIVPVSGQFWSFSPPEHIPSFTAILYNR, 0.54
306E1I1, HVSIVPVSGWFWSFSPPEHIPSFTAILYNR, 0.53
306E2I2, HVSIVPVSGWFWSFSPPEHIPSFTAILYNV, 0.49
306E3I5, HVSIVPVSGWFWSFSPPEHIPRFTAILYNV, 0.47
306E4I13, HVSIVPVSGWFWSFGPPEHIPRFTAILYNV, 0.44
306E5I15, HVSEVPVSGWFWSFGPPEHIPRFTAILYNV, 0.42
306E6I18, HVSEVPVSGWFWSFGPPEHIIRFTAILYNV, 0.39
306E7I19, HVSEVPVSGWFWLFGPPEHIIRFTAILYNV, 0.35
306E8I22, HVSEVPVSGWFWLFGPHEHIIRFTAILYNV, 0.32
306E9I24, HVSEVPVSGWFWLFGPHEHIIRFTAILKNV, 0.29
306E10I32, HVSEVPVSGWFWLFGPHEHIIRFIAILKNV, 0.27
306E11I43, HVSEVPVSGWFWLFGPKEHIIRFIAILKNV, 0.24
306E12I46, HVSEVPVSGWFWLFGPKIHIIRFIAILKNV, 0.23
306E13I51, HVSEVPVSGWFWLFGPKIHIFRFIAILKNV, 0.17
306E14I69, YVSEVPVSGWFWLFGPKIHIFRFIAILKNV, 0.16
306E15I133, YVSEKPVSGWFWLFGPKIHIFRFIAILKNV, 0.15
306E16I139, YVYEKPVSGWFWLFGPKIHIFRFIAILKNV, 0.13
306E17I143, YVYEKPVSGWFWLFGPKIRIFRFIAILKNV, 0.09
306E18I160, YVYEKPVSGGFWLFGPKIRIFRFIAILKNV, 0.07
306E19I180, YVYEKPVSGGLWLFGPKIRIFRFIAILKNV, 0.06
306E20I195, HVYEKPVSGGLWLFGPKIRIFRFIAILKNV, 0.05
306E21I260, HVYEKPVSGGLWLFGPKIRIFQFIAILKNV, 0.04
