443E0I0, KYKFENFYTQVFEKNPKYGQRLHNEYKQTW, 0.29
443E1I5, KYKFENFYTQVFEKNPKYGQRSHNEYKQTW, 0.26
443E2I6, KYKFENFYTQVFEKNPKRGQRSHNEYKQTW, 0.23
443E3I7, KYKFENFYTQVFEKNPKRGQRSHNERKQTW, 0.2
443E4I14, KYKFENFYTQVFEKNPKRGQRSHNELKQTW, 0.19
443E5I15, KYKFENFYTDVFEKNPKRGQRSHNELKQTW, 0.15
443E6I44, YYKFENFYTDVFEKNPKRGQRSHNELKQTW, 0.14
443E7I46, YYKNENFYTDVFEKNPKRGQRSHNELKQTW, 0.13
443E8I57, YYKNESFYTDVFEKNPKRGQRSHNELKQTW, 0.12
443E9I77, YYKNESDYTDVFEKNPKRGQRSHNELKQTW, 0.11
443E10I92, YYKNESDYTDVFEKNPKRGQRSYNELKQTW, 0.1
443E11I97, YYKNESDYTDDFEKNPKRGQRSYNELKQTW, 0.09
443E12I113, YYKNENDYTDDFEKNPKRGQRSYNELKQTW, 0.08
443E13I115, YYKNENDYTDDFEKNPKRGQRLYNELKQTW, 0.04
443E14I129, YYKNENDYTDDFEKNPKRGQRLYFELKQTW, 0.03
443E15I166, YYKNENDYTDDFEKNPKRGIRLYFELKQTW, 0.02
443E16I170, YYKNENDYTDDIEKNPKRGIRLYFELKQTW, 0.01
