235E0I0, NFFHDSKWVQESLHPKAAPEPKQWQHLWIW, 0.55
235E1I3, NFFHDSKWVQESLHPKAAPEPKQWQELWIW, 0.51
235E2I4, NFFHDSKWVQESLHPKNAPEPKQWQELWIW, 0.49
235E3I7, FFFHDSKWVQESLHPKNAPEPKQWQELWIW, 0.48
235E4I8, FFFHDSKWVQESLHPKNAPEPKQWQEDWIW, 0.43
235E5I14, FFFHDSKWVQESLHPKNALEPKQWQEDWIW, 0.4
235E6I16, FFFHDSKWVQESLHEKNALEPKQWQEDWIW, 0.32
235E7I24, FFFHDSKWVQEDLHEKNALEPKQWQEDWIW, 0.3
235E8I26, FFFHDSEWVQEDLHEKNALEPKQWQEDWIW, 0.29
235E9I32, FFFHDAEWVQEDLHEKNALEPKQWQEDWIW, 0.27
235E10I33, FFFHDAEWVQEDLHEKNALEPKQWQEDWFW, 0.25
235E11I38, FFFEDAEWVQEDLHEKNALEPKQWQEDWFW, 0.22
235E12I39, FHFEDAEWVQEDLHEKNALEPKQWQEDWFW, 0.19
235E13I43, FHFEDAEWVQEGLHEKNALEPKQWQEDWFW, 0.15
235E14I48, FHFEDAEWVQEGLHEKNALEPKQWQEQWFW, 0.12
235E15I53, FHFEDAEWVQEGLHEKNALEPKQWKEQWFW, 0.1
235E16I58, FHFEDAVWVQEGLHEKNALEPKQWKEQWFW, 0.09
235E17I78, FHFEDAVWVQEGLHEKNALETKQWKEQWFW, 0.08
235E18I124, FHFEDAVWVFEGLHEKNALETKQWKEQWFW, 0.07
235E19I126, FHFEDAVWVFEGLHEKNALETKQWKEQYFW, 0.06
235E20I148, YHFEDAVWVFEGLHEKNALETKQWKEQYFW, 0.05
235E21I169, YHFEDAVWVFEGLTEKNALETKQWKEQYFW, 0.04
235E22I177, YHFEDAQWVFEGLTEKNALETKQWKEQYFW, 0.03
235E23I195, YHFEDAQWVFEGLREKNALETKQWKEQYFW, 0.02
235E24I270, YHFEDAQWVFEGLREKNALETKQWKEQYFQ, 0.01
