410E0I0, YHKEKYYPPIHGKEPHITHQEVKHNLLSRS, 0.42
410E1I1, YHKEKYYPPIHGKEPHITHQEVKHNLTSRS, 0.35
410E2I2, YEKEKYYPPIHGKEPHITHQEVKHNLTSRS, 0.33
410E3I4, YEKEKYYPPIHGFEPHITHQEVKHNLTSRS, 0.29
410E4I5, YEKEKYYPPIHGFEPHITHQEVKHNKTSRS, 0.27
410E5I6, YEKEKYYPPIHGFEPHITHQEVKHNETSRS, 0.26
410E6I8, YEKEKYYPPIHGFEPHITHQEVKHNEASRS, 0.22
410E7I9, YEKEQYYPPIHGFEPHITHQEVKHNEASRS, 0.2
410E8I11, YEKEQYYPPIHFFEPHITHQEVKHNEASRS, 0.19
410E9I12, YEKEQYYPPPHFFEPHITHQEVKHNEASRS, 0.18
410E10I13, YEKEQYYPPPHFFEPHITQQEVKHNEASRS, 0.17
410E11I14, YEKEQYYPPPHFFEPHITQNEVKHNEASRS, 0.16
410E12I21, YAKEQYYPPPHFFEPHITQNEVKHNEASRS, 0.14
410E13I26, YAKEQYYPPPHFFEPHITQNEVKHNEASRD, 0.1
410E14I30, YAKEQYYPPPHFFEPHITQNEVKHKEASRD, 0.08
410E15I32, IAKEQYYPPPHFFEPHITQNEVKHKEASRD, 0.07
410E16I49, IAKEQYNPPPHFFEPHITQNEVKHKEASRD, 0.05
410E17I122, IAKEQYNPPPHFFEPHFTQNEVKHKEASRD, 0.04
410E18I151, IAKEQRNPPPHFFEPHFTQNEVKHKEASRD, 0.03
