462E0I0, PPIDTQGTHGRGQREKDLVVSQHIEPAIWA, 0.34
462E1I3, PPIDTQGWHGRGQREKDLVVSQHIEPAIWA, 0.32
462E2I4, PPIDTQQWHGRGQREKDLVVSQHIEPAIWA, 0.31
462E3I5, PPIDTQQWHGRGQREKDLVVSQHIEPAIWL, 0.3
462E4I6, PPIDTQQWHGLGQREKDLVVSQHIEPAIWL, 0.28
462E5I13, PPIDTQQWHGLGQREKDLVYSQHIEPAIWL, 0.27
462E6I15, PPIDTQQWHGLGQREKRLVYSQHIEPAIWL, 0.24
462E7I16, PPIDKQQWHGLGQREKRLVYSQHIEPAIWL, 0.21
462E8I21, PPIDKQQWHGLGQREKRLVYDQHIEPAIWL, 0.19
462E9I24, PPIDKQQWHGLGQREKRLVYDQKIEPAIWL, 0.16
462E10I25, PPIDKQLWHGLGQREKRLVYDQKIEPAIWL, 0.15
462E11I31, PPIDKQLWHGLGQLEKRLVYDQKIEPAIWL, 0.13
462E12I53, PPIDKQLWHGLEQLEKRLVYDQKIEPAIWL, 0.12
462E13I56, PPIDKQLWHGLEQLEKPLVYDQKIEPAIWL, 0.11
462E14I59, PPIDKQLWHGLEQYEKPLVYDQKIEPAIWL, 0.1
462E15I92, PPIDKQLWHGLEQYEKPLGYDQKIEPAIWL, 0.09
462E16I144, PPIDKQLWTGLEQYEKPLGYDQKIEPAIWL, 0.08
462E17I147, PPIDKQLWTGLEQYEKPQGYDQKIEPAIWL, 0.07
462E18I156, PPIDKQLWTGLEQYEKPQGYAQKIEPAIWL, 0.06
462E19I168, APIDKQLWTGLEQYEKPQGYAQKIEPAIWL, 0.05
462E20I227, APIDKQLWTGLEQYEKPQGYAQKIEPAIEL, 0.04
