264E0I0, SFNHHVASFKTIFPNQKVIKGKRDLGYTFR, 0.35
264E1I2, SFNHHVASFKTIFPSQKVIKGKRDLGYTFR, 0.34
264E2I6, SFNHHVASFKTIFPSQKVIKGKRDLGYIFR, 0.3
264E3I11, SFNHHVASFKTIFPSQKVKKGKRDLGYIFR, 0.28
264E4I21, SFNHHVASFKTIFPSQKDKKGKRDLGYIFR, 0.27
264E5I25, RFNHHVASFKTIFPSQKDKKGKRDLGYIFR, 0.26
264E6I27, RFNHHVASFKTIFPSQKDKKGKRDEGYIFR, 0.23
264E7I38, RFEHHVASFKTIFPSQKDKKGKRDEGYIFR, 0.21
264E8I41, RFEHHVASTKTIFPSQKDKKGKRDEGYIFR, 0.19
264E9I45, RFEHHVASTKTIFPSQKDKKGLRDEGYIFR, 0.17
264E10I48, RFEHHVASTKTIFPSQKDKKGLRTEGYIFR, 0.16
264E11I66, RFEHHVASTKNIFPSQKDKKGLRTEGYIFR, 0.14
264E12I70, RFEHHVASTKNIHPSQKDKKGLRTEGYIFR, 0.13
264E13I71, IFEHHVASTKNIHPSQKDKKGLRTEGYIFR, 0.12
264E14I79, IFEHHVASTKNIHSSQKDKKGLRTEGYIFR, 0.09
264E15I87, IFEHHVASTKNIKSSQKDKKGLRTEGYIFR, 0.08
264E16I91, IFEHHVASTKNIKSDQKDKKGLRTEGYIFR, 0.07
264E17I127, IFEHHVQSTKNIKSDQKDKKGLRTEGYIFR, 0.06
264E18I134, IFEHHVQSTKNEKSDQKDKKGLRTEGYIFR, 0.05
264E19I185, IFEKHVQSTKNEKSDQKDKKGLRTEGYIFR, 0.03
264E20I225, TFEKHVQSTKNEKSDQKDKKGLRTEGYIFR, 0.02
264E21I238, TFEKHVQSTKNVKSDQKDKKGLRTEGYIFR, 0.01
