228E0I0, IPTTTDETDYFGKVVFTDNVFEERTWPWSS, 0.35
228E1I1, IPTTTDETDYFGKVVFTDNVFEERTWRWSS, 0.3
228E2I2, IPITTDETDYFGKVVFTDNVFEERTWRWSS, 0.29
228E3I8, IPITTDYTDYFGKVVFTDNVFEERTWRWSS, 0.23
228E4I10, IPITTDYTDYFGKVVFTDNVFEERTWRWNS, 0.22
228E5I13, IPITTDYTDYFGKVVFTDNVFEERTPRWNS, 0.2
228E6I14, IPYTTDYTDYFGKVVFTDNVFEERTPRWNS, 0.17
228E7I27, IPYTTDYTDYFGKVVFQDNVFEERTPRWNS, 0.15
228E8I29, IPYTTDYTDYFGKVRFQDNVFEERTPRWNS, 0.14
228E9I38, IPYTVDYTDYFGKVRFQDNVFEERTPRWNS, 0.13
228E10I49, IPYTVDYTDYFGKQRFQDNVFEERTPRWNS, 0.1
228E11I50, IPYTVDYTDYFGKQRFQDNVFEERTPEWNS, 0.08
228E12I52, IPATVDYTDYFGKQRFQDNVFEERTPEWNS, 0.07
228E13I80, IPATVDYTDYFGKQRFQDNVFEERTLEWNS, 0.05
228E14I100, IPATVDYTDYAGKQRFQDNVFEERTLEWNS, 0.03
228E15I140, IPATVDYTDYAGKQRFQDNVFESRTLEWNS, 0.02
