190E0I0, EKDPIVYELVLVGDSNQAARQTLRTDLNHR, 0.32
190E1I3, EKAPIVYELVLVGDSNQAARQTLRTDLNHR, 0.31
190E2I5, EKAPIVFELVLVGDSNQAARQTLRTDLNHR, 0.26
190E3I7, EKAPIVFELVLVGDSNQAARQTLRTDLNIR, 0.25
190E4I11, YKAPIVFELVLVGDSNQAARQTLRTDLNIR, 0.23
190E5I13, YKAPIVFELVLVTDSNQAARQTLRTDLNIR, 0.2
190E6I18, YKAPIVFELVLVTISNQAARQTLRTDLNIR, 0.19
190E7I19, YKAPIVFELVLVTISNQAARQTGRTDLNIR, 0.17
190E8I42, YKAPIVFELVLVTISNQAARQEGRTDLNIR, 0.13
190E9I63, HKAPIVFELVLVTISNQAARQEGRTDLNIR, 0.12
190E10I72, HKRPIVFELVLVTISNQAARQEGRTDLNIR, 0.11
190E11I78, HKQPIVFELVLVTISNQAARQEGRTDLNIR, 0.1
190E12I93, HKQPYVFELVLVTISNQAARQEGRTDLNIR, 0.09
190E13I94, HKQPYVFELVLVTISNQAAREEGRTDLNIR, 0.07
190E14I112, HKQPYVFELVLVTISNQAANEEGRTDLNIR, 0.06
190E15I117, HKQPYVFELVLVTISNQAANEEGRTDLNIQ, 0.05
190E16I121, HKQPYVFELVLVTISNQAANEEGRYDLNIQ, 0.03
190E17I177, HKQPYVFELVLVTISNQAANEEGRYDLNIA, 0.02
190E18I205, HKQPYVFELVLSTISNQAANEEGRYDLNIA, 0.01
