16E0I0, DFKPKQPHHLGFFLNVYEKPYYQQEFVIEQ, 0.32
16E1I7, DFKPKQPHHLGFFLNVYEKPYYQQEFFIEQ, 0.3
16E2I11, DFKPKQPHHLGKFLNVYEKPYYQQEFFIEQ, 0.28
16E3I12, DFKPKQPHHLGKFLNVYEKGYYQQEFFIEQ, 0.27
16E4I22, DPKPKQPHHLGKFLNVYEKGYYQQEFFIEQ, 0.26
16E5I27, DPKPKQPHHLGKFLGVYEKGYYQQEFFIEQ, 0.25
16E6I30, DPKPKQPHHLGKFLGVYEKGYYQQEFEIEQ, 0.23
16E7I33, DPKPKQPHVLGKFLGVYEKGYYQQEFEIEQ, 0.21
16E8I36, DPKPKQPHVLGKFLGVYEKGYYQQIFEIEQ, 0.19
16E9I52, DPKPKQPHVLGKFYGVYEKGYYQQIFEIEQ, 0.16
16E10I55, RPKPKQPHVLGKFYGVYEKGYYQQIFEIEQ, 0.14
16E11I57, RPKPKQPHVLGKFYGVYEKGYYQDIFEIEQ, 0.13
16E12I64, RPKPYQPHVLGKFYGVYEKGYYQDIFEIEQ, 0.12
16E13I66, RPKPYQPHVLGKFYGVYEKGSYQDIFEIEQ, 0.11
16E14I105, RPKPYQPHVLGKVYGVYEKGSYQDIFEIEQ, 0.1
16E15I111, RPKPYQPHVLGKIYGVYEKGSYQDIFEIEQ, 0.08
16E16I200, RPKPYQPHVLGKIYGVYEKLSYQDIFEIEQ, 0.07
16E17I213, RPKPYQPHVLGKIKGVYEKLSYQDIFEIEQ, 0.06
16E18I246, RPKPYQPHVLGKIKGVYEKLSYQDIFEFEQ, 0.05
16E19I251, QPKPYQPHVLGKIKGVYEKLSYQDIFEFEQ, 0.04
