135E0I0, RGVVPKPDQPPKVYFVTKYVELPRAGILYY, 0.36
135E1I3, RGVVPKPDQPPKVYFVTKYVELPRAGQLYY, 0.33
135E2I5, RGVVPKPDQGPKVYFVTKYVELPRAGQLYY, 0.32
135E3I8, RGVVPKPDQGPKVYFVTKYVELKRAGQLYY, 0.29
135E4I11, RGVVPKPDQNPKVYFVTKYVELKRAGQLYY, 0.27
135E5I17, RGIVPKPDQNPKVYFVTKYVELKRAGQLYY, 0.25
135E6I20, RVIVPKPDQNPKVYFVTKYVELKRAGQLYY, 0.22
135E7I32, RVKVPKPDQNPKVYFVTKYVELKRAGQLYY, 0.2
135E8I40, RVKAPKPDQNPKVYFVTKYVELKRAGQLYY, 0.19
135E9I42, RVKAPKPDQNPKVYFVTKYLELKRAGQLYY, 0.16
135E10I73, RVKAPKPDQNPKVYFVTKSLELKRAGQLYY, 0.15
135E11I141, RVKAPKNDQNPKVYFVTKSLELKRAGQLYY, 0.13
135E12I142, RVKAPKNDQNPKVYTVTKSLELKRAGQLYY, 0.11
135E13I158, RPKAPKNDQNPKVYTVTKSLELKRAGQLYY, 0.1
135E14I163, RPKAPKNHQNPKVYTVTKSLELKRAGQLYY, 0.09
135E15I194, RPKAQKNHQNPKVYTVTKSLELKRAGQLYY, 0.08
135E16I199, TPKAQKNHQNPKVYTVTKSLELKRAGQLYY, 0.07
