217E0I0, IEKFKRYEASLVGQPDISYKSLNIQWGFYN, 0.3
217E1I1, IEKFKRYEQSLVGQPDISYKSLNIQWGFYN, 0.27
217E2I2, IEKFKRYEQSLVGQPDISYKSINIQWGFYN, 0.26
217E3I7, IEKFKRYEQSLVGQPDPSYKSINIQWGFYN, 0.25
217E4I11, IEKFKRYEQSLVGQPDPSYLSINIQWGFYN, 0.23
217E5I12, IEKFKRYEQSLVGQPDPSYLYINIQWGFYN, 0.22
217E6I13, IEKFKRYEQSLVGQPDPSYLYINIQWGGYN, 0.18
217E7I16, IEKFKRYEQSLVGQPDPSYLYINIWWGGYN, 0.16
217E8I17, IEKFKRYEQGLVGQPDPSYLYINIWWGGYN, 0.15
217E9I22, IEKFQRYEQGLVGQPDPSYLYINIWWGGYN, 0.13
217E10I33, IEKFERYEQGLVGQPDPSYLYINIWWGGYN, 0.11
217E11I38, IEKFETYEQGLVGQPDPSYLYINIWWGGYN, 0.1
217E12I42, IEKFETYEQGLVRQPDPSYLYINIWWGGYN, 0.08
217E13I46, IEKFETYEQGLVRNPDPSYLYINIWWGGYN, 0.06
217E14I54, IEKFETYEQGLVRNPRPSYLYINIWWGGYN, 0.05
