325E0I0, KFGIAYSGTIIGGVPKHQEYDHPDNGNEKG, 0.32
325E1I1, KFGIAYSGTIIGGVPKHKEYDHPDNGNEKG, 0.26
325E2I7, KFGIAYSGTIIGGVPKHKEYDHLDNGNEKG, 0.25
325E3I9, KFGIAYSGTIIGGVPKHKEYDHLDNNNEKG, 0.22
325E4I14, KFGIAYSGTIIGGVPKHKEYDHLDNNNEAG, 0.21
325E5I37, KFGIAYSGTIIGGVYKHKEYDHLDNNNEAG, 0.18
325E6I48, KFGIAYQGTIIGGVYKHKEYDHLDNNNEAG, 0.16
325E7I59, KFGIAYQGTIIGGVYKHKEYDQLDNNNEAG, 0.14
325E8I62, KFGIAYQGTIIGLVYKHKEYDQLDNNNEAG, 0.13
325E9I65, KFGIAYQGTIIGLVYKHKEYEQLDNNNEAG, 0.12
325E10I85, KFGIAYQGTIGGLVYKHKEYEQLDNNNEAG, 0.1
325E11I93, KFGIAYQGTIGGLVYKHKEYEQLDENNEAG, 0.09
325E12I113, KLGIAYQGTIGGLVYKHKEYEQLDENNEAG, 0.08
325E13I114, KLGIAYQGTIGGLVYKHKEYEQLDENNEAR, 0.07
325E14I157, KLGIAYQGTIGGLVYKHKENEQLDENNEAR, 0.06
325E15I175, KLGVAYQGTIGGLVYKHKENEQLDENNEAR, 0.05
325E16I188, ALGVAYQGTIGGLVYKHKENEQLDENNEAR, 0.04
