103E0I0, NTGEKVANFADQHWGVAKTNVKKVNDRRWR, 0.39
103E1I1, NTGEKVANFASQHWGVAKTNVKKVNDRRWR, 0.36
103E2I5, NTGEKVANFASQHLGVAKTNVKKVNDRRWR, 0.32
103E3I10, NTGEKVDNFASQHLGVAKTNVKKVNDRRWR, 0.29
103E4I12, NTGEKVDNFASQHLGVAKTNVKKVQDRRWR, 0.26
103E5I18, NTGEKVDNFASQHLGVAKTNVKKVQDARWR, 0.25
103E6I19, NTGEKVDNFASQHLGVAKTNVKKPQDARWR, 0.22
103E7I20, NTGEKVDNFASQHLGEAKTNVKKPQDARWR, 0.2
103E8I52, NTGEKVDNFASQHLGEAKTNEKKPQDARWR, 0.17
103E9I61, NTGEKVDNFASQHLGEAKTNEKKPQDARTR, 0.14
103E10I71, NTGEKVDNFDSQHLGEAKTNEKKPQDARTR, 0.13
103E11I77, NTGEKVDNFDSQHLGEAKTNEKKPQDFRTR, 0.12
103E12I80, NTGEKVDNPDSQHLGEAKTNEKKPQDFRTR, 0.1
103E13I129, NTGEKVDNPDSQHLGEAKTNEKKPQDFRLR, 0.09
103E14I140, NTGEKVDNPDSQHLGEAKTNEKKPQDFRLN, 0.07
103E15I170, NTGEKVDNPDSQHLGEAKTNEVKPQDFRLN, 0.06
103E16I185, NTGEKVDNPDSQHLGEAKTNEVKDQDFRLN, 0.05
103E17I204, NTGEKQDNPDSQHLGEAKTNEVKDQDFRLN, 0.04
