21E0I0, GKVFWTGYWYWQPSSDLKIHFDVPQLHHGT, 0.46
21E1I1, GKVFWTIYWYWQPSSDLKIHFDVPQLHHGT, 0.44
21E2I10, GKVFWTIYWYWQPSSDLKIHFDVPQLAHGT, 0.43
21E3I12, GKVFWTILWYWQPSSDLKIHFDVPQLAHGT, 0.41
21E4I13, GKVFWTILWYWQPSSDIKIHFDVPQLAHGT, 0.39
21E5I17, GKVFWTILWYWQPSSDIKIHFDVPQLALGT, 0.36
21E6I18, GKVFWTILWYAQPSSDIKIHFDVPQLALGT, 0.28
21E7I32, GKVFWTILWYAQPSSDIKIHFDQPQLALGT, 0.26
21E8I33, GKVFWTILIYAQPSSDIKIHFDQPQLALGT, 0.23
21E9I34, GKVFWTILIYAQPSNDIKIHFDQPQLALGT, 0.22
21E10I36, GVVFWTILIYAQPSNDIKIHFDQPQLALGT, 0.21
21E11I37, GVVFWTILIYAQPSNDIKIHFDQPQLDLGT, 0.19
21E12I38, GVKFWTILIYAQPSNDIKIHFDQPQLDLGT, 0.18
21E13I52, GVKFWTILIYLQPSNDIKIHFDQPQLDLGT, 0.16
21E14I66, GVKFWTILIYLQPSNDIKIHFEQPQLDLGT, 0.13
21E15I68, GVKFWTILIYLQPSNDIKIHFEQPQLDLKT, 0.11
21E16I76, GVKFSTILIYLQPSNDIKIHFEQPQLDLKT, 0.1
21E17I87, GVDFSTILIYLQPSNDIKIHFEQPQLDLKT, 0.09
21E18I102, GVDFSTILIYLQPSNVIKIHFEQPQLDLKT, 0.08
21E19I108, GVDFSTILIYLQPSNEIKIHFEQPQLDLKT, 0.07
21E20I111, GVDFSTILIYLQRSNEIKIHFEQPQLDLKT, 0.06
21E21I122, GVDFSTIWIYLQRSNEIKIHFEQPQLDLKT, 0.05
21E22I149, GVDFSTIWIYLQRSNEIKISFEQPQLDLKT, 0.04
21E23I182, GVDFSTIWIYLQRSNEIKFSFEQPQLDLKT, 0.02
