195E0I0, YVDSTEWRKTGDGLKGEYLHFFIALINLGW, 0.4
195E1I1, YVDSTEWRKTGDGLKGEYLHFFIALINLAW, 0.38
195E2I6, YVDSTEWRKTGDGYKGEYLHFFIALINLAW, 0.36
195E3I8, YVDSTEWRKTGDGYEGEYLHFFIALINLAW, 0.31
195E4I14, YVDSTEWRKTGDGYEGEQLHFFIALINLAW, 0.28
195E5I18, YVDSTIWRKTGDGYEGEQLHFFIALINLAW, 0.27
195E6I19, YVDSTIWRKTGDGYEGEQLHFPIALINLAW, 0.26
195E7I21, YVDSTIWRKNGDGYEGEQLHFPIALINLAW, 0.25
195E8I22, YVDSTIWRKNGEGYEGEQLHFPIALINLAW, 0.24
195E9I23, YVDSTIWRKNGEGYEGEQHHFPIALINLAW, 0.19
195E10I25, YVDSTIWVKNGEGYEGEQHHFPIALINLAW, 0.17
195E11I28, YVDSTIWVKNGEGYEGEQQHFPIALINLAW, 0.15
195E12I36, YVDSTIWVKNGEGYEGEQQHFPIALINLAI, 0.12
195E13I45, YVDKTIWVKNGEGYEGEQQHFPIALINLAI, 0.11
195E14I72, YVDKTIWVKNGEGYEGEQQHGPIALINLAI, 0.1
195E15I85, YVDKTIWVKNGEGYEGEQQFGPIALINLAI, 0.09
195E16I115, YVDKTIWVKNGEGYFGEQQFGPIALINLAI, 0.08
195E17I163, YVDKTIWVKNGEGYFGEQPFGPIALINLAI, 0.06
195E18I226, YVDKTIWVRNGEGYFGEQPFGPIALINLAI, 0.05
