172E0I0, KVLEESDRTDNDPHQFIGQWSYGPKVSGQY, 0.32
172E1I2, KVLEESRRTDNDPHQFIGQWSYGPKVSGQY, 0.27
172E2I3, KVLEESRRTDNDPHQFIGQWLYGPKVSGQY, 0.24
172E3I17, KVLEESRRTDNDPHQFIGQWLYGPKDSGQY, 0.22
172E4I18, KVLEESRRTDNDSHQFIGQWLYGPKDSGQY, 0.2
172E5I19, KVLEESRRTDNDSHQFIGQWLYGGKDSGQY, 0.16
172E6I23, KVLEESRRTDNDSHQFIGQWLYGGKDSGFY, 0.15
172E7I24, KVLEESRRTDNDSHQFIGQWLYGGKDSGFE, 0.11
172E8I70, KVAEESRRTDNDSHQFIGQWLYGGKDSGFE, 0.09
172E9I103, KVAEESRRTDNDSQQFIGQWLYGGKDSGFE, 0.07
172E10I132, KVAEESRRTDNDVQQFIGQWLYGGKDSGFE, 0.06
172E11I133, PVAEESRRTDNDVQQFIGQWLYGGKDSGFE, 0.05
172E12I167, PVAEESRRTDNSVQQFIGQWLYGGKDSGFE, 0.04
