117E0I0, GGVAQRFPPFWVNGLGHPVTPWIYVEEIRA, 0.42
117E1I1, GYVAQRFPPFWVNGLGHPVTPWIYVEEIRA, 0.37
117E2I5, GYVAQRFPPFWVNGLGHPVTPWIYVEEIYA, 0.32
117E3I6, GYVAQRFPPFWVNGLGHPVTPWIYVWEIYA, 0.3
117E4I8, GYVAQRFPPFWVNGLGHPVTPWINVWEIYA, 0.29
117E5I20, GYVAQRFPPFWVNGLGHPVTPFINVWEIYA, 0.27
117E6I23, GYVAQRFPPFWVNVLGHPVTPFINVWEIYA, 0.23
117E7I25, GYVAQRFPPFWVNVLGHPVKPFINVWEIYA, 0.22
117E8I26, GYVAQRFPPFWVNVLGHPVKPFINVWRIYA, 0.2
117E9I27, GYVAQRFPPFWVNVLGHPVEPFINVWRIYA, 0.18
117E10I34, GYVAQRFEPFWVNVLGHPVEPFINVWRIYA, 0.14
117E11I42, LYVAQRFEPFWVNVLGHPVEPFINVWRIYA, 0.13
117E12I63, LLVAQRFEPFWVNVLGHPVEPFINVWRIYA, 0.12
117E13I78, LLVAQRFEPFWVNVLGHPVEPGINVWRIYA, 0.11
117E14I86, LLVAQRFEPFWVNVLGHPVEPGINVWRISA, 0.1
117E15I110, LLVAQPFEPFWVNVLGHPVEPGINVWRISA, 0.05
