487E0I0, GQWATHHARLESDDNWHYGVKLYNVHKSIP, 0.47
487E1I1, GQWATHHARLESDDNWHYGVKLYNVHKSIL, 0.44
487E2I2, GQWATHHARLESDDNWHYGVKLYNVHKKIL, 0.42
487E3I7, GQWATHHARLEPDDNWHYGVKLYNVHKKIL, 0.37
487E4I10, GQWATYHARLEPDDNWHYGVKLYNVHKKIL, 0.31
487E5I13, GQWATYHARLEPDDNWHYGVKLYNVHKNIL, 0.26
487E6I15, GQWLTYHARLEPDDNWHYGVKLYNVHKNIL, 0.24
487E7I19, GQWLTYHARLEQDDNWHYGVKLYNVHKNIL, 0.2
487E8I26, GQWLTYHYRLEQDDNWHYGVKLYNVHKNIL, 0.19
487E9I31, GQWLTYHYRLEQDDNWHYGVKLYNVDKNIL, 0.18
487E10I40, GQWLTYHYRLEQDDNWHYGVQLYNVDKNIL, 0.17
487E11I41, GQWLTYDYRLEQDDNWHYGVQLYNVDKNIL, 0.16
487E12I44, GQWLTYDYRLEQDDNWGYGVQLYNVDKNIL, 0.15
487E13I46, GQWTTYDYRLEQDDNWGYGVQLYNVDKNIL, 0.14
487E14I47, GQWTTYDYRLEQDDNWGYGVQLYTVDKNIL, 0.09
487E15I67, GQWTTYDYRLEQDDNWGYGFQLYTVDKNIL, 0.08
487E16I74, GQWTTYDYRLEQDDNWGVGFQLYTVDKNIL, 0.07
487E17I92, GQWTTYDYRLEQDDNWGDGFQLYTVDKNIL, 0.06
