246E0I0, KTTPFNAPNTRDIINVIVWTPRESSWDAYK, 0.43
246E1I4, KTTPFNAPNTRDIINVIVWTPRESSWDVYK, 0.36
246E2I9, KTTPFNAPNTRDIINVIVWTPRESSWDVYA, 0.35
246E3I10, KTTPFNAPNTIDIINVIVWTPRESSWDVYA, 0.34
246E4I17, KTTPFNAPNTIDIINAIVWTPRESSWDVYA, 0.33
246E5I19, KTTPFNAPNTIDIINAIVWTPRETSWDVYA, 0.31
246E6I22, KTTPFNAPNTIDIINAIVWTPNETSWDVYA, 0.28
246E7I25, KTTPFNAPNTIDIINIIVWTPNETSWDVYA, 0.26
246E8I29, KTPPFNAPNTIDIINIIVWTPNETSWDVYA, 0.24
246E9I39, KTPPFNAPNTIDIINIIVWTPNETSRDVYA, 0.23
246E10I43, KTPPFNAPNTIDIINIIVWTPNETSRDVYN, 0.22
246E11I45, NTPPFNAPNTIDIINIIVWTPNETSRDVYN, 0.21
246E12I55, NTPPFNAPNTIDIINIIEWTPNETSRDVYN, 0.19
246E13I76, NTPHFNAPNTIDIINIIEWTPNETSRDVYN, 0.18
246E14I85, NTPHFNAPNTIDIINIINWTPNETSRDVYN, 0.17
246E15I99, NTPHFNAPNTIDIINIINWTPNETSRDVYQ, 0.16
