313E0I0, NHFNAGSRFAEGYWEFISYQDIQHWTPQAV, 0.53
313E1I2, NHFNAGSRFAEGYQEFISYQDIQHWTPQAV, 0.46
313E2I3, NHFNAGSRFAEGYQTFISYQDIQHWTPQAV, 0.43
313E3I4, NHFNAGSRFTEGYQTFISYQDIQHWTPQAV, 0.4
313E4I8, NHFNAGSRRTEGYQTFISYQDIQHWTPQAV, 0.37
313E5I9, NHFNAGSRRTEGYQTFISYQDIQDWTPQAV, 0.26
313E6I13, NYFNAGSRRTEGYQTFISYQDIQDWTPQAV, 0.24
313E7I16, NVFNAGSRRTEGYQTFISYQDIQDWTPQAV, 0.23
313E8I19, NVFNAGSRRTEGYQTFISDQDIQDWTPQAV, 0.22
313E9I20, NVFNAGSRRTEGYQTFISDQDIQDWTPQYV, 0.2
313E10I23, NVFNAGSRRTEGYQTFISDQDAQDWTPQYV, 0.18
313E11I34, NVFNAGSRRTEGYQTFISDQDAQDWGPQYV, 0.16
313E12I50, NVFNAGSRRTEGYQTFISDQDAEDWGPQYV, 0.14
313E13I67, NVFEAGSRRTEGYQTFISDQDAEDWGPQYV, 0.11
313E14I75, NVFEAGSRRTEGYRTFISDQDAEDWGPQYV, 0.1
313E15I167, NVFEAGSRRTEGYRTFISDQDAEDWGPKYV, 0.09
313E16I174, NVFEAGSRRTEGYRTFIYDQDAEDWGPKYV, 0.06
313E17I179, NVFEAGSRRTEGYRTFIEDQDAEDWGPKYV, 0.05
313E18I183, NVFEAGSRRTEGYRTFIEDQDNEDWGPKYV, 0.04
313E19I198, NVFEAGSRRTEGYVTFIEDQDNEDWGPKYV, 0.03
313E20I211, NVFEAGSRRTEGYVTFIEDQDNEDWGNKYV, 0.02
313E21I229, NVFEAGSRRTEGYVTFIEDQDNEDWGNKYT, 0.01
