384E0I0, PENFKQPTPPFWYRDGEVVYKARLPIFFYS, 0.46
384E1I1, PENFKQPTPPFWYRDWEVVYKARLPIFFYS, 0.39
384E2I3, PENFKQPTPPFWYRDWEVVYKARLPIFFES, 0.28
384E3I6, PSNFKQPTPPFWYRDWEVVYKARLPIFFES, 0.26
384E4I10, PSNFKQPTPPFWYRDWEVVYKARDPIFFES, 0.24
384E5I11, PSNFSQPTPPFWYRDWEVVYKARDPIFFES, 0.23
384E6I16, PSNFSQPTPPFIYRDWEVVYKARDPIFFES, 0.22
384E7I19, PSNFSQPTPPFIYRDWEVDYKARDPIFFES, 0.21
384E8I27, PSNFSQPTPPFIYRDWEVPYKARDPIFFES, 0.2
384E9I30, PSNFKQPTPPFIYRDWEVPYKARDPIFFES, 0.18
384E10I36, PSNFKQPTPPFIYRDWEVPYKARDPVFFES, 0.17
384E11I56, PSNFVQPTPPFIYRDWEVPYKARDPVFFES, 0.15
384E12I57, PSNAVQPTPPFIYRDWEVPYKARDPVFFES, 0.13
384E13I69, PSNAVQPTPPFIYTDWEVPYKARDPVFFES, 0.12
384E14I81, PSNAVQPTPPFIYTDWYVPYKARDPVFFES, 0.11
384E15I91, PSNAVQPTPPFIYTDWYVPIKARDPVFFES, 0.1
384E16I124, PSNAVQPTQPFIYTDWYVPIKARDPVFFES, 0.09
384E17I136, PSNAVQPTQPFIYTDWIVPIKARDPVFFES, 0.08
384E18I141, PSNAVQPTQPFIYTDWIVPIKARNPVFFES, 0.07
384E19I147, PSNAVQPTQPFIYTDWINPIKARNPVFFES, 0.05
384E20I167, PSIAVQPTQPFIYTDWINPIKARNPVFFES, 0.04
