171E0I0, PSAYISVKPYIQYSTQDQNATAHIYLHQDI, 0.51
171E1I1, PSAYISVKPLIQYSTQDQNATAHIYLHQDI, 0.48
171E2I4, PSAYISVKPLIQYSTQDQNATATIYLHQDI, 0.4
171E3I9, PSAYISVKPLIQYSTQDQNATVTIYLHQDI, 0.35
171E4I11, PSAYDSVKPLIQYSTQDQNATVTIYLHQDI, 0.34
171E5I13, PSAYDSVKPLIQYITQDQNATVTIYLHQDI, 0.33
171E6I14, PSAYDGVKPLIQYITQDQNATVTIYLHQDI, 0.29
171E7I27, PSAYDGVKPLIQYITQDQNATVTIYDHQDI, 0.26
171E8I33, PSAYDGVKPRIQYITQDQNATVTIYDHQDI, 0.23
171E9I34, PSAYQGVKPRIQYITQDQNATVTIYDHQDI, 0.22
171E10I42, PSAYQGVKPRIQYTTQDQNATVTIYDHQDI, 0.19
171E11I58, PSAYQGVKPRIQYTTQDQNATVTIYDHQGI, 0.17
171E12I59, PSAYQGVKPRIQYTTQEQNATVTIYDHQGI, 0.14
171E13I90, PSAYQGVKPRKQYTTQEQNATVTIYDHQGI, 0.13
171E14I91, PSAYQGVKPRKQYTTQEQNATVTIYDHQPI, 0.1
171E15I95, PSAYQGVKPRKQYTNQEQNATVTIYDHQPI, 0.09
171E16I105, PSAPQGVKPRKQYTNQEQNATVTIYDHQPI, 0.08
171E17I129, ISAPQGVKPRKQYTNQEQNATVTIYDHQPI, 0.07
