45E0I0, QASTREQDVHRRNISDKHKEGGPTRQQTKS, 0.27
45E1I6, QASTREQDVHRRNISDKHKEGGPTRQQYKS, 0.25
45E2I8, QASTREQDVHRRNINDKHKEGGPTRQQYKS, 0.23
45E3I9, QASTREQDVHRLNINDKHKEGGPTRQQYKS, 0.22
45E4I12, QASTREQDSHRLNINDKHKEGGPTRQQYKS, 0.2
45E5I14, QASTNEQDSHRLNINDKHKEGGPTRQQYKS, 0.15
45E6I26, QASTNEQDSHRLNINDKHKEGGPTRQQYIS, 0.14
45E7I30, QASTNEQDSHRLNINDKHKEGGPTRAQYIS, 0.13
45E8I32, QASTNEQDSHRLNINEKHKEGGPTRAQYIS, 0.11
45E9I36, QASTNEQQSHRLNINEKHKEGGPTRAQYIS, 0.1
45E10I57, QASTNEQQSHRLNINEKHKEGGPTRAQDIS, 0.08
45E11I88, QASTNEQQSHRLNINEKHKEGYPTRAQDIS, 0.06
45E12I99, QASTNEQQSHRLNINEKTKEGYPTRAQDIS, 0.05
