457E0I0, WHGTYKLRQYTNQQPIADFVGGIFGLNDVI, 0.4
457E1I1, WHGTYKLRQYTNQQPIADFVGGIFQLNDVI, 0.38
457E2I2, WHGTYKLRQYTPQQPIADFVGGIFQLNDVI, 0.37
457E3I3, WHGTYKLRQYTPQQSIADFVGGIFQLNDVI, 0.34
457E4I7, WHGTLKLRQYTPQQSIADFVGGIFQLNDVI, 0.33
457E5I12, WHGTLKLRQYTPQQSIAVFVGGIFQLNDVI, 0.3
457E6I16, WHGTLKLRNYTPQQSIAVFVGGIFQLNDVI, 0.25
457E7I25, WHGTLKLRNYTPEQSIAVFVGGIFQLNDVI, 0.23
457E8I37, WHGTLKLRNYTPEQSIAVFEGGIFQLNDVI, 0.17
457E9I42, WHGTLKLRNYTPEQSIAVFEGGIFQLNDDI, 0.16
457E10I46, WHGTLKLRNYTPEQSIAVFEGGIFELNDDI, 0.15
457E11I50, WHGTLDLRNYTPEQSIAVFEGGIFELNDDI, 0.1
457E12I57, WHGTLDLRNYTPEQSIAVFEGYIFELNDDI, 0.09
457E13I63, WHGTLDLRNYTPEQSIAIFEGYIFELNDDI, 0.08
457E14I66, WHGTLDLRNYQPEQSIAIFEGYIFELNDDI, 0.07
457E15I84, WHGYLDLRNYQPEQSIAIFEGYIFELNDDI, 0.06
457E16I123, WHGYLDLRNYQPEQSIAIFELYIFELNDDI, 0.05
457E17I134, WHGYLDLRNYQPEQSIAIFELYQFELNDDI, 0.04
457E18I139, WHGYLDLRNYQKEQSIAIFELYQFELNDDI, 0.03
