0E0I0, VGSTTNTAGRKYAQVTSIHGIRINILLQAN, 0.4
0E1I1, VGSTTNTAGRKYFQVTSIHGIRINILLQAN, 0.37
0E2I2, VGSTTNTAGQKYFQVTSIHGIRINILLQAN, 0.35
0E3I4, VGSTTNTAGQKYFQVTSIHGIRINILLQLN, 0.32
0E4I5, VGSTTNTAGQKYFQVTSIHGIRININLQLN, 0.31
0E5I7, VKSTTNTAGQKYFQVTSIHGIRININLQLN, 0.28
0E6I11, VKSTTNTTGQKYFQVTSIHGIRININLQLN, 0.26
0E7I13, VKSTTNTTGQKYFQVTSIIGIRININLQLN, 0.23
0E8I41, VKSTTNTTGQKYFQFTSIIGIRININLQLN, 0.2
0E9I46, VKITTNTTGQKYFQFTSIIGIRININLQLN, 0.18
0E10I47, VKITTNTTGQKYFQFTSIIGIRGNINLQLN, 0.15
0E11I74, VKITTNTTGQKYFQFTSYIGIRGNINLQLN, 0.13
0E12I77, VKITTNTTGQKHFQFTSYIGIRGNINLQLN, 0.12
0E13I108, VKIWTNTTGQKHFQFTSYIGIRGNINLQLN, 0.11
0E14I110, VKIWTNTTGPKHFQFTSYIGIRGNINLQLN, 0.08
0E15I178, VKIWDNTTGPKHFQFTSYIGIRGNINLQLN, 0.07
0E16I188, VKIWDNTTGPKHFQFTSYIGIRGNVNLQLN, 0.06
0E17I247, VKIWDNTTGPKHFQFTSYIGIRGNVNLQLY, 0.05
