214E0I0, VIHLFNDEELYDRIYIIINDYGVPVRPYAP, 0.3
214E1I1, VIHLFNDEELYDRQYIIINDYGVPVRPYAP, 0.28
214E2I4, VIHLFNDEELYDRQYIWINDYGVPVRPYAP, 0.27
214E3I6, VIHLFNDEELYDRQYIWINDYGQPVRPYAP, 0.2
214E4I7, VIHYFNDEELYDRQYIWINDYGQPVRPYAP, 0.18
214E5I15, VIHYINDEELYDRQYIWINDYGQPVRPYAP, 0.16
214E6I16, VIHYINDEELYDRQYIWIKDYGQPVRPYAP, 0.15
214E7I18, VIHYINDEELYDRQYIWIKDYGQPVRPIAP, 0.14
214E8I21, VIHYINDHELYDRQYIWIKDYGQPVRPIAP, 0.1
214E9I41, VIFYINDHELYDRQYIWIKDYGQPVRPIAP, 0.09
214E10I52, VIFYINDHELYDRQYIWIKDNGQPVRPIAP, 0.08
214E11I70, VIFYINDHELYDRQYIWIKDNGQPVRPIAR, 0.07
214E12I84, VIFYINDHELYDRQGIWIKDNGQPVRPIAR, 0.06
214E13I138, VIFYINDHELYDRQGIWIKINGQPVRPIAR, 0.05
214E14I169, VIFYINDHELKDRQGIWIKINGQPVRPIAR, 0.04
