244E0I0, IVWQPENVHWAVTVQVPQVDYSVVEEWQNQ, 0.4
244E1I2, IVWQPENVHWAVTVQYPQVDYSVVEEWQNQ, 0.37
244E2I10, IVWQPENVGWAVTVQYPQVDYSVVEEWQNQ, 0.32
244E3I26, IVWQPENVGWAVTVQYPQVDYSVVEEWQSQ, 0.29
244E4I44, IVWQPENVGWAVTVQYPQVDWSVVEEWQSQ, 0.27
244E5I48, IVWQPENVGWAVTVQYSQVDWSVVEEWQSQ, 0.25
244E6I49, IVWQPENVGWAVTVQYSQVDWSVVEEQQSQ, 0.21
244E7I57, IVWQPENVGWAVTVIYSQVDWSVVEEQQSQ, 0.2
244E8I60, IVWQPENVGWAVTVIYDQVDWSVVEEQQSQ, 0.18
244E9I61, IVVQPENVGWAVTVIYDQVDWSVVEEQQSQ, 0.17
244E10I67, IVVQPKNVGWAVTVIYDQVDWSVVEEQQSQ, 0.16
244E11I69, IVVQPKNVGEAVTVIYDQVDWSVVEEQQSQ, 0.13
244E12I79, IVVQPKNVGEVVTVIYDQVDWSVVEEQQSQ, 0.1
244E13I126, IVVQPKNVGEVVTVNYDQVDWSVVEEQQSQ, 0.09
244E14I159, IVVQPKNVGEVVTVNRDQVDWSVVEEQQSQ, 0.08
244E15I163, IVVQPKNVGEDVTVNRDQVDWSVVEEQQSQ, 0.07
244E16I168, IQVQPKNVGEDVTVNRDQVDWSVVEEQQSQ, 0.06
244E17I224, IQVQPKNVGEDVTVNRDQVDWSVVEEQQSK, 0.05
244E18I252, IQVSPKNVGEDVTVNRDQVDWSVVEEQQSK, 0.02
244E19I257, EQVSPKNVGEDVTVNRDQVDWSVVEEQQSK, 0.01
