356E0I0, EAGKYQVIEHQNSIDVQGVGAFGSQTRYQQ, 0.34
356E1I2, EAGKYQVIEHDNSIDVQGVGAFGSQTRYQQ, 0.31
356E2I6, EAGKYQVIEHDNPIDVQGVGAFGSQTRYQQ, 0.3
356E3I8, EAGKYQVIEHDNPIDVQGVGAVGSQTRYQQ, 0.23
356E4I11, EAGKTQVIEHDNPIDVQGVGAVGSQTRYQQ, 0.17
356E5I15, EAGKTQVIEHDNPIDVQGVSAVGSQTRYQQ, 0.16
356E6I47, EAGKTQVIEHDNPIDVQGVSGVGSQTRYQQ, 0.14
356E7I67, EAGKTQVIEHDNPIDSQGVSGVGSQTRYQQ, 0.13
356E8I71, EAGKTQVIEHDNPIDSQGVSGVGSQTRPQQ, 0.12
356E9I82, EAGKTQVIEHDNPIESQGVSGVGSQTRPQQ, 0.11
356E10I91, EAGKTQVLEHDNPIESQGVSGVGSQTRPQQ, 0.09
356E11I92, EAGKTQVLEHDNEIESQGVSGVGSQTRPQQ, 0.08
