464E0I0, APAIKLYGSFFEEGQGPSYYRAAWHKVNGV, 0.34
464E1I1, APAIKLYGSFFEEGQGPSIYRAAWHKVNGV, 0.33
464E2I9, AYAIKLYGSFFEEGQGPSIYRAAWHKVNGV, 0.32
464E3I11, AYAIKLYGSFFEEGQGPSIYRAAWHKVVGV, 0.3
464E4I12, AYAIKLYGSFFEEGQGPSIYRAAWHKVIGV, 0.28
464E5I16, HYAIKLYGSFFEEGQGPSIYRAAWHKVIGV, 0.26
464E6I19, HYAIKLYGSFFEEGQGPSIYQAAWHKVIGV, 0.25
464E7I25, HYAIKLYGSFFEEGQGPSIYQARWHKVIGV, 0.23
464E8I44, HYAIKLYGSFFEEGQGPSRYQARWHKVIGV, 0.21
464E9I64, HYAIKLYQSFFEEGQGPSRYQARWHKVIGV, 0.19
464E10I75, HYAIKLYQSFFEEGQGPSRYQRRWHKVIGV, 0.18
464E11I79, HYAIKLYQSFFEEGQGPSRQQRRWHKVIGV, 0.17
464E12I91, HYAIKLYQSFFEDGQGPSRQQRRWHKVIGV, 0.13
464E13I104, HYAIKLYQSFFEDGQGPSRQQRRWHYVIGV, 0.12
464E14I111, HYAIKLYQSFFEDGQGPSRQQRRWRYVIGV, 0.11
464E15I165, HYAIKLYQSFFEDGQGPSRQGRRWRYVIGV, 0.1
