284E0I0, HYEVSAVPGTFSKPFPVVIDSTHVLQWFFA, 0.38
284E1I2, HYEVSAVPGTFSKPFPVVIDSHHVLQWFFA, 0.34
284E2I10, HYEVSAVPGTESKPFPVVIDSHHVLQWFFA, 0.33
284E3I14, HYEVSAVPGTESKPFPVVIDSHHVLQWFEA, 0.19
284E4I18, HYEVSAVPGTESKPFRVVIDSHHVLQWFEA, 0.18
284E5I24, HYEVSAVPGTDSKPFRVVIDSHHVLQWFEA, 0.15
284E6I68, HYEVSAVPGTDSKPFRVVIDSHHVLQQFEA, 0.14
284E7I71, HYEVSRVPGTDSKPFRVVIDSHHVLQQFEA, 0.13
284E8I74, AYEVSRVPGTDSKPFRVVIDSHHVLQQFEA, 0.11
284E9I79, AYEVSRVPGTDNKPFRVVIDSHHVLQQFEA, 0.1
284E10I84, AYEVSRVPGTDNKPFRVVIDSHHVFQQFEA, 0.09
284E11I107, AYEVSRVPGTDNKVFRVVIDSHHVFQQFEA, 0.07
284E12I127, AYEVSRVPGTDNKVFRVVIDSHHKFQQFEA, 0.06
284E13I129, AYEVSRVPGTDNGVFRVVIDSHHKFQQFEA, 0.05
284E14I136, AYEVSRVPGTDNSVFRVVIDSHHKFQQFEA, 0.04
284E15I196, AYEVSRVPGTDNSVFRVVIDSIHKFQQFEA, 0.03
284E16I211, AYEVSRVDGTDNSVFRVVIDSIHKFQQFEA, 0.02
