226E0I0, GFPSITNTKYDSSWYWHAKQNHIQEGNFSN, 0.53
226E1I2, GFPSITNTKYDSSWYWHAKQNHIQEGNPSN, 0.49
226E2I3, GFPSITNTKYDSVWYWHAKQNHIQEGNPSN, 0.43
226E3I4, GFPSITNTKYDSVWYWHAKQNHIQEGQPSN, 0.38
226E4I5, GFPSITNTKYDSVWQWHAKQNHIQEGQPSN, 0.3
226E5I6, GFPSITNTKDDSVWQWHAKQNHIQEGQPSN, 0.29
226E6I8, GFPSITNTKDDSVWQWNAKQNHIQEGQPSN, 0.24
226E7I12, GFPSITNTKDDSVWQWNAKQNHPQEGQPSN, 0.21
226E8I28, GFPSITNTKDDSVWQWNAKQDHPQEGQPSN, 0.2
226E9I38, GFPSITNTKDDSVWQWNAKQDTPQEGQPSN, 0.19
226E10I48, GFPSITNTKDDSVWQWNAKYDTPQEGQPSN, 0.18
226E11I52, GFPSITNTKDDSVEQWNAKYDTPQEGQPSN, 0.13
226E12I112, GFPSITNWKDDSVEQWNAKYDTPQEGQPSN, 0.1
226E13I141, GFPSITNWKDDSYEQWNAKYDTPQEGQPSN, 0.08
226E14I192, GTPSITNWKDDSYEQWNAKYDTPQEGQPSN, 0.07
226E15I205, GTPSITNWKDDSYEQWNAKYDTPQELQPSN, 0.06
226E16I295, GTPSITNWKDDLYEQWNAKYDTPQELQPSN, 0.05
226E17I300, GTPSFTNWKDDLYEQWNAKYDTPQELQPSN, 0.04
226E18I326, GTPSFTNWKDDLYEQWNAKYDTPQELQPLN, 0.03
226E19I381, GTPSFTNQKDDLYEQWNAKYDTPQELQPLN, 0.02
226E20I475, GTPSFTNQPDDLYEQWNAKYDTPQELQPLN, 0.01
