361E0I0, LNIEQTTNKYDAAHANGGYWISTNIWYHYE, 0.29
361E1I12, LNIEQTTNKYDAAHANGGYWIWTNIWYHYE, 0.27
361E2I14, LNIEQTTNKYDAAPANGGYWIWTNIWYHYE, 0.25
361E3I17, LNIEQTTNKYDAAPANRGYWIWTNIWYHYE, 0.24
361E4I21, LNIEQTTNKYDAAPANRGYWIWSNIWYHYE, 0.23
361E5I24, LNIEQTTNKYDAAPANYGYWIWSNIWYHYE, 0.22
361E6I29, LNIEQTTNKYDAAPALYGYWIWSNIWYHYE, 0.2
361E7I31, LNIEQTNNKYDAAPALYGYWIWSNIWYHYE, 0.19
361E8I34, LNIEQTNNKYDAAVALYGYWIWSNIWYHYE, 0.14
361E9I37, LNIEQTNNKYDAAVALYGAWIWSNIWYHYE, 0.12
361E10I40, LNIEQTNNKYDAAVALYGRWIWSNIWYHYE, 0.09
361E11I43, LNIEQTNNKYDVAVALYGRWIWSNIWYHYE, 0.08
361E12I53, LNIEQTNNKYDQAVALYGRWIWSNIWYHYE, 0.07
361E13I59, LNIEQTNNKYDQAVALYGRWIWTNIWYHYE, 0.06
361E14I80, LNIEQTNNKYDQAVALYGRWIWTNIWYHEE, 0.05
361E15I96, LNIEQTNNKYDQAVALYGRWIWTDIWYHEE, 0.04
361E16I126, LNIEQTNNKYDQAVALYGRWIWTDIWYHEG, 0.02
