149E0I0, GTNLQYWFDSVAGSYQHPEDTQKKDTTSWE, 0.4
149E1I5, GTNLQYWFDSVAGSYQHPEDTQKKDVTSWE, 0.36
149E2I7, GTNLQYWFDSVAGSYQHPEDTVKKDVTSWE, 0.31
149E3I12, GTNLQYWFDSVAGSYVHPEDTVKKDVTSWE, 0.29
149E4I22, GTNLQVWFDSVAGSYVHPEDTVKKDVTSWE, 0.22
149E5I32, GTNLQVWFDSVAGSYVHPEDTVKKDVTSSE, 0.2
149E6I42, GTNLQVSFDSVAGSYVHPEDTVKKDVTSSE, 0.14
149E7I53, GTNLQVSFDSVAGSYVHPEDTVKKDVTSFE, 0.11
149E8I56, GTNLQVSFDSVAGSYVHPEDTVKEDVTSFE, 0.07
149E9I62, KTNLQVSFDSVAGSYVHPEDTVKEDVTSFE, 0.06
149E10I76, KTNLQVSFDSVAGSYVGPEDTVKEDVTSFE, 0.05
149E11I102, KTNLQVSFDSVAGSYVGPTDTVKEDVTSFE, 0.04
