75E0I0, GLQPYYFLVNAWLVSEHASADRHFRNFTAN, 0.36
75E1I10, GLQPYYFGVNAWLVSEHASADRHFRNFTAN, 0.35
75E2I11, GLQPYYFGVNAWLVWEHASADRHFRNFTAN, 0.33
75E3I14, GLQPYYFGVNAWLNWEHASADRHFRNFTAN, 0.32
75E4I24, GLQPYYFGVNAWINWEHASADRHFRNFTAN, 0.31
75E5I28, GLQPYYFGVNAWINWEWASADRHFRNFTAN, 0.3
75E6I32, GLQPYYFGVNLWINWEWASADRHFRNFTAN, 0.27
75E7I35, GLQPYYFGVNLIINWEWASADRHFRNFTAN, 0.26
75E8I38, GLQPYYFGVNLIINWEWASTDRHFRNFTAN, 0.23
75E9I39, GLQPYYFGVNLIINWEWASTDRHFRNFTVN, 0.19
75E10I45, GLQPYYFGVNLIINWEWVSTDRHFRNFTVN, 0.17
75E11I55, GLQPYYDGVNLIINWEWVSTDRHFRNFTVN, 0.15
75E12I71, GLQPYKDGVNLIINWEWVSTDRHFRNFTVN, 0.13
75E13I84, GLQPYKDGVNLIINWEWVSTDRHFRNFTVE, 0.12
75E14I103, GLQPYKDGRNLIINWEWVSTDRHFRNFTVE, 0.11
75E15I155, GLQPYKDGRNLIINWEWVSTDQHFRNFTVE, 0.1
75E16I177, GLQPYKDGRNLIINWEWVSTDQHFRIFTVE, 0.08
75E17I197, GLQPYKDGRNLIINWEWVSTDQHFRIFTVD, 0.07
75E18I206, GLQPYKDGRNLIINWEWVSTDQHFEIFTVD, 0.06
75E19I256, GLQPYKDGRNLIINNEWVSTDQHFEIFTVD, 0.05
75E20I268, GLQPYKDGRNLIINNEWVVTDQHFEIFTVD, 0.03
75E21I319, GLQPYKDGWNLIINNEWVVTDQHFEIFTVD, 0.02
75E22I407, GLQPYKDGSNLIINNEWVVTDQHFEIFTVD, 0.01
