137E0I0, TKLWDDGKSHVPTYNAILTHFRVYDQFKTS, 0.3
137E1I2, TKLWDDGKSHVPTYNAILTHFRVIDQFKTS, 0.29
137E2I3, THLWDDGKSHVPTYNAILTHFRVIDQFKTS, 0.27
137E3I17, TNLWDDGKSHVPTYNAILTHFRVIDQFKTS, 0.25
137E4I18, TNLWDDGKSHVPTYNAILTHFRVIDQKKTS, 0.23
137E5I19, TNLWDQGKSHVPTYNAILTHFRVIDQKKTS, 0.22
137E6I29, TNLWDQGKSHVPTYNAILTHFRVIYQKKTS, 0.21
137E7I48, TNLWDQGKSHVPTYNAILTGFRVIYQKKTS, 0.19
137E8I51, TNLWDQGKSYVPTYNAILTGFRVIYQKKTS, 0.18
137E9I65, TNLWDQGKSYVPTYNAILEGFRVIYQKKTS, 0.17
137E10I70, TNLWDQGKSYVPTYNAILKGFRVIYQKKTS, 0.15
137E11I93, TNLWDQGKRYVPTYNAILKGFRVIYQKKTS, 0.14
137E12I118, TNLWDQGKRYVPTDNAILKGFRVIYQKKTS, 0.11
137E13I170, TNLWDQNKRYVPTDNAILKGFRVIYQKKTS, 0.1
137E14I178, TGLWDQNKRYVPTDNAILKGFRVIYQKKTS, 0.08
137E15I184, TGLWTQNKRYVPTDNAILKGFRVIYQKKTS, 0.07
137E16I203, TGLWTQNKRYVPTDNAILKGFRVVYQKKTS, 0.06
137E17I255, TGLWTQNKRYVPTDNAILKGFRVLYQKKTS, 0.05
137E18I312, TGLWTQNKREVPTDNAILKGFRVLYQKKTS, 0.04
