146E0I0, LQKYNRSLIAITKFNDFWPGGSFYEHIEAF, 0.46
146E1I1, LQKYNRSLIAITKFNDFYPGGSFYEHIEAF, 0.43
146E2I2, LQKYNRELIAITKFNDFYPGGSFYEHIEAF, 0.39
146E3I4, LQKINRELIAITKFNDFYPGGSFYEHIEAF, 0.32
146E4I7, LQKINRELIAITKFNDFYPGGKFYEHIEAF, 0.29
146E5I10, LDKINRELIAITKFNDFYPGGKFYEHIEAF, 0.26
146E6I16, LDKINRELIAITKFNDFYPGGKFYEHIEAL, 0.24
146E7I18, LDKINRELIAITKFNDVYPGGKFYEHIEAL, 0.23
146E8I19, LDKINRELIAITKFNDVYPGGQFYEHIEAL, 0.21
146E9I30, LDKINRELIAQTKFNDVYPGGQFYEHIEAL, 0.17
146E10I55, LDKINRELIAQTKFNDVYPGGQFYEHREAL, 0.15
146E11I59, LDKINNELIAQTKFNDVYPGGQFYEHREAL, 0.13
146E12I79, LDKINNELIAQTKFNDVYPGGQFYEEREAL, 0.11
146E13I122, LDKINNELIAQTKFNDVYPGGQFYFEREAL, 0.1
146E14I126, LDKINNELIAQTKFNDVYPGGQFYFEQEAL, 0.07
146E15I165, LDKINNELIAQTKFNDVYQGGQFYFEQEAL, 0.05
146E16I183, LDKINNELIAQTKFNDVRQGGQFYFEQEAL, 0.04
146E17I222, LDKINNELIAQTKFNDVRQGGGFYFEQEAL, 0.03
146E18I234, LDKINNELIAQTKFNYVRQGGGFYFEQEAL, 0.02
