451E0I0, YWLQQEEHDRNRTGEGVPISKWNYQWVVLK, 0.47
451E1I3, YVLQQEEHDRNRTGEGVPISKWNYQWVVLK, 0.36
451E2I6, YVLQQEEHDRNRTGEGVPISKWNYQWTVLK, 0.32
451E3I15, YVLQQEEHDKNRTGEGVPISKWNYQWTVLK, 0.22
451E4I16, YVLQQEEHDKNRTGEGVPISKTNYQWTVLK, 0.19
451E5I17, YVYQQEEHDKNRTGEGVPISKTNYQWTVLK, 0.18
451E6I22, YVYQQTEHDKNRTGEGVPISKTNYQWTVLK, 0.16
451E7I26, YVYQQTEHDKNRTGEGVPISKTNYQWTVLE, 0.15
451E8I29, YVYQQTEHDKNRTGEGVPISKTNYIWTVLE, 0.14
451E9I37, YVYQQTEHDKNRTGEGNPISKTNYIWTVLE, 0.13
451E10I39, YVYQQTEGDKNRTGEGNPISKTNYIWTVLE, 0.12
451E11I42, YVYQQTEGQKNRTGEGNPISKTNYIWTVLE, 0.09
451E12I86, YVYQQTEGQKNRTGEGNPISKTNYIWTVLD, 0.08
451E13I91, YVYQQTEGQKNSTGEGNPISKTNYIWTVLD, 0.07
451E14I104, YVYQQTWGQKNSTGEGNPISKTNYIWTVLD, 0.06
451E15I116, YVYQQTWGQKNYTGEGNPISKTNYIWTVLD, 0.05
451E16I129, YVYQQTWGQKNYTGEGNPIPKTNYIWTVLD, 0.04
451E17I139, YVYQQTWGQKNYTGEGNPIPKTNEIWTVLD, 0.03
451E18I208, YVYDQTWGQKNYTGEGNPIPKTNEIWTVLD, 0.02
