344E0I0, FNWGLREIQQEHYTLQEYQWYQTYAVWKWF, 0.56
344E1I2, FNWGLREIQQEHYTLQEFQWYQTYAVWKWF, 0.54
344E2I4, FNWGLREIKQEHYTLQEFQWYQTYAVWKWF, 0.5
344E3I6, FNWGLREIKQEHYTLQEFQWYQTYASWKWF, 0.46
344E4I7, FNWGLREIKQEHYTLQEFQWYQTYASWKWD, 0.45
344E5I16, FNWGLREIKQEHYTLQPFQWYQTYASWKWD, 0.34
344E6I25, FNWGLREIKQEHYTLQPFQWRQTYASWKWD, 0.31
344E7I26, KNWGLREIKQEHYTLQPFQWRQTYASWKWD, 0.25
344E8I31, KNWGLFEIKQEHYTLQPFQWRQTYASWKWD, 0.23
344E9I40, KNWGLFEIKQEHYTRQPFQWRQTYASWKWD, 0.18
344E10I44, KNWGDFEIKQEHYTRQPFQWRQTYASWKWD, 0.17
344E11I47, KNWGDFEIKNEHYTRQPFQWRQTYASWKWD, 0.13
344E12I48, KNWGQFEIKNEHYTRQPFQWRQTYASWKWD, 0.12
344E13I49, KNWGQFEIKNEHYTRQPFQWRQTYYSWKWD, 0.11
344E14I53, KNWGQFEIKNEHYTRQPFQWRQTYYSWVWD, 0.1
344E15I55, KNWGQFEIANEHYTRQPFQWRQTYYSWVWD, 0.09
344E16I74, KNWGQFEIANEDYTRQPFQWRQTYYSWVWD, 0.08
344E17I117, KNWGQFEIANEDYTRQPFQWRQTYYSYVWD, 0.07
344E18I125, KNWGQFEIANEDYTRQPFQWRQTYYSYVDD, 0.06
344E19I127, KNWGQFEIANEDYTRQPFQWRQTYYSYPDD, 0.05
344E20I135, KNWGQFEIANEWYTRQPFQWRQTYYSYPDD, 0.04
344E21I207, KNWGQFEIWNEWYTRQPFQWRQTYYSYPDD, 0.03
344E22I289, KNWGQFEIWNEWYTRQPFQWRQVYYSYPDD, 0.02
