309E0I0, QRAILKKSNPINKWQAFLVFKATFQTWQYK, 0.45
309E1I2, QRAILKKSNPINKWQAGLVFKATFQTWQYK, 0.38
309E2I3, QRAIKKKSNPINKWQAGLVFKATFQTWQYK, 0.34
309E3I7, QRAIKKKSNPINKWQAGLVFKATFQTEQYK, 0.28
309E4I8, QRAIKKKSNPINKEQAGLVFKATFQTEQYK, 0.26
309E5I10, QRAIKKKWNPINKEQAGLVFKATFQTEQYK, 0.25
309E6I11, QRAIKKKWNAINKEQAGLVFKATFQTEQYK, 0.22
309E7I15, QRAIKKKWNAINKELAGLVFKATFQTEQYK, 0.21
309E8I24, QRAIKKKWNAINKELAGLVFKATFQNEQYK, 0.2
309E9I26, QRAIKKKWNAINKELAGLVFKATEQNEQYK, 0.17
309E10I28, QDAIKKKWNAINKELAGLVFKATEQNEQYK, 0.16
309E11I32, QIAIKKKWNAINKELAGLVFKATEQNEQYK, 0.14
309E12I75, QIAIKKKWNAINKELAGLVVKATEQNEQYK, 0.13
309E13I110, QIAIKKKWNAINKELAGLVVKATVQNEQYK, 0.12
309E14I112, QIAIKKKWNAINKELAGLVVKATVQNEQYE, 0.11
309E15I128, QIAIKKKWIAINKELAGLVVKATVQNEQYE, 0.1
309E16I164, QIAIKKKWIAINKGLAGLVVKATVQNEQYE, 0.09
