112E0I0, QQAIRIPTSQDKNYVPEDLWRTTGLEEQTG, 0.26
112E1I1, QQAIRIPTSQDKNYVPEDLDRTTGLEEQTG, 0.23
112E2I4, QQAIRIPTSQDKNYVPEDLDRTAGLEEQTG, 0.22
112E3I6, QQAIAIPTSQDKNYVPEDLDRTAGLEEQTG, 0.2
112E4I7, QQFIAIPTSQDKNYVPEDLDRTAGLEEQTG, 0.19
112E5I11, QQFIAIFTSQDKNYVPEDLDRTAGLEEQTG, 0.16
112E6I13, QQFIAIFTSQDKNYVPEELDRTAGLEEQTG, 0.14
112E7I15, QQFIALFTSQDKNYVPEELDRTAGLEEQTG, 0.13
112E8I16, QQFIALFTSQDKSYVPEELDRTAGLEEQTG, 0.12
112E9I23, QQFIALFTSQDKSYVPEELDRTAGLIEQTG, 0.11
112E10I25, QQFIALDTSQDKSYVPEELDRTAGLIEQTG, 0.07
112E11I86, QQFIALDTSIDKSYVPEELDRTAGLIEQTG, 0.05
112E12I101, QQFIALDTSIDKSYVPEELDTTAGLIEQTG, 0.04
