317E0I0, VVPKWYSNYTEVFIRQNRNDFQWSQWFRYK, 0.39
317E1I2, VVPKWYSNYTNVFIRQNRNDFQWSQWFRYK, 0.38
317E2I3, VVRKWYSNYTNVFIRQNRNDFQWSQWFRYK, 0.36
317E3I5, VVRKWYSNYANVFIRQNRNDFQWSQWFRYK, 0.32
317E4I9, VVRKWESNYANVFIRQNRNDFQWSQWFRYK, 0.28
317E5I15, YVRKWESNYANVFIRQNRNDFQWSQWFRYK, 0.27
317E6I21, YVRKWESNYANVFIRQARNDFQWSQWFRYK, 0.19
317E7I22, YVRKWESNYANVFIRQARNKFQWSQWFRYK, 0.16
317E8I40, YVRKWESNYANVFIDQARNKFQWSQWFRYK, 0.15
317E9I52, YVRKWESNYANVFIDQARNKFQWSQWFRKK, 0.14
317E10I56, YVRKWESQYANVFIDQARNKFQWSQWFRKK, 0.11
317E11I76, YVRKWESQYANVFIDDARNKFQWSQWFRKK, 0.08
317E12I171, YVRKWESQYANVFIDDARNIFQWSQWFRKK, 0.07
317E13I194, YVRKWESLYANVFIDDARNIFQWSQWFRKK, 0.06
317E14I213, YVRKWESLYANVFIDDARNIFQWSQVFRKK, 0.05
317E15I230, YVRKWESLYANVFIDDARNIFQGSQVFRKK, 0.04
