205E0I0, KRVQSFEGWYYEQHATSPFPWEDFDITEEQ, 0.26
205E1I6, KRVQSFEGWYYEQHATSPFPDEDFDITEEQ, 0.24
205E2I8, KRVQSFEGWYYEQHATSPFPDEDFDPTEEQ, 0.23
205E3I10, KRVQSFEGWYYEQHATSPFPDEDFDPTREQ, 0.21
205E4I14, KRVQSFEGWYYEQHATIPFPDEDFDPTREQ, 0.18
205E5I25, KRVQSFEGWYYEQRATIPFPDEDFDPTREQ, 0.15
205E6I30, KRVQSFEGWYREQRATIPFPDEDFDPTREQ, 0.14
205E7I31, KRVQSFEGEYREQRATIPFPDEDFDPTREQ, 0.09
205E8I54, KRVQSFEGEYREQRATIPFPDEDNDPTREQ, 0.08
205E9I63, KRVQSFEGEYTEQRATIPFPDEDNDPTREQ, 0.07
205E10I122, KRVQSFEGEYTEQRATIPFPDEDNDPTREL, 0.06
