363E0I0, RYHPDRWYTQNIQTGDNILKWTWTRTSQSR, 0.3
363E1I3, RYHQDRWYTQNIQTGDNILKWTWTRTSQSR, 0.28
363E2I13, IYHQDRWYTQNIQTGDNILKWTWTRTSQSR, 0.27
363E3I16, IYQQDRWYTQNIQTGDNILKWTWTRTSQSR, 0.21
363E4I18, IYQQDRWKTQNIQTGDNILKWTWTRTSQSR, 0.2
363E5I20, IYQQDRWKTQNWQTGDNILKWTWTRTSQSR, 0.19
363E6I27, IYQQDRWKNQNWQTGDNILKWTWTRTSQSR, 0.16
363E7I69, IYQQDRWKNQNWQTGDNILKQTWTRTSQSR, 0.15
363E8I78, IYQQDRWKNQGWQTGDNILKQTWTRTSQSR, 0.14
363E9I79, IYQQDRWKNQKWQTGDNILKQTWTRTSQSR, 0.13
363E10I80, IYQQDRWKNQKWQTGDNILEQTWTRTSQSR, 0.1
363E11I90, IYQQDRWKNQQWQTGDNILEQTWTRTSQSR, 0.09
363E12I116, IYQQDRWKNQQWGTGDNILEQTWTRTSQSR, 0.08
363E13I128, IYQQDDWKNQQWGTGDNILEQTWTRTSQSR, 0.06
363E14I137, IYQQDDWKNQQEGTGDNILEQTWTRTSQSR, 0.05
363E15I140, SYQQDDWKNQQEGTGDNILEQTWTRTSQSR, 0.04
363E16I147, SYQQDDHKNQQEGTGDNILEQTWTRTSQSR, 0.03
