255E0I0, EHQHELHRHGDQNWPVEFKLHHPHGLTKKS, 0.59
255E1I1, EHQHELHRHGDQNWPVEFKLHHKHGLTKKS, 0.58
255E2I3, EHQHELSRHGDQNWPVEFKLHHKHGLTKKS, 0.54
255E3I4, EHQHELSRHGDQNWPVEFKLSHKHGLTKKS, 0.53
255E4I5, EYQHELSRHGDQNWPVEFKLSHKHGLTKKS, 0.51
255E5I8, EYQHELSRHGDQNDPVEFKLSHKHGLTKKS, 0.44
255E6I15, EYQHELSRHGDQNAPVEFKLSHKHGLTKKS, 0.41
255E7I17, EYQHELSRHGDQNAPVEFKLSHKHGLTNKS, 0.4
255E8I18, EYQHELSRHGDQNAPVEFRLSHKHGLTNKS, 0.34
255E9I19, EYQHELSRHGDQNAVVEFRLSHKHGLTNKS, 0.33
255E10I41, EYQHELSRHGTQNAVVEFRLSHKHGLTNKS, 0.32
255E11I48, EYQHELSPHGTQNAVVEFRLSHKHGLTNKS, 0.3
255E12I49, EYQHELSPHGTQNAVVEFRLSHKHGLINKS, 0.29
255E13I58, EYQSELSPHGTQNAVVEFRLSHKHGLINKS, 0.24
255E14I60, EYQSELSSHGTQNAVVEFRLSHKHGLINKS, 0.22
255E15I67, EYQSELSSHGTQNAVVEFRLSHKHGLLNKS, 0.21
255E16I81, EYQSELSSHGTQNAVVYFRLSHKHGLLNKS, 0.2
255E17I87, EYQSELSSHGTQNAVVYFRTSHKHGLLNKS, 0.19
255E18I96, EYQSELSSHGTQNAVVYFRTSHKHGLINKS, 0.18
255E19I97, EYQSELSSHRTQNAVVYFRTSHKHGLINKS, 0.15
255E20I106, EYQSELSSHRTQNAVVYFRTSHKHDLINKS, 0.14
255E21I108, EYQNELSSHRTQNAVVYFRTSHKHDLINKS, 0.13
255E22I110, EYQNELSSHRTQNAVVYFRTSHKHDLINKV, 0.12
255E23I120, EYQNELSSHRTQNAVVYFRTSHKHDGINKV, 0.1
