65E0I0, HKDVQHRVYLVKFTPKPSETDTASAKLVIG, 0.29
65E1I4, HKDVQHRVYLVKFTPKPSETDTASAKYVIG, 0.26
65E2I9, HKDSQHRVYLVKFTPKPSETDTASAKYVIG, 0.24
65E3I13, HKDSQPRVYLVKFTPKPSETDTASAKYVIG, 0.21
65E4I16, HKDSQPRVYLVPFTPKPSETDTASAKYVIG, 0.18
65E5I17, HKDSQPRVYLVPFTPKPSNTDTASAKYVIG, 0.15
65E6I29, HKDSQPRVYLVPFTPKPDNTDTASAKYVIG, 0.14
65E7I57, HKYSQPRVYLVPFTPKPDNTDTASAKYVIG, 0.13
65E8I60, HKYSQPRVYLVYFTPKPDNTDTASAKYVIG, 0.12
65E9I64, HKYSQPRVYLVYFTPKPDNTDTAEAKYVIG, 0.09
65E10I68, HKYSQPRVYLVYFTPKPDNTDSAEAKYVIG, 0.06
65E11I103, HKYSQPRVYLVYFTPKPDNTDSVEAKYVIG, 0.05
65E12I161, QKYSQPRVYLVYFTPKPDNTDSVEAKYVIG, 0.04
