150E0I0, QDALETWVFDDGLFRNHIHHVLLFYSQTLD, 0.44
150E1I1, QDALETWVFDDGLFRNHIHHVLKFYSQTLD, 0.43
150E2I3, QDAIETWVFDDGLFRNHIHHVLKFYSQTLD, 0.41
150E3I5, QDAIETWVFDDGLFRNHIHHVLKFYSQSLD, 0.38
150E4I7, QDAIETWVFDDGLFRNHIHDVLKFYSQSLD, 0.34
150E5I9, QDAIEQWVFDDGLFRNHIHDVLKFYSQSLD, 0.23
150E6I12, QDAIEQWIFDDGLFRNHIHDVLKFYSQSLD, 0.22
150E7I15, QDAIEQWIFDDGLFRNHGHDVLKFYSQSLD, 0.21
150E8I16, QDAIEQWIFPDGLFRNHGHDVLKFYSQSLD, 0.2
150E9I30, QDAIEQWINPDGLFRNHGHDVLKFYSQSLD, 0.17
150E10I41, QDAIEQWINPDGLFRNHGHDVLKFESQSLD, 0.15
150E11I57, QDAIEQWINPDGLFRNHGHDVLKFEIQSLD, 0.14
150E12I71, QDAIEQWINPDGLFRNHGHDVLKFERQSLD, 0.12
150E13I88, QDAIEQWINPDGLFRNHGHDVIKFERQSLD, 0.11
150E14I93, QDAIEQWINPDGLFRNHDHDVIKFERQSLD, 0.1
150E15I107, QDAIEQWINPDGLFRNHDVDVIKFERQSLD, 0.09
150E16I113, QDAIEQWINPDGLFRNHDVDVIKFEEQSLD, 0.06
150E17I130, QDAIEQWINPDGLFRNSDVDVIKFEEQSLD, 0.04
150E18I134, QDAIEQWINVDGLFRNSDVDVIKFEEQSLD, 0.03
150E19I161, QDAIEQAINVDGLFRNSDVDVIKFEEQSLD, 0.02
