187E0I0, HWKHKQFGSKKPEASSRYKVEHGYQYWIDH, 0.48
187E1I2, HWKHKSFGSKKPEASSRYKVEHGYQYWIDH, 0.44
187E2I8, HWKHKSFGSKKPEASSRYKVEHGYQYIIDH, 0.41
187E3I9, LWKHKSFGSKKPEASSRYKVEHGYQYIIDH, 0.38
187E4I10, LWKHKSFGSKKPEASSRYKVEHGYQVIIDH, 0.37
187E5I11, LWKHKSFGSKKPEASSRYKVIHGYQVIIDH, 0.34
187E6I12, LWKHKSQGSKKPEASSRYKVIHGYQVIIDH, 0.33
187E7I15, LWKHKSQGGKKPEASSRYKVIHGYQVIIDH, 0.28
187E8I16, LWKHKSQGGKRPEASSRYKVIHGYQVIIDH, 0.25
187E9I26, LWKHKSQGGKRPEANSRYKVIHGYQVIIDH, 0.19
187E10I34, LWKHKSQGGKRPEANSRYKVIHGYQVIWDH, 0.16
187E11I48, LWKHQSQGGKRPEANSRYKVIHGYQVIWDH, 0.14
187E12I55, LWKHQSQGGKRPEANVRYKVIHGYQVIWDH, 0.13
187E13I56, LWKHQSQGGKRNEANVRYKVIHGYQVIWDH, 0.1
187E14I71, LWKHQSQGGKRNEANVRYKVILGYQVIWDH, 0.09
187E15I101, LWKHQSQGGKRNEANVRYKVIAGYQVIWDH, 0.08
187E16I126, LWKHQSQGGKRNEANVRYKVIAGVQVIWDH, 0.06
187E17I190, LWKHQSQGGKRNEANVRYKVIAGLQVIWDH, 0.05
