362E0I0, NQSILQTISDIFFGVIHRYTKFNGLWDFHL, 0.42
362E1I1, NQSILQTINDIFFGVIHRYTKFNGLWDFHL, 0.37
362E2I2, NQSYLQTINDIFFGVIHRYTKFNGLWDFHL, 0.36
362E3I4, NQSYLQTINDIFFGVIHRYTKFNGLWDFAL, 0.33
362E4I8, NQSNLQTINDIFFGVIHRYTKFNGLWDFAL, 0.28
362E5I10, NQSNLQTINDIFYGVIHRYTKFNGLWDFAL, 0.26
362E6I14, NQSNLQTINDIFYGVIHRYTKFNGLWDDAL, 0.16
362E7I19, NQSNLQTINDIFYGVIHRYTKFNGDWDDAL, 0.15
362E8I23, NQSNLQTINDIFYGVIHRYTKFNGDWDDGL, 0.14
362E9I61, NQSNLQTINDIFYGVINRYTKFNGDWDDGL, 0.13
362E10I80, NQSNLQTINDIFYGVINRYTKFNGDWLDGL, 0.12
362E11I85, NQSNLQVINDIFYGVINRYTKFNGDWLDGL, 0.11
362E12I102, RQSNLQVINDIFYGVINRYTKFNGDWLDGL, 0.1
362E13I119, RQSNLQVINDIFYGVINRYTKFNQDWLDGL, 0.09
362E14I120, RQSNLQVINDIFYGVINPYTKFNQDWLDGL, 0.06
362E15I150, RQSNLQVINDIFYGVINPYTKFNNDWLDGL, 0.05
362E16I184, RQSNLQVINDIFNGVINPYTKFNNDWLDGL, 0.04
362E17I197, RQSNLEVINDIFNGVINPYTKFNNDWLDGL, 0.03
362E18I259, RQSNLEVINDIFTGVINPYTKFNNDWLDGL, 0.02
