143E0I0, STYYVSPEKNVRVYWNAEQAQAPDLWSDVL, 0.24
143E1I2, STYYVSPEKNVRVYWNWEQAQAPDLWSDVL, 0.2
143E2I14, STYYVSPEKNVRVPWNWEQAQAPDLWSDVL, 0.18
143E3I17, STYYVSPEKNVRVPWNWEQPQAPDLWSDVL, 0.17
143E4I19, STYYVSPEDNVRVPWNWEQPQAPDLWSDVL, 0.12
143E5I30, STYDVSPEDNVRVPWNWEQPQAPDLWSDVL, 0.11
143E6I48, STYDVSPEDNVRVPWNWEQPQAPDLWSDVR, 0.1
143E7I87, WTYDVSPEDNVRVPWNWEQPQAPDLWSDVR, 0.09
143E8I102, WTYDVSPEDNVRVPWNIEQPQAPDLWSDVR, 0.08
143E9I147, WTDDVSPEDNVRVPWNIEQPQAPDLWSDVR, 0.07
143E10I226, WTDDVSPEDNVRVEWNIEQPQAPDLWSDVR, 0.05
143E11I286, WTDDVSPEDNVRVEWNIEQPQQPDLWSDVR, 0.04
143E12I316, WTDDVSPEDNVRVEWNIEQPQQPDLWSDSR, 0.03
