28E0I0, YQIWAETRQHRHEHWWSTYTWLYETRLNVI, 0.46
28E1I2, YQIWAETRQHRHERWWSTYTWLYETRLNVI, 0.42
28E2I4, YQIWAETFQHRHERWWSTYTWLYETRLNVI, 0.41
28E3I8, YQIWWETFQHRHERWWSTYTWLYETRLNVI, 0.38
28E4I11, YQIWWETFQHRVERWWSTYTWLYETRLNVI, 0.37
28E5I14, YQIWWETFQHRVERWWSTYTKLYETRLNVI, 0.34
28E6I17, YQIWWETFQHRVARWWSTYTKLYETRLNVI, 0.31
28E7I19, YQIWWETFDHRVARWWSTYTKLYETRLNVI, 0.3
28E8I22, YQIWWETFDHRVVRWWSTYTKLYETRLNVI, 0.29
28E9I26, YQSWWETFDHRVVRWWSTYTKLYETRLNVI, 0.27
28E10I29, YQSWWETFDHRVVRWWTTYTKLYETRLNVI, 0.25
28E11I38, YQSWWETFDHDVVRWWTTYTKLYETRLNVI, 0.23
28E12I39, YQSWWEPFDHDVVRWWTTYTKLYETRLNVI, 0.21
28E13I44, YQSWWEPFDHDVVRWWTTYTKLYEQRLNVI, 0.14
28E14I46, YQSWWEPFDHDVVRWWTTYTKLWEQRLNVI, 0.13
28E15I72, YQSWWEPFDHDVVRWWTGYTKLWEQRLNVI, 0.12
28E16I79, YQWWWEPFDHDVVRWWTGYTKLWEQRLNVI, 0.11
28E17I154, YQWWWEPFDHDVIRWWTGYTKLWEQRLNVI, 0.09
28E18I188, YQWWWRPFDHDVIRWWTGYTKLWEQRLNVI, 0.08
28E19I213, YQRWWRPFDHDVIRWWTGYTKLWEQRLNVI, 0.07
28E20I274, YQRWWRPFDHDVIRWTTGYTKLWEQRLNVI, 0.06
28E21I292, YQRWWRPFDHKVIRWTTGYTKLWEQRLNVI, 0.05
28E22I388, TQRWWRPFDHKVIRWTTGYTKLWEQRLNVI, 0.04
