95E0I0, FSVPVTRPLPTFVEHYIHPPYEYTHINYPD, 0.5
95E1I1, FSVPVTIPLPTFVEHYIHPPYEYTHINYPD, 0.46
95E2I2, FSVPVTIPLPTFVEHYIHPPYEYTEINYPD, 0.39
95E3I5, FSVPVTIPLPTFVSHYIHPPYEYTEINYPD, 0.34
95E4I9, FSVPVTIPLPTFVSHYIHPPYEYTEVNYPD, 0.33
95E5I12, FSVPVTIPLPTRVSHYIHPPYEYTEVNYPD, 0.3
95E6I16, FSVPVTIPLSTRVSHYIHPPYEYTEVNYPD, 0.28
95E7I20, FSVPVTIPLVTRVSHYIHPPYEYTEVNYPD, 0.26
95E8I24, FSVPVTIPLVTRVSEYIHPPYEYTEVNYPD, 0.24
95E9I33, FSVPVTIPLVLRVSEYIHPPYEYTEVNYPD, 0.23
95E10I48, FEVPVTIPLVLRVSEYIHPPYEYTEVNYPD, 0.15
95E11I75, FEVPVTIPLVLRVSEQIHPPYEYTEVNYPD, 0.14
95E12I83, FEVPVTIPLVLRVSEQIHPPYEYTEVNQPD, 0.13
95E13I84, FEVPVTIPLVLRVSEQIHPPYEYTEVNPPD, 0.12
95E14I89, FEVPVTIPSVLRVSEQIHPPYEYTEVNPPD, 0.11
95E15I95, FEVPVTIPSVLRVSEQNHPPYEYTEVNPPD, 0.1
