184E0I0, QIKGEVLDKLNILDTAAFGHFQGSISQKWF, 0.47
184E1I1, QIKGEVLDKLNILDTAAFGHFQGSDSQKWF, 0.44
184E2I2, QIKGEVLDKLNILDTAAFGHFQGSDSQKWS, 0.43
184E3I6, QIKGEVLDALNILDTAAFGHFQGSDSQKWS, 0.4
184E4I7, QIKGEVLDALNILDTAAFGHFQGSNSQKWS, 0.35
184E5I8, QIKGEVLDALNILDYAAFGHFQGSNSQKWS, 0.33
184E6I13, QIKGEVLDALNILDYAAFGHFQGSNSQTWS, 0.32
184E7I14, QIKGEVLDALNILDYAKFGHFQGSNSQTWS, 0.26
184E8I15, QIKGEKLDALNILDYAKFGHFQGSNSQTWS, 0.25
184E9I16, QIKGEKLDALNILDYAKLGHFQGSNSQTWS, 0.23
184E10I17, QIKQEKLDALNILDYAKLGHFQGSNSQTWS, 0.19
184E11I27, QIKQEKLDALNILDYDKLGHFQGSNSQTWS, 0.17
184E12I31, QIKQEKLDALNILDYDKLGHFQGSNSNTWS, 0.16
184E13I32, QIKQEKLDALNLLDYDKLGHFQGSNSNTWS, 0.15
184E14I34, QIKQEKLDALNLLDYDKLGHFQGSNSNTES, 0.14
184E15I41, QIKQEKLDALNLLDYDKLGHFQGSNSYTES, 0.11
184E16I47, QIKQEKLDALNLLDYDKGGHFQGSNSYTES, 0.1
184E17I49, QIKQEKLDALNLLDYDKGGHRQGSNSYTES, 0.08
184E18I59, QIKQEKLDALNLLDYDKGGHRQGSNSYTEW, 0.07
184E19I96, QIKFEKLDALNLLDYDKGGHRQGSNSYTEW, 0.06
184E20I115, QIKFEYLDALNLLDYDKGGHRQGSNSYTEW, 0.05
184E21I200, QIKFEYLDALNLLDYDKGGHRQGSNSGTEW, 0.04
184E22I206, QIKFEYLDALNLLDYDKGGHHQGSNSGTEW, 0.03
