209E0I0, EQNPTTPGSYKPTYEDQHDQPDKIYEWIEG, 0.27
209E1I4, EQNPTTPGSYKPTQEDQHDQPDKIYEWIEG, 0.24
209E2I6, EQNPTTPGSKKPTQEDQHDQPDKIYEWIEG, 0.22
209E3I7, EQNPTTPGSKKPTQEDQHDQPDKIYEWING, 0.19
209E4I8, EQNPTTPGSKKPTQEDQDDQPDKIYEWING, 0.17
209E5I11, EQPPTTPGSKKPTQEDQDDQPDKIYEWING, 0.16
209E6I14, EQPPTTPGSKKPTQEDQDDQPDKINEWING, 0.13
209E7I15, EQPPTTPGSKKPTQEDQDDQPDKINEWINW, 0.12
209E8I16, EQPPTTPGSKKPTQEDQDDQPDKINEWINP, 0.11
209E9I27, EQPPTTPGSKKETQEDQDDQPDKINEWINP, 0.08
209E10I38, EQPPTTPGSKKETQEIQDDQPDKINEWINP, 0.07
209E11I53, EQPPITPGSKKETQEIQDDQPDKINEWINP, 0.06
209E12I58, EQPPITPGSKKETQEIQDDQPDKINEWINA, 0.05
209E13I91, EQPPITPGSKKETQEIQGDQPDKINEWINA, 0.04
209E14I130, EQPPITPGSKKETQETQGDQPDKINEWINA, 0.03
209E15I136, EQPPIKPGSKKETQETQGDQPDKINEWINA, 0.02
209E16I228, EQPPIKPGSKKETQETQGDQPDKINEYINA, 0.01
