221E0I0, IIDPGAKGNVIYPWSPLIIHNVKEGEAKGD, 0.51
221E1I1, EIDPGAKGNVIYPWSPLIIHNVKEGEAKGD, 0.48
221E2I3, EIDPGAKGNVIYPWSPLIITNVKEGEAKGD, 0.42
221E3I6, EIDQGAKGNVIYPWSPLIITNVKEGEAKGD, 0.38
221E4I7, EIDQGAKGNVIYPWSPLIITNVKEGEAKTD, 0.29
221E5I10, EIDQGADGNVIYPWSPLIITNVKEGEAKTD, 0.27
221E6I11, EIDQGADGNFIYPWSPLIITNVKEGEAKTD, 0.25
221E7I15, EIDQGADGNFIYDWSPLIITNVKEGEAKTD, 0.23
221E8I37, EIDQGADGNFIYDWSPLIITNVKTGEAKTD, 0.21
221E9I40, EPDQGADGNFIYDWSPLIITNVKTGEAKTD, 0.2
221E10I43, EPDQGADGNFIYDWSPLIITNFKTGEAKTD, 0.18
221E11I73, EPDQGADGNFIYDWSPLDITNFKTGEAKTD, 0.16
221E12I75, EPDQGADGNFIYDWSPLDITNFKTGEAKTN, 0.15
221E13I77, EPDQGADGNFNYDWSPLDITNFKTGEAKTN, 0.13
221E14I86, EPDQGADGNFNYDWSPLDITNFKTGEAKTS, 0.11
221E15I129, EPDQGADGNFNYDWSYLDITNFKTGEAKTS, 0.1
221E16I130, EPDQGRDGNFNYDWSYLDITNFKTGEAKTS, 0.09
221E17I135, EPDWGRDGNFNYDWSYLDITNFKTGEAKTS, 0.08
221E18I165, EPDWGLDGNFNYDWSYLDITNFKTGEAKTS, 0.07
221E19I166, EPDWGNDGNFNYDWSYLDITNFKTGEAKTS, 0.06
221E20I244, EPDWGYDGNFNYDWSYLDITNFKTGEAKTS, 0.05
221E21I343, EPDWGYDGNFNYDWSYLDITNQKTGEAKTS, 0.04
