280E0I0, PGQQHIHIHKPKSIISYGFNINPNPHYDSY, 0.47
280E1I1, PGQQHIHIHKPKSIISYGFNINYNPHYDSY, 0.45
280E2I2, PGQQHIHIHKPKSIISYTFNINYNPHYDSY, 0.44
280E3I5, PGQQHIHIHKPKSIIVYTFNINYNPHYDSY, 0.41
280E4I7, PGQQHIHVHKPKSIIVYTFNINYNPHYDSY, 0.32
280E5I8, PGQQHIAVHKPKSIIVYTFNINYNPHYDSY, 0.28
280E6I10, PGQQHIWVHKPKSIIVYTFNINYNPHYDSY, 0.27
280E7I11, PGQQHIWVHKPKSISVYTFNINYNPHYDSY, 0.25
280E8I13, PGQQHIWVHKPKSISVYTFNLNYNPHYDSY, 0.22
280E9I15, PGQQHIWVHKPKSISVYTFNLNYNPVYDSY, 0.18
280E10I16, PGQQHIWVHKTKSISVYTFNLNYNPVYDSY, 0.17
280E11I25, PGQQHIWVHKTKSISVYTFNLNYNPVYDAY, 0.15
280E12I27, PGQQHIWVHKTKNISVYTFNLNYNPVYDAY, 0.14
280E13I48, PGQQHIWVHKTKNNSVYTFNLNYNPVYDAY, 0.1
280E14I107, PGQQHIWVHKTKNNSVYTGNLNYNPVYDAY, 0.09
280E15I140, PGQQHIWVHKTKNNSVYTGNLNSNPVYDAY, 0.08
280E16I150, PGQQNIWVHKTKNNSVYTGNLNSNPVYDAY, 0.05
280E17I165, PGQQNIWVHKTKNNSVYTGNLNSNPVYDWY, 0.04
280E18I255, PGQQNIWWHKTKNNSVYTGNLNSNPVYDWY, 0.03
280E19I292, PGQQNIWWHKTKNQSVYTGNLNSNPVYDWY, 0.02
