490E0I0, NQTFHPTHSSESQTTHGSGFSLPEIWIYGP, 0.59
490E1I1, NQTFHPTHSSESQTKHGSGFSLPEIWIYGP, 0.57
490E2I5, NQTFHPTHSSESQTKHGSGRSLPEIWIYGP, 0.53
490E3I8, NQTFHPTHSSESQTKHGSGRSLPEIWIYGT, 0.5
490E4I9, NQPFHPTHSSESQTKHGSGRSLPEIWIYGT, 0.39
490E5I10, NQPFHPTHSSESQTKHGSGRSLPEIFIYGT, 0.36
490E6I11, NQPFHPTHSSESQLKHGSGRSLPEIFIYGT, 0.33
490E7I14, NQPFHPTHSAESQLKHGSGRSLPEIFIYGT, 0.3
490E8I18, NQPTHPTHSAESQLKHGSGRSLPEIFIYGT, 0.28
490E9I19, NQPEHPTHSAESQLKHGSGRSLPEIFIYGT, 0.27
490E10I23, NQPEHPTRSAESQLKHGSGRSLPEIFIYGT, 0.23
490E11I24, NQPEHPTNSAESQLKHGSGRSLPEIFIYGT, 0.21
490E12I26, NQPEHPTNSAESQLKDGSGRSLPEIFIYGT, 0.16
490E13I57, NQPEHPTNSAESQLKDGSGRSLPEIFIYGN, 0.15
490E14I79, NQPEHPTNSAESQLKDGSGQSLPEIFIYGN, 0.14
490E15I91, NQPEHPTNSAESQLKDGSGQSLPTIFIYGN, 0.13
490E16I99, NQPEHPTNSAESQLKDGSGQSLPTIFIYAN, 0.1
490E17I194, NQPEFPTNSAESQLKDGSGQSLPTIFIYAN, 0.09
490E18I211, NQPWFPTNSAESQLKDGSGQSLPTIFIYAN, 0.08
490E19I270, NQPWFPTNSAESQLKDGSGQSLPWIFIYAN, 0.07
