376E0I0, YDEHEATEWSKGYEPTIYVWSEGERSKTWH, 0.32
376E1I1, YDEHEATEWSKGYEPTIYVWSEGERSKTQH, 0.3
376E2I2, YDEHEATEWSKGYEPTIYVWSERERSKTQH, 0.28
376E3I3, YDEHEATEWSKGYEQTIYVWSERERSKTQH, 0.26
376E4I5, YDEHEATEWSKGYEQTIYPWSERERSKTQH, 0.24
376E5I9, YDEHEATEWSKGYEQTIYPWYERERSKTQH, 0.23
376E6I11, YDEHDATEWSKGYEQTIYPWYERERSKTQH, 0.21
376E7I13, YDEHDATEWSKGYEQTIYPWYERERSKTQL, 0.2
376E8I24, YDEHDAREWSKGYEQTIYPWYERERSKTQL, 0.17
376E9I25, YDEHDAREWSKGYEQTIYPWYGRERSKTQL, 0.15
376E10I46, YDEHDAREWSKGYEQTIYPWYGRELSKTQL, 0.14
376E11I53, YDEHDSREWSKGYEQTIYPWYGRELSKTQL, 0.13
376E12I79, YDEHDSRPWSKGYEQTIYPWYGRELSKTQL, 0.12
376E13I123, YDEHDSAPWSKGYEQTIYPWYGRELSKTQL, 0.11
376E14I146, YDELDSAPWSKGYEQTIYPWYGRELSKTQL, 0.09
376E15I151, YDELDSAPWSKGYEQTIYPFYGRELSKTQL, 0.07
376E16I168, YDELDSAPWSKGYEQTIYPFYGRELRKTQL, 0.04
