415E0I0, ETWPAQKRSYTHHEWQSWAPKFGYDTYKDH, 0.56
415E1I2, ETWPGQKRSYTHHEWQSWAPKFGYDTYKDH, 0.55
415E2I3, ETWPGQKRSYTHHERQSWAPKFGYDTYKDH, 0.53
415E3I5, ETWPGQKRSYTHHERQSWAPKFGYDTVKDH, 0.46
415E4I7, ETWNGQKRSYTHHERQSWAPKFGYDTVKDH, 0.43
415E5I12, ETWNGQKRSYTHHERQSWQPKFGYDTVKDH, 0.36
415E6I13, ETWNGRKRSYTHHERQSWQPKFGYDTVKDH, 0.35
415E7I16, ETWNGRKRSYTNHERQSWQPKFGYDTVKDH, 0.32
415E8I17, ETWNGRKRSYTNSERQSWQPKFGYDTVKDH, 0.29
415E9I18, ETWNGRKPSYTNSERQSWQPKFGYDTVKDH, 0.26
415E10I27, ETWNGRKPSYTNSERQSRQPKFGYDTVKDH, 0.24
415E11I28, KTWNGRKPSYTNSERQSRQPKFGYDTVKDH, 0.22
415E12I30, KTWNGRKPSYTNSERQSRQPKFGYNTVKDH, 0.21
415E13I32, KTWNGRKPSYTNSERQSRQPKFGYNTVKEH, 0.19
415E14I34, KTWNQRKPSYTNSERQSRQPKFGYNTVKEH, 0.18
415E15I35, KTWNWRKPSYTNSERQSRQPKFGYNTVKEH, 0.17
415E16I41, KTWNWRKPSYTNSEKQSRQPKFGYNTVKEH, 0.14
415E17I86, KTWNWRKFSYTNSEKQSRQPKFGYNTVKEH, 0.13
415E18I92, KTWNWRKFSYTNSEKQSRQPYFGYNTVKEH, 0.11
415E19I94, KTWNWRKFSYTNSEKQSRQPYFGYNTVKEQ, 0.1
415E20I101, KTWNWRKFSYTNSEKQSRQPYFGYVTVKEQ, 0.08
415E21I127, KTWNWRPFSYTNSEKQSRQPYFGYVTVKEQ, 0.06
415E22I205, KTWNPRPFSYTNSEKQSRQPYFGYVTVKEQ, 0.05
415E23I301, KTWNYRPFSYTNSEKQSRQPYFGYVTVKEQ, 0.04
