414E0I0, WISVYSAYSRANYNGEADWDNPHIILQSWN, 0.35
414E1I2, WISVVSAYSRANYNGEADWDNPHIILQSWN, 0.33
414E2I4, WISVVSAYSRANYNGEADWDNPHIALQSWN, 0.3
414E3I6, WISVVSAGSRANYNGEADWDNPHIALQSWN, 0.24
414E4I16, WISVVSAGSRANYNGEADWDNPYIALQSWN, 0.23
414E5I19, WISVVSAGSRAHYNGEADWDNPYIALQSWN, 0.2
414E6I24, WISEVSAGSRAHYNGEADWDNPYIALQSWN, 0.19
414E7I33, WISEVSAGSRAHYNGEADWDNPYIAEQSWN, 0.16
414E8I44, WISEVSAGSRAHYNGEADWDNPYIFEQSWN, 0.13
414E9I61, WISEVSAGSRAHYNGEADWDNPYIFEQWWN, 0.12
414E10I87, WILEVSAGSRAHYNGEADWDNPYIFEQWWN, 0.1
414E11I97, WILEVSAGSRAHYNGEADWDNPTIFEQWWN, 0.09
414E12I121, WILEVSAGSRAHYNGEADWNNPTIFEQWWN, 0.08
414E13I144, WDLEVSAGSRAHYNGEADWNNPTIFEQWWN, 0.07
414E14I170, WDLEVSAGSRAHYNGEADWNNYTIFEQWWN, 0.06
