131E0I0, IGAKSWSWHVHTDRYPKNIHPEVGINEKPR, 0.3
131E1I4, IGAKSWSWYVHTDRYPKNIHPEVGINEKPR, 0.29
131E2I21, IGAKSWSWYVHTDRYPKNINPEVGINEKPR, 0.24
131E3I23, IGAKSWSWYEHTDRYPKNINPEVGINEKPR, 0.23
131E4I26, IGAKSWSKYEHTDRYPKNINPEVGINEKPR, 0.22
131E5I32, IGAKSWSKYEHTDRYPKNINPEVGINELPR, 0.21
131E6I45, IGAKSWSKYEHTDRYQKNINPEVGINELPR, 0.19
131E7I49, AGAKSWSKYEHTDRYQKNINPEVGINELPR, 0.16
131E8I58, AGAKSWSKYEHTDRYQKNINPEVGINEQPR, 0.14
131E9I61, AGAKSWSKYEYTDRYQKNINPEVGINEQPR, 0.11
131E10I89, AGAKSWSKYNYTDRYQKNINPEVGINEQPR, 0.1
131E11I157, AGAKSWSKYVYTDRYQKNINPEVGINEQPR, 0.09
131E12I212, AGAKSWSKYVYTDRYQKSINPEVGINEQPR, 0.08
131E13I307, AGAKIWSKYVYTDRYQKSINPEVGINEQPR, 0.06
131E14I322, AGAKIWSKYVYTDRYQKSIVPEVGINEQPR, 0.05
131E15I333, AGAKIWSKYVYTDRYQKSIVPEAGINEQPR, 0.04
131E16I427, AGAKIWSKYVYTDVYQKSIVPEAGINEQPR, 0.03
