84E0I0, TFVRIYDATAALSASTIKLFYFADLNRRHY, 0.48
84E1I2, TFVRIYDATAALSASTIKLLYFADLNRRHY, 0.46
84E2I3, TFVREYDATAALSASTIKLLYFADLNRRHY, 0.43
84E3I8, TFVREYDATAALSASTIKLLYFASLNRRHY, 0.42
84E4I12, TFVREYDATAALSASTIKLLYFASLNPRHY, 0.39
84E5I14, TFVREYDATAALSESTIKLLYFASLNPRHY, 0.38
84E6I19, TFQREYDATAALSESTIKLLYFASLNPRHY, 0.3
84E7I22, TFQREYDATAALSESTIKLLYDASLNPRHY, 0.29
84E8I28, TFQREYVATAALSESTIKLLYDASLNPRHY, 0.25
84E9I31, TFQREYVATAALSESTIKLLYDASLNPWHY, 0.24
84E10I46, TFQREYVATAALSESTIKLLYDASLNVWHY, 0.23
84E11I47, TFQREYVATAALSESTIKLLLDASLNVWHY, 0.19
84E12I59, TFQQEYVATAALSESTIKLLLDASLNVWHY, 0.16
84E13I63, TFQQEYVATAALSESTIKLDLDASLNVWHY, 0.14
84E14I68, TFQQEYVATAALSESTIKLDLDASLNVGHY, 0.13
84E15I72, TFQQEYVATAALSESTIDLDLDASLNVGHY, 0.12
84E16I74, TFQQEYVATVALSESTIDLDLDASLNVGHY, 0.11
84E17I94, KFQQEYVATVALSESTIDLDLDASLNVGHY, 0.08
84E18I136, KFQQEYVATVALSESTIDLDLDASANVGHY, 0.07
84E19I147, KFQQEYVATVALSESTIDLDLDASANVAHY, 0.06
84E20I204, KFQQEYVATVALSKSTIDLDLDASANVAHY, 0.05
84E21I262, KFQQEYVATVALSKSTNDLDLDASANVAHY, 0.04
84E22I304, KFQQEYVATVAGSKSTNDLDLDASANVAHY, 0.03
84E23I318, KFQQEYVATVAGSKSTNDLDLDASANVAHK, 0.02
