456E0I0, PDDQARVPAAYNFFRAGPVPSHDGLTANTT, 0.37
456E1I1, PDDQARVPAAYNFFRAGPVPSHDGLTANDT, 0.35
456E2I2, PDDQARVPAAYNFFRAGPVPSHDGLTENDT, 0.34
456E3I4, PDQQARVPAAYNFFRAGPVPSHDGLTENDT, 0.31
456E4I7, PDQQARVPAAYNFFRAGPVPSHDGLTENKT, 0.27
456E5I12, PDQQARVPAAYVFFRAGPVPSHDGLTENKT, 0.23
456E6I22, PGQQARVPAAYVFFRAGPVPSHDGLTENKT, 0.21
456E7I38, EGQQARVPAAYVFFRAGPVPSHDGLTENKT, 0.19
456E8I42, EGQQARVVAAYVFFRAGPVPSHDGLTENKT, 0.16
456E9I56, EGQQARVVAAYVFFRAGPVPIHDGLTENKT, 0.15
456E10I61, EGQQARVVAAYVFFRAGPVPIEDGLTENKT, 0.13
456E11I62, EGQQARVVAAYVFFRAGPVPAEDGLTENKT, 0.12
456E12I75, EGQQARVVAAYVFWRAGPVPAEDGLTENKT, 0.11
456E13I80, EGQQARVVAAYVFWYAGPVPAEDGLTENKT, 0.1
456E14I120, EGQQARVVAAYVFWYAGPVPFEDGLTENKT, 0.09
456E15I123, EGQQARVVAAYVFWYAGPVPFEDGLTNNKT, 0.07
456E16I130, EGQQARVVAAYVFWGAGPVPFEDGLTNNKT, 0.06
