180E0I0, TIQARQSTTTLGRRRHIWQWKVVIKPHWVL, 0.47
180E1I1, TIQARQLTTTLGRRRHIWQWKVVIKPHWVL, 0.38
180E2I8, TIQARQLTTTLGRRRHIWQWKVVIKPGWVL, 0.35
180E3I12, TIQARQLTTTLGRRRHIWQWKVVIKYGWVL, 0.31
180E4I13, TIQARQLTTTLKRRRHIWQWKVVIKYGWVL, 0.29
180E5I19, TIQARQLTFTLKRRRHIWQWKVVIKYGWVL, 0.27
180E6I29, TIQARQLEFTLKRRRHIWQWKVVIKYGWVL, 0.25
180E7I30, TIQARQLEFTLKRARHIWQWKVVIKYGWVL, 0.24
180E8I41, TIQARQLEFTLKRARLIWQWKVVIKYGWVL, 0.23
180E9I50, TIQARQLEFTLKRARLIWQEKVVIKYGWVL, 0.21
180E10I57, TIQARQLEFTLKEARLIWQEKVVIKYGWVL, 0.2
180E11I68, TIQARQLEFTLKEARLIWQEKVVIKYDWVL, 0.18
180E12I76, TIQARQLEFTLKEARLIWQEKRVIKYDWVL, 0.13
180E13I92, TIQARQLEFTIKEARLIWQEKRVIKYDWVL, 0.12
180E14I95, TIQARQLENTIKEARLIWQEKRVIKYDWVL, 0.1
180E15I139, YIQARQLENTIKEARLIWQEKRVIKYDWVL, 0.09
180E16I141, YIQARQLEQTIKEARLIWQEKRVIKYDWVL, 0.08
180E17I153, YIEARQLEQTIKEARLIWQEKRVIKYDWVL, 0.07
180E18I185, YIEARQLEQTIKEAQLIWQEKRVIKYDWVL, 0.06
180E19I201, YIEARQLEQTIKENQLIWQEKRVIKYDWVL, 0.05
180E20I273, YNEARQLEQTIKENQLIWQEKRVIKYDWVL, 0.04
180E21I286, YNEARQLEQTIKETQLIWQEKRVIKYDWVL, 0.03
