92E0I0, SKQAWTKATYSNERQIDEYVNIIYGEHWIW, 0.39
92E1I2, SKQAATKATYSNERQIDEYVNIIYGEHWIW, 0.36
92E2I7, SKQAATKATYSNERQIDEYVNIIEGEHWIW, 0.31
92E3I9, SKQAATKATYSNERQIDEYVNIFEGEHWIW, 0.28
92E4I11, SKQAAPKATYSNERQIDEYVNIFEGEHWIW, 0.27
92E5I13, SKQAAPKATYSNEQQIDEYVNIFEGEHWIW, 0.2
92E6I19, SKQAAPKATYSNEQQIDEYVNIFEGEDWIW, 0.14
92E7I23, SKQAAPKATRSNEQQIDEYVNIFEGEDWIW, 0.13
92E8I34, SKQAAPKATLSNEQQIDEYVNIFEGEDWIW, 0.11
92E9I37, SKQAAPKATLSNEQQIDEYVFIFEGEDWIW, 0.1
92E10I38, SKQAAPKANLSNEQQIDEYVFIFEGEDWIW, 0.08
92E11I43, SKQAAPKANLSNEQQIDYYVFIFEGEDWIW, 0.07
92E12I46, HKQAAPKANLSNEQQIDYYVFIFEGEDWIW, 0.06
92E13I73, HKQAAPKANLSNEQQIDYYVFIFEGVDWIW, 0.03
92E14I163, HKQAAPKANLSNEQQIDYYVFIFEGYDWIW, 0.02
92E15I164, HKQAAPVANLSNEQQIDYYVFIFEGYDWIW, 0.01
