114E0I0, PTQVVTSFESYRIQHLQFPYWGNYLNHSRD, 0.42
114E1I2, PTQVVTSFESYRIQHLQNPYWGNYLNHSRD, 0.4
114E2I4, RTQVVTSFESYRIQHLQNPYWGNYLNHSRD, 0.38
114E3I7, RTQVVTSFESYRIQDLQNPYWGNYLNHSRD, 0.35
114E4I11, RTQVVTSFESYRIQDLQNPKWGNYLNHSRD, 0.28
114E5I14, RTQVVTSFESYRIQDLQNPKWGNYYNHSRD, 0.23
114E6I17, RTQVVYSFESYRIQDLQNPKWGNYYNHSRD, 0.22
114E7I21, RTQVVYSFESYRIQDLQNPKWWNYYNHSRD, 0.2
114E8I22, RTQVVYSFESYRIQDLINPKWWNYYNHSRD, 0.18
114E9I23, RTQVVYSFESYRIQDLINPNWWNYYNHSRD, 0.17
114E10I28, RTQPVYSFESYRIQDLINPNWWNYYNHSRD, 0.14
114E11I32, RTQPVYSFESYRIQDLINPNWWNYYNLSRD, 0.13
114E12I42, RTQPDYSFESYRIQDLINPNWWNYYNLSRD, 0.11
114E13I47, RTQPDYSFESYRIQDLINPNWWNYYNLSRP, 0.1
114E14I77, RTQPDYSFESYRIQDLINPNWWNYNNLSRP, 0.09
114E15I81, RTQPDYSFESYFIQDLINPNWWNYNNLSRP, 0.08
114E16I98, RTQPDYSFEKYFIQDLINPNWWNYNNLSRP, 0.07
114E17I105, RTQPDYSFEKYFIQDLINLNWWNYNNLSRP, 0.04
114E18I141, RTQPDYSFEKYFIQDLINLNWWEYNNLSRP, 0.03
114E19I154, RTQPDYSFEKYFIQDLINLNWWEYNNLSRE, 0.02
