70E0I0, YSEDNVGGNLAGRDKLLRKGKFDPILGDTL, 0.32
70E1I4, YSEDNVGGNLAGRDKLLRKGKFDPILGDSL, 0.31
70E2I6, YSEDNVGGNLAGRDKLLRKGKFDQILGDSL, 0.3
70E3I9, YKEDNVGGNLAGRDKLLRKGKFDQILGDSL, 0.29
70E4I33, YKEDNVGINLAGRDKLLRKGKFDQILGDSL, 0.27
70E5I37, YKEDNVGINLAGRDKLGRKGKFDQILGDSL, 0.25
70E6I40, YKEDNVGINLAGRDKLGRKGKFYQILGDSL, 0.24
70E7I57, YKEDNVGINLAGRDKYGRKGKFYQILGDSL, 0.23
70E8I58, PKEDNVGINLAGRDKYGRKGKFYQILGDSL, 0.21
70E9I64, PKVDNVGINLAGRDKYGRKGKFYQILGDSL, 0.16
70E10I75, PKVDNVGINLAGRDKYGRKGKFQQILGDSL, 0.15
70E11I78, PKVDNVGINLFGRDKYGRKGKFQQILGDSL, 0.11
70E12I88, PKVDNVGINLFGRDKYDRKGKFQQILGDSL, 0.1
70E13I94, PKVDNVGINLFGRDKYDRKGKFQKILGDSL, 0.08
70E14I117, PKVFNVGINLFGRDKYDRKGKFQKILGDSL, 0.05
70E15I171, PKVFNVGINLFGRDKYDRKGKFQKILGASL, 0.04
70E16I197, PKVFNVGINLFGRDKYDDKGKFQKILGASL, 0.03
