416E0I0, EVLTTWRSFDDSKVDTTHVNNPSAHKSNQE, 0.56
416E1I1, EVITTWRSFDDSKVDTTHVNNPSAHKSNQE, 0.52
416E2I4, EVITTWRSFDDWKVDTTHVNNPSAHKSNQE, 0.51
416E3I5, EVIITWRSFDDWKVDTTHVNNPSAHKSNQE, 0.49
416E4I6, EVIITWRKFDDWKVDTTHVNNPSAHKSNQE, 0.45
416E5I8, EVIITWRKFDDWKVDTTHVNNPSAHKKNQE, 0.42
416E6I12, EVIITWRKFDDWKVDTTHVNNPSAIKKNQE, 0.39
416E7I13, EVIITWRKFDDWTVDTTHVNNPSAIKKNQE, 0.34
416E8I15, EVIITWRKFDDWTVDYTHVNNPSAIKKNQE, 0.33
416E9I25, EVIITWRKFDDWTVDKTHVNNPSAIKKNQE, 0.31
416E10I31, EVIITWRKFDDWTHDKTHVNNPSAIKKNQE, 0.3
416E11I38, EVIITWRKFDDWTNDKTHVNNPSAIKKNQE, 0.29
416E12I40, EVIRTWRKFDDWTNDKTHVNNPSAIKKNQE, 0.27
416E13I43, EVIRTWRKFDDWTNDKTKVNNPSAIKKNQE, 0.23
416E14I45, EVIRTWTKFDDWTNDKTKVNNPSAIKKNQE, 0.2
416E15I55, EVIRTWTKFDDWTNDKTKVNNDSAIKKNQE, 0.18
416E16I57, EVIRTWTKFDDWTNDKQKVNNDSAIKKNQE, 0.17
416E17I69, EVIRTWTKFDDWTNDKQKVNNDSEIKKNQE, 0.14
416E18I70, ELIRTWTKFDDWTNDKQKVNNDSEIKKNQE, 0.13
416E19I84, ELIRTWTKFDDWTNEKQKVNNDSEIKKNQE, 0.12
416E20I91, QLIRTWTKFDDWTNEKQKVNNDSEIKKNQE, 0.11
416E21I96, QFIRTWTKFDDWTNEKQKVNNDSEIKKNQE, 0.1
416E22I121, QFIRTWTKFDDWTNEKQKVNNDIEIKKNQE, 0.08
416E23I124, QFIRWWTKFDDWTNEKQKVNNDIEIKKNQE, 0.05
416E24I212, QFIRWWTKFDDWTNEKQKVYNDIEIKKNQE, 0.04
416E25I286, QFIRWWTKFDDWTNEKQKVYNDIIIKKNQE, 0.03
