177E0I0, NKWRGQHSAQHGAELPYKITSFYWLPDTGR, 0.46
177E1I2, NKWRGQHSAQHGAELPYKITSFYDLPDTGR, 0.37
177E2I4, NKWRGQHSAQHGAELPYKITSFYDLPDTGQ, 0.36
177E3I5, NKWRGQHSAQQGAELPYKITSFYDLPDTGQ, 0.29
177E4I9, NKWRGQHSAQQGAEGPYKITSFYDLPDTGQ, 0.27
177E5I12, NKWRGQHSAQQGAEGPYKITSFYDLPDGGQ, 0.26
177E6I22, NKWGGQHSAQQGAEGPYKITSFYDLPDGGQ, 0.25
177E7I24, NKWGGQHSAQQGAEGPYKITSFEDLPDGGQ, 0.22
177E8I26, NKWGGQHEAQQGAEGPYKITSFEDLPDGGQ, 0.21
177E9I28, NKWGGQHEAQQGAGGPYKITSFEDLPDGGQ, 0.2
177E10I29, NKWGGQHEAQQGAGGPYFITSFEDLPDGGQ, 0.19
177E11I35, NKGGGQHEAQQGAGGPYFITSFEDLPDGGQ, 0.17
177E12I37, NKGGGQHEAQQGAGGPYFITSFEDLPDGGT, 0.13
177E13I45, NKGGGQHEAQQGKGGPYFITSFEDLPDGGT, 0.11
177E14I58, NKGGGQHEAQQGKGGPYFITSFEDLPDGGI, 0.08
177E15I62, NKQGGQHEAQQGKGGPYFITSFEDLPDGGI, 0.07
177E16I65, NKQAGQHEAQQGKGGPYFITSFEDLPDGGI, 0.06
177E17I76, NKQAYQHEAQQGKGGPYFITSFEDLPDGGI, 0.05
177E18I131, NKQAYQHEAQQGKGGPYFITSFEDTPDGGI, 0.04
