26E0I0, QNYIWQRQNRVIEIYDEGLYFTNEGNGARE, 0.28
26E1I4, QNYIWQRLNRVIEIYDEGLYFTNEGNGARE, 0.24
26E2I5, QNYIWQRLNRVIENYDEGLYFTNEGNGARE, 0.23
26E3I8, QNYIWQRLNRVIEWYDEGLYFTNEGNGARE, 0.22
26E4I16, QNYIWQRLNRVIEEYDEGLYFTNEGNGARE, 0.21
26E5I17, QNYIWQRLNRVIEEYDEGLYFTNEGVGARE, 0.19
26E6I18, QNYIWQRLNRVIEEYDEGLLFTNEGVGARE, 0.17
26E7I21, QNYIWQRLNRVIEEYDFGLLFTNEGVGARE, 0.15
26E8I22, QNYIWQRLNRVIEEYDFGLLFENEGVGARE, 0.11
26E9I27, QNYIWQRLNREIEEYDFGLLFENEGVGARE, 0.1
26E10I69, QYYIWQRLNREIEEYDFGLLFENEGVGARE, 0.09
26E11I135, QYYIWQRLNREIEEYDFELLFENEGVGARE, 0.05
