111E0I0, LQFAATGQAGYEATVFGQIFYKWHKFFPVW, 0.47
111E1I6, LQFAATGQAGYEATVFGQIFYKWHKFFVVW, 0.46
111E2I15, LQFAATGQAGYEATVFGQIFYKRHKFFVVW, 0.44
111E3I16, LQFAATGQAGYEATVFEQIFYKRHKFFVVW, 0.29
111E4I30, LQFAATGQAGYEATVFEQIFYKRHKFFVVS, 0.27
111E5I35, LQFAARGQAGYEATVFEQIFYKRHKFFVVS, 0.26
111E6I45, LQFAARGQAGYEATVFEQIFYKRHKFEVVS, 0.21
111E7I49, LQFAARGQAGYEATVFEQIDYKRHKFEVVS, 0.2
111E8I52, LQFAARGQAGYEATVFEQIDYKRHKFRVVS, 0.19
111E9I53, LQFAARFQAGYEATVFEQIDYKRHKFRVVS, 0.17
111E10I60, LQFAARFQAGTEATVFEQIDYKRHKFRVVS, 0.13
111E11I65, LQFAARFQAGTERTVFEQIDYKRHKFRVVS, 0.11
111E12I66, LQFAARFQAGTERTVFEQIDYKRHKFRVVV, 0.1
111E13I100, LQFAARFQAGTEYTVFEQIDYKRHKFRVVV, 0.08
111E14I127, LQFAARFQGGTEYTVFEQIDYKRHKFRVVV, 0.06
111E15I134, RQFAARFQGGTEYTVFEQIDYKRHKFRVVV, 0.05
