332E0I0, RNKGVLFSQRGRITEVNSYYVVYAFLHTFK, 0.47
332E1I2, RNKGGLFSQRGRITEVNSYYVVYAFLHTFK, 0.45
332E2I4, RNKGGLFSQRGRITEVNSYYTVYAFLHTFK, 0.38
332E3I9, RNKGGLFSQRGRITEVNSYYTVYAFLHDFK, 0.37
332E4I11, RNKGGLFSQRGRVTEVNSYYTVYAFLHDFK, 0.33
332E5I13, RNKGGLFSQRGRVTEVNSYYTVYAFTHDFK, 0.32
332E6I14, RNKGGLFSQRGRVTEVNSYYTVPAFTHDFK, 0.3
332E7I17, RNKGGLFSQRGRVTEVNSYYTVPAFTHDFE, 0.25
332E8I23, RNKGGLFSQRGRVTEVNSYITVPAFTHDFE, 0.24
332E9I24, RNKGGVFSQRGRVTEVNSYITVPAFTHDFE, 0.19
332E10I29, RNKGGVFSLRGRVTEVNSYITVPAFTHDFE, 0.18
332E11I33, RNKGGVFSLRGRVTEVNSYITVPKFTHDFE, 0.15
332E12I48, RNKGGVFSLRGRVTEVNSYITVPKGTHDFE, 0.13
332E13I49, RNKGGVFSLRGRVTEVNSYITVSKGTHDFE, 0.09
332E14I96, RNKGGVFSLRGRVTEYNSYITVSKGTHDFE, 0.07
332E15I134, RNKGGVFSLRGRVTEYNSYGTVSKGTHDFE, 0.06
332E16I179, RNKGGVFSLRGRVLEYNSYGTVSKGTHDFE, 0.05
332E17I180, RNKGGVFSLRGRVLEYNSYGTVSKGGHDFE, 0.03
332E18I212, RNKGGVFSLRGRVLEYNEYGTVSKGGHDFE, 0.02
