220E0I0, TQWENKLRPYVAIWNHVLVVHVDVHLSHGR, 0.47
220E1I2, TQIENKLRPYVAIWNHVLVVHVDVHLSHGR, 0.42
220E2I7, TQIENKLRPYVAIWNHVLVVHVDVNLSHGR, 0.37
220E3I9, TQIENKLRPYVAIWNHVLVVHVDVNDSHGR, 0.36
220E4I11, TQIENKLRPYVAIWNHVLVYHVDVNDSHGR, 0.34
220E5I16, KQIENKLRPYVAIWNHVLVYHVDVNDSHGR, 0.32
220E6I18, KQIENKLRPYVAIWNHVTVYHVDVNDSHGR, 0.27
220E7I32, KQIENKLRPYVAIWNHVTVYHQDVNDSHGR, 0.22
220E8I37, KQIENKLRPYVAIWNHVTVYHQDVNESHGR, 0.21
220E9I42, KQIENKLRPYVAIWNHNTVYHQDVNESHGR, 0.17
220E10I60, KQIEWKLRPYVAIWNHNTVYHQDVNESHGR, 0.15
220E11I65, KQIDWKLRPYVAIWNHNTVYHQDVNESHGR, 0.14
220E12I70, KQIDWKLRPYVAIWNHNTVYHQDVNESPGR, 0.13
220E13I77, KQFDWKLRPYVAIWNHNTVYHQDVNESPGR, 0.11
220E14I88, KQFDWKLRPYVAIWNHSTVYHQDVNESPGR, 0.1
220E15I89, KQFDWKLRPYVAIWNHSTVYHQDVNESYGR, 0.08
