394E0I0, IEHHYGIKQKELSYRYEYLWAGDSPANAWA, 0.4
394E1I1, IEHHYGIKQKELSYRYEYLWAGDSFANAWA, 0.36
394E2I3, IEHHYGIKQKELSYRYEILWAGDSFANAWA, 0.34
394E3I4, IEHHYGIKQKELSYRYEILWAGDSFANAEA, 0.33
394E4I5, IEHHYGIKQKELSYRYGILWAGDSFANAEA, 0.29
394E5I6, IEHHYGIKQKELSYRYGILYAGDSFANAEA, 0.27
394E6I7, IEAHYGIKQKELSYRYGILYAGDSFANAEA, 0.23
394E7I15, IEAHYGIKQKELSVRYGILYAGDSFANAEA, 0.17
394E8I29, IEWHYGIKQKELSVRYGILYAGDSFANAEA, 0.16
394E9I45, IEWWYGIKQKELSVRYGILYAGDSFANAEA, 0.15
394E10I108, IEAWYGIKQKELSVRYGILYAGDSFANAEA, 0.12
394E11I153, IEAWYGIKQKELSVRYGILEAGDSFANAEA, 0.1
