259E0I0, GVKSQDNKFDYTKSYARVQLLAKPLYLNTH, 0.32
259E1I4, GVKSQDNKFDYTKSYARVQLLAKPDYLNTH, 0.3
259E2I8, GVKNQDNKFDYTKSYARVQLLAKPDYLNTH, 0.29
259E3I13, GVKNQDNKFDYTKSYARVQLEAKPDYLNTH, 0.25
259E4I14, GVKNQDNKFDYTKSYARVQLEAKPDYLNRH, 0.23
259E5I22, DVKNQDNKFDYTKSYARVQLEAKPDYLNRH, 0.22
259E6I28, DVKNQDNKFDYTKSYARVQLEAKPDYLNEH, 0.18
259E7I34, DVKNQDNKFDYTKSYANVQLEAKPDYLNEH, 0.17
259E8I38, DVKNQDNKFDYTKSWANVQLEAKPDYLNEH, 0.16
259E9I57, DVKNQDNKFDYTKQWANVQLEAKPDYLNEH, 0.15
259E10I78, DVKNQDWKFDYTKQWANVQLEAKPDYLNEH, 0.12
259E11I90, DVKNQDWHFDYTKQWANVQLEAKPDYLNEH, 0.11
259E12I118, DVKNQDWHFDYTKQWANVQSEAKPDYLNEH, 0.1
259E13I126, DVKNQDWHFDYTKQAANVQSEAKPDYLNEH, 0.09
259E14I154, DVKNQDWHFDYTKQAANVQSEAKPDYLNED, 0.07
259E15I233, DVKNQDWHFDYTKQSANVQSEAKPDYLNED, 0.06
259E16I241, DVKNQDWHQDYTKQSANVQSEAKPDYLNED, 0.05
259E17I261, DVKNQDKHQDYTKQSANVQSEAKPDYLNED, 0.02
