328E0I0, PAERWIFPLLRGESIKVIHWQYQSFFQDKR, 0.45
328E1I3, PAERWGFPLLRGESIKVIHWQYQSFFQDKR, 0.4
328E2I10, PAERWGFPLERGESIKVIHWQYQSFFQDKR, 0.39
328E3I15, PDERWGFPLERGESIKVIHWQYQSFFQDKR, 0.36
328E4I17, PFERWGFPLERGESIKVIHWQYQSFFQDKR, 0.34
328E5I21, PFERWGFPLERGKSIKVIHWQYQSFFQDKR, 0.31
328E6I22, PFERWGFPLERGKSIKVIHDQYQSFFQDKR, 0.29
328E7I24, PFERWGFPLERGKSIKVNHDQYQSFFQDKR, 0.24
328E8I27, PFERTGFPLERGKSIKVNHDQYQSFFQDKR, 0.23
328E9I32, PFERTGFPLERGKSIKVNHDQYQSFQQDKR, 0.2
328E10I38, PFERTGFPLERGKSIKVNHKQYQSFQQDKR, 0.18
328E11I57, PFERTGFPLERGKSIKVNHKQEQSFQQDKR, 0.12
328E12I68, PFERTGFPLERGKSIKVNHKQEQSFQQPKR, 0.11
328E13I79, PFERTGFPLERGKSIKVNHGQEQSFQQPKR, 0.1
328E14I109, PFERTRFPLERGKSIKVNHGQEQSFQQPKR, 0.09
328E15I118, PFERLRFPLERGKSIKVNHGQEQSFQQPKR, 0.08
328E16I143, PFERLRFPLSRGKSIKVNHGQEQSFQQPKR, 0.06
328E17I163, PFERLRFPLSRGKSIKVNHGQEQSFQQPKT, 0.05
