145E0I0, EQVKAKDHYVEFWAERFLGHNNISRIHVTK, 0.4
145E1I7, EQVKAKDHYVEFQAERFLGHNNISRIHVTK, 0.3
145E2I8, EQGKAKDHYVEFQAERFLGHNNISRIHVTK, 0.29
145E3I10, EQGKAKDHYVEFQAERFLGHNNLSRIHVTK, 0.26
145E4I16, EQGKAKDHYVEFQAERFLGHNNLSRIHVPK, 0.25
145E5I20, EQGKAKDHYVEFQAERFLPHNNLSRIHVPK, 0.23
145E6I39, EQGKAKDHYVEFQAERFLPHQNLSRIHVPK, 0.21
145E7I68, EQGKAKDHYVEFQAERFLPQQNLSRIHVPK, 0.17
145E8I79, EQGKAKDHYVEFQAERFLPQQNLSRIHVDK, 0.15
145E9I94, EQGKAKDHYVEIQAERFLPQQNLSRIHVDK, 0.13
145E10I99, EQGKAKDHYVDIQAERFLPQQNLSRIHVDK, 0.12
