8E0I0, HRGGNNTGWIEHIWNAKPWASKAWESFETI, 0.37
8E1I2, HRGGNNTGWIEHIWNAKPWASKAWEDFETI, 0.35
8E2I3, GRGGNNTGWIEHIWNAKPWASKAWEDFETI, 0.34
8E3I4, GRGGNNTGDIEHIWNAKPWASKAWEDFETI, 0.32
8E4I6, GRGGNNTGDIEHIWNAKPWARKAWEDFETI, 0.31
8E5I9, GRGGNNTGDIEHIWNAKPWARKAWEDAETI, 0.3
8E6I23, GRGGNNTGIIEHIWNAKPWARKAWEDAETI, 0.26
8E7I24, GRGGNNTGKIEHIWNAKPWARKAWEDAETI, 0.24
8E8I30, GRGGNNTGKIEHIWNAKPWAREAWEDAETI, 0.22
8E9I33, GRGGNNTGKIEHIWNAKPQAREAWEDAETI, 0.19
8E10I54, GRGGNTTGKIEHIWNAKPQAREAWEDAETI, 0.18
8E11I57, GRGGNTTGKIEHQWNAKPQAREAWEDAETI, 0.16
8E12I66, GRGGNTTGKIEHQWNAKPQAREAWEDAETE, 0.15
8E13I68, GRGGNTTGKIEHQWNAKPQAHEAWEDAETE, 0.11
8E14I93, GRGGNTTGKIEPQWNAKPQAHEAWEDAETE, 0.1
8E15I95, GRGGNTTGKIEPQGNAKPQAHEAWEDAETE, 0.09
8E16I155, GRGGGTTGKIEPQGNAKPQAHEAWEDAETE, 0.07
8E17I209, GRGIGTTGKIEPQGNAKPQAHEAWEDAETE, 0.06
8E18I282, GRGIGTRGKIEPQGNAKPQAHEAWEDAETE, 0.05
