459E0I0, FTLGGNFDGIQFYKTVQWPQARPHQQNNVI, 0.36
459E1I4, FTLGGNFDGIQFYKTVQWPQNRPHQQNNVI, 0.34
459E2I6, FTLGGNSDGIQFYKTVQWPQNRPHQQNNVI, 0.32
459E3I8, FTLGGNSDGIQFYKTVQWHQNRPHQQNNVI, 0.31
459E4I10, FTLGGNSDGIQFYKTVQPHQNRPHQQNNVI, 0.29
459E5I12, FTLGGNSDGIQFYFTVQPHQNRPHQQNNVI, 0.27
459E6I14, FTLGGNSDGIQFYFTVQPHQNNPHQQNNVI, 0.26
459E7I15, FTLDGNSDGIQFYFTVQPHQNNPHQQNNVI, 0.24
459E8I17, FTLDGNSDGIQFYFTVQPDQNNPHQQNNVI, 0.22
459E9I18, FTLDGNSDGIQFYFTVQPDQNNPHQENNVI, 0.21
459E10I20, FTLDGNSNGIQFYFTVQPDQNNPHQENNVI, 0.17
459E11I21, FYLDGNSNGIQFYFTVQPDQNNPHQENNVI, 0.16
459E12I45, FYLDGNSNGIQFYFTVQPDQNNPEQENNVI, 0.14
459E13I50, FYLDGNSNGIQFYFTVQPDQNNPEQEANVI, 0.13
459E14I58, FYLDGNSEGIQFYFTVQPDQNNPEQEANVI, 0.12
459E15I73, FYLDGNSEGIQFYFTVQPDQNNIEQEANVI, 0.1
459E16I83, FYLDSNSEGIQFYFTVQPDQNNIEQEANVI, 0.09
459E17I117, FYLDSNEEGIQFYFTVQPDQNNIEQEANVI, 0.08
459E18I136, FYLDSNEEGIQHYFTVQPDQNNIEQEANVI, 0.07
459E19I142, FYLDSNEEGIQHYFTVQPDQNNIEQEANVV, 0.06
459E20I166, FYLDLNEEGIQHYFTVQPDQNNIEQEANVV, 0.05
459E21I181, FYLDLNNEGIQHYFTVQPDQNNIEQEANVV, 0.04
459E22I238, FYLDLNNEGIQHYSTVQPDQNNIEQEANVV, 0.03
459E23I240, FYLDLNNEGIHHYSTVQPDQNNIEQEANVV, 0.02
