57E0I0, TPKWGHSGSDGNTIKIIPDIIGQWEFFKFK, 0.53
57E1I2, TPKWGHSGRDGNTIKIIPDIIGQWEFFKFK, 0.49
57E2I4, TPKWGHSGRDGNTIKIIPDDIGQWEFFKFK, 0.47
57E3I5, TPKWGHSGRDGNTIKIIPDDIGQQEFFKFK, 0.44
57E4I11, TPKWGHSGRDGNTIKRIPDDIGQQEFFKFK, 0.41
57E5I12, TPKWGHSGRDGNTIKRIPDDWGQQEFFKFK, 0.38
57E6I16, TPKWGHSGRDGNTIKRIPDDWGQQEFDKFK, 0.35
57E7I18, TPKWGHSGRDGNTIKRIPWDWGQQEFDKFK, 0.34
57E8I19, TPKWGHSGRDGETIKRIPWDWGQQEFDKFK, 0.33
57E9I20, TPKWGNSGRDGETIKRIPWDWGQQEFDKFK, 0.31
57E10I24, TPKWGNSGRDGEVIKRIPWDWGQQEFDKFK, 0.3
57E11I28, TPKWGNSGRDGEVIKRIPWDWVQQEFDKFK, 0.29
57E12I32, TPKIGNSGRDGEVIKRIPWDWVQQEFDKFK, 0.25
57E13I35, TPKIGNSGRDGEVIRRIPWDWVQQEFDKFK, 0.22
57E14I39, TPKIGNSGRDGEVIRRIPWDWVQQEFDWFK, 0.21
57E15I68, TPKIGNSGRDGEVIRRIPWDWVQQEEDWFK, 0.2
57E16I102, TPKIGNSGRDGEVIRRIPWDWVHQEEDWFK, 0.19
57E17I103, TPKIGNSGRDGEVIRFIPWDWVHQEEDWFK, 0.18
57E18I124, TPKIGNSGRDGSVIRFIPWDWVHQEEDWFK, 0.17
57E19I140, TPKIGNSGRDGSVIKFIPWDWVHQEEDWFK, 0.15
57E20I142, QPKIGNSGRDGSVIKFIPWDWVHQEEDWFK, 0.14
57E21I148, QPKIGNSGRDGSVIKFIFWDWVHQEEDWFK, 0.12
57E22I158, QPKIGNSGRDGSVIKFIFEDWVHQEEDWFK, 0.1
57E23I181, QPKIGNSGRDGSVIKFIFEDWVHTEEDWFK, 0.09
57E24I234, QPKIGNSGRDGSVIKFIFEDWVHTEEDWFE, 0.07
57E25I242, QPKIGNSGRDGSVIKFIFEDWVHTEEDWNE, 0.06
