310E0I0, DAPNWSSGSYISRSTEKLEQWYTQNIVLQN, 0.38
310E1I1, DAPNWSSGSYISRSTEKLEQWYTQNIILQN, 0.34
310E2I2, DAPNWSSGSYISRGTEKLEQWYTQNIILQN, 0.27
310E3I3, DAPNLSSGSYISRGTEKLEQWYTQNIILQN, 0.22
310E4I16, DAPNLSSGSYISRGTEKLEQWYTQGIILQN, 0.18
310E5I23, DAPNLKSGSYISRGTEKLEQWYTQGIILQN, 0.17
310E6I24, DAPNLKSGSYISRGTEKLEQWYTQGIILQV, 0.16
310E7I27, DAPNLKSGKYISRGTEKLEQWYTQGIILQV, 0.15
310E8I32, DAPNLKSGKYISRGTESLEQWYTQGIILQV, 0.14
310E9I34, DAPNLKSGKYINRGTESLEQWYTQGIILQV, 0.13
310E10I75, DAPNLKSGKYINRGFESLEQWYTQGIILQV, 0.1
310E11I96, DARNLKSGKYINRGFESLEQWYTQGIILQV, 0.09
310E12I140, DARNLKSGKYINRGFESLEQAYTQGIILQV, 0.08
310E13I173, DARNLKSGKYINRGFESLEQAYTQGGILQV, 0.07
310E14I183, DARNLKSGKYINRGFESLEQAYTQGGILQF, 0.06
310E15I197, DARNLKSGKYINRGFESLEQAYSQGGILQF, 0.05
