43E0I0, FYIAYTEFIQAFRHNKLEHTFDTLLIAPGT, 0.47
43E1I1, FYIAYTEFIQAFRHNKLEHKFDTLLIAPGT, 0.39
43E2I3, FYIAYTEFIQAFRHNKLEHKFDTLEIAPGT, 0.38
43E3I5, FWIAYTEFIQAFRHNKLEHKFDTLEIAPGT, 0.36
43E4I8, FWINYTEFIQAFRHNKLEHKFDTLEIAPGT, 0.32
43E5I10, FWINYTEFTQAFRHNKLEHKFDTLEIAPGT, 0.31
43E6I11, FWINYTEKTQAFRHNKLEHKFDTLEIAPGT, 0.27
43E7I14, FWINYNEKTQAFRHNKLEHKFDTLEIAPGT, 0.19
43E8I21, FWINYNEKVQAFRHNKLEHKFDTLEIAPGT, 0.18
43E9I23, WWINYNEKVQAFRHNKLEHKFDTLEIAPGT, 0.17
43E10I48, WWINYNEKEQAFRHNKLEHKFDTLEIAPGT, 0.14
43E11I51, WWINYNEKEQAFRHNKLNHKFDTLEIAPGT, 0.12
43E12I74, DWINYNEKEQAFRHNKLNHKFDTLEIAPGT, 0.11
43E13I124, DWINYNEKEQAFRTNKLNHKFDTLEIAPGT, 0.1
43E14I125, DWINYNEKEQAFRTNKLNHKFDTLWIAPGT, 0.09
43E15I140, DWIYYNEKEQAFRTNKLNHKFDTLWIAPGT, 0.08
43E16I160, DWIYYNEKEQAFRTNKLNHKFDTLWIAPGS, 0.07
43E17I204, DWIYYNEKEQAFRTNKLNHKFITLWIAPGS, 0.05
43E18I263, DWIAYNEKEQAFRTNKLNHKFITLWIAPGS, 0.04
