389E0I0, SWEDFEPKGRFKHTFGLDSPFEGQNIAHNE, 0.36
389E1I1, SWEDFEPKGRAKHTFGLDSPFEGQNIAHNE, 0.32
389E2I2, SWEDFEPKYRAKHTFGLDSPFEGQNIAHNE, 0.27
389E3I4, SWEDFEPKYRAKHTLGLDSPFEGQNIAHNE, 0.22
389E4I7, SWEDFELKYRAKHTLGLDSPFEGQNIAHNE, 0.2
389E5I14, SWEDFELKYRAKHTLVLDSPFEGQNIAHNE, 0.18
389E6I18, VWEDFELKYRAKHTLVLDSPFEGQNIAHNE, 0.17
389E7I21, VWEDFELKYRAKHTLVLDSPREGQNIAHNE, 0.16
389E8I39, VQEDFELKYRAKHTLVLDSPREGQNIAHNE, 0.14
389E9I41, VLEDFELKYRAKHTLVLDSPREGQNIAHNE, 0.12
389E10I58, VLEDFELKYRAKHTLVLDSPHEGQNIAHNE, 0.11
389E11I63, VLEDFELKYRAKHTLVLDAPHEGQNIAHNE, 0.09
389E12I89, VLEDFELKYRAKHTLVLDAPHEGQNIWHNE, 0.07
389E13I97, VLEDFELKYRAKHTLVLDAPHEQQNIWHNE, 0.06
389E14I136, VLEDFELKYRAKHTLVLDAPQEQQNIWHNE, 0.05
389E15I145, VLEDFELKYRAKHTLVLDAPQEQQNIWTNE, 0.04
389E16I185, VLEDFELKYRAKHTLVLDAPYEQQNIWTNE, 0.03
389E17I257, VLEDFELKYRAKHELVLDAPYEQQNIWTNE, 0.01
