25E0I0, YVGNFDVPFGYHHADPLLAYRHTREKIHFK, 0.49
25E1I1, YVGNFDVPFGYHHADPLLAYRRTREKIHFK, 0.4
25E2I4, YVGNFDVPFGYHHPDPLLAYRRTREKIHFK, 0.39
25E3I14, YVGEFDVPFGYHHPDPLLAYRRTREKIHFK, 0.36
25E4I18, YVGEFDVPFGYHHPDPLLAYRRTREKIHKK, 0.32
25E5I20, YVGEFDVPFGYHHPGPLLAYRRTREKIHKK, 0.31
25E6I22, YVGEFDVPFGYHHPGPLLAYRRTREKIHKQ, 0.3
25E7I36, YVGEFDVPFGYHHPGPLLAYRRTREKIHEQ, 0.22
25E8I38, YVGEFDVPFGYHHHGPLLAYRRTREKIHEQ, 0.21
25E9I51, YVGEFDVPFGYHYHGPLLAYRRTREKIHEQ, 0.2
25E10I69, YVGEFDVPFGYHYHGPLLAYRRTREKIIEQ, 0.19
25E11I94, YVGYFDVPFGYHYHGPLLAYRRTREKIIEQ, 0.18
25E12I98, YVGYFDVPFFYHYHGPLLAYRRTREKIIEQ, 0.17
25E13I164, YVGYFEVPFFYHYHGPLLAYRRTREKIIEQ, 0.16
25E14I169, YVGYFEAPFFYHYHGPLLAYRRTREKIIEQ, 0.12
25E15I188, YVGYFEAPFYYHYHGPLLAYRRTREKIIEQ, 0.11
25E16I190, YVGYFEAPFYYHYHGPLLARRRTREKIIEQ, 0.1
25E17I194, YVGYFEAPFYYHYQGPLLARRRTREKIIEQ, 0.08
25E18I195, YVGYFEAPFYYHYQGPGLARRRTREKIIEQ, 0.06
25E19I249, YVGYFEAPFSYHYQGPGLARRRTREKIIEQ, 0.05
