347E0I0, PLTWDVWYYNFQFIEKHDIVHALLKGVTGP, 0.5
347E1I1, PLTWDNWYYNFQFIEKHDIVHALLKGVTGP, 0.44
347E2I2, PLTWDNWYYNFQFIEKHDIVLALLKGVTGP, 0.43
347E3I6, PLTWDNWAYNFQFIEKHDIVLALLKGVTGP, 0.39
347E4I8, PLTWDNWAYNEQFIEKHDIVLALLKGVTGP, 0.33
347E5I11, PLTYDNWAYNEQFIEKHDIVLALLKGVTGP, 0.31
347E6I12, PLTYDNWAYNEQFIEKHDIVLALLKIVTGP, 0.3
347E7I15, PLTYDNWAYNEQFIEKHDIVLALLKIATGP, 0.28
347E8I17, PLTYDNWAYNEQFIEKHDIVLATLKIATGP, 0.27
347E9I24, PLTYDNKAYNEQFIEKHDIVLATLKIATGP, 0.25
347E10I32, PLTYDNKAYNEQFIEKHDIKLATLKIATGP, 0.22
347E11I33, PLTYDNKQYNEQFIEKHDIKLATLKIATGP, 0.21
347E12I42, PLTYDNKQYNEQFIEKHDIKLFTLKIATGP, 0.17
347E13I56, PLTYDNKQYNEQFIEKHDIKLFTLKIATGQ, 0.16
347E14I61, PLTYDNKQYNEQFIEKHDIDLFTLKIATGQ, 0.13
347E15I62, PLTYDNKQYNEQFIEKHDIDLFYLKIATGQ, 0.12
347E16I99, PLTYDNKQYNEQFIEKHDRDLFYLKIATGQ, 0.11
347E17I105, PLTYDNKQYNEQFIEKHDRDLFYLKIWTGQ, 0.1
347E18I113, WLTYDNKQYNEQFIEKHDRDLFYLKIWTGQ, 0.08
347E19I123, WLTYDNKQYNEQFIEKHDRDLFYLKIGTGQ, 0.07
347E20I137, WLTYDNKQYNEQFIEKHDRDLFYLKIGTGL, 0.06
347E21I152, WLTYDNKQYNEQGIEKHDRDLFYLKIGTGL, 0.05
347E22I188, WLTYDQKQYNEQGIEKHDRDLFYLKIGTGL, 0.03
347E23I189, WLTYDQKQFNEQGIEKHDRDLFYLKIGTGL, 0.02
347E24I248, WLTYRQKQFNEQGIEKHDRDLFYLKIGTGL, 0.01
