154E0I0, KDDDWLRGDTKNEYHDIAVGDARGEYVDPL, 0.33
154E1I6, KDDDWLRGDTKNEYHDIAVGDARPEYVDPL, 0.31
154E2I10, KDDDWLRGDTKNEYHDIAVGQARPEYVDPL, 0.27
154E3I12, KDDDWLRGDTKNEYHDIAVGQARPEYYDPL, 0.26
154E4I15, KDDDWLRGDAKNEYHDIAVGQARPEYYDPL, 0.23
154E5I23, KDDDWLRGDAKNEYHDIAVGQARSEYYDPL, 0.19
154E6I32, KDDDWGRGDAKNEYHDIAVGQARSEYYDPL, 0.17
154E7I40, KDDDWGRGDAKNEYHDIAIGQARSEYYDPL, 0.16
154E8I45, KDDDWGREDAKNEYHDIAIGQARSEYYDPL, 0.15
154E9I53, KDDDWGREDAKNEYHDIAIGQARSEYYDDL, 0.13
154E10I54, KDDDEGREDAKNEYHDIAIGQARSEYYDDL, 0.12
154E11I63, KDDDEGREDAKNEYHDIAPGQARSEYYDDL, 0.11
154E12I91, KDDDEGREDAKNEYHDIAPGQARSEYDDDL, 0.1
154E13I127, KDDDEGREDAKNEYHDIAPGQARSEDDDDL, 0.09
154E14I153, KDDDEGREDAKNEYHDIANGQARSEDDDDL, 0.08
154E15I213, KDDDEGREDAKNEDHDIANGQARSEDDDDL, 0.07
154E16I219, KDDDEEREDAKNEDHDIANGQARSEDDDDL, 0.06
154E17I302, KDDDEEREDAKNEDHFIANGQARSEDDDDL, 0.05
154E18I306, KDLDEEREDAKNEDHFIANGQARSEDDDDL, 0.04
