261E0I0, GEVNSEAQNYNWKAETHPWALAIEFANILY, 0.48
261E1I2, GEVNVEAQNYNWKAETHPWALAIEFANILY, 0.46
261E2I3, GEVNVEAQNYNWKAETHPWALAIWFANILY, 0.43
261E3I8, GEVNVEAQNYNWKAETEPWALAIWFANILY, 0.4
261E4I9, GYVNVEAQNYNWKAETEPWALAIWFANILY, 0.34
261E5I12, GYVNVEAQNYNWKAETEPWALAIWIANILY, 0.32
261E6I18, GYVNVEAQNYNWKQETEPWALAIWIANILY, 0.29
261E7I33, EYVNVEAQNYNWKQETEPWALAIWIANILY, 0.27
261E8I34, EYVTVEAQNYNWKQETEPWALAIWIANILY, 0.23
261E9I51, AYVTVEAQNYNWKQETEPWALAIWIANILY, 0.22
261E10I58, AYVTVEAQNYNWKQETEPWALAIWIANELY, 0.2
261E11I64, AYVTVEAQNYNWKQETEPWTLAIWIANELY, 0.18
261E12I69, AYVTVEAQNYNWKQETLPWTLAIWIANELY, 0.17
261E13I71, AYVTVEAQNYNWKQETLPWTLKIWIANELY, 0.16
261E14I74, AYVTVEAQNYNWKQETLPWVLKIWIANELY, 0.14
261E15I82, AYVTVEAQNYNWKQETLPWVLKIWIANELD, 0.12
261E16I88, AYVTVEAQNYNWKQETLLWVLKIWIANELD, 0.11
261E17I124, AYVTVEAQNYNWKQETLLWVLKIWSANELD, 0.1
261E18I181, AYVTVEAQWYNWKQETLLWVLKIWSANELD, 0.09
261E19I217, AYVTVEAQPYNWKQETLLWVLKIWSANELD, 0.08
261E20I260, AYVTVEAQPYNHKQETLLWVLKIWSANELD, 0.07
