40E0I0, SAGPYDDTLEAAWWPASSAVALKVVHLSLQ, 0.37
40E1I5, SAGPYDDTLEAAWWPHSSAVALKVVHLSLQ, 0.35
40E2I9, SAGPYDDTLEAAWWPHSSAVALKVVHLSLK, 0.33
40E3I11, SAGPYDDTLEAAWWPHSSTVALKVVHLSLK, 0.26
40E4I12, SAGPYDDTLEALWWPHSSTVALKVVHLSLK, 0.25
40E5I21, SAGPYDDTLEALWFPHSSTVALKVVHLSLK, 0.24
40E6I26, SAGPYDDTLEALWFWHSSTVALKVVHLSLK, 0.23
40E7I33, SAGPDDDTLEALWFWHSSTVALKVVHLSLK, 0.22
40E8I40, SAGPDDDTLEALWFWHSSTVALSVVHLSLK, 0.21
40E9I41, SAGPDDDTLEALWFWHSSTVALSVVHLGLK, 0.19
40E10I42, SAGPDDDTLEALWFWHSSTVALSLVHLGLK, 0.17
40E11I45, SAGPDDDTLEALWVWHSSTVALSLVHLGLK, 0.15
40E12I47, SAGPDDDTLEALWVWHSSTVALSYVHLGLK, 0.13
40E13I70, SAGPDDDTLEALWVWHSQTVALSYVHLGLK, 0.12
40E14I104, SAGPDDDTLEALWVWHSQTVALSKVHLGLK, 0.11
40E15I106, SAGPDDDTLEALWVWQSQTVALSKVHLGLK, 0.1
40E16I137, SAGPDDDTLEALWVWQSQTVALSKVHLGLS, 0.09
40E17I212, SAGPDDDTLEALWVWQSQTVALSKNHLGLS, 0.07
40E18I241, SAGPDDDTLEALWVWQSQTVALSKNQLGLS, 0.06
40E19I324, SAGPDDDTLEALWVWQSQTVALSKEQLGLS, 0.04
