23E0I0, NLVWPGKEDRAGSAFIHHIDFVPPNQIWWF, 0.61
23E1I1, NLVWPGKEDRAGSAFIHHIDFFPPNQIWWF, 0.57
23E2I3, NLVWPGKEDRAGSAEIHHIDFFPPNQIWWF, 0.54
23E3I4, NLVWPGKEDRAGSAEIHLIDFFPPNQIWWF, 0.43
23E4I12, NLVWPGKEDRAGSAWIHLIDFFPPNQIWWF, 0.4
23E5I13, NLVWPGKEDRAGSFWIHLIDFFPPNQIWWF, 0.37
23E6I16, NLVWPGKEDHAGSFWIHLIDFFPPNQIWWF, 0.35
23E7I19, NLVWPGFEDHAGSFWIHLIDFFPPNQIWWF, 0.34
23E8I20, NLVWPGFEDVAGSFWIHLIDFFPPNQIWWF, 0.33
23E9I22, NLVWPGFEDVAGSFDIHLIDFFPPNQIWWF, 0.31
23E10I23, NLVWEGFEDVAGSFDIHLIDFFPPNQIWWF, 0.27
23E11I44, NLVWEGFEDVAGSFDIHLIDVFPPNQIWWF, 0.23
23E12I47, NLVWEGFEDVAGSFDIHLWDVFPPNQIWWF, 0.22
23E13I61, NLVWEGFEDVAGSFDINLWDVFPPNQIWWF, 0.16
23E14I69, NLVWEGFETVAGSFDINLWDVFPPNQIWWF, 0.14
23E15I76, NLVWEGFETVAGSFDINLWDVFPPNIIWWF, 0.13
23E16I91, NLVWEGFETVAGSFDINLWDVFPPGIIWWF, 0.12
23E17I98, NLVWEGFETVAGSFDINLWDVFPPIIIWWF, 0.11
23E18I100, NLVWEGFETVAGSFDINLWDWFPPIIIWWF, 0.09
23E19I120, NLVWEGFETVAGSFWINLWDWFPPIIIWWF, 0.08
23E20I156, NLVWEGFETVAGSFWINLWDWFPPQIIWWF, 0.07
23E21I195, NLVDEGFETVAGSFWINLWDWFPPQIIWWF, 0.06
23E22I208, NLVLEGFETVAGSFWINLWDWFPPQIIWWF, 0.05
23E23I212, NLVLEGFETVAGSFWINLWFWFPPQIIWWF, 0.04
