372E0I0, WLWPDFIQAAFIRRAANDPTYKHAHNKEPR, 0.43
372E1I4, WLWPDFIQAAFIRRAANDHTYKHAHNKEPR, 0.39
372E2I5, WLFPDFIQAAFIRRAANDHTYKHAHNKEPR, 0.33
372E3I7, WLFPDFIQAAFIRRAANDHTYDHAHNKEPR, 0.32
372E4I15, WLFPDFIQAAFIRSAANDHTYDHAHNKEPR, 0.29
372E5I16, WLFPDFIQAAFIRIAANDHTYDHAHNKEPR, 0.26
372E6I18, WLFPDFIQAAFIRIAANDHTYDHKHNKEPR, 0.21
372E7I23, WLFPDFIQQAFIRIAANDHTYDHKHNKEPR, 0.18
372E8I75, WLFPDFIQQAFIRIAANDVTYDHKHNKEPR, 0.16
372E9I145, WLFPDRIQQAFIRIAANDVTYDHKHNKEPR, 0.14
372E10I149, WLFPDRIQQAFIRIAANDWTYDHKHNKEPR, 0.11
372E11I164, WLFPDRIQQAFERIAANDWTYDHKHNKEPR, 0.09
372E12I168, WLFPDRIQQAFERIAANDWTYDHKHNKEPG, 0.08
372E13I201, WLFPDRIQQAFERIAANDWTYDHKSNKEPG, 0.07
372E14I289, WLFPDRIQQAFERIAANDWTYDHKSHKEPG, 0.06
