17E0I0, VRAELRNTPKAEIVRQWSWYTFHLNLEVTE, 0.47
17E1I2, VRAELRTTPKAEIVRQWSWYTFHLNLEVTE, 0.42
17E2I5, VRHELRTTPKAEIVRQWSWYTFHLNLEVTE, 0.4
17E3I6, VRHELRTTPEAEIVRQWSWYTFHLNLEVTE, 0.39
17E4I9, VRHELRTTPEAEIDRQWSWYTFHLNLEVTE, 0.35
17E5I12, VRHELRTTPEAEIDRQWSIYTFHLNLEVTE, 0.32
17E6I20, VRHELRTTPEAEIDRQWSIYTFHLNLEYTE, 0.3
17E7I22, VRHELRTTPEAEIDRQWSIHTFHLNLEYTE, 0.29
17E8I23, VRHELRTTPEAEIDRQWSIHSFHLNLEYTE, 0.26
17E9I31, VRHELRTTPEANIDRQWSIHSFHLNLEYTE, 0.24
17E10I35, VRHELRTTIEANIDRQWSIHSFHLNLEYTE, 0.19
17E11I54, VRHELRTTIEANIDRQWSISSFHLNLEYTE, 0.17
17E12I61, VRHELRTTIEANIDYQWSISSFHLNLEYTE, 0.16
17E13I64, VRHELRTTIEANIDYQWSISSFNLNLEYTE, 0.13
17E14I75, VRHELRTTIEANIDYQWSISSFNLNLEWTE, 0.12
17E15I82, VRHELRTLIEANIDYQWSISSFNLNLEWTE, 0.11
17E16I96, VRHELRTLIEANIDYQWSISSFNLNLNWTE, 0.1
17E17I140, VRHELRTLIEANIDYQWSISSFNLNLNWFE, 0.08
17E18I179, VRHELRTLIEANIDYQWGISSFNLNLNWFE, 0.07
