335E0I0, GFDPARDSWEGWGIHLWINKTYHKNKGSRF, 0.42
335E1I1, GFDPDRDSWEGWGIHLWINKTYHKNKGSRF, 0.41
335E2I10, GFDPDRDSWEGWGIHLWLNKTYHKNKGSRF, 0.37
335E3I12, GFDPDRDSWEGWGIHLWLNKTYHKNKWSRF, 0.3
335E4I13, GFDPDRDSWEGWGIHLWVNKTYHKNKWSRF, 0.28
335E5I14, GFDPDRDSWEGWGIHLWVNKTYHKNKNSRF, 0.26
335E6I27, GFDPDRDSWEGWGIHLWVNKTYHKNKNSVF, 0.25
335E7I29, GFDPDRDSYEGWGIHLWVNKTYHKNKNSVF, 0.22
335E8I31, GFDPDRDSYEGWGIHLWVNKTYVKNKNSVF, 0.21
335E9I34, GFDPDRDSLEGWGIHLWVNKTYVKNKNSVF, 0.18
335E10I50, GFDPDRDSLEGWGIHLWGNKTYVKNKNSVF, 0.17
335E11I58, GFDPDHDSLEGWGIHLWGNKTYVKNKNSVF, 0.15
335E12I77, GFDPDHVSLEGWGIHLWGNKTYVKNKNSVF, 0.13
335E13I88, GFDPDHVSLEGWGIHLWGNKTYVKNFNSVF, 0.12
335E14I93, GFDPDHVSLEGWGIHLWGNKTYTKNFNSVF, 0.11
335E15I166, GFDPDHVSLEGVGIHLWGNKTYTKNFNSVF, 0.09
335E16I191, GFDPDHVSLEGVGIHEWGNKTYTKNFNSVF, 0.08
335E17I213, GFDPDHVSLEGTGIHEWGNKTYTKNFNSVF, 0.07
