455E0I0, SLTNSLAGVKESQYIWSTKNSYIHRVYVEY, 0.33
455E1I6, SLTISLAGVKESQYIWSTKNSYIHRVYVEY, 0.29
455E2I10, SLTISLAGVKESQYIWSTKNSYIHRVYVEV, 0.27
455E3I13, SLTISLAGIKESQYIWSTKNSYIHRVYVEV, 0.26
455E4I16, SLTISLAGIKESQYIWSTKNSYIARVYVEV, 0.25
455E5I17, SLTISLAGIKESQYIWGTKNSYIARVYVEV, 0.21
455E6I23, ILTISLAGIKESQYIWGTKNSYIARVYVEV, 0.19
455E7I41, ILTISLAGIKESQYIPGTKNSYIARVYVEV, 0.18
455E8I42, ILTISLAGIKESQYIEGTKNSYIARVYVEV, 0.17
455E9I51, ILTISLAGIKESQYIEGTKNSFIARVYVEV, 0.15
455E10I94, ILTISLAGIKESQKIEGTKNSFIARVYVEV, 0.13
455E11I100, ILDISLAGIKESQKIEGTKNSFIARVYVEV, 0.12
455E12I103, ILDISLAGIKESQKIEGTKNSFIARVYVES, 0.1
455E13I111, ILDISLAGIKDSQKIEGTKNSFIARVYVES, 0.09
455E14I116, ILDISLAGIKDSQKIEGTKNSFIARVYNES, 0.08
455E15I149, ILDISLAGIKDSQKIEGTKNSFIARKYNES, 0.06
455E16I163, ILDISLAGIKDSQKIEGPKNSFIARKYNES, 0.05
455E17I205, ILDISLAGIKHSQKIEGPKNSFIARKYNES, 0.04
455E18I229, ILDISLAGIKHGQKIEGPKNSFIARKYNES, 0.02
