69E0I0, DRVQPWAFYDETKRYYNFGLASDKDEGWFG, 0.45
69E1I1, DRVQPWEFYDETKRYYNFGLASDKDEGWFG, 0.44
69E2I3, DRVQPWEFYDETKRYYNFGSASDKDEGWFG, 0.34
69E3I8, DRVQPWEFYDETKRYYTFGSASDKDEGWFG, 0.3
69E4I18, DRVQPTEFYDETKRYYTFGSASDKDEGWFG, 0.29
69E5I22, DRVQPTEFYDATKRYYTFGSASDKDEGWFG, 0.27
69E6I24, DRVQPTEFYDATKRYYTFGSASDKDEGWFE, 0.26
69E7I27, DRVQPTEFYDATKRYYTFGSASDIDEGWFE, 0.24
69E8I31, DRVQPTEFYDATKRYYTFGSASDRDEGWFE, 0.23
69E9I33, DRVQPTIFYDATKRYYTFGSASDRDEGWFE, 0.22
69E10I37, DRVQPTIFYDATKRYYTFVSASDRDEGWFE, 0.21
69E11I61, DRVQPTIFYDATKRYYTFTSASDRDEGWFE, 0.2
69E12I65, DRVQPTIFYDAEKRYYTFTSASDRDEGWFE, 0.18
69E13I66, DRVQPTIFYDAEKDYYTFTSASDRDEGWFE, 0.16
69E14I67, DRVQPTIFYDAEKDYYTFDSASDRDEGWFE, 0.14
69E15I68, DRVQPTIKYDAEKDYYTFDSASDRDEGWFE, 0.12
69E16I69, DRVQPTIKYDAEKDYYTSDSASDRDEGWFE, 0.11
69E17I70, DRVQPTIKYDAEKDYYTSDSASDRDRGWFE, 0.1
69E18I94, DRVQPTIKYDAEKDYYTSDSASARDRGWFE, 0.09
69E19I107, DRHQPTIKYDAEKDYYTSDSASARDRGWFE, 0.07
69E20I138, DRHQPTIKYDAEKDYYTLDSASARDRGWFE, 0.06
69E21I163, DYHQPTIKYDAEKDYYTLDSASARDRGWFE, 0.04
69E22I183, DYHQPTIKYDAEKDYYKLDSASARDRGWFE, 0.03
