3E0I0, HEGQTEASDPVLIGREENLQFEDIGDIDTQ, 0.3
3E1I1, HEGQTEASDPVLIPREENLQFEDIGDIDTQ, 0.27
3E2I9, HERQTEASDPVLIPREENLQFEDIGDIDTQ, 0.23
3E3I15, HELQTEASDPVLIPREENLQFEDIGDIDTQ, 0.2
3E4I28, HELQTEASRPVLIPREENLQFEDIGDIDTQ, 0.15
3E5I39, HELQTEASRPVLIPREENLQFEDIGDIDEQ, 0.14
3E6I41, HELQTEASRPVLIPREENLEFEDIGDIDEQ, 0.13
3E7I45, HELQPEASRPVLIPREENLEFEDIGDIDEQ, 0.11
3E8I63, HELQPEHSRPVLIPREENLEFEDIGDIDEQ, 0.1
3E9I112, HELQFEHSRPVLIPREENLEFEDIGDIDEQ, 0.09
3E10I116, HELQFEHSRPVLIPREKNLEFEDIGDIDEQ, 0.08
3E11I123, HELQFEHSRQVLIPREKNLEFEDIGDIDEQ, 0.07
3E12I125, HELQFEHSRQVLIPREKNLEFEEIGDIDEQ, 0.06
3E13I132, HELQFEHSRQVLIPREKNLEFEEIWDIDEQ, 0.05
3E14I173, HELQFEHSRQVLRPREKNLEFEEIWDIDEQ, 0.03
3E15I174, HELQFEHSRQVLRAREKNLEFEEIWDIDEQ, 0.02
3E16I191, HELQFEHSRQVLRAREKNLEFEEIWDINEQ, 0.01
