373E0I0, IGRKATEDQEIWYKGDKWNEEWTYLNNWHF, 0.37
373E1I4, IKRKATEDQEIWYKGDKWNEEWTYLNNWHF, 0.34
373E2I5, IKRKVTEDQEIWYKGDKWNEEWTYLNNWHF, 0.33
373E3I6, IKRKVTEDQEIAYKGDKWNEEWTYLNNWHF, 0.32
373E4I16, IKRKVTEDQEIAYKGDKWNEEATYLNNWHF, 0.29
373E5I21, IKRKVTEDQEVAYKGDKWNEEATYLNNWHF, 0.27
373E6I24, IKRKVTEVQEVAYKGDKWNEEATYLNNWHF, 0.25
373E7I26, IKRKVTEVQEVAYKHDKWNEEATYLNNWHF, 0.23
373E8I28, IKRKVTEVQEVAYHHDKWNEEATYLNNWHF, 0.22
373E9I32, IKRKVTEVQEVAYHHDKNNEEATYLNNWHF, 0.19
373E10I38, IKRKVTEVQEVANHHDKNNEEATYLNNWHF, 0.18
373E11I40, IKRKVTEVQEVANHHDKNNEEATYLNNDHF, 0.15
373E12I53, IKRAVTEVQEVANHHDKNNEEATYLNNDHF, 0.14
373E13I54, IKRAVTEVQSVANHHDKNNEEATYLNNDHF, 0.13
373E14I61, IKRAVTEVQSVANEHDKNNEEATYLNNDHF, 0.12
373E15I79, IKRAVTEVQSVANEHDKNVEEATYLNNDHF, 0.1
373E16I90, IKRAVTEVQSVANEHDKNVLEATYLNNDHF, 0.09
373E17I92, IKRAVTESQSVANEHDKNVLEATYLNNDHF, 0.08
373E18I120, IKRAVTDSQSVANEHDKNVLEATYLNNDHF, 0.06
373E19I151, IKRAVTDSQSEANEHDKNVLEATYLNNDHF, 0.05
373E20I194, IKRAVTDSQSEANEHDKNVLEATYLNVDHF, 0.04
