52E0I0, VNTIHPQLRDSRAWVRLFAIQIGSVHDKIL, 0.33
52E1I2, VNTIHPQLRTSRAWVRLFAIQIGSVHDKIL, 0.28
52E2I5, VNTIHPQLRTSRAWVRLFAIQIDSVHDKIL, 0.27
52E3I11, VITIHPQLRTSRAWVRLFAIQIDSVHDKIL, 0.24
52E4I30, VITIHPQLRTSRAWVRLSAIQIDSVHDKIL, 0.21
52E5I39, HITIHPQLRTSRAWVRLSAIQIDSVHDKIL, 0.2
52E6I45, HITIHPQLRTSRAWVRLSAIQIDSVHQKIL, 0.18
52E7I48, HITIHPQLRTSRANVRLSAIQIDSVHQKIL, 0.16
52E8I49, HITIDPQLRTSRANVRLSAIQIDSVHQKIL, 0.14
52E9I61, HITIDPQSRTSRANVRLSAIQIDSVHQKIL, 0.13
52E10I73, HITIDPQSRTSRANVRLSAIQLDSVHQKIL, 0.09
52E11I81, HITIDVQSRTSRANVRLSAIQLDSVHQKIL, 0.08
52E12I93, HITIDVQSRTSRANVTLSAIQLDSVHQKIL, 0.06
