315E0I0, YTRRTNTQERRLSWTDPTRKLFAQEYEWAK, 0.46
315E1I2, YTRRTNTQERRLEWTDPTRKLFAQEYEWAK, 0.41
315E2I4, YTRRTNTQERRLEWTDPTRKLFATEYEWAK, 0.4
315E3I13, YTRRTNTQERELEWTDPTRKLFATEYEWAK, 0.34
315E4I14, YTRRTNAQERELEWTDPTRKLFATEYEWAK, 0.28
315E5I16, YTRRTNAQERELEWTDTTRKLFATEYEWAK, 0.25
315E6I24, YTRRTNAQERELEWTDTTRKLFATEYEWGK, 0.22
315E7I26, YTRRTNAQERELEWTDTTRKLFATEYEWEK, 0.21
315E8I27, YTRRTNAQERELEWTDTTRKLFTTEYEWEK, 0.15
315E9I28, YTRRTNAQERELEWTDTTRKLFTTEYEYEK, 0.14
315E10I64, YTRRTNAFERELEWTDTTRKLFTTEYEYEK, 0.13
315E11I77, YTRRTNAFERELEWTDTTRKLFTTEQEYEK, 0.1
315E12I105, YTRRTNAFERELEWTDTTRKLFTIEQEYEK, 0.09
315E13I109, YTRRTNAFEGELEWTDTTRKLFTIEQEYEK, 0.08
315E14I110, YTRRTNAFEGELEWTDTTRRLFTIEQEYEK, 0.06
315E15I115, YTRRTNKFEGELEWTDTTRRLFTIEQEYEK, 0.05
315E16I134, YTRRTNKFEGELEWTDTTRRLFTIEQENEK, 0.03
315E17I152, YTRRTNKFEGELEWTDTTRRLFTIEQYNEK, 0.02
