49E0I0, QGKPKELFFTGSDAQQKIQNFVDGDAVNQA, 0.39
49E1I3, QGKPKELFITGSDAQQKIQNFVDGDAVNQA, 0.36
49E2I7, QGKPKELFIDGSDAQQKIQNFVDGDAVNQA, 0.35
49E3I8, QGKPKELFIDGSDAQQKIQNFVDGDVVNQA, 0.33
49E4I9, QGKPKELFIDGSDAQQKIQNFVFGDVVNQA, 0.32
49E5I12, QGKPKEKFIDGSDAQQKIQNFVFGDVVNQA, 0.29
49E6I18, QGKPKEKFIDGSDAQQKDQNFVFGDVVNQA, 0.25
49E7I20, QGKPKEKFIDGSDAQQKDQNFVYGDVVNQA, 0.24
49E8I21, QGKVKEKFIDGSDAQQKDQNFVYGDVVNQA, 0.23
49E9I29, QGKVKTKFIDGSDAQQKDQNFVYGDVVNQA, 0.22
49E10I38, QGKVKTKFIDGIDAQQKDQNFVYGDVVNQA, 0.21
49E11I51, QGKPKTKFIDGIDAQQKDQNFVYGDVVNQA, 0.19
49E12I53, QGKPKTKFIDWIDAQQKDQNFVYGDVVNQA, 0.18
49E13I58, QGKPKTKFIDWIDAQQKDQNEVYGDVVNQA, 0.11
49E14I92, QGKPKTKFIDWYDAQQKDQNEVYGDVVNQA, 0.1
49E15I129, QGKPKTKFIDWYDAQQKDQNEVYGDWVNQA, 0.09
49E16I184, QGKPKTKFIDWYIAQQKDQNEVYGDWVNQA, 0.08
49E17I188, QGKPKTKFIDWYIAQQKDQNEVYGDWVQQA, 0.07
49E18I235, QGKPKTKFIDWYIAQSKDQNEVYGDWVQQA, 0.06
49E19I315, QGKPKTKFIDWYIAQSKDQNEVYGDWVQQR, 0.05
