11E0I0, YHKNNAWPEPLWAVIYKVHPPKWSRNDEKR, 0.46
11E1I3, YHKNNAIPEPLWAVIYKVHPPKWSRNDEKR, 0.44
11E2I6, YHLNNAIPEPLWAVIYKVHPPKWSRNDEKR, 0.42
11E3I9, YHLNNAIAEPLWAVIYKVHPPKWSRNDEKR, 0.39
11E4I11, YHLNNAIAEPLVAVIYKVHPPKWSRNDEKR, 0.29
11E5I13, YHLNNAIAEPLVAVIYKVHPPKWSRNDNKR, 0.27
11E6I17, YHLNNAIAEPLVAVIYKVRPPKWSRNDNKR, 0.24
11E7I27, YHLNNAIAQPLVAVIYKVRPPKWSRNDNKR, 0.23
11E8I30, YHLNNAIAQPLVAVIYKVRPPQWSRNDNKR, 0.21
11E9I33, YHYNNAIAQPLVAVIYKVRPPQWSRNDNKR, 0.19
11E10I42, YHYNNAIAQPLVAVIYKVYPPQWSRNDNKR, 0.17
11E11I44, YHYNNAIAQPLVAVIHKVYPPQWSRNDNKR, 0.15
11E12I46, YHYNNAIAQPLVAVIHKVYPPQWSRNDNKV, 0.13
11E13I52, YHYNNAIAQPLVAVIHKVYPPQGSRNDNKV, 0.11
11E14I85, YHYNNAIAQPLVAVIHKVYPPQGSREDNKV, 0.09
11E15I100, YHYNNAIAQPLVAVIHPVYPPQGSREDNKV, 0.08
11E16I177, YHYNNAIAQPLVAVINPVYPPQGSREDNKV, 0.07
11E17I202, YHYNNAIAQPLVAVIQPVYPPQGSREDNKV, 0.06
11E18I294, YHYNNAIAQPLVAPIQPVYPPQGSREDNKV, 0.05
