15E0I0, KLGRYWHLVHIFPSSSNVVNRVRKQIQNGG, 0.46
15E1I2, KLGRYWHLVHIFPSSSNVNNRVRKQIQNGG, 0.43
15E2I3, KLGRYWHLVHIFPSNSNVNNRVRKQIQNGG, 0.41
15E3I4, KLGRYWHLVHIFPSNSNVNNRVRKQIQNLG, 0.38
15E4I6, ELGRYWHLVHIFPSNSNVNNRVRKQIQNLG, 0.36
15E5I9, ELGRYWHLVHIFPSNSNINNRVRKQIQNLG, 0.33
15E6I10, ELGRYWILVHIFPSNSNINNRVRKQIQNLG, 0.3
15E7I12, ELGRYWVLVHIFPSNSNINNRVRKQIQNLG, 0.28
15E8I22, ELGRYWVLVHIFISNSNINNRVRKQIQNLG, 0.27
15E9I26, ELGRYVVLVHIFISNSNINNRVRKQIQNLG, 0.26
15E10I27, ELGRYDVLVHIFISNSNINNRVRKQIQNLG, 0.19
15E11I31, ELGRYDVLVHIFISNENINNRVRKQIQNLG, 0.18
15E12I43, ELGRYDVLVHIFISNENINNRVRKKIQNLG, 0.15
15E13I54, ELGRYDVLVHIFISNENINNRVRTKIQNLG, 0.14
15E14I70, ELGRYDVLVHIFISNENINNRVRTKKQNLG, 0.13
15E15I84, ELGRYDVLVHIFISNENINNPVRTKKQNLG, 0.12
15E16I147, ELGRYDVLVHIFISNENINNPVRTKKINLG, 0.1
15E17I166, ELGRYDVLVYIFISNENINNPVRTKKINLG, 0.08
15E18I186, ELGRYDVLVYIFIQNENINNPVRTKKINLG, 0.07
15E19I187, ELGGYDVLVYIFIQNENINNPVRTKKINLG, 0.06
15E20I197, ELGGYDVLVYIFILNENINNPVRTKKINLG, 0.04
15E21I204, ELGGYTVLVYIFILNENINNPVRTKKINLG, 0.03
15E22I237, ELGGYTVLVYIFILNELINNPVRTKKINLG, 0.02
