252E0I0, ELGWNKNPTGEANEIHEYTWQKKGWNYVVQ, 0.27
252E1I3, ELGWNKNPTGEANEISEYTWQKKGWNYVVQ, 0.26
252E2I10, ELGWNKNPTGEANGISEYTWQKKGWNYVVQ, 0.25
252E3I13, ELGWNKNPTGEANGTSEYTWQKKGWNYVVQ, 0.23
252E4I14, ELGWNKNPTGEANGTSEYTWTKKGWNYVVQ, 0.2
252E5I17, ELGWNKNPTGEANGTSEYIWTKKGWNYVVQ, 0.19
252E6I22, ELGWNKNPTGEANGTSEYIWTKKGWNYVVF, 0.18
252E7I23, ELGWNKNETGEANGTSEYIWTKKGWNYVVF, 0.17
252E8I35, ELGWNKNETSEANGTSEYIWTKKGWNYVVF, 0.16
252E9I42, ELDWNKNETSEANGTSEYIWTKKGWNYVVF, 0.15
252E10I53, ELDWNKNETSESNGTSEYIWTKKGWNYVVF, 0.14
252E11I65, ELDWNKNETNESNGTSEYIWTKKGWNYVVF, 0.12
252E12I66, ELDWNKNETNENNGTSEYIWTKKGWNYVVF, 0.1
252E13I71, ELDWNKNETNENNGTSEYIWTKGGWNYVVF, 0.08
252E14I94, ELDWNKNETNENEGTSEYIWTKGGWNYVVF, 0.07
252E15I102, ELDWNKNETNENEGTSETIWTKGGWNYVVF, 0.05
252E16I151, ELDWNKNETNENEGTSETWWTKGGWNYVVF, 0.04
252E17I178, ELDWNKNETNENEGTSETTWTKGGWNYVVF, 0.03
