299E0I0, RRNGKEDEPFSEQEPDPHGFHWWVLKHGYQ, 0.38
299E1I1, RRNGKEDEPFSEQEPDPHGFDWWVLKHGYQ, 0.34
299E2I8, RRNGKEDEPFSEQEPDPHGFDWWVLKHGYE, 0.32
299E3I11, RRNGKEDEPFWEQEPDPHGFDWWVLKHGYE, 0.27
299E4I15, RRNVKEDEPFWEQEPDPHGFDWWVLKHGYE, 0.21
299E5I40, RRNVKEDEPFWEQEPDPWGFDWWVLKHGYE, 0.18
299E6I54, RRNVKEDEPFWEQEPDPWGFEWWVLKHGYE, 0.14
299E7I78, RRNVKEIEPFWEQEPDPWGFEWWVLKHGYE, 0.13
299E8I105, RWNVKEIEPFWEQEPDPWGFEWWVLKHGYE, 0.12
299E9I113, RWNVKEIEPFWEQEPDDWGFEWWVLKHGYE, 0.1
299E10I155, RWNVKENEPFWEQEPDDWGFEWWVLKHGYE, 0.08
299E11I188, RWNVFENEPFWEQEPDDWGFEWWVLKHGYE, 0.06
299E12I190, RKNVFENEPFWEQEPDDWGFEWWVLKHGYE, 0.05
299E13I249, PKNVFENEPFWEQEPDDWGFEWWVLKHGYE, 0.04
299E14I269, PKNVFENEPFWEQEPDDWGFEWWVLKHGYR, 0.03
