48E0I0, EGASPQSQARFEVVNNIFAILDTGQFDFVR, 0.28
48E1I3, EGASPQSQARFEVVNNIFAILDTGQFDAVR, 0.27
48E2I4, EGASPQSEARFEVVNNIFAILDTGQFDAVR, 0.25
48E3I7, EGASPQSEARFEVVNNIFAILDGGQFDAVR, 0.2
48E4I9, EGASPQSEARFEAVNNIFAILDGGQFDAVR, 0.18
48E5I12, EGASPQSEARFEAVNQIFAILDGGQFDAVR, 0.17
48E6I18, EGASPDSEARFEAVNQIFAILDGGQFDAVR, 0.15
48E7I39, EGASPDSEARFEAVNQIFAILDGGNFDAVR, 0.14
48E8I43, EGASPDSEARFEAVLQIFAILDGGNFDAVR, 0.11
48E9I47, EGASPDSEARFEAVFQIFAILDGGNFDAVR, 0.1
48E10I67, EGASPDSEARFEAVFQIFAVLDGGNFDAVR, 0.09
48E11I69, EGASPDSEARFEAVFQIFAVLDWGNFDAVR, 0.07
48E12I71, EGASPDSEARFEAVFQIFAVLDWGNFDAVD, 0.06
48E13I89, EGASPDHEARFEAVFQIFAVLDWGNFDAVD, 0.05
48E14I93, EGASPDHEARFEAVFQIFAVLDQGNFDAVD, 0.04
48E15I109, EGGSPDHEARFEAVFQIFAVLDQGNFDAVD, 0.02
