159E0I0, LQGAWQSHQGKQWIVTGDHEQAFSQWFVIR, 0.31
159E1I9, LQGAWQSHQGKQWIVEGDHEQAFSQWFVIR, 0.3
159E2I10, LQGAWQSHQGKQWIVEGDHEQAFSQWFVIN, 0.29
159E3I17, LQGAWQSHQGKQWIVEGDHEQAFSQWFQIN, 0.25
159E4I29, LQGAWQSHQGKQWIVEGDHEQAFFQWFQIN, 0.24
159E5I35, LQGGWQSHQGKQWIVEGDHEQAFFQWFQIN, 0.21
159E6I40, LQGGWQPHQGKQWIVEGDHEQAFFQWFQIN, 0.17
159E7I44, LQGGWQPHQGKQWIVEGDHEQAGFQWFQIN, 0.16
159E8I58, LQGGWQPHQGKQWIVEGDHEQAGFQWQQIN, 0.14
159E9I62, LQGGWQPHQGKQWIVEGDHEQAPFQWQQIN, 0.13
159E10I66, LQGIWQPHQGKQWIVEGDHEQAPFQWQQIN, 0.12
159E11I68, LQGIWQPHQGKQWIVEGDHEQPPFQWQQIN, 0.09
159E12I69, LQGIWQPHQGKQWIVEGDHEQPPFQWQEIN, 0.07
159E13I74, LQGIWQPHQGGQWIVEGDHEQPPFQWQEIN, 0.06
159E14I150, LQGIWQPHQGGQWIVEGDHEQPPFQWQPIN, 0.05
159E15I184, FQGIWQPHQGGQWIVEGDHEQPPFQWQPIN, 0.04
159E16I204, FQGIWQPHQGGQWIVEGDHEQPFFQWQPIN, 0.03
