165E0I0, GTLRIQSTPVDVEIASYYRDRDKTFPLRQP, 0.35
165E1I1, GTLRIQSTPVDVEIASYYRDRDKHFPLRQP, 0.29
165E2I2, GTTRIQSTPVDVEIASYYRDRDKHFPLRQP, 0.24
165E3I7, GTTRIQSTPVDVEIASYYRDRDKHFPDRQP, 0.22
165E4I10, GTTRIQSTPVKVEIASYYRDRDKHFPDRQP, 0.21
165E5I48, GTTRIQSTPVSVEIASYYRDRDKHFPDRQP, 0.19
165E6I49, GTTRIQSQPVSVEIASYYRDRDKHFPDRQP, 0.18
165E7I50, GTTRIQSQPVSVEIASYYRDRDKKFPDRQP, 0.17
165E8I65, GTTRIQSQPVSVAIASYYRDRDKKFPDRQP, 0.16
165E9I73, GTTRIQSQPVSVAIASYYRDRDKPFPDRQP, 0.15
165E10I77, GTTRIQSQPQSVAIASYYRDRDKPFPDRQP, 0.14
165E11I81, GTTRIQSQPQSVAIASYYRDRDKPFPQRQP, 0.12
165E12I92, GTTRIQSQPQSVAIASYYRDRDKPFPQQQP, 0.11
165E13I103, GTTRIQKQPQSVAIASYYRDRDKPFPQQQP, 0.09
165E14I109, GTTRIQKQPQSVAIASYYRDRIKPFPQQQP, 0.07
165E15I126, GTTRIQKQPQSVAIASYVRDRIKPFPQQQP, 0.06
165E16I154, GTTRIQKQPQSVAIESYVRDRIKPFPQQQP, 0.05
165E17I184, GTTRIQKQPQSVAIESYVRDRINPFPQQQP, 0.02
