230E0I0, HYHERQQQNWLEWNQRHWHIRSAQYWFQHW, 0.6
230E1I1, HYHERQQQNWLEWNQRHWHIRSAQYWFQTW, 0.59
230E2I2, HYHERQQQNWLEWNQRHWHIRSAKYWFQTW, 0.52
230E3I3, HYHERQQQNWLEWNLRHWHIRSAKYWFQTW, 0.47
230E4I4, HYHEEQQQNWLEWNLRHWHIRSAKYWFQTW, 0.36
230E5I5, WYHEEQQQNWLEWNLRHWHIRSAKYWFQTW, 0.35
230E6I7, WYHEEQQQNWLEWNSRHWHIRSAKYWFQTW, 0.34
230E7I8, WYHEEQQQNWLEWNSRHRHIRSAKYWFQTW, 0.33
230E8I12, WYHEEQQQNWLEWNSRVRHIRSAKYWFQTW, 0.32
230E9I15, WYHEEQQQNWLEWNSRVRHHRSAKYWFQTW, 0.31
230E10I16, WYHEEQQQNWLEWNSRVRHSRSAKYWFQTW, 0.3
230E11I17, WYHEEQQQNWLEWNSRVRHSRSAKYFFQTW, 0.26
230E12I21, WYHEEQQQNWLEWNSRVRHSRSAKYFFQTR, 0.22
230E13I30, SYHEEQQQNWLEWNSRVRHSRSAKYFFQTR, 0.19
230E14I32, SYHEEQQQNWLEWNSRVHHSRSAKYFFQTR, 0.18
230E15I36, SYHEEQQQNWLELNSRVHHSRSAKYFFQTR, 0.16
230E16I41, SYHEEQQQNWLELNDRVHHSRSAKYFFQTR, 0.15
230E17I45, SYHEEQQQNWLELNDRVHHFRSAKYFFQTR, 0.14
230E18I49, SYHEEQQQNKLELNDRVHHFRSAKYFFQTR, 0.12
230E19I58, SYHEEQQQNKLELNDRVHHFREAKYFFQTR, 0.07
230E20I73, SYHEEQQQNKYELNDRVHHFREAKYFFQTR, 0.06
230E21I124, SYHEEQQQNKYELNDRVHHFREAKYDFQTR, 0.04
230E22I171, SYHEEQQQNKYELNPRVHHFREAKYDFQTR, 0.03
