302E0I0, SYAPAWYAIYQRNDATQPPPKRGRHAQTDT, 0.37
302E1I1, SYAPAPYAIYQRNDATQPPPKRGRHAQTDT, 0.33
302E2I5, SYAPAPYAIYQRNDATQPPDKRGRHAQTDT, 0.31
302E3I6, SYAPAPYAIYQRNDATQPPDKEGRHAQTDT, 0.24
302E4I32, SYAPAPDAIYQRNDATQPPDKEGRHAQTDT, 0.23
302E5I33, SYAPAPDAIYQRNDATQPPDKEGRHEQTDT, 0.19
302E6I36, SYAPAPDWIYQRNDATQPPDKEGRHEQTDT, 0.16
302E7I41, SYAPAPDWIYARNDATQPPDKEGRHEQTDT, 0.14
302E8I44, SYAPAPDWIYARNDVTQPPDKEGRHEQTDT, 0.12
302E9I54, SYAPAYDWIYARNDVTQPPDKEGRHEQTDT, 0.11
302E10I59, SYAPAYDWIYARNDVTQQPDKEGRHEQTDT, 0.1
302E11I74, SYAPAYDWIYARNDVSQQPDKEGRHEQTDT, 0.08
302E12I84, SYAPAYDWIYARNDVSQQPDKEGYHEQTDT, 0.07
