19E0I0, IEPGQGLAYYAKHTLTVLWVLVWQEFANQY, 0.3
19E1I2, IEPGQGLAYYAKHTLTVLDVLVWQEFANQY, 0.27
19E2I4, IEPGQGLAYYAKHTLTVLDVLVWQEFANIY, 0.26
19E3I5, IEPGQGEAYYAKHTLTVLDVLVWQEFANIY, 0.25
19E4I9, IEPGQGEAYVAKHTLTVLDVLVWQEFANIY, 0.23
19E5I13, IEPGQGEEYVAKHTLTVLDVLVWQEFANIY, 0.22
19E6I31, IEVGQGEEYVAKHTLTVLDVLVWQEFANIY, 0.2
19E7I32, IEVGQGEEYVAKHVLTVLDVLVWQEFANIY, 0.19
19E8I42, IEVGQGEEYVAKHVLTVLDFLVWQEFANIY, 0.18
19E9I43, IEVGQGEEYVAKHVLGVLDFLVWQEFANIY, 0.16
19E10I45, IEVGQGEEYVAKHQLGVLDFLVWQEFANIY, 0.15
19E11I47, IEVGQGEEYVAKHQLGVLDFLVWQEEANIY, 0.12
19E12I49, IEVGQGEEYVAKHQLGVLDFLVWQEEDNIY, 0.11
19E13I53, IEVGQGEEYVAKHQLGVLDFLVWQEEDNIK, 0.1
19E14I72, IEVGQGEEQVAKHQLGVLDFLVWQEEDNIK, 0.09
19E15I82, IEVGQGEESVAKHQLGVLDFLVWQEEDNIK, 0.08
19E16I103, IEVGQGEESVAKHQLGVLDLLVWQEEDNIK, 0.07
19E17I160, IESGQGEESVAKHQLGVLDLLVWQEEDNIK, 0.06
19E18I186, IESKQGEESVAKHQLGVLDLLVWQEEDNIK, 0.05
