174E0I0, DHYHEDFHFWTITHTWKHSHRPIIPHFDPP, 0.51
174E1I6, DHYHEDFHDWTITHTWKHSHRPIIPHFDPP, 0.49
174E2I10, DHYHEDFHDWTITHTWKHSHRPIIRHFDPP, 0.48
174E3I14, DHYHEDFHDWTITHTWKHSHRPIIRPFDPP, 0.45
174E4I15, DHYHEDFHDWTITHTWKHSHRPIIRPFFPP, 0.41
174E5I18, DHYHEDFHDWTITHIWKHSHRPIIRPFFPP, 0.35
174E6I20, DHYHEKFHDWTITHIWKHSHRPIIRPFFPP, 0.3
174E7I34, DHYHEKFEDWTITHIWKHSHRPIIRPFFPP, 0.26
174E8I35, DHYHEKFEDWTITHIWKHSHRPIIRNFFPP, 0.25
174E9I39, DHYHEKFEDWTITHIWKHSYRPIIRNFFPP, 0.22
174E10I59, DHYHEKFEDWTITHIWKHSYRPIHRNFFPP, 0.2
174E11I76, DHYHEKFEDWTITHIWKHSYRPISRNFFPP, 0.19
174E12I79, DHYHEKFEDWTITHIWKHSYTPISRNFFPP, 0.18
174E13I98, DHYHEKFEDWTITHIWWHSYTPISRNFFPP, 0.15
174E14I118, DHYHEKFEDWTITHIWWHSYTPISRNFFQP, 0.11
174E15I119, DHYHEKFEDWTIQHIWWHSYTPISRNFFQP, 0.1
174E16I134, DHYHEKFEDWTIQIIWWHSYTPISRNFFQP, 0.09
174E17I152, DHYHEKFEDWTIQIIWWHSTTPISRNFFQP, 0.08
