434E0I0, LWFQVLKFYHTRTTFGHRWPGFRKAHGYRE, 0.51
434E1I1, LWFQVLKFYHTRTTFGHRWPGFRKHHGYRE, 0.43
434E2I2, LWFQVLKFYHTRTTFGHRWPGFRKHEGYRE, 0.37
434E3I10, LWFQVLKFYHTRTTFWHRWPGFRKHEGYRE, 0.34
434E4I13, LWFQVLKFYHTRTTVWHRWPGFRKHEGYRE, 0.31
434E5I14, LWFQVLKIYHTRTTVWHRWPGFRKHEGYRE, 0.28
434E6I18, LWFQVLKIYHTRTTVWFRWPGFRKHEGYRE, 0.27
434E7I19, LWFQVLKIYHTRTTVWFRQPGFRKHEGYRE, 0.22
434E8I22, LWFQVLKIYHTRTTVWGRQPGFRKHEGYRE, 0.21
434E9I27, LWFQVLKIYDTRTTVWGRQPGFRKHEGYRE, 0.16
434E10I28, LWFQVLKIYDTRTTVWGRQPGFRKHEGYRF, 0.14
434E11I45, LWFQLLKIYDTRTTVWGRQPGFRKHEGYRF, 0.1
434E12I66, LWFQLLKIYDTRTTVWGQQPGFRKHEGYRF, 0.04
