210E0I0, HKQDFEKSYHNSNFPGTQNVVPEKTAKPGR, 0.27
210E1I6, HKQDFEKSYHNSNQPGTQNVVPEKTAKPGR, 0.21
210E2I12, HKQDFEKSYHNSNQPGTQNVVPEKTAKIGR, 0.19
210E3I21, HKQDFEKSYHNWNQPGTQNVVPEKTAKIGR, 0.18
210E4I24, HKQDFEKSYHNWNQPGTQRVVPEKTAKIGR, 0.13
210E5I29, HKQSFEKSYHNWNQPGTQRVVPEKTAKIGR, 0.11
210E6I39, HKQSFEKSYHNWNQPGTQRVVPEKTAKLGR, 0.09
210E7I43, HKQSFEKSYFNWNQPGTQRVVPEKTAKLGR, 0.08
210E8I47, HKQSFEKSYFNWNQPGTQRVGPEKTAKLGR, 0.07
210E9I79, HKQSFEKSYFNWNQPGTQRVPPEKTAKLGR, 0.06
210E10I84, HKQSFEKSYFNWNQPGTQRVQPEKTAKLGR, 0.05
