47E0I0, GVTTVTAYKQHWTPGFPEFYTVGNVRLDLG, 0.47
47E1I3, GVTTVTTYKQHWTPGFPEFYTVGNVRLDLG, 0.42
47E2I5, GVTTVTTYKQHWTPGFPEFYTVGNWRLDLG, 0.36
47E3I7, GVTTVTTYKQDWTPGFPEFYTVGNWRLDLG, 0.27
47E4I16, GVTTVTTYKQDWTPGFPEFYTEGNWRLDLG, 0.26
47E5I17, GVTTVTTYKQDWTPGFPELYTEGNWRLDLG, 0.25
47E6I20, GVTTVTTYKQDWTPGFPELYTEGNWRLDLN, 0.24
47E7I22, GVTTVTTYKQDWTPGFPELYTEGWWRLDLN, 0.23
47E8I28, GVTTVTTYKQDWTPGPPELYTEGWWRLDLN, 0.22
47E9I30, GVTTVTTYKQDWTPGPPELYTEGWFRLDLN, 0.19
47E10I33, GVTTVTTYKIDWTPGPPELYTEGWFRLDLN, 0.18
47E11I43, GVTTVTTYKIDWTPEPPELYTEGWFRLDLN, 0.15
47E12I53, GVTTVTTYKIDWTPEPPEIYTEGWFRLDLN, 0.14
47E13I55, GVTTVATYKIDWTPEPPEIYTEGWFRLDLN, 0.13
47E14I94, GVTTVATYKIDWNPEPPEIYTEGWFRLDLN, 0.12
47E15I100, GVTTVATYKIDWNPQPPEIYTEGWFRLDLN, 0.1
47E16I108, GVTTVATYKIDWNPQPPEIYTEGWFRLDLE, 0.09
47E17I111, GVTTVATYLIDWNPQPPEIYTEGWFRLDLE, 0.08
47E18I123, GVTTVATYLIDWNPQPPEIYTEGWFRLDLL, 0.07
47E19I158, GVTTVATYLIDWNPQPEEIYTEGWFRLDLL, 0.06
47E20I176, GVTTVATYLIDWNPQPENIYTEGWFRLDLL, 0.05
47E21I259, GVYTVATYLIDWNPQPENIYTEGWFRLDLL, 0.04
47E22I320, GVYTVATYLEDWNPQPENIYTEGWFRLDLL, 0.03
