36E0I0, VTHDVLAADYTYTWTLNDVDASFEVYFISS, 0.26
36E1I3, VTHDVLAAQYTYTWTLNDVDASFEVYFISS, 0.25
36E2I4, VTHDVLAAQYTRTWTLNDVDASFEVYFISS, 0.24
36E3I10, VTHKVLAAQYTRTWTLNDVDASFEVYFISS, 0.22
36E4I15, VTHKVLAAQYTRTVTLNDVDASFEVYFISS, 0.19
36E5I24, VTHKVLAAQYTREVTLNDVDASFEVYFISS, 0.18
36E6I41, VTGKVLAAQYTREVTLNDVDASFEVYFISS, 0.15
36E7I43, VTGKVLAAQYTVEVTLNDVDASFEVYFISS, 0.14
36E8I48, VTGKVLNAQYTVEVTLNDVDASFEVYFISS, 0.12
36E9I57, VTGYVLNAQYTVEVTLNDVDASFEVYFISS, 0.09
36E10I78, WTGYVLNAQYTVEVTLNDVDASFEVYFISS, 0.08
36E11I79, WTGYVLNAQYTVEVTLNDVDTSFEVYFISS, 0.06
36E12I123, WTGYVLNALYTVEVTLNDVDTSFEVYFISS, 0.05
36E13I127, WTGYVANALYTVEVTLNDVDTSFEVYFISS, 0.04
