364E0I0, KNTEKIDIVQRDYHHRVPKIIHNRRVIQRI, 0.34
364E1I3, KNNEKIDIVQRDYHHRVPKIIHNRRVIQRI, 0.32
364E2I4, KNNEKIDIVQRDYHHRVPKIRHNRRVIQRI, 0.29
364E3I6, KNNEKIDIVQRDYHHRVPKIRHKRRVIQRI, 0.25
364E4I7, KNNEKIDIVQRDYHHRVPKIRHKRRVGQRI, 0.2
364E5I8, KNNEKIDIVQRDYHHRVPKIRHKSRVGQRI, 0.18
364E6I17, KNNEKFDIVQRDYHHRVPKIRHKSRVGQRI, 0.15
364E7I21, KNNEKFDIVQRDYHHRVPKIREKSRVGQRI, 0.14
364E8I26, KNNEKFDIVQRDYHHRVPKIREKSRVGTRI, 0.13
364E9I36, KNNEKFDIVQRDYHHRVPKIREKSRVGTRD, 0.12
364E10I41, KNNEKFDIVQRDYHRRVPKIREKSRVGTRD, 0.11
364E11I54, KNNEKFDIVQRDYHRRVPKIRELSRVGTRD, 0.1
364E12I56, KNNEKFDIVSRDYHRRVPKIRELSRVGTRD, 0.09
364E13I76, KNNEKFDIVSRDYHRKVPKIRELSRVGTRD, 0.08
364E14I86, KNNEKFDIVSRDYHRKVHKIRELSRVGTRD, 0.07
