88E0I0, PKPVWGNPPPWIALQLITIYTFPSAHPAEV, 0.35
88E1I3, PKPVWGNPPPWIALQLITIYTNPSAHPAEV, 0.29
88E2I4, PKPVWGNPPPRIALQLITIYTNPSAHPAEV, 0.27
88E3I5, PKPVWGNPPPRIALQLITIYTNPSAHPKEV, 0.2
88E4I35, PTPVWGNPPPRIALQLITIYTNPSAHPKEV, 0.18
88E5I42, PQPVWGNPPPRIALQLITIYTNPSAHPKEV, 0.17
88E6I50, TQPVWGNPPPRIALQLITIYTNPSAHPKEV, 0.16
88E7I57, TQPIWGNPPPRIALQLITIYTNPSAHPKEV, 0.13
88E8I80, FQPIWGNPPPRIALQLITIYTNPSAHPKEV, 0.12
88E9I87, FQPIWGNPPPRIILQLITIYTNPSAHPKEV, 0.1
88E10I137, FQPIWGNPPPRIIFQLITIYTNPSAHPKEV, 0.09
