242E0I0, VWWRSTENGRGREETFQVADWNDLVGSFQR, 0.38
242E1I1, VWWRSTENGRGREETAQVADWNDLVGSFQR, 0.36
242E2I2, VWWRDTENGRGREETAQVADWNDLVGSFQR, 0.28
242E3I8, VWWRDTENGRGREETAQVADWNDLVGSRQR, 0.26
242E4I11, VWWRDTENGRGREETHQVADWNDLVGSRQR, 0.25
242E5I20, VWWRDTENGRGREEWHQVADWNDLVGSRQR, 0.21
242E6I24, VWWRDTENGRGREEWHQVADWNDLVGARQR, 0.2
242E7I28, VWWRDTENGRGREEWHQVADWNDLVGAPQR, 0.18
242E8I40, VWWRDNENGRGREEWHQVADWNDLVGAPQR, 0.14
242E9I80, VWWRDNENGRGREEWHQVADWLDLVGAPQR, 0.13
242E10I92, VWWRDNENGRGREEWHQVHDWLDLVGAPQR, 0.11
242E11I97, VWWRDNENGRGREEWHGVHDWLDLVGAPQR, 0.1
242E12I100, VWWRDNENGRGREEWHGVHDWLDLVIAPQR, 0.09
242E13I105, VWWRDNENGRGREEWHYVHDWLDLVIAPQR, 0.07
