82E0I0, IVYIIAKWVAYQFHTLHQIFRTPHHNHTQP, 0.41
82E1I2, IVYIIAKWVAYQFHTLHQIFRTPHFNHTQP, 0.39
82E2I3, IVYIIAKWVAYQFHTLHQIFRTPDFNHTQP, 0.36
82E3I6, IVYIIAKWVAYQFNTLHQIFRTPDFNHTQP, 0.3
82E4I7, IVYIIAKWVAYQFNTLHQIFRTPDFNFTQP, 0.26
82E5I12, IVYIIAKWVLYQFNTLHQIFRTPDFNFTQP, 0.24
82E6I18, IVYIIAKWTLYQFNTLHQIFRTPDFNFTQP, 0.22
82E7I20, IVYIIAKWTLYQFNTDHQIFRTPDFNFTQP, 0.17
82E8I30, PVYIIAKWTLYQFNTDHQIFRTPDFNFTQP, 0.16
82E9I36, PVYIIAKWTLYQFNTDHQIFRTPDFVFTQP, 0.14
82E10I96, PVYIIAKWTLYQFNTDHQIFRTPDSVFTQP, 0.13
82E11I111, PVYIIAKWTLYQFNTDHQIFRTPISVFTQP, 0.12
82E12I198, PVYIIAKWTLYQFNTDHQIFRTPKSVFTQP, 0.11
82E13I233, PVYIIAKWTLYQFNTDHQIFRGPKSVFTQP, 0.1
82E14I249, PVYIIAKWTSYQFNTDHQIFRGPKSVFTQP, 0.09
82E15I283, PVYIIAKWTSYQFNTDHEIFRGPKSVFTQP, 0.07
82E16I318, PVYIIAKWTSYQFNTDHERFRGPKSVFTQP, 0.06
