151E0I0, REPKKTAQLRNLHRIDKQKAPSKYWTWNWD, 0.41
151E1I2, REPKKNAQLRNLHRIDKQKAPSKYWTWNWD, 0.35
151E2I3, REPKKNAQLRNLHRIDKQKAPSKGWTWNWD, 0.32
151E3I4, REPKKNAQLRNLHRIDKQKAPSKGWTLNWD, 0.26
151E4I9, REPKKNAGLRNLHRIDKQKAPSKGWTLNWD, 0.19
151E5I11, REPKKNAGLRNLYRIDKQKAPSKGWTLNWD, 0.17
151E6I19, REPKKNAGLRNLYRIDKRKAPSKGWTLNWD, 0.16
151E7I24, REPKKNAGLRNLKRIDKRKAPSKGWTLNWD, 0.15
151E8I27, REPKKNAGLRNLKRIDKRKAPSKGWTLNPD, 0.13
151E9I34, REPKKNAGLRNLKRIDKRKYPSKGWTLNPD, 0.12
151E10I42, REPKKNAGLRNLKRIDKRKQPSKGWTLNPD, 0.11
151E11I46, REPKKNAGLRNLKRIDKRKQTSKGWTLNPD, 0.09
151E12I58, REPKKNAGLRNLKGIDKRKQTSKGWTLNPD, 0.07
151E13I66, REPKKNAGLRNLKGIDKRKQTSKQWTLNPD, 0.06
151E14I96, REPKKNAGLRNLKGIDKRKQTSKQKTLNPD, 0.04
151E15I178, REPKKNAGLRNLKGIYKRKQTSKQKTLNPD, 0.03
