275E0I0, LIPLQSWPYWFILFQTNVDPRYWATSLLVG, 0.59
275E1I5, LIPLQSWPYWFILFQTNVDPRYWATILLVG, 0.57
275E2I11, LIPLQSWPYWGILFQTNVDPRYWATILLVG, 0.51
275E3I14, LIPLQSWPYWGILGQTNVDPRYWATILLVG, 0.5
275E4I22, LIPLQSWPYWGILGQTNVDPRYWATIPLVG, 0.48
275E5I25, LIPLQSWPYWGILGQTNVDPRYKATIPLVG, 0.44
275E6I29, LIPLQSWPEWGILGQTNVDPRYKATIPLVG, 0.37
275E7I30, LIPLQSWPEWGILGQTNVDPRYKATIPSVG, 0.36
275E8I31, LIPLQSWPEWGILGQTNVDPGYKATIPSVG, 0.32
275E9I36, LIPLQSWPEWGILGQTNVDPGYDATIPSVG, 0.29
275E10I40, LIPLQSWPEWGILGQTNVDPGYDQTIPSVG, 0.27
275E11I43, LIPLQSWPEWGILGQTNVDPGYDQTQPSVG, 0.25
275E12I63, LIPLQSWPEWGILGQTNVDPGYDQPQPSVG, 0.2
275E13I71, LIPLQSWPSWGILGQTNVDPGYDQPQPSVG, 0.19
275E14I77, LIPLQSWPSWGILGQGNVDPGYDQPQPSVG, 0.18
275E15I88, LIPLQSWPDWGILGQGNVDPGYDQPQPSVG, 0.16
275E16I91, LIPLQSAPDWGILGQGNVDPGYDQPQPSVG, 0.15
275E17I106, LIVLQSAPDWGILGQGNVDPGYDQPQPSVG, 0.13
275E18I110, LIVLQSAPDWGILGQGNKDPGYDQPQPSVG, 0.11
275E19I111, TIVLQSAPDWGILGQGNKDPGYDQPQPSVG, 0.08
275E20I114, TIVLQSAPDWGILGQGNKVPGYDQPQPSVG, 0.07
275E21I131, TIVFQSAPDWGILGQGNKVPGYDQPQPSVG, 0.06
275E22I210, TIVFQSAPDWGILGQGNKVPGYDQPQPIVG, 0.05
275E23I251, TIVFQSAKDWGILGQGNKVPGYDQPQPIVG, 0.04
