193E0I0, LIRQYSKPKKLDKSATREVGGPNTWHGDKV, 0.34
193E1I2, LIRQYSKPKKLDKSATREVGGINTWHGDKV, 0.25
193E2I8, LIRQYSKPKKLDKSATREVGGINPWHGDKV, 0.2
193E3I9, LIRQYSKPKKLDKSALREVGGINPWHGDKV, 0.19
193E4I10, LIRQYSKPKKLDKSELREVGGINPWHGDKV, 0.18
193E5I12, LIRQYSKPKKLDKSELREVGGINPWYGDKV, 0.16
193E6I20, LIRQYSKPKKLDKSELREVAGINPWYGDKV, 0.11
193E7I84, LIRQYSKPKKLDKSELREVAGINPWYGDIV, 0.1
193E8I117, LIRQYSKPKKLDKPELREVAGINPWYGDIV, 0.08
193E9I161, LIRQYNKPKKLDKPELREVAGINPWYGDIV, 0.07
193E10I170, LIRPYNKPKKLDKPELREVAGINPWYGDIV, 0.05
193E11I178, LIRPYNKPKKLDKPELREVAGINPVYGDIV, 0.04
193E12I246, FIRPYNKPKKLDKPELREVAGINPVYGDIV, 0.03
