426E0I0, TNADPENAILAQNYYHTHFGQEKDGNAPDV, 0.49
426E1I3, TNADPYNAILAQNYYHTHFGQEKDGNAPDV, 0.48
426E2I5, TNADPYNAILAQNYYHTHFGQEKDGNYPDV, 0.46
426E3I8, TNADPYNAILAQNYYHTHFGQEKDINYPDV, 0.45
426E4I12, TNADPSNAILAQNYYHTHFGQEKDINYPDV, 0.4
426E5I13, TNAPPSNAILAQNYYHTHFGQEKDINYPDV, 0.38
426E6I18, TSAPPSNAILAQNYYHTHFGQEKDINYPDV, 0.32
426E7I24, TSAPPSNAALAQNYYHTHFGQEKDINYPDV, 0.28
426E8I25, TSAPPSNAALAQNYYHKHFGQEKDINYPDV, 0.26
426E9I27, TSAPPSNAKLAQNYYHKHFGQEKDINYPDV, 0.24
426E10I33, TSAPPSNAKLAQLYYHKHFGQEKDINYPDV, 0.23
426E11I39, TSAPPSNAKLAQLYYHKHFGQEKDINGPDV, 0.22
426E12I40, TSAPNSNAKLAQLYYHKHFGQEKDINGPDV, 0.21
426E13I43, TSAPNSNAKLAQLYYHKHFGQEKDINGPDA, 0.2
426E14I56, TSAPNSNAKLAQLYYHKHFGQEEDINGPDA, 0.18
426E15I98, TSAPNSNAKLALLYYHKHFGQEEDINGPDA, 0.17
426E16I108, TSAPNSNAKLALLYYHKHFGQELDINGPDA, 0.16
426E17I112, TSAPNINAKLALLYYHKHFGQELDINGPDA, 0.15
426E18I117, TSAPNINAKLALLYYHKHFGQELDINGPDG, 0.14
426E19I122, TSAPNINAKLALLYYHKHGGQELDINGPDG, 0.13
426E20I124, TSAPNINAKLALLYYHKHGGQELDINGPDS, 0.12
426E21I138, TSAPNINAKLALLYYHKRGGQELDINGPDS, 0.1
