390E0I0, WPLFEINLKFYGTKLIDYEEQTYEYEQTPL, 0.32
390E1I2, WPLFEINLKFYGTKGIDYEEQTYEYEQTPL, 0.27
390E2I3, WPLFEINLKFYGTKGIDYEEQTYEWEQTPL, 0.26
390E3I4, WPFFEINLKFYGTKGIDYEEQTYEWEQTPL, 0.23
390E4I6, RPFFEINLKFYGTKGIDYEEQTYEWEQTPL, 0.2
390E5I11, RPFFEINHKFYGTKGIDYEEQTYEWEQTPL, 0.19
390E6I21, RPFFEINHKFYGTKYIDYEEQTYEWEQTPL, 0.18
390E7I31, RPFFEINHKFYGTKYIDYEEQTYEWEQTWL, 0.17
390E8I40, RPFFEINHKFYGTKYIDKEEQTYEWEQTWL, 0.13
390E9I43, RPFFEINHKFYGTKYYDKEEQTYEWEQTWL, 0.12
390E10I45, RPFFEINHKFYGTKYYDKEEQTYEWEQWWL, 0.1
390E11I47, RPDFEINHKFYGTKYYDKEEQTYEWEQWWL, 0.09
390E12I63, RPDFEINHKFYGTKYYDKEEQTYEWEQWTL, 0.07
