409E0I0, ASRWVTADYEWVTHTLDSVWTPVNGTGLAS, 0.38
409E1I2, ASRWVTADYEWVTHTLDSVWTPVNGTGLGS, 0.34
409E2I6, ASRWVTADYEWVTRTLDSVWTPVNGTGLGS, 0.32
409E3I7, ASRWVLADYEWVTRTLDSVWTPVNGTGLGS, 0.31
409E4I9, ASRWVLADYEWVTRTLDSVWTPVNGTGLVS, 0.29
409E5I10, ASRWVLADYEWFTRTLDSVWTPVNGTGLVS, 0.26
409E6I14, ASFWVLADYEWFTRTLDSVWTPVNGTGLVS, 0.24
409E7I15, ASFWVLKDYEWFTRTLDSVWTPVNGTGLVS, 0.21
409E8I18, ASFWVLKDYEWFTRTLDSVWTPDNGTGLVS, 0.18
409E9I24, ASFWVLKDYEWFTRTLDSVWTPDTGTGLVS, 0.14
409E10I35, ASFWVLKDYEWFTRTLDSVWTPDTGTGLES, 0.13
409E11I71, ASFWVLKDYEWFTRTLDSVWTPDTGEGLES, 0.12
409E12I80, ASFWVLKDYEWFTRTLDSVRTPDTGEGLES, 0.11
409E13I92, ASFWVLKQYEWFTRTLDSVRTPDTGEGLES, 0.09
409E14I129, ASFWVLKQYEWFTRTLDSVVTPDTGEGLES, 0.08
409E15I197, ASFWVLKQYFWFTRTLDSVVTPDTGEGLES, 0.07
409E16I229, ASFWVLKQRFWFTRTLDSVVTPDTGEGLES, 0.06
