270E0I0, PYINHRHISTAVQWLLGSAANETDWETFPK, 0.37
270E1I3, PYINHRHISTAVQWELGSAANETDWETFPK, 0.36
270E2I6, PYINHRSISTAVQWELGSAANETDWETFPK, 0.35
270E3I14, PYINHRSIATAVQWELGSAANETDWETFPK, 0.31
270E4I15, PYINHRSIATAVQWELGSADNETDWETFPK, 0.29
270E5I21, PYINHRSIATAVQWELGSADNETDWETFPV, 0.27
270E6I24, PYINHRSIAGAVQWELGSADNETDWETFPV, 0.23
270E7I27, PYINHRSIAGAVQWELGQADNETDWETFPV, 0.22
270E8I35, PYINHRSIAGAVQWELGQQDNETDWETFPV, 0.19
270E9I42, PYINHRSIAGAVQWELGQQDNETDWETVPV, 0.18
270E10I60, PYINHRSKAGAVQWELGQQDNETDWETVPV, 0.16
270E11I88, PYINHRSKAGAVQWELGQQDNETDFETVPV, 0.15
270E12I89, PYINHRSKAGAVQWELGQQFNETDFETVPV, 0.14
270E13I93, PYINHRSKAGAVQWELGQQFNETDFEQVPV, 0.12
270E14I116, PYINHRSKAGAVQWELGQQFNETDFEQQPV, 0.11
270E15I138, PYINHRSKAGLVQWELGQQFNETDFEQQPV, 0.09
270E16I140, PYINERSKAGLVQWELGQQFNETDFEQQPV, 0.08
270E17I146, PYINERSKAGLVQWELAQQFNETDFEQQPV, 0.07
270E18I147, PYINERSKAGLVGWELAQQFNETDFEQQPV, 0.06
