224E0I0, RKVFTPAQQLELVYKIKWNTPLSDRLVVLF, 0.32
224E1I1, RKVFTPAQQKELVYKIKWNTPLSDRLVVLF, 0.31
224E2I4, RKVFTPAQQKELVYKIKWNTPFSDRLVVLF, 0.28
224E3I10, RKVFTPAQQKELVYKIKWNTPFSARLVVLF, 0.21
224E4I11, RKVFTPPQQKELVYKIKWNTPFSARLVVLF, 0.17
224E5I12, SKVFTPPQQKELVYKIKWNTPFSARLVVLF, 0.14
224E6I24, SKVFTPPQQKELVYKIKWNTPFSARYVVLF, 0.12
224E7I26, SKVFTPPQQKELVYKIKWGTPFSARYVVLF, 0.1
224E8I34, SKVFTPPQQKELVYKIKWGTPFSAIYVVLF, 0.07
224E9I103, SKVFTPPQPKELVYKIKWGTPFSAIYVVLF, 0.06
224E10I131, SKVFTPQQPKELVYKIKWGTPFSAIYVVLF, 0.05
224E11I151, SKVFTPQQPKELVYKIKWGTPFSAIYVLLF, 0.04
224E12I162, AKVFTPQQPKELVYKIKWGTPFSAIYVLLF, 0.03
