90E0I0, RSYTGGFQPTPFESDNYTHFFSAYLKFNEN, 0.29
90E1I3, RSYTSGFQPTPFESDNYTHFFSAYLKFNEN, 0.21
90E2I4, RSYTSGFQPTPFESDNYTEFFSAYLKFNEN, 0.17
90E3I10, RSYTSGFQPTPFESDNYTEFFSAYLKQNEN, 0.16
90E4I11, RSYTSGFQPTNFESDNYTEFFSAYLKQNEN, 0.15
90E5I12, RSITSGFQPTNFESDNYTEFFSAYLKQNEN, 0.13
90E6I23, RSITSGFQPTNFESDNYTEFFSAYLKTNEN, 0.12
90E7I27, RSITSGFQPDNFESDNYTEFFSAYLKTNEN, 0.11
90E8I48, RSITSGFQPDNFESDNYTEIFSAYLKTNEN, 0.09
90E9I54, YSITSGFQPDNFESDNYTEIFSAYLKTNEN, 0.07
90E10I80, YSITSGFQPDNFESDNYEEIFSAYLKTNEN, 0.06
