58E0I0, WDRAFWPHKDYREVIGNFQPINQDQIDTFA, 0.35
58E1I3, WDRAFWPHKDYRKVIGNFQPINQDQIDTFA, 0.33
58E2I19, WDRAFWVHKDYRKVIGNFQPINQDQIDTFA, 0.32
58E3I28, LDRAFWVHKDYRKVIGNFQPINQDQIDTFA, 0.28
58E4I29, LDRAFWVHKDYRKVIGNFQPINQDWIDTFA, 0.26
58E5I33, LDRAFWVHKDYRKVIGIFQPINQDWIDTFA, 0.22
58E6I38, LDRAFWVSKDYRKVIGIFQPINQDWIDTFA, 0.19
58E7I40, LDRAFWVSKKYRKVIGIFQPINQDWIDTFA, 0.18
58E8I42, LDRAFWVSKKYRKVIGIFQPINYDWIDTFA, 0.16
58E9I44, LDRAFWVSKKYRKVIGIFQPINYDWIDSFA, 0.15
58E10I49, LDNAFWVSKKYRKVIGIFQPINYDWIDSFA, 0.13
58E11I61, LDNAEWVSKKYRKVIGIFQPINYDWIDSFA, 0.11
58E12I67, LDNAEWVSKKYNKVIGIFQPINYDWIDSFA, 0.1
58E13I81, LDNAEWVSKKYNKQIGIFQPINYDWIDSFA, 0.06
58E14I97, LDNAEWVSKKYNKQIGIFQPIQYDWIDSFA, 0.05
