475E0I0, VFDFIHPAAGKWYLEGALQEDVPQNQDSDE, 0.44
475E1I2, VFDFIHPAAGKWYLEGAWQEDVPQNQDSDE, 0.42
475E2I3, VFDFIHPAAGKWYLEGAWQEDNPQNQDSDE, 0.41
475E3I4, VFDFIHPAAGKWYLEGAWVEDNPQNQDSDE, 0.4
475E4I5, VFDFIHPEAGKWYLEGAWVEDNPQNQDSDE, 0.36
475E5I8, VFDFIHPEAGKWYLEGAWVEKNPQNQDSDE, 0.33
475E6I11, VFDFIHPEAGKAYLEGAWVEKNPQNQDSDE, 0.27
475E7I13, VFDFIHPEAGKAYLEGLWVEKNPQNQDSDE, 0.22
475E8I18, VFDKIHPEAGKAYLEGLWVEKNPQNQDSDE, 0.18
475E9I25, VFDKIHPEAGKAYLEGLWVEKNPQNQDSDK, 0.17
475E10I26, VFSKIHPEAGKAYLEGLWVEKNPQNQDSDK, 0.16
475E11I28, GFSKIHPEAGKAYLEGLWVEKNPQNQDSDK, 0.15
475E12I30, GFSKIHPEAGKAYLEGLWVEKNPQKQDSDK, 0.14
475E13I55, GFSKIHPEAGKAYLEGLWHEKNPQKQDSDK, 0.12
475E14I89, GFSKIHPEAGKAYLEGLWHEKNPQKQDTDK, 0.1
475E15I115, GFSKIHKEAGKAYLEGLWHEKNPQKQDTDK, 0.09
475E16I118, GYSKIHKEAGKAYLEGLWHEKNPQKQDTDK, 0.07
475E17I123, GYSKIHKEAGKPYLEGLWHEKNPQKQDTDK, 0.06
475E18I134, GYSKIHKEAGKPYLEGLWHEKNPQKIDTDK, 0.05
475E19I211, GYSKIHKEAGKPYLLGLWHEKNPQKIDTDK, 0.04
475E20I226, GYFKIHKEAGKPYLLGLWHEKNPQKIDTDK, 0.03
