245E0I0, SKTDNFQYYNPNKQVIGIPRWKHAGLKRPR, 0.28
245E1I5, SKTDNFQYYNPNKQVIGIFRWKHAGLKRPR, 0.23
245E2I7, SKTDNFQYYNPNKQVIGIFRWKHAGIKRPR, 0.22
245E3I9, SKTDNFQYYNPNKQVIGIFRWKHAGIKRER, 0.21
245E4I10, SKTDNFQYYNPNKNVIGIFRWKHAGIKRER, 0.2
245E5I18, SKTDNLQYYNPNKNVIGIFRWKHAGIKRER, 0.15
245E6I21, SKTDNLQYYNPNKNVIGYFRWKHAGIKRER, 0.12
245E7I32, SKTDNLDYYNPNKNVIGYFRWKHAGIKRER, 0.1
245E8I100, SKTDNLDYYNPNKNVIGYFRWKVAGIKRER, 0.08
245E9I123, SKTDNLDYYNPNKNGIGYFRWKVAGIKRER, 0.07
245E10I160, SKTDNLDYYNPNKNYIGYFRWKVAGIKRER, 0.06
245E11I221, SKTDNLDYYNPDKNYIGYFRWKVAGIKRER, 0.04
245E12I314, SKTDNLDYYNPDKNYDGYFRWKVAGIKRER, 0.03
245E13I330, SKTDNLDYYNPDKNYDGYFEWKVAGIKRER, 0.02
245E14I345, SKTDNLDYYNPDKNYDGYFEWKIAGIKRER, 0.01
