458E0I0, GYFTFYKWRRERDYVIARHSQINNWTHATR, 0.42
458E1I1, GYFTFYKFRRERDYVIARHSQINNWTHATR, 0.39
458E2I2, GYGTFYKFRRERDYVIARHSQINNWTHATR, 0.34
458E3I3, GYGTFYKFRRERDYVIARHSQINNWTYATR, 0.32
458E4I4, GYGTFTKFRRERDYVIARHSQINNWTYATR, 0.3
458E5I7, PYGTFTKFRRERDYVIARHSQINNWTYATR, 0.29
458E6I9, PYGTFTKFRREQDYVIARHSQINNWTYATR, 0.23
458E7I14, PYGTFTKFRREQDYVIYRHSQINNWTYATR, 0.21
458E8I17, PYGTFTKFNREQDYVIYRHSQINNWTYATR, 0.19
458E9I24, PYGTFTKFNVEQDYVIYRHSQINNWTYATR, 0.17
458E10I35, PYGTFTVFNVEQDYVIYRHSQINNWTYATR, 0.14
458E11I55, PYGTFTVFNVEQDYVIYRGSQINNWTYATR, 0.12
458E12I94, PYGVFTVFNVEQDYVIYRGSQINNWTYATR, 0.11
458E13I123, PYGVFTVFNVEQDYVIYRGSQINNWNYATR, 0.1
458E14I147, PYGVFTVFNVEQDYVIYRGSQINNWNVATR, 0.09
458E15I150, PYGVFTVFNVEQDYVIYRGSQINNWNVTTR, 0.08
458E16I176, PWGVFTVFNVEQDYVIYRGSQINNWNVTTR, 0.06
458E17I179, PWGVFTVFNVEQPYVIYRGSQINNWNVTTR, 0.04
