358E0I0, ERHLPHFRLVHVILAVEFPPKPTVGFHFAS, 0.54
358E1I1, ERHLKHFRLVHVILAVEFPPKPTVGFHFAS, 0.53
358E2I3, ERHLKHFRLDHVILAVEFPPKPTVGFHFAS, 0.48
358E3I4, ERHLKHFRLDHVILAVEFPPKPTVGFEFAS, 0.42
358E4I6, ERHLKHFRLDHVILAVEFPPKRTVGFEFAS, 0.34
358E5I9, ERHLKHFRLDHVILAVEFPPKRTVTFEFAS, 0.32
358E6I14, ERHLKHFRLDHVILQVEFPPKRTVTFEFAS, 0.31
358E7I23, ERHLKHFRLDHVINQVEFPPKRTVTFEFAS, 0.27
358E8I24, ERHLKHFRLDHVINLVEFPPKRTVTFEFAS, 0.25
358E9I27, ERLLKHFRLDHVINLVEFPPKRTVTFEFAS, 0.24
358E10I28, ERLLKHLRLDHVINLVEFPPKRTVTFEFAS, 0.22
358E11I32, ERLLKHLRLPHVINLVEFPPKRTVTFEFAS, 0.21
358E12I38, ERLLKHLRLPHVINLVEFIPKRTVTFEFAS, 0.17
358E13I40, ERLLKHLRLPHVINLVEFIPKRTVDFEFAS, 0.16
358E14I55, ERLLKHLNLPHVINLVEFIPKRTVDFEFAS, 0.15
358E15I66, ERLLKHLNLPHVINLVEFIPKRTVDFEQAS, 0.12
358E16I83, ERKLKHLNLPHVINLVEFIPKRTVDFEQAS, 0.11
358E17I92, ERKLKHLNLPVVINLVEFIPKRTVDFEQAS, 0.1
358E18I104, ERKLKHLNLVVVINLVEFIPKRTVDFEQAS, 0.09
358E19I124, ERKLKHANLVVVINLVEFIPKRTVDFEQAS, 0.08
358E20I126, ERKLKHANLVVVINLVEFIPKRTVDFEYAS, 0.07
358E21I139, ERKLKHANLVVVINLVEDIPKRTVDFEYAS, 0.05
358E22I172, ERKLKHANLVVVINLVEDNPKRTVDFEYAS, 0.04
