421E0I0, QHNWFWYHQFKQSPPWHYGFDRNGGFPLDA, 0.48
421E1I2, QHNWFWYHQFKQSPPWHYGFDREGGFPLDA, 0.45
421E2I5, QHNWFWYHQSKQSPPWHYGFDREGGFPLDA, 0.42
421E3I6, QHNWFWYHQSKQSPDWHYGFDREGGFPLDA, 0.36
421E4I7, QHNWFWYHQSKQSPDWHYGTDREGGFPLDA, 0.35
421E5I12, QHNWFWYHQSKQSPDWHYKTDREGGFPLDA, 0.31
421E6I14, QHNWFWYHQSKQSPDWHYKTDGEGGFPLDA, 0.29
421E7I15, QHNWFWYHQSKQSPDWHYKTDGEGGFSLDA, 0.26
421E8I18, QHNWFWYHQSKQSPDWHYKTDGVGGFSLDA, 0.23
421E9I20, QHNWFWYHQSKTSPDWHYKTDGVGGFSLDA, 0.21
421E10I28, NHNWFWYHQSKTSPDWHYKTDGVGGFSLDA, 0.2
421E11I40, NHNWWWYHQSKTSPDWHYKTDGVGGFSLDA, 0.18
421E12I45, NKNWWWYHQSKTSPDWHYKTDGVGGFSLDA, 0.14
421E13I49, NKNWWWDHQSKTSPDWHYKTDGVGGFSLDA, 0.12
421E14I51, NKNWWWDHQSKTSPDWHYKTDGVGSFSLDA, 0.11
421E15I54, NKNWWWDHVSKTSPDWHYKTDGVGSFSLDA, 0.09
421E16I63, NKNWWWDHVSKTSPDWHYKTDGTGSFSLDA, 0.08
421E17I81, NKNWWWDHVSKTSPDWKYKTDGTGSFSLDA, 0.07
421E18I91, NKNKWWDHVSKTSPDWKYKTDGTGSFSLDA, 0.06
421E19I112, NKNKWWDHVSKTSLDWKYKTDGTGSFSLDA, 0.05
421E20I168, NKNKWWDHVSKTSLDWKYKTDYTGSFSLDA, 0.04
421E21I172, NKNDWWDHVSKTSLDWKYKTDYTGSFSLDA, 0.03
