72E0I0, DIFYEFIDQKTGIPRIGYTFVFGINVGEIQ, 0.33
72E1I1, DIFYEFIDQKTGIPRIGYTFVFGINVGEIW, 0.3
72E2I6, DIFYEFIDTKTGIPRIGYTFVFGINVGEIW, 0.29
72E3I21, DIFYEFIDTKTGIPRIGYTFVFGINGGEIW, 0.26
72E4I22, DIFYEFIDTDTGIPRIGYTFVFGINGGEIW, 0.23
72E5I23, DIFYEFIDTDTGIPRIGYTFVFGINGGLIW, 0.22
72E6I54, DIFYEFIDTDTGIPRIGYTTVFGINGGLIW, 0.2
72E7I55, DIFYEPIDTDTGIPRIGYTTVFGINGGLIW, 0.19
72E8I62, DIFYEPIDTDTGGPRIGYTTVFGINGGLIW, 0.18
72E9I82, DIFYEPIDTDLGGPRIGYTTVFGINGGLIW, 0.17
72E10I117, DIFYEPIDTDLGGPRIGYTTVFGINGELIW, 0.13
72E11I132, DIFYEPIDTDLGGPRIWYTTVFGINGELIW, 0.11
72E12I167, DIFNEPIDTDLGGPRIWYTTVFGINGELIW, 0.07
72E13I194, DIFNEPIDTDLGEPRIWYTTVFGINGELIW, 0.06
72E14I243, DIFNEYIDTDLGEPRIWYTTVFGINGELIW, 0.05
