164E0I0, QYHDGEPAEFHSTGRPTRGVSGKTFEEVWV, 0.33
164E1I2, QYHDGEPAEFHQTGRPTRGVSGKTFEEVWV, 0.31
164E2I9, QYHDGEPAEFHQTGRPTRQVSGKTFEEVWV, 0.3
164E3I24, QYHPGEPAEFHQTGRPTRQVSGKTFEEVWV, 0.29
164E4I27, QYHPGEPAEFHQTGRPTRQVSGKTFEEGWV, 0.27
164E5I33, QYHPGEPAEFHQTGRPTRVVSGKTFEEGWV, 0.24
164E6I34, QYHPGEPAEFHQTGRPTRVVSGKTFESGWV, 0.23
164E7I42, QYHPFEPAEFHQTGRPTRVVSGKTFESGWV, 0.2
164E8I50, QYHPFEPAEFHQTGRPTRVVSGKTFKSGWV, 0.18
164E9I51, QYHPFEPAEFHQPGRPTRVVSGKTFKSGWV, 0.17
164E10I59, QYHPFEPAEFHQPGRPTRVVSGKHFKSGWV, 0.15
164E11I86, QYHPFERAEFHQPGRPTRVVSGKHFKSGWV, 0.14
164E12I87, QYHPFERAEFHQPFRPTRVVSGKHFKSGWV, 0.13
164E13I91, QYHPFERAEFHQPFRPTRVVSGKHFWSGWV, 0.12
164E14I93, QYHPFERAKFHQPFRPTRVVSGKHFWSGWV, 0.11
164E15I109, QYHPFEEAKFHQPFRPTRVVSGKHFWSGWV, 0.1
164E16I142, QYHPFEEAKFHQPFRPTRVVSGKHFWSGWT, 0.09
164E17I201, QYHPFEELKFHQPFRPTRVVSGKHFWSGWT, 0.08
164E18I210, QYHPFEELKDHQPFRPTRVVSGKHFWSGWT, 0.06
164E19I218, QYHPFEELKDHQPFPPTRVVSGKHFWSGWT, 0.05
164E20I220, QYHPFEELKDHQPFEPTRVVSGKHFWSGWT, 0.03
