12E0I0, DDRGEDFHHEQTWGSFDFANQAKKVVEHIE, 0.42
12E1I1, DDRGEDFHHEQTWGSPDFANQAKKVVEHIE, 0.39
12E2I3, DDRGEDFHHEQSWGSPDFANQAKKVVEHIE, 0.38
12E3I4, DDRGEDFHHEQSWGSPDFANQAKKVVELIE, 0.34
12E4I5, DTRGEDFHHEQSWGSPDFANQAKKVVELIE, 0.33
12E5I6, DTRGEDFHHEQQWGSPDFANQAKKVVELIE, 0.31
12E6I7, DTRGEDFHHEQQWGSPDFANQAAKVVELIE, 0.29
12E7I19, DTRGEQFHHEQQWGSPDFANQAAKVVELIE, 0.27
12E8I24, DTRGEQFPHEQQWGSPDFANQAAKVVELIE, 0.24
12E9I25, DTRGEQFPHEQQWGSPDFANYAAKVVELIE, 0.22
12E10I34, DTRGEQFPHEQQWGNPDFANYAAKVVELIE, 0.19
12E11I36, DTRGEQFPHEQQWGNPDFANYAAKVAELIE, 0.17
12E12I37, DTRGEQFPHEQQWKNPDFANYAAKVAELIE, 0.15
12E13I59, DTRGEQFPHEQQWKNPDFANYAAKVYELIE, 0.12
12E14I70, DTRGEQFPHELQWKNPDFANYAAKVYELIE, 0.1
12E15I88, DTRGEQFPHELQWKNPDFANYRAKVYELIE, 0.09
12E16I89, DTRGEQFPHELQWKNPDFANYRAKVIELIE, 0.08
