125E0I0, TGPIINATIQQKAIASPHVDPDWYRFTQGN, 0.37
125E1I1, TGPIINATIQQKAIASVHVDPDWYRFTQGN, 0.35
125E2I2, TGPIINATIQQKASASVHVDPDWYRFTQGN, 0.33
125E3I6, TGPIINATIQQKASASVHVDPDWYRFTQDN, 0.32
125E4I7, TGPIINATIQQKASASVYVDPDWYRFTQDN, 0.24
125E5I24, TGPIINNTIQQKASASVYVDPDWYRFTQDN, 0.21
125E6I26, TGPIINNTIEQKASASVYVDPDWYRFTQDN, 0.19
125E7I27, TGPIINNTFEQKASASVYVDPDWYRFTQDN, 0.18
125E8I30, TGPIINNTFEQWASASVYVDPDWYRFTQDN, 0.17
125E9I35, TGPIINNTFEQWASASVYVDPDWYRFIQDN, 0.15
125E10I41, TGPIPNNTFEQWASASVYVDPDWYRFIQDN, 0.14
125E11I48, TGPIPNNTFEQWASGSVYVDPDWYRFIQDN, 0.13
125E12I56, TGPIPNNTFEQWASGSVYVDPDWYRFIWDN, 0.12
125E13I60, TGPIPNNTFEQWASGSVYVDLDWYRFIWDN, 0.11
125E14I74, TGPIPNNTFEQWASGSVYVDLDWQRFIWDN, 0.1
125E15I79, GGPIPNNTFEQWASGSVYVDLDWQRFIWDN, 0.09
125E16I93, GGPIPNNTFEQWASGSVYVDLDWQRKIWDN, 0.08
125E17I132, GGPIPNNWFEQWASGSVYVDLDWQRKIWDN, 0.07
125E18I138, GGPIPNNWFEQWGSGSVYVDLDWQRKIWDN, 0.06
125E19I170, GGPIFNNWFEQWGSGSVYVDLDWQRKIWDN, 0.05
125E20I189, GGPIFNNWFEQWGSGSVYVDLDWQQKIWDN, 0.04
125E21I279, GGPIFNIWFEQWGSGSVYVDLDWQQKIWDN, 0.03
125E22I312, GGPIFNIWFEQWGSGSVYVDLDWQQKIHDN, 0.02
