185E0I0, GVGYTRYLPRHDPEIQQYAWRQWDWKQDSQ, 0.36
185E1I4, GVGYTNYLPRHDPEIQQYAWRQWDWKQDSQ, 0.3
185E2I9, GVGWTNYLPRHDPEIQQYAWRQWDWKQDSQ, 0.29
185E3I17, GVGWTNYLPRHDPEIQQYAWREWDWKQDSQ, 0.26
185E4I20, GVGWTNYLPRHDPEIQQYAWREWDWKQDEQ, 0.19
185E5I24, GVGWTNYLPRHDPEIQQYAWHEWDWKQDEQ, 0.17
185E6I29, GVGFTNYLPRHDPEIQQYAWHEWDWKQDEQ, 0.15
185E7I36, GVGFTNYLPRHDTEIQQYAWHEWDWKQDEQ, 0.14
185E8I43, GVGFTNYLPRHDKEIQQYAWHEWDWKQDEQ, 0.1
185E9I67, GVGFTNYLPRHDNEIQQYAWHEWDWKQDEQ, 0.07
185E10I89, GVGFTNYLPRHDNEIQQYAWHEWDWKQVEQ, 0.06
185E11I137, GVGFTNYLPRHDNEIQQYAWHEWDWKQNEQ, 0.05
