334E0I0, VLRYVRFKAAHTVRLRNGHSIHDFGDLYGR, 0.51
334E1I1, VLRYDRFKAAHTVRLRNGHSIHDFGDLYGR, 0.5
334E2I3, VLRYDRFKAAHTVRLRWGHSIHDFGDLYGR, 0.49
334E3I7, VLRYDRFKAAHTVRLRLGHSIHDFGDLYGR, 0.48
334E4I13, VLRYDRFKAAHTVRLRLGGSIHDFGDLYGR, 0.46
334E5I15, VLYYDRFKAAHTVRLRLGGSIHDFGDLYGR, 0.37
334E6I18, VLYYDRFKAAHTVRLRLDGSIHDFGDLYGR, 0.35
334E7I19, VLYYDRFKAAHTVRLRLDGSIHDFGDRYGR, 0.33
334E8I23, VLYYDRFKAAHTVRLRLDGSIWDFGDRYGR, 0.31
334E9I26, VLYYDRFKAAATVRLRLDGSIWDFGDRYGR, 0.28
334E10I41, VLYYDRFKAAATVRLRLDGSIWDFGIRYGR, 0.25
334E11I42, VLYYDRFKSAATVRLRLDGSIWDFGIRYGR, 0.24
334E12I46, VLYYDRFKSAATVRLRLDGSIWDFGGRYGR, 0.22
334E13I59, VLYYDRFKSAATVRLRLDGSIWDWGGRYGR, 0.2
334E14I60, VLYYDRFKSAATVRLRLDGSIWDWGGRFGR, 0.18
334E15I65, VLYYSRFKSAATVRLRLDGSIWDWGGRFGR, 0.16
334E16I81, VLYYSRFKSARTVRLRLDGSIWDWGGRFGR, 0.15
334E17I84, VIYYSRFKSARTVRLRLDGSIWDWGGRFGR, 0.13
334E18I112, VIYYSRFKSARTVRLRLDGSPWDWGGRFGR, 0.12
334E19I161, VIYYSRFISARTVRLRLDGSPWDWGGRFGR, 0.11
