138E0I0, AGLWESHAIKLKPPPFWSFVKIQHLVSQPF, 0.38
138E1I5, AGLWESHAIKLKPPPFWSFVKIQKLVSQPF, 0.36
138E2I13, AGLWESHAIKLKPGPFWSFVKIQKLVSQPF, 0.35
138E3I17, AGLWESHAIKLKPGPFWSLVKIQKLVSQPF, 0.27
138E4I18, AGLWESHAIGLKPGPFWSLVKIQKLVSQPF, 0.23
138E5I20, AGLWESGAIGLKPGPFWSLVKIQKLVSQPF, 0.21
138E6I23, AGLDESGAIGLKPGPFWSLVKIQKLVSQPF, 0.16
138E7I24, AGLDESGAIGLKPGPFWSLVKIGKLVSQPF, 0.15
138E8I25, AGLDESGAIGLKPGPFWSLVKIRKLVSQPF, 0.14
138E9I30, AGLDESGAIGLKPGPFWSLVKINKLVSQPF, 0.11
138E10I47, AGLFESGAIGLKPGPFWSLVKINKLVSQPF, 0.1
138E11I53, AGTFESGAIGLKPGPFWSLVKINKLVSQPF, 0.09
138E12I76, AGTFESGAIGLKPGPFWSLVKINKLGSQPF, 0.08
138E13I89, AGTFESGAIGLKPGPFWSLVKINKLGFQPF, 0.06
138E14I128, AGSFESGAIGLKPGPFWSLVKINKLGFQPF, 0.04
