428E0I0, RDHKAAGFYFDIISNQVNFGQRHEHTGQAG, 0.43
428E1I3, RDHKAASFYFDIISNQVNFGQRHEHTGQAG, 0.4
428E2I5, RDHKAASKYFDIISNQVNFGQRHEHTGQAG, 0.35
428E3I6, RDHKAASKYFDIISNDVNFGQRHEHTGQAG, 0.34
428E4I10, LDHKAASKYFDIISNDVNFGQRHEHTGQAG, 0.3
428E5I12, LDHKAASKYFDNISNDVNFGQRHEHTGQAG, 0.28
428E6I13, LDHRAASKYFDNISNDVNFGQRHEHTGQAG, 0.27
428E7I15, LDHRAASKYFDNISNDVNFGQRHEFTGQAG, 0.25
428E8I16, LDHRAASKYRDNISNDVNFGQRHEFTGQAG, 0.23
428E9I22, LDHRAASKYRDNISNFVNFGQRHEFTGQAG, 0.22
428E10I25, LDHRAASKYRDNISNFVNFGQRHEYTGQAG, 0.2
428E11I31, LDHRAASKYRDNISNFVNFWQRHEYTGQAG, 0.19
428E12I32, LDHRAASKYRDNISNFVNFWQDHEYTGQAG, 0.18
428E13I35, LDHRAASKYLDNISNFVNFWQDHEYTGQAG, 0.17
428E14I41, LDHRAKSKYLDNISNFVNFWQDHEYTGQAG, 0.16
428E15I44, LDHRAKSPYLDNISNFVNFWQDHEYTGQAG, 0.15
428E16I52, LDHKAKSPYLDNISNFVNFWQDHEYTGQAG, 0.13
428E17I67, LDHKAKSPYLDNISNFQNFWQDHEYTGQAG, 0.11
428E18I81, LDHKAKSPYLDNISNFQNFWQDHEYTGQLG, 0.1
428E19I86, LDHKAKSPYLDNIWNFQNFWQDHEYTGQLG, 0.09
428E20I116, LDHKAKSPYLDNIWNFQLFWQDHEYTGQLG, 0.08
428E21I123, LDHKAQSPYLDNIWNFQLFWQDHEYTGQLG, 0.07
428E22I166, LDHKAQSQYLDNIWNFQLFWQDHEYTGQLG, 0.06
428E23I197, LDHKHQSQYLDNIWNFQLFWQDHEYTGQLG, 0.05
428E24I206, LDHKSQSQYLDNIWNFQLFWQDHEYTGQLG, 0.04
