108E0I0, PIILQSPPGKVPAVWSSGQRSEYNIIEQLH, 0.42
108E1I5, PIILQSPPGKVPSVWSSGQRSEYNIIEQLH, 0.4
108E2I8, PIILQSVPGKVPSVWSSGQRSEYNIIEQLH, 0.36
108E3I12, PIILQSVPGKVPSVWSSGQRSEYNIYEQLH, 0.35
108E4I14, PIILQSVPGKVPSVWSSGQRSEYNIYEQLN, 0.33
108E5I16, PIILQSVQGKVPSVWSSGQRSEYNIYEQLN, 0.32
108E6I20, PIILQSQQGKVPSVWSSGQRSEYNIYEQLN, 0.3
108E7I22, PFILQSQQGKVPSVWSSGQRSEYNIYEQLN, 0.26
108E8I24, PFILQSQQGKFPSVWSSGQRSEYNIYEQLN, 0.25
108E9I29, PFILQSQQGKFPSKWSSGQRSEYNIYEQLN, 0.21
108E10I34, PFILQSQQIKFPSKWSSGQRSEYNIYEQLN, 0.19
108E11I41, PFILQSQQIKFPSKWSSLQRSEYNIYEQLN, 0.18
108E12I42, PFILQSQQIKFPSKWTSLQRSEYNIYEQLN, 0.16
108E13I48, PFYLQSQQIKFPSKWTSLQRSEYNIYEQLN, 0.14
108E14I50, PFYLQSQQIKFPSKWTSFQRSEYNIYEQLN, 0.1
108E15I84, PFYLQSQQIKFYSKWTSFQRSEYNIYEQLN, 0.09
108E16I105, PFYLQSQQIKFYSKWTSFQRLEYNIYEQLN, 0.08
108E17I173, PFYLQSQQIKFYQKWTSFQRLEYNIYEQLN, 0.07
108E18I230, PFYLQSQQIKFYQKWTSFQFLEYNIYEQLN, 0.05
108E19I291, PFYLQPQQIKFYQKWTSFQFLEYNIYEQLN, 0.04
108E20I316, HFYLQPQQIKFYQKWTSFQFLEYNIYEQLN, 0.03
108E21I360, HFYLQPQQIKFYQKWTSFQPLEYNIYEQLN, 0.02
108E22I418, HFYLQPQKIKFYQKWTSFQPLEYNIYEQLN, 0.01
