297E0I0, SHHQALYNLFVTLKEGLFEDDANEEIFQGR, 0.21
297E1I1, SHHQALYNLFVTLKEGLNEDDANEEIFQGR, 0.2
297E2I11, SHHQALYNLFVTKKEGLNEDDANEEIFQGR, 0.19
297E3I13, SHHQALYNLFVTKKEGLNERDANEEIFQGR, 0.16
297E4I16, SHHQALYNLDVTKKEGLNERDANEEIFQGR, 0.13
297E5I25, SHHQALYNLDVTKKEGLNERDANEEIFQGV, 0.11
297E6I28, SHHQALYNLDVHKKEGLNERDANEEIFQGV, 0.1
297E7I38, SHHQALYNLDVHKKEGLNERDATEEIFQGV, 0.09
297E8I49, SHHQALYNLDVHKKEGLNELDATEEIFQGV, 0.08
297E9I56, SAHQALYNLDVHKKEGLNELDATEEIFQGV, 0.07
297E10I86, SAWQALYNLDVHKKEGLNELDATEEIFQGV, 0.06
297E11I90, SAWQALYNLDVHKKEGLNELDRTEEIFQGV, 0.05
297E12I103, SAWQAAYNLDVHKKEGLNELDRTEEIFQGV, 0.03
297E13I154, SAWQAPYNLDVHKKEGLNELDRTEEIFQGV, 0.02
297E14I250, SAWQAPYNLDVHKKEGLNNLDRTEEIFQGV, 0.01
