66E0I0, YKRYAWYKSIHIYNGFHNIVQIIWGQGKWN, 0.53
66E1I5, YKRYAWYKSIHIYNGFHVIVQIIWGQGKWN, 0.46
66E2I6, YKRYANYKSIHIYNGFHVIVQIIWGQGKWN, 0.45
66E3I7, YKRYANYKSIHIYNGFHVIVQIIWGQGKGN, 0.42
66E4I8, YKRYANYKNIHIYNGFHVIVQIIWGQGKGN, 0.34
66E5I10, YKRYANYKNGHIYNGFHVIVQIIWGQGKGN, 0.31
66E6I11, YKRYANEKNGHIYNGFHVIVQIIWGQGKGN, 0.28
66E7I12, YKRYANEKNGHIYNGFHVIVQIIWDQGKGN, 0.27
66E8I13, YKRYANEKNGHIYNGFHVIVQIIWDQGKGQ, 0.21
66E9I16, YKRYANEKNGHIYNGFHVIVFIIWDQGKGQ, 0.19
66E10I17, YKRYANEKNGHQYNGFHVIVFIIWDQGKGQ, 0.17
66E11I23, YKRYANEKNGGQYNGFHVIVFIIWDQGKGQ, 0.15
66E12I26, YKKYANEKNGGQYNGFHVIVFIIWDQGKGQ, 0.14
66E13I39, YKKYANEKNGGQYNGFHVIVFIIWDQGVGQ, 0.13
66E14I43, YKKYANEKNGGQYNGFHVIVFIIWDQGVDQ, 0.12
66E15I46, YKKYANEKNGGQYNGFHVIVFIIWDQGFDQ, 0.11
66E16I117, YKKYANEKNGGQYNGFRVIVFIIWDQGFDQ, 0.09
66E17I181, YKKYANEKNGGQYNGFRVIVFIIWDQGFDR, 0.08
66E18I199, EKKYANEKNGGQYNGFRVIVFIIWDQGFDR, 0.07
66E19I257, EKKYANEKNGGQYNGFRVIVFIIWFQGFDR, 0.06
66E20I292, EKKYANEKNGGQYNGFRVIVIIIWFQGFDR, 0.05
