55E0I0, HVDFNLLKHIKLINSAKEASSVHENIIAWW, 0.33
55E1I2, HVDFNLLKHIKLINSAKEQSSVHENIIAWW, 0.31
55E2I4, HDDFNLLKHIKLINSAKEQSSVHENIIAWW, 0.29
55E3I6, HDDFNLLKHIKLINSAKEQSSVHENEIAWW, 0.25
55E4I8, HDDFNLLKHIKLINSAKEQASVHENEIAWW, 0.23
55E5I13, HDDFNLLKHIKLINHAKEQASVHENEIAWW, 0.22
55E6I17, HDDFNLLKFIKLINHAKEQASVHENEIAWW, 0.21
55E7I19, HDDFNLLKFIKLINHAKNQASVHENEIAWW, 0.19
55E8I26, HDDFNLLKFIKLINHAKNYASVHENEIAWW, 0.18
55E9I32, HDDFNLLKFIKLINHAKNYASVHFNEIAWW, 0.14
55E10I33, HDDFNLLKFIKTINHAKNYASVHFNEIAWW, 0.13
55E11I51, HDDFNLLKFIKTINHAKNYASVHFNEIFWW, 0.11
55E12I57, HDDFNLLKFIKTINHAKNYVSVHFNEIFWW, 0.1
55E13I82, HDDFNLLKFIKTINYAKNYVSVHFNEIFWW, 0.09
55E14I89, HDDFNLLKFIKKINYAKNYVSVHFNEIFWW, 0.06
55E15I94, HDDFNLLKFIKKINYAKNYVSVHFNESFWW, 0.05
