447E0I0, ADDRAFSYVIQGKNENLFTNGKNWLYYEAT, 0.29
447E1I1, ADDRAFSYVIQGKNENVFTNGKNWLYYEAT, 0.23
447E2I3, ADLRAFSYVIQGKNENVFTNGKNWLYYEAT, 0.22
447E3I5, ADLRAFSYVIQGLNENVFTNGKNWLYYEAT, 0.21
447E4I7, SDLRAFSYVIQGLNENVFTNGKNWLYYEAT, 0.2
447E5I8, SDLVAFSYVIQGLNENVFTNGKNWLYYEAT, 0.17
447E6I26, SDLVAFSYVIQGLNENVFTNGKNTLYYEAT, 0.16
447E7I30, SDLVAFSYVIQGLNENVFTNGKNGLYYEAT, 0.15
447E8I33, SDLVAFSYVIQGLNENVFWNGKNGLYYEAT, 0.13
447E9I36, SDLVAFSYVIQVLNENVFWNGKNGLYYEAT, 0.11
447E10I39, SDLVAFSYVFQVLNENVFWNGKNGLYYEAT, 0.1
447E11I49, SDLVAFSYVFQVLNENVFWNGKNGLLYEAT, 0.08
447E12I61, SDLEAFSYVFQVLNENVFWNGKNGLLYEAT, 0.06
447E13I75, SALEAFSYVFQVLNENVFWNGKNGLLYEAT, 0.05
447E14I89, QALEAFSYVFQVLNENVFWNGKNGLLYEAT, 0.03
