83E0I0, YFSYQHDRPHWEGVKPSFNIDTGIAWGSLS, 0.39
83E1I3, YFSYQHDRPHKEGVKPSFNIDTGIAWGSLS, 0.34
83E2I5, FFSYQHDRPHKEGVKPSFNIDTGIAWGSLS, 0.33
83E3I6, FFSYQPDRPHKEGVKPSFNIDTGIAWGSLS, 0.27
83E4I7, FFSYQPDRPHKEGVKPSFNITTGIAWGSLS, 0.25
83E5I12, FFRYQPDRPHKEGVKPSFNITTGIAWGSLS, 0.24
83E6I14, DFRYQPDRPHKEGVKPSFNITTGIAWGSLS, 0.23
83E7I16, DFRYQPDRPSKEGVKPSFNITTGIAWGSLS, 0.21
83E8I20, DFRYQPDRPSEEGVKPSFNITTGIAWGSLS, 0.2
83E9I31, DHRYQPDRPSEEGVKPSFNITTGIAWGSLS, 0.19
83E10I43, DHRYQPDRPSEEGVAPSFNITTGIAWGSLS, 0.17
83E11I46, DHRYQPDRPSEEGVAPSFNRTTGIAWGSLS, 0.15
83E12I57, DHRYQPDRPSEEGVANSFNRTTGIAWGSLS, 0.12
83E13I59, DHRYQPDRPSEEGVANSFNRTTTIAWGSLS, 0.11
83E14I88, DHRYQPDRPSEEGVANSFNRTTTIAWTSLS, 0.09
83E15I91, DHRYQPDRPDEEGVANSFNRTTTIAWTSLS, 0.07
83E16I133, DHRYQPDRPDFEGVANSFNRTTTIAWTSLS, 0.04
83E17I149, DHRYQPDRPDFEGVANSFNRRTTIAWTSLS, 0.03
