54E0I0, NVKPTLQPKQYYNDNHVYQVSEHVVPLTYE, 0.38
54E1I6, NVKPTLQPKQYYNANHVYQVSEHVVPLTYE, 0.35
54E2I7, NVKPTLQPKQYYDANHVYQVSEHVVPLTYE, 0.3
54E3I9, NVKPTLQPKQQYDANHVYQVSEHVVPLTYE, 0.27
54E4I10, NVKNTLQPKQQYDANHVYQVSEHVVPLTYE, 0.26
54E5I11, NVKNTLQPKQQYDANDVYQVSEHVVPLTYE, 0.24
54E6I12, NVKNTLQPKQQYDANDVYQVSEVVVPLTYE, 0.22
54E7I14, NVKNTLQPKQQYDANDVYQVSEVVFPLTYE, 0.21
54E8I20, NVKNTLQPKQQYDANDVYQVSEVVRPLTYE, 0.2
54E9I21, NVKNTLQPKQQYDANDVYQVSGVVRPLTYE, 0.19
54E10I29, NVKNTLQPPQQYDANDVYQVSGVVRPLTYE, 0.18
54E11I33, NLKNTLQPPQQYDANDVYQVSGVVRPLTYE, 0.15
54E12I36, NLKNTKQPPQQYDANDVYQVSGVVRPLTYE, 0.14
54E13I40, NLKNPKQPPQQYDANDVYQVSGVVRPLTYE, 0.13
54E14I43, NLKNPKQPPQQYDANDVYYVSGVVRPLTYE, 0.12
54E15I65, NLKNEKQPPQQYDANDVYYVSGVVRPLTYE, 0.1
54E16I97, NLKNEKQPIQQYDANDVYYVSGVVRPLTYE, 0.09
54E17I98, NLKNEKQPIQQYDANDVYYVSKVVRPLTYE, 0.08
54E18I118, NLKNEKQPIQQYDANDQYYVSKVVRPLTYE, 0.07
54E19I160, NLKNEKQPIRQYDANDQYYVSKVVRPLTYE, 0.06
54E20I174, NLKNEKQPIRQYDANDQYYVSKKVRPLTYE, 0.05
54E21I181, NLKNEKQPIRQYDANDQYYVSKKVVPLTYE, 0.03
