470E0I0, QNIPSYGEYQQYYNRQNNGIHVDDFWVPLV, 0.43
470E1I4, QNIPSYGEYQQYYNRQNGGIHVDDFWVPLV, 0.41
470E2I6, QNIPSYGEYQQYYNRQNGGIHVDDFWVFLV, 0.37
470E3I7, QNIPSYGEYQQYYNSQNGGIHVDDFWVFLV, 0.36
470E4I16, QNIPSYGEYQQYYNSQNGGIHVDDFSVFLV, 0.33
470E5I17, QNIPSYGEYQQYYNSQNGGIHYDDFSVFLV, 0.3
470E6I18, QNIPSYGEYQQYYNSQNGGIHGDDFSVFLV, 0.29
470E7I20, QNIPSYGEYQQYYNSQNEGIHGDDFSVFLV, 0.26
470E8I21, QNIPSYGEYQQYYNSQPEGIHGDDFSVFLV, 0.22
470E9I24, QNIPSYGEYQQYYNEQPEGIHGDDFSVFLV, 0.15
470E10I41, QNIPSYGEYQQYYNEQPEGIYGDDFSVFLV, 0.14
470E11I44, QNIPSYGEYQQYYNEQPEGIYGDHFSVFLV, 0.13
470E12I47, QNIGSYGEYQQYYNEQPEGIYGDHFSVFLV, 0.12
470E13I67, QNIGSYGEYQQYYNEQPEGIYGDHFEVFLV, 0.1
470E14I71, QNIGSYGEYQQYYNEQPEGIYGDHFEDFLV, 0.09
470E15I77, QNIGSYGEYQQYYNEQPEGIYGDHFEDNLV, 0.08
470E16I93, QNIGSYGEYQQYYNEQPEGIYGDHFEWNLV, 0.07
470E17I95, QNIGSYPEYQQYYNEQPEGIYGDHFEWNLV, 0.05
470E18I98, QNIGSYPEYQKYYNEQPEGIYGDHFEWNLV, 0.04
470E19I118, QNIGSFPEYQKYYNEQPEGIYGDHFEWNLV, 0.03
470E20I142, QNIGSFPEYQKYYNEQPEGIYLDHFEWNLV, 0.02
