269E0I0, HFRKGVVVLAQDNADNPIFDIVADGFEQGE, 0.23
269E1I5, HFRKGVVVLAQDNADNPWFDIVADGFEQGE, 0.22
269E2I9, DFRKGVVVLAQDNADNPWFDIVADGFEQGE, 0.2
269E3I18, DFRKGVVVLAQDNADNPWTDIVADGFEQGE, 0.19
269E4I29, DFRKGVVVLADDNADNPWTDIVADGFEQGE, 0.17
269E5I34, DFRKGVVVLAHDNADNPWTDIVADGFEQGE, 0.16
269E6I42, DFRKGVVVVAHDNADNPWTDIVADGFEQGE, 0.11
269E7I56, DFRKGVVVVAHDNANNPWTDIVADGFEQGE, 0.1
269E8I74, DFRKGVVVVAHDNANNPWTDIVLDGFEQGE, 0.08
269E9I84, DFRKGVVEVAHDNANNPWTDIVLDGFEQGE, 0.07
269E10I99, DFRKGVVEIAHDNANNPWTDIVLDGFEQGE, 0.06
269E11I100, DFRKGVVEIAHDNAYNPWTDIVLDGFEQGE, 0.04
269E12I118, DFRKGVVEIAHDNAKNPWTDIVLDGFEQGE, 0.03
269E13I171, DFRKGVVEIAHDNAKNPWTDIVLDGFEQDE, 0.01
