236E0I0, SNLFIPHRLGEWYDDFFTNHSNTDWKENIT, 0.32
236E1I3, SNLFITHRLGEWYDDFFTNHSNTDWKENIT, 0.31
236E2I11, SNLFITHRLGEWYDQFFTNHSNTDWKENIT, 0.28
236E3I22, KNLFITHRLGEWYDQFFTNHSNTDWKENIT, 0.27
236E4I26, KNLFITHRLGEWYDQQFTNHSNTDWKENIT, 0.21
236E5I30, ANLFITHRLGEWYDQQFTNHSNTDWKENIT, 0.19
236E6I32, AELFITHRLGEWYDQQFTNHSNTDWKENIT, 0.17
236E7I40, AELFITHRLGEWKDQQFTNHSNTDWKENIT, 0.16
236E8I41, AELFITHRWGEWKDQQFTNHSNTDWKENIT, 0.15
236E9I44, AELFITHRWGEWKDQQFTNHSNTDWKENDT, 0.14
236E10I113, FELFITHRWGEWKDQQFTNHSNTDWKENDT, 0.12
236E11I117, FELFITHRWGEWNDQQFTNHSNTDWKENDT, 0.1
236E12I129, FELFITHRWGEWNDQQFTNWSNTDWKENDT, 0.09
236E13I134, FELFITHRPGEWNDQQFTNWSNTDWKENDT, 0.08
