476E0I0, DETVLVFTLFWTGKWIHFYHQLLRASHTPG, 0.43
476E1I3, DETVLVFTLFWTGKWIHFYHQLLAASHTPG, 0.42
476E2I7, DETVLVFTLFWTGKWIHFYFQLLAASHTPG, 0.4
476E3I8, DETVLVFTLFWTGKWIHFYFQLLAASHAPG, 0.36
476E4I11, DETVLVFTLFWTGKWIHFYFQLEAASHAPG, 0.33
476E5I13, DETVLVFTLFWTGKEIHFYFQLEAASHAPG, 0.28
476E6I14, DETVLVFTLFWTGKEIHFYFQLEAASHAPR, 0.27
476E7I20, DETVLVFTLFWTGKEAHFYFQLEAASHAPR, 0.25
476E8I21, DETVLVFTLFWTGKEAHFYFQLEAASGAPR, 0.23
476E9I27, DETVLVFTLFWTGKEAHFYFQLEAASGIPR, 0.18
476E10I30, DETVLVFTLFWTGKELHFYFQLEAASGIPR, 0.17
476E11I48, DETVLVFTLFYTGKELHFYFQLEAASGIPR, 0.16
476E12I49, DQTVLVFTLFYTGKELHFYFQLEAASGIPR, 0.13
476E13I96, DQTVLVFTLFYTGKELHFYFQLEAASGIPI, 0.12
476E14I106, DQTVLVFTLFYTGKELHFYFQLEAASGIEI, 0.11
476E15I175, DQTVLVFTLFYTGKELHFYFQLEAASGIEY, 0.1
