296E0I0, GWKAVGHLLIFEEEADPGEIKPDWEFSYNQ, 0.45
296E1I1, GWKAVGHLLIFEEEADPGEVKPDWEFSYNQ, 0.43
296E2I4, GWKAVGHLLIFEEEADPGYVKPDWEFSYNQ, 0.41
296E3I5, GWKAVGHLLIFEEEADPGYVKQDWEFSYNQ, 0.38
296E4I7, GWKAVGHLLIFEEEADLGYVKQDWEFSYNQ, 0.32
296E5I14, GWKAVGHLLIFEEEADNGYVKQDWEFSYNQ, 0.3
296E6I16, GWKAVGHLLIFEEEEDNGYVKQDWEFSYNQ, 0.28
296E7I17, GWKAVGHLLLFEEEEDNGYVKQDWEFSYNQ, 0.27
296E8I18, GWKAVGHLLLFEEEEDNGGVKQDWEFSYNQ, 0.25
296E9I20, GWKAVGHLLLFEEKEDNGGVKQDWEFSYNQ, 0.22
296E10I31, GWKGVGHLLLFEEKEDNGGVKQDWEFSYNQ, 0.2
296E11I33, GWKGVGHLLLFEEREDNGGVKQDWEFSYNQ, 0.19
296E12I49, GWKGVGHLLLFEEREDNGGVKQDWEFSYNG, 0.18
296E13I68, GWKGVGGLLLFEEREDNGGVKQDWEFSYNG, 0.16
296E14I72, GWKGVGALLLFEEREDNGGVKQDWEFSYNG, 0.14
296E15I76, GWKGVGALLLFEEREKNGGVKQDWEFSYNG, 0.12
296E16I87, GWKGVGALLLFEEREKNGGVKQDWEKSYNG, 0.11
296E17I100, GWKGVGALLLFEEREKNGGLKQDWEKSYNG, 0.1
296E18I156, GWKGVGALDLFEEREKNGGLKQDWEKSYNG, 0.09
296E19I160, GWKGVGALDLFEERDKNGGLKQDWEKSYNG, 0.08
296E20I187, GWKGVGALDLFEERDKNGGLKQAWEKSYNG, 0.07
296E21I269, GWKGVGALDLFEERDKNGGLKQAWEKSYKG, 0.06
