469E0I0, REEIYRLPAGEGKPIDEDIIPYWFNQTFQY, 0.5
469E1I1, REEIYRLPAGEGKPIDEDIIPYWTNQTFQY, 0.47
469E2I2, REEIYRLDAGEGKPIDEDIIPYWTNQTFQY, 0.39
469E3I4, REEWYRLDAGEGKPIDEDIIPYWTNQTFQY, 0.36
469E4I12, REEWYRLDAGEGEPIDEDIIPYWTNQTFQY, 0.35
469E5I15, RELWYRLDAGEGEPIDEDIIPYWTNQTFQY, 0.31
469E6I17, RELWYRLDAGEGEPIDEDIIPFWTNQTFQY, 0.28
469E7I28, RELWYRLDAGPGEPIDEDIIPFWTNQTFQY, 0.27
469E8I33, RELWYRLDAQPGEPIDEDIIPFWTNQTFQY, 0.25
469E9I36, RELWYRLDAQPGEPIDEDTIPFWTNQTFQY, 0.21
469E10I37, RELWYRLDAQPGQPIDEDTIPFWTNQTFQY, 0.19
469E11I38, RELWYRLDAQPGQPIDEDTIPFWTNQQFQY, 0.17
469E12I44, RELWYRLDAQPGQPIDEDTIPFYTNQQFQY, 0.14
469E13I54, RELWYRLDAQPGQPLDEDTIPFYTNQQFQY, 0.13
469E14I55, RELFYRLDAQPGQPLDEDTIPFYTNQQFQY, 0.1
469E15I57, RELFYSLDAQPGQPLDEDTIPFYTNQQFQY, 0.08
469E16I67, RELFYSLDAQPGQPLDFDTIPFYTNQQFQY, 0.07
469E17I90, RELFYSLDAQPGQPLDFDTNPFYTNQQFQY, 0.06
469E18I116, YELFYSLDAQPGQPLDFDTNPFYTNQQFQY, 0.05
469E19I162, NELFYSLDAQPGQPLDFDTNPFYTNQQFQY, 0.04
469E20I260, NELFYSLDAQPGQPLDFITNPFYTNQQFQY, 0.03
469E21I267, NELFYSLDLQPGQPLDFITNPFYTNQQFQY, 0.02
