417E0I0, RRTTRTFQLIPVSTSQAVISTNSWGSAQEN, 0.32
417E1I1, RRTTRTDQLIPVSTSQAVISTNSWGSAQEN, 0.29
417E2I2, RRTTRTDQLIPVSTSQAVISTNSWGSAQVN, 0.23
417E3I10, RRTTRTDQLIPVSTSQAVISTNFWGSAQVN, 0.22
417E4I20, RRTTRTDQLIPVSTSQYVISTNFWGSAQVN, 0.21
417E5I22, RRFTRTDQLIPVSTSQYVISTNFWGSAQVN, 0.2
417E6I23, RRFTRTDQLIPVSTSQYVIFTNFWGSAQVN, 0.18
417E7I24, RRFTRTDQLIPVSTSQYVIFDNFWGSAQVN, 0.15
417E8I34, RRFTRTDQLIPVSTLQYVIFDNFWGSAQVN, 0.14
417E9I45, RRFTRTDQLIPVSTLQYVIFDNFWGSAQVG, 0.13
417E10I56, RRFTRTDQLIPVSYLQYVIFDNFWGSAQVG, 0.12
417E11I106, RRFTRTDQLIPVSYLQYVIFDNDWGSAQVG, 0.11
417E12I116, RRFTRTDQLIPVSYLDYVIFDNDWGSAQVG, 0.1
417E13I135, RRFTRTDQLIPVIYLDYVIFDNDWGSAQVG, 0.09
417E14I222, VRFTRTDQLIPVIYLDYVIFDNDWGSAQVG, 0.08
