449E0I0, QNNLIQIDIVTHWFQWRSYVRYPWDKYVKP, 0.43
449E1I2, QNNLIQIDIVTHWFQWTSYVRYPWDKYVKP, 0.36
449E2I3, QNNLIQIDIVTHWFQWTSYVRYPQDKYVKP, 0.33
449E3I7, QNNLIQIDIVTHWFQWTSSVRYPQDKYVKP, 0.31
449E4I8, QNNLIQIDIVTHWFQWTSSHRYPQDKYVKP, 0.3
449E5I10, QNNLIQIDIVTHWFQGTSSHRYPQDKYVKP, 0.29
449E6I24, QNNLIQIDIVTHWFQGTSSHRYDQDKYVKP, 0.26
449E7I25, QNNLIQIDIVTHWFQGTSSHRTDQDKYVKP, 0.25
449E8I34, QNNLEQIDIVTHWFQGTSSHRTDQDKYVKP, 0.23
449E9I35, QNNNEQIDIVTHWFQGTSSHRTDQDKYVKP, 0.21
449E10I36, QNNNEQIDIVTHWFQGTSSHRTDNDKYVKP, 0.2
449E11I44, QNNNEQIDIVTHWFQGTSSHRTDNNKYVKP, 0.19
449E12I54, QNNNEQIDIVTHWFRGTSSHRTDNNKYVKP, 0.16
449E13I88, QNNNEQIDIVTLWFRGTSSHRTDNNKYVKP, 0.14
449E14I93, QNNNEQIDIVTLEFRGTSSHRTDNNKYVKP, 0.13
449E15I114, QNNNEQIDIVYLEFRGTSSHRTDNNKYVKP, 0.12
449E16I123, QNNNEQIDIVYLEFRGTRSHRTDNNKYVKP, 0.11
449E17I126, QNNNEQIDIVYYEFRGTRSHRTDNNKYVKP, 0.1
449E18I129, QNNNEQIDGVYYEFRGTRSHRTDNNKYVKP, 0.09
449E19I138, QNNNEQTDGVYYEFRGTRSHRTDNNKYVKP, 0.07
449E20I166, QNNNEQTLGVYYEFRGTRSHRTDNNKYVKP, 0.06
449E21I213, QNNNEQTLGVYYEFRGTRSHRTDNNKYYKP, 0.05
449E22I225, QNNNEQTLGVYYEFRGTRSHRTDNNKYKKP, 0.04
