22E0I0, PQRDFNYNPWNSYSGKTIYDLRNDLEWFPP, 0.31
22E1I1, PIRDFNYNPWNSYSGKTIYDLRNDLEWFPP, 0.29
22E2I7, PIRDFNYNLWNSYSGKTIYDLRNDLEWFPP, 0.25
22E3I8, PIRDFNYNLWNSYSGKTIYDFRNDLEWFPP, 0.22
22E4I10, PIRDFNYNLWNSYSGKTQYDFRNDLEWFPP, 0.19
22E5I35, PIRDFNYNLWNSYSGKTQPDFRNDLEWFPP, 0.18
22E6I50, PIRDPNYNLWNSYSGKTQPDFRNDLEWFPP, 0.16
22E7I61, PIRRPNYNLWNSYSGKTQPDFRNDLEWFPP, 0.15
22E8I95, PIRRPNYNLWNSYSGKTQPDFRPDLEWFPP, 0.14
22E9I113, PIRRPNSNLWNSYSGKTQPDFRPDLEWFPP, 0.13
22E10I118, KIRRPNSNLWNSYSGKTQPDFRPDLEWFPP, 0.11
22E11I119, KIRRTNSNLWNSYSGKTQPDFRPDLEWFPP, 0.1
22E12I124, KIRRTNSNLWNSYSGKTQPDFRPDLQWFPP, 0.09
22E13I129, KIRRTQSNLWNSYSGKTQPDFRPDLQWFPP, 0.07
22E14I132, AIRRTQSNLWNSYSGKTQPDFRPDLQWFPP, 0.06
22E15I133, AIRRTQSNLWNEYSGKTQPDFRPDLQWFPP, 0.05
22E16I144, AIRRTQSNLWNEYSGKTQPDFRPDTQWFPP, 0.04
