130E0I0, SNGHQYEWRSAYWGSHNHLHTNWVNPVGGV, 0.57
130E1I2, GNGHQYEWRSAYWGSHNHLHTNWVNPVGGV, 0.55
130E2I3, GNGHQYEWRSAYWGSHNDLHTNWVNPVGGV, 0.5
130E3I5, GNGHQYEGRSAYWGSHNDLHTNWVNPVGGV, 0.49
130E4I11, GNGHQYEGRSAYWGSHNDLHTNWVNKVGGV, 0.45
130E5I15, WNGHQYEGRSAYWGSHNDLHTNWVNKVGGV, 0.43
130E6I17, WNGHQYEGRSAYWGSHNDLKTNWVNKVGGV, 0.39
130E7I21, WNGHQYEGRSAYWGSHNDLKTNEVNKVGGV, 0.37
130E8I22, WNGHQYEGRSVYWGSHNDLKTNEVNKVGGV, 0.34
130E9I24, WNGHQYEGRSVYWGSHYDLKTNEVNKVGGV, 0.29
130E10I25, WNGHQYEGRSVYQGSHYDLKTNEVNKVGGV, 0.23
130E11I26, WNFHQYEGRSVYQGSHYDLKTNEVNKVGGV, 0.2
130E12I30, WNFHQYEGRSVYQRSHYDLKTNEVNKVGGV, 0.19
130E13I35, WNFHQYEGRSVYQRSHYDLKTNEGNKVGGV, 0.17
130E14I53, WNWHQYEGRSVYQRSHYDLKTNEGNKVGGV, 0.16
130E15I73, WNWHQYEGVSVYQRSHYDLKTNEGNKVGGV, 0.14
130E16I77, WNWHQYEGVSVYQRSHYDLKTNEGNKQGGV, 0.13
130E17I97, WNWHQYEGVSVYQQSHYDLKTNEGNKQGGV, 0.11
130E18I107, WNIHQYEGVSVYQQSHYDLKTNEGNKQGGV, 0.1
130E19I121, WNIHQYEGVSVYQQSHYDLKTNEGAKQGGV, 0.09
130E20I130, WNIHQFEGVSVYQQSHYDLKTNEGAKQGGV, 0.04
130E21I212, WNIHQFEGVSVYQQSLYDLKTNEGAKQGGV, 0.03
130E22I247, WNIEQFEGVSVYQQSLYDLKTNEGAKQGGV, 0.02
130E23I257, WKIEQFEGVSVYQQSLYDLKTNEGAKQGGV, 0.01
