290E0I0, SYQFNPRNLTHQWGQVFNNTPEHAWIDTNK, 0.44
290E1I1, SYQFNPRNLTHQWGQVFNNTPEHAWIFTNK, 0.43
290E2I3, SYQDNPRNLTHQWGQVFNNTPEHAWIFTNK, 0.4
290E3I4, SYQDNPRNLRHQWGQVFNNTPEHAWIFTNK, 0.35
290E4I7, SYQDNPRNLPHQWGQVFNNTPEHAWIFTNK, 0.3
290E5I14, SYQDNPRNLPHQWGQVFNYTPEHAWIFTNK, 0.29
290E6I17, SYQDNPRNLDHQWGQVFNYTPEHAWIFTNK, 0.24
290E7I21, SYQDNPRNLDHQWGQVFNYTPEHAAIFTNK, 0.21
290E8I32, SYQDNPRNLDHQWGQVFNYTPEHAAIFGNK, 0.2
290E9I35, SYQDNPRNLDHQWGKVFNYTPEHAAIFGNK, 0.19
290E10I44, SYFDNPRNLDHQWGKVFNYTPEHAAIFGNK, 0.18
290E11I47, SYVDNPRNLDHQWGKVFNYTPEHAAIFGNK, 0.15
290E12I72, SYVDNPRNLDHQWGKVFNYTPDHAAIFGNK, 0.14
290E13I74, SYVDNPRNLDHQWGKVFNYTPWHAAIFGNK, 0.13
290E14I84, SYVDNPRNLDGQWGKVFNYTPWHAAIFGNK, 0.11
290E15I91, SYVDNPYNLDGQWGKVFNYTPWHAAIFGNK, 0.09
290E16I104, SYVDNPYNLDGQWGKVFNYTPWVAAIFGNK, 0.07
290E17I107, SYVDQPYNLDGQWGKVFNYTPWVAAIFGNK, 0.06
290E18I139, SYVDQPYNLDGQWGKVFNYTPWVAAVFGNK, 0.05
290E19I172, SYVDQPYNLDGQWGKVFNYTPYVAAVFGNK, 0.04
