486E0I0, YGDHPNDYSFNYPYTWFQVSTWWIHYGAFN, 0.5
486E1I5, YGDHPNDYSFIYPYTWFQVSTWWIHYGAFN, 0.49
486E2I6, YGDHPNDYSFIYPYTWFQVSTWWIHYGATN, 0.46
486E3I7, YGDHPNDYSFIYPYTVFQVSTWWIHYGATN, 0.42
486E4I8, YGDNPNDYSFIYPYTVFQVSTWWIHYGATN, 0.4
486E5I9, YGDNPNDYSFIYPYTVFQVSTWWIHYGWTN, 0.38
486E6I13, YGDNPNDSSFIYPYTVFQVSTWWIHYGWTN, 0.34
486E7I15, YGDNPNDSSFIYPYTVFQVSFWWIHYGWTN, 0.31
486E8I16, YTDNPNDSSFIYPYTVFQVSFWWIHYGWTN, 0.29
486E9I28, YTDNPNDSSFIYPYTVFQVSFWWINYGWTN, 0.26
486E10I34, YTDNPNDSSFIYPYTVFQVSFWWINYGYTN, 0.23
486E11I37, YTDNPNDSSFIYPYTVFQVSFWWINFGYTN, 0.22
486E12I42, YTDNPNDSSFIYPYTVFQVSFWKINFGYTN, 0.21
486E13I54, YTDNPNASSFIYPYTVFQVSFWKINFGYTN, 0.2
486E14I55, YTDNPNASSFIYPYTVFDVSFWKINFGYTN, 0.18
486E15I61, YTDNPNASSFIYPYTVFDVSFWKINEGYTN, 0.14
486E16I65, YTDNPNASSFIYPYTVFDVSFHKINEGYTN, 0.13
486E17I66, YTDNPNASSFIYIYTVFDVSFHKINEGYTN, 0.1
486E18I86, YTDTPNASSFIYIYTVFDVSFHKINEGYTN, 0.09
486E19I93, YTDTPNASSFIYIYTVFDVSFHKINEGRTN, 0.08
486E20I98, YTDTPNASSFIYIYTVFDVSEHKINEGRTN, 0.07
486E21I152, YTDTSNASSFIYIYTVFDVSEHKINEGRTN, 0.06
486E22I221, YTDTSNASSFIYIYTVFAVSEHKINEGRTN, 0.05
486E23I281, YTDTSNASSFIYIYTVFAVSVHKINEGRTN, 0.04
