419E0I0, VVTHASPFDVHTQERWYTERTGFQYHKYEQ, 0.31
419E1I6, VVTHASPFDVHTFERWYTERTGFQYHKYEQ, 0.27
419E2I7, VVTHASPFDVHTFERWYTERWGFQYHKYEQ, 0.26
419E3I11, VVTHASPIDVHTFERWYTERWGFQYHKYEQ, 0.22
419E4I12, VVTHASNIDVHTFERWYTERWGFQYHKYEQ, 0.21
419E5I14, VVTHASNIDVDTFERWYTERWGFQYHKYEQ, 0.17
419E6I15, VVTQASNIDVDTFERWYTERWGFQYHKYEQ, 0.15
419E7I21, VVTQASNIDVDFFERWYTERWGFQYHKYEQ, 0.14
419E8I33, VVTQASNIDVNFFERWYTERWGFQYHKYEQ, 0.12
419E9I42, VVTQASNIDVNFFERDYTERWGFQYHKYEQ, 0.1
419E10I76, VVTQASNIDVNFFERDYTERWGEQYHKYEQ, 0.08
419E11I114, VVTQASNIDVNFFERDYTEIWGEQYHKYEQ, 0.07
419E12I137, VVTQARNIDVNFFERDYTEIWGEQYHKYEQ, 0.06
419E13I143, VVTQARNIDVNFFERDYTEIWNEQYHKYEQ, 0.04
419E14I201, VVTQARNIDVNFFERDYTEIWNEQYHKYEK, 0.03
