371E0I0, DKYQVHGFVEADVLYRWPYNVYGDILHRQY, 0.41
371E1I2, DKYQVYGFVEADVLYRWPYNVYGDILHRQY, 0.39
371E2I3, DKNQVYGFVEADVLYRWPYNVYGDILHRQY, 0.36
371E3I11, DKNQVYGFVEADVLYRWPYNVYGDILHRQV, 0.35
371E4I15, DKNQVYGFVEADVLYRWPYNVYGDILHRQW, 0.32
371E5I21, DKNQVYGFVEADVLYRWPRNVYGDILHRQW, 0.3
371E6I22, DKNYVYGFVEADVLYRWPRNVYGDILHRQW, 0.28
371E7I23, DKNYVYGFVEADVLYRWPRNVYGDILERQW, 0.25
371E8I25, DKNYVYGFVEADVLYRWKRNVYGDILERQW, 0.22
371E9I29, DKNYVYGFVEADVLYRWKRNVYGDKLERQW, 0.21
371E10I31, DKNYVYGFVEADVLYRWKRTVYGDKLERQW, 0.17
371E11I35, DKNYVYGFVEADVLYRSKRTVYGDKLERQW, 0.16
371E12I37, DKNYVYGFVEADVLYRSKRTVYGDKLEAQW, 0.14
371E13I50, DKNYVYGFVEADVDYRSKRTVYGDKLEAQW, 0.12
371E14I54, DKNYVYGFVEADVDYRWKRTVYGDKLEAQW, 0.11
371E15I60, DKNYVYGFVEADVDYDWKRTVYGDKLEAQW, 0.09
371E16I79, DKNYVYGGVEADVDYDWKRTVYGDKLEAQW, 0.08
371E17I87, DKNYVYGGVEATVDYDWKRTVYGDKLEAQW, 0.07
371E18I116, DKNYVYGGVEATVDYDWKRTVYGDKKEAQW, 0.06
371E19I138, DKNYVYGGVEATVDYDWKRTVYGDKHEAQW, 0.05
371E20I183, DKNYVYGGVEATVDYDWKRTVYGDYHEAQW, 0.04
371E21I207, NKNYVYGGVEATVDYDWKRTVYGDYHEAQW, 0.03
371E22I288, NKNYVYGGVEATVDYDWKRTVLGDYHEAQW, 0.02
