167E0I0, EDSHPRVQRTDHDAKSGHEAAHSFFYTNGE, 0.29
167E1I4, EDSHPRVQRTDLDAKSGHEAAHSFFYTNGE, 0.24
167E2I10, EDSHPRVQRTDLDAKSGHEAAHSFFYTLGE, 0.22
167E3I21, EDSHPDVQRTDLDAKSGHEAAHSFFYTLGE, 0.2
167E4I22, EDSHPDVFRTDLDAKSGHEAAHSFFYTLGE, 0.18
167E5I24, EDSAPDVFRTDLDAKSGHEAAHSFFYTLGE, 0.17
167E6I30, EDSAPDVFRTDLDAKSFHEAAHSFFYTLGE, 0.15
167E7I51, EDSAPDVWRTDLDAKSFHEAAHSFFYTLGE, 0.14
167E8I64, EDSAPDVWRTDLDAKSFPEAAHSFFYTLGE, 0.12
167E9I68, EDSAPDVWRTDLDAKSFPEAAHSFSYTLGE, 0.09
167E10I96, EDSAPDVWRTDLDNKSFPEAAHSFSYTLGE, 0.08
167E11I111, EDSAPDVYRTDLDNKSFPEAAHSFSYTLGE, 0.06
167E12I127, EQSAPDVYRTDLDNKSFPEAAHSFSYTLGE, 0.05
167E13I139, EQQAPDVYRTDLDNKSFPEAAHSFSYTLGE, 0.04
167E14I219, EQQAPDVYRTDLDNKSFPEAAHSFEYTLGE, 0.03
