251E0I0, QAWPYNYHRTSDRLNFWDLLNPLPYVGKNF, 0.35
251E1I1, QAWPYNYHRTSDRLYFWDLLNPLPYVGKNF, 0.34
251E2I2, QAWPYNYNRTSDRLYFWDLLNPLPYVGKNF, 0.31
251E3I3, QAWPYNYNRTSDSLYFWDLLNPLPYVGKNF, 0.28
251E4I4, QAWPANYNRTSDSLYFWDLLNPLPYVGKNF, 0.26
251E5I8, QAWPANYNRTSDSLYFWDGLNPLPYVGKNF, 0.25
251E6I11, QAWPANYNLTSDSLYFWDGLNPLPYVGKNF, 0.23
251E7I12, QAWPANYNLTSDSLYFWVGLNPLPYVGKNF, 0.22
251E8I21, QAQPANYNLTSDSLYFWVGLNPLPYVGKNF, 0.17
251E9I25, QAQPANYNLTSDSLYFWVGLNILPYVGKNF, 0.15
251E10I29, QAQPANYNLTSDSLYFWVGLNILPYVGKNL, 0.14
251E11I36, QAQPANYNLTKDSLYFWVGLNILPYVGKNL, 0.09
251E12I38, QAQPANYNKTKDSLYFWVGLNILPYVGKNL, 0.05
251E13I52, QVQPANYNKTKDSLYFWVGLNILPYVGKNL, 0.04
251E14I145, QVQPANSNKTKDSLYFWVGLNILPYVGKNL, 0.03
251E15I240, QVQPANSNKTKDNLYFWVGLNILPYVGKNL, 0.02
