369E0I0, QGRLNAIQHNWWITRVNIVYKWRHQQQHVR, 0.4
369E1I3, QGRANAIQHNWWITRVNIVYKWRHQQQHVR, 0.39
369E2I14, QGRANAIQHNWWITRVNIVYKLRHQQQHVR, 0.38
369E3I15, QGRANAIQHNWWITRVNIVYKLRHQQKHVR, 0.37
369E4I18, QGRANAIQHNWWITRVNIVYNLRHQQKHVR, 0.33
369E5I19, QGRANAIQHNWWITRVNIVYNLRHQQKYVR, 0.28
369E6I20, QGRANAIQANWWITRVNIVYNLRHQQKYVR, 0.23
369E7I22, QGRANAIQANWLITRVNIVYNLRHQQKYVR, 0.22
369E8I25, QGRANAIQANELITRVNIVYNLRHQQKYVR, 0.19
369E9I26, QGRANAIQANELITRVNSVYNLRHQQKYVR, 0.17
369E10I31, QGRANAIQANELITRVNSVYNLRHQQKYTR, 0.16
369E11I33, QGRANAIQANELITRVNSVYNLRHQPKYTR, 0.14
369E12I52, QGRANAIQANELISRVNSVYNLRHQPKYTR, 0.13
369E13I55, QGRANAIQANELISRVNSVYNLRPQPKYTR, 0.12
369E14I56, QGRAPAIQANELISRVNSVYNLRPQPKYTR, 0.11
369E15I64, QGRAPPIQANELISRVNSVYNLRPQPKYTR, 0.1
369E16I72, QGRAPPIAANELISRVNSVYNLRPQPKYTR, 0.08
369E17I83, QGRAPPIAANELISRLNSVYNLRPQPKYTR, 0.07
369E18I107, QGRAPPIAANELISRLDSVYNLRPQPKYTR, 0.05
369E19I136, QGRARPIAANELISRLDSVYNLRPQPKYTR, 0.04
